antecedents,consequents,antecedent support,consequent support,support,confidence,lift,representativity,leverage,conviction,zhangs_metric,jaccard,certainty,kulczynski
COMP:compute_manager,COMP:libvirt_driver,0.5755813953488372,0.38953488372093026,0.36046511627906974,0.6262626262626262,1.607718980853309,1.0,0.13625608436992964,1.6334066624764296,0.8906319045514801,0.596153846153846,0.3877825877825876,0.7758178802954921
COMP:libvirt_driver,COMP:compute_manager,0.38953488372093026,0.5755813953488372,0.36046511627906974,0.9253731343283581,1.607718980853309,1.0,0.13625608436992964,5.687209302325573,0.6192012288786481,0.596153846153846,0.8241668370476383,0.7758178802954921
COMP:libvirt_imagecache,COMP:compute_manager,0.6511627906976745,0.5755813953488372,0.4127906976744186,0.6339285714285714,1.1013708513708513,1.0,0.03799351000540829,1.1593874078275666,0.26384976525821574,0.5071428571428572,0.13747553816046953,0.6755501443001443
COMP:compute_manager,COMP:libvirt_imagecache,0.5755813953488372,0.6511627906976745,0.4127906976744186,0.7171717171717171,1.1013708513708513,1.0,0.03799351000540829,1.2333887043189364,0.2168628207601773,0.5071428571428572,0.189225589225589,0.6755501443001443
COMP:wsgi_server,COMP:compute_manager,0.9302325581395349,0.5755813953488372,0.5755813953488372,0.61875,1.075,1.0,0.04015684153596544,1.1132291269538697,1.000000000000001,0.61875,0.10171232876712329,0.809375
COMP:compute_manager,COMP:wsgi_server,0.5755813953488372,0.9302325581395349,0.5755813953488372,1.0,1.075,1.0,0.04015684153596544,inf,0.16438356164383583,0.61875,1.0,0.809375
EVT:E25,COMP:compute_manager,0.9069767441860465,0.5755813953488372,0.5755813953488372,0.6346153846153847,1.1025641025641026,1.0,0.05354245538128721,1.1615667074663405,1.0,0.6346153846153847,0.1390937829293995,0.8173076923076923
COMP:compute_manager,EVT:E25,0.5755813953488372,0.9069767441860465,0.5755813953488372,1.0,1.1025641025641026,1.0,0.05354245538128721,inf,0.21917808219178095,0.6346153846153847,1.0,0.8173076923076923
EVT:E26,COMP:compute_manager,0.37209302325581395,0.5755813953488372,0.26744186046511625,0.7187499999999999,1.2487373737373735,1.0,0.053272038939967514,1.509043927648578,0.3172302737520127,0.39316239316239304,0.33732876712328735,0.5916982323232323
COMP:compute_manager,EVT:E27,0.5755813953488372,0.47674418604651164,0.38953488372093026,0.6767676767676768,1.4195614683419562,1.0,0.11512979989183342,1.618822674418605,0.6963811081578409,0.587719298245614,0.3822671156004489,0.746920423749692
EVT:E27,COMP:compute_manager,0.47674418604651164,0.5755813953488372,0.38953488372093026,0.8170731707317074,1.4195614683419562,1.0,0.11512979989183342,2.3201550387596908,0.564842454394693,0.587719298245614,0.5689943200801872,0.746920423749692
EVT:E34,COMP:compute_manager,0.47674418604651164,0.5755813953488372,0.38953488372093026,0.8170731707317074,1.4195614683419562,1.0,0.11512979989183342,2.3201550387596908,0.564842454394693,0.587719298245614,0.5689943200801872,0.746920423749692
COMP:compute_manager,EVT:E34,0.5755813953488372,0.47674418604651164,0.38953488372093026,0.6767676767676768,1.4195614683419562,1.0,0.11512979989183342,1.618822674418605,0.6963811081578409,0.587719298245614,0.3822671156004489,0.746920423749692
EVT:E35,COMP:compute_manager,0.47674418604651164,0.5755813953488372,0.38953488372093026,0.8170731707317074,1.4195614683419562,1.0,0.11512979989183342,2.3201550387596908,0.564842454394693,0.587719298245614,0.5689943200801872,0.746920423749692
COMP:compute_manager,EVT:E35,0.5755813953488372,0.47674418604651164,0.38953488372093026,0.6767676767676768,1.4195614683419562,1.0,0.11512979989183342,1.618822674418605,0.6963811081578409,0.587719298245614,0.3822671156004489,0.746920423749692
EVT:E7,COMP:compute_manager,0.2441860465116279,0.5755813953488372,0.2441860465116279,1.0,1.7373737373737372,1.0,0.10363710113574903,inf,0.5615384615384614,0.4242424242424242,1.0,0.7121212121212122
COMP:libvirt_driver,COMP:libvirt_imagecache,0.38953488372093026,0.6511627906976745,0.29651162790697677,0.7611940298507462,1.1689765458422174,1.0,0.0428610059491617,1.460755813953488,0.23678804855275437,0.39843750000000006,0.31542288557213916,0.6082755863539445
COMP:libvirt_driver,COMP:wsgi_server,0.38953488372093026,0.9302325581395349,0.38953488372093026,1.0,1.075,1.0,0.02717685235262307,inf,0.11428571428571441,0.41875,1.0,0.709375
COMP:libvirt_driver,EVT:E25,0.38953488372093026,0.9069767441860465,0.38953488372093026,1.0,1.1025641025641026,1.0,0.036235803136830724,inf,0.1523809523809524,0.4294871794871795,1.0,0.7147435897435898
EVT:E26,COMP:libvirt_driver,0.37209302325581395,0.38953488372093026,0.26744186046511625,0.7187499999999999,1.845149253731343,1.0,0.12249864791779336,2.1705426356589137,0.7294685990338162,0.5411764705882351,0.539285714285714,0.7026585820895521
COMP:libvirt_driver,EVT:E26,0.38953488372093026,0.37209302325581395,0.26744186046511625,0.6865671641791044,1.845149253731343,1.0,0.12249864791779336,2.003322259136212,0.750310559006211,0.5411764705882351,0.5008291873963514,0.7026585820895521
COMP:libvirt_driver,EVT:E27,0.38953488372093026,0.47674418604651164,0.2616279069767442,0.6716417910447761,1.4088096104841643,1.0,0.07591941590048676,1.593551797040169,0.4753439153439154,0.43269230769230776,0.37247097844112753,0.6102111394248271
EVT:E27,COMP:libvirt_driver,0.47674418604651164,0.38953488372093026,0.2616279069767442,0.5487804878048781,1.4088096104841645,1.0,0.07591941590048676,1.3529226901319926,0.5545679012345679,0.43269230769230776,0.26085946573751456,0.6102111394248271
EVT:E34,COMP:libvirt_driver,0.47674418604651164,0.38953488372093026,0.2616279069767442,0.5487804878048781,1.4088096104841645,1.0,0.07591941590048676,1.3529226901319926,0.5545679012345679,0.43269230769230776,0.26085946573751456,0.6102111394248271
COMP:libvirt_driver,EVT:E34,0.38953488372093026,0.47674418604651164,0.2616279069767442,0.6716417910447761,1.4088096104841643,1.0,0.07591941590048676,1.593551797040169,0.4753439153439154,0.43269230769230776,0.37247097844112753,0.6102111394248271
EVT:E35,COMP:libvirt_driver,0.47674418604651164,0.38953488372093026,0.2616279069767442,0.5487804878048781,1.4088096104841645,1.0,0.07591941590048676,1.3529226901319926,0.5545679012345679,0.43269230769230776,0.26085946573751456,0.6102111394248271
COMP:libvirt_driver,EVT:E35,0.38953488372093026,0.47674418604651164,0.2616279069767442,0.6716417910447761,1.4088096104841643,1.0,0.07591941590048676,1.593551797040169,0.4753439153439154,0.43269230769230776,0.37247097844112753,0.6102111394248271
EVT:E26,COMP:libvirt_imagecache,0.37209302325581395,0.6511627906976745,0.29069767441860467,0.7812500000000001,1.1997767857142858,1.0,0.04840454299621416,1.5946843853820605,0.2651851851851851,0.39682539682539686,0.3729166666666669,0.6138392857142858
COMP:libvirt_imagecache,EVT:E27,0.6511627906976745,0.47674418604651164,0.47674418604651164,0.7321428571428571,1.5357142857142856,1.0,0.1663061114115738,1.9534883720930232,1.0,0.7321428571428571,0.4880952380952379,0.8660714285714286
EVT:E27,COMP:libvirt_imagecache,0.47674418604651164,0.6511627906976745,0.47674418604651164,1.0,1.5357142857142856,1.0,0.1663061114115738,inf,0.6666666666666665,0.7321428571428571,1.0,0.8660714285714286
EVT:E34,COMP:libvirt_imagecache,0.47674418604651164,0.6511627906976745,0.47674418604651164,1.0,1.5357142857142856,1.0,0.1663061114115738,inf,0.6666666666666665,0.7321428571428571,1.0,0.8660714285714286
COMP:libvirt_imagecache,EVT:E34,0.6511627906976745,0.47674418604651164,0.47674418604651164,0.7321428571428571,1.5357142857142856,1.0,0.1663061114115738,1.9534883720930232,1.0,0.7321428571428571,0.4880952380952379,0.8660714285714286
EVT:E35,COMP:libvirt_imagecache,0.47674418604651164,0.6511627906976745,0.47674418604651164,1.0,1.5357142857142856,1.0,0.1663061114115738,inf,0.6666666666666665,0.7321428571428571,1.0,0.8660714285714286
COMP:libvirt_imagecache,EVT:E35,0.6511627906976745,0.47674418604651164,0.47674418604651164,0.7321428571428571,1.5357142857142856,1.0,0.1663061114115738,1.9534883720930232,1.0,0.7321428571428571,0.4880952380952379,0.8660714285714286
EVT:E36,COMP:libvirt_imagecache,0.1744186046511628,0.6511627906976745,0.1744186046511628,1.0,1.5357142857142856,1.0,0.06084369929691724,inf,0.4225352112676055,0.26785714285714285,1.0,0.6339285714285714
EVT:E42,COMP:libvirt_imagecache,0.1744186046511628,0.6511627906976745,0.1744186046511628,1.0,1.5357142857142856,1.0,0.06084369929691724,inf,0.4225352112676055,0.26785714285714285,1.0,0.6339285714285714
EVT:E7,COMP:libvirt_imagecache,0.2441860465116279,0.6511627906976745,0.20930232558139536,0.8571428571428571,1.3163265306122447,1.0,0.05029745808545161,2.441860465116278,0.317948717948718,0.3050847457627119,0.5904761904761903,0.5892857142857142
FLAG:FAILURE,COMP:libvirt_imagecache,0.18023255813953487,0.6511627906976745,0.18023255813953487,1.0,1.5357142857142856,1.0,0.06287182260681448,inf,0.42553191489361697,0.27678571428571425,1.0,0.6383928571428571
LEVEL:WARNING,COMP:libvirt_imagecache,0.18023255813953487,0.6511627906976745,0.18023255813953487,1.0,1.5357142857142856,1.0,0.06287182260681448,inf,0.42553191489361697,0.27678571428571425,1.0,0.6383928571428571
EVT:E25,COMP:wsgi_server,0.9069767441860465,0.9302325581395349,0.9069767441860465,1.0,1.075,1.0,0.06327744726879392,inf,0.7499999999999993,0.975,1.0,0.9875
COMP:wsgi_server,EVT:E25,0.9302325581395349,0.9069767441860465,0.9069767441860465,0.975,1.075,1.0,0.06327744726879392,3.7209302325581386,0.9999999999999996,0.975,0.73125,0.9875
EVT:E26,COMP:wsgi_server,0.37209302325581395,0.9302325581395349,0.37209302325581395,1.0,1.075,1.0,0.025959978366684677,inf,0.11111111111111104,0.39999999999999997,1.0,0.7
COMP:wsgi_server,EVT:E27,0.9302325581395349,0.47674418604651164,0.47674418604651164,0.5125,1.075,1.0,0.03326122228231476,1.073345259391771,0.9999999999999998,0.5125,0.06833333333333322,0.75625
EVT:E27,COMP:wsgi_server,0.47674418604651164,0.9302325581395349,0.47674418604651164,1.0,1.075,1.0,0.03326122228231476,inf,0.1333333333333333,0.5125,1.0,0.75625
EVT:E34,COMP:wsgi_server,0.47674418604651164,0.9302325581395349,0.47674418604651164,1.0,1.075,1.0,0.03326122228231476,inf,0.1333333333333333,0.5125,1.0,0.75625
COMP:wsgi_server,EVT:E34,0.9302325581395349,0.47674418604651164,0.47674418604651164,0.5125,1.075,1.0,0.03326122228231476,1.073345259391771,0.9999999999999998,0.5125,0.06833333333333322,0.75625
EVT:E35,COMP:wsgi_server,0.47674418604651164,0.9302325581395349,0.47674418604651164,1.0,1.075,1.0,0.03326122228231476,inf,0.1333333333333333,0.5125,1.0,0.75625
COMP:wsgi_server,EVT:E35,0.9302325581395349,0.47674418604651164,0.47674418604651164,0.5125,1.075,1.0,0.03326122228231476,1.073345259391771,0.9999999999999998,0.5125,0.06833333333333322,0.75625
EVT:E7,COMP:wsgi_server,0.2441860465116279,0.9302325581395349,0.2441860465116279,1.0,1.075,1.0,0.017036235803136845,inf,0.0923076923076924,0.2625,1.0,0.63125
EVT:E25,EVT:E27,0.9069767441860465,0.47674418604651164,0.47674418604651164,0.5256410256410257,1.1025641025641026,1.0,0.04434829637641974,1.1030798240100568,1.0000000000000007,0.5256410256410257,0.09344729344729345,0.7628205128205128
EVT:E27,EVT:E25,0.47674418604651164,0.9069767441860465,0.47674418604651164,1.0,1.1025641025641026,1.0,0.04434829637641974,inf,0.17777777777777795,0.5256410256410257,1.0,0.7628205128205128
EVT:E25,EVT:E34,0.9069767441860465,0.47674418604651164,0.47674418604651164,0.5256410256410257,1.1025641025641026,1.0,0.04434829637641974,1.1030798240100568,1.0000000000000007,0.5256410256410257,0.09344729344729345,0.7628205128205128
EVT:E34,EVT:E25,0.47674418604651164,0.9069767441860465,0.47674418604651164,1.0,1.1025641025641026,1.0,0.04434829637641974,inf,0.17777777777777795,0.5256410256410257,1.0,0.7628205128205128
EVT:E25,EVT:E35,0.9069767441860465,0.47674418604651164,0.47674418604651164,0.5256410256410257,1.1025641025641026,1.0,0.04434829637641974,1.1030798240100568,1.0000000000000007,0.5256410256410257,0.09344729344729345,0.7628205128205128
EVT:E35,EVT:E25,0.47674418604651164,0.9069767441860465,0.47674418604651164,1.0,1.1025641025641026,1.0,0.04434829637641974,inf,0.17777777777777795,0.5256410256410257,1.0,0.7628205128205128
EVT:E7,EVT:E25,0.2441860465116279,0.9069767441860465,0.2441860465116279,1.0,1.1025641025641026,1.0,0.022714981070849127,inf,0.1230769230769232,0.2692307692307693,1.0,0.6346153846153846
EVT:E34,EVT:E27,0.47674418604651164,0.47674418604651164,0.47674418604651164,1.0,2.097560975609756,1.0,0.24945916711736074,inf,0.9999999999999999,1.0,1.0,1.0
EVT:E27,EVT:E34,0.47674418604651164,0.47674418604651164,0.47674418604651164,1.0,2.097560975609756,1.0,0.24945916711736074,inf,0.9999999999999999,1.0,1.0,1.0
EVT:E35,EVT:E27,0.47674418604651164,0.47674418604651164,0.47674418604651164,1.0,2.097560975609756,1.0,0.24945916711736074,inf,0.9999999999999999,1.0,1.0,1.0
EVT:E27,EVT:E35,0.47674418604651164,0.47674418604651164,0.47674418604651164,1.0,2.097560975609756,1.0,0.24945916711736074,inf,0.9999999999999999,1.0,1.0,1.0
EVT:E7,EVT:E27,0.2441860465116279,0.47674418604651164,0.20930232558139536,0.8571428571428571,1.797909407665505,1.0,0.09288804759329368,3.6627906976744176,0.5871794871794871,0.40909090909090917,0.7269841269841268,0.6480836236933798
EVT:E35,EVT:E34,0.47674418604651164,0.47674418604651164,0.47674418604651164,1.0,2.097560975609756,1.0,0.24945916711736074,inf,0.9999999999999999,1.0,1.0,1.0
EVT:E34,EVT:E35,0.47674418604651164,0.47674418604651164,0.47674418604651164,1.0,2.097560975609756,1.0,0.24945916711736074,inf,0.9999999999999999,1.0,1.0,1.0
EVT:E7,EVT:E34,0.2441860465116279,0.47674418604651164,0.20930232558139536,0.8571428571428571,1.797909407665505,1.0,0.09288804759329368,3.6627906976744176,0.5871794871794871,0.40909090909090917,0.7269841269841268,0.6480836236933798
EVT:E7,EVT:E35,0.2441860465116279,0.47674418604651164,0.20930232558139536,0.8571428571428571,1.797909407665505,1.0,0.09288804759329368,3.6627906976744176,0.5871794871794871,0.40909090909090917,0.7269841269841268,0.6480836236933798
EVT:E42,EVT:E36,0.1744186046511628,0.1744186046511628,0.1744186046511628,1.0,5.733333333333333,1.0,0.14399675500270417,inf,1.0,1.0,1.0,1.0
EVT:E36,EVT:E42,0.1744186046511628,0.1744186046511628,0.1744186046511628,1.0,5.733333333333333,1.0,0.14399675500270417,inf,1.0,1.0,1.0,1.0
FLAG:FAILURE,EVT:E36,0.18023255813953487,0.1744186046511628,0.1744186046511628,0.9677419354838711,5.548387096774194,1.0,0.14298269334775554,25.593023255814064,1.0,0.9677419354838712,0.9609268514311678,0.9838709677419355
EVT:E36,FLAG:FAILURE,0.1744186046511628,0.18023255813953487,0.1744186046511628,1.0,5.548387096774194,1.0,0.14298269334775554,inf,0.9929577464788731,0.9677419354838712,1.0,0.9838709677419355
EVT:E36,LEVEL:WARNING,0.1744186046511628,0.18023255813953487,0.1744186046511628,1.0,5.548387096774194,1.0,0.14298269334775554,inf,0.9929577464788731,0.9677419354838712,1.0,0.9838709677419355
LEVEL:WARNING,EVT:E36,0.18023255813953487,0.1744186046511628,0.1744186046511628,0.9677419354838711,5.548387096774194,1.0,0.14298269334775554,25.593023255814064,1.0,0.9677419354838712,0.9609268514311678,0.9838709677419355
FLAG:FAILURE,EVT:E42,0.18023255813953487,0.1744186046511628,0.1744186046511628,0.9677419354838711,5.548387096774194,1.0,0.14298269334775554,25.593023255814064,1.0,0.9677419354838712,0.9609268514311678,0.9838709677419355
EVT:E42,FLAG:FAILURE,0.1744186046511628,0.18023255813953487,0.1744186046511628,1.0,5.548387096774194,1.0,0.14298269334775554,inf,0.9929577464788731,0.9677419354838712,1.0,0.9838709677419355
EVT:E42,LEVEL:WARNING,0.1744186046511628,0.18023255813953487,0.1744186046511628,1.0,5.548387096774194,1.0,0.14298269334775554,inf,0.9929577464788731,0.9677419354838712,1.0,0.9838709677419355
LEVEL:WARNING,EVT:E42,0.18023255813953487,0.1744186046511628,0.1744186046511628,0.9677419354838711,5.548387096774194,1.0,0.14298269334775554,25.593023255814064,1.0,0.9677419354838712,0.9609268514311678,0.9838709677419355
FLAG:FAILURE,LEVEL:WARNING,0.18023255813953487,0.18023255813953487,0.18023255813953487,1.0,5.548387096774194,1.0,0.14774878312601405,inf,1.0,1.0,1.0,1.0
LEVEL:WARNING,FLAG:FAILURE,0.18023255813953487,0.18023255813953487,0.18023255813953487,1.0,5.548387096774194,1.0,0.14774878312601405,inf,1.0,1.0,1.0,1.0
COMP:compute_manager|COMP:libvirt_imagecache,COMP:libvirt_driver,0.4127906976744186,0.38953488372093026,0.27325581395348836,0.6619718309859155,1.6993903720832457,1.0,0.11245943753380203,1.8059593023255813,0.7008637033916156,0.5164835164835164,0.44627766599597585,0.6817321841496742
COMP:libvirt_driver|COMP:libvirt_imagecache,COMP:compute_manager,0.29651162790697677,0.5755813953488372,0.27325581395348836,0.9215686274509803,1.601109130520895,1.0,0.10258923742563544,5.411337209302322,0.5336732899595568,0.4563106796116505,0.8152027934461454,0.6981580510992276
COMP:compute_manager|COMP:libvirt_driver,COMP:libvirt_imagecache,0.36046511627906974,0.6511627906976745,0.27325581395348836,0.7580645161290324,1.1641705069124424,1.0,0.03853434288804758,1.4418604651162794,0.2205029013539651,0.3700787401574803,0.30645161290322603,0.5888536866359447
COMP:libvirt_driver,COMP:compute_manager|COMP:libvirt_imagecache,0.38953488372093026,0.4127906976744186,0.27325581395348836,0.7014925373134328,1.6993903720832455,1.0,0.11245943753380203,1.9671511627906968,0.6741641337386017,0.5164835164835164,0.49165065760307364,0.6817321841496742
COMP:compute_manager|COMP:wsgi_server,COMP:libvirt_driver,0.5755813953488372,0.38953488372093026,0.36046511627906974,0.6262626262626262,1.607718980853309,1.0,0.13625608436992964,1.6334066624764296,0.8906319045514801,0.596153846153846,0.3877825877825876,0.7758178802954921
COMP:libvirt_driver|COMP:wsgi_server,COMP:compute_manager,0.38953488372093026,0.5755813953488372,0.36046511627906974,0.9253731343283581,1.607718980853309,1.0,0.13625608436992964,5.687209302325573,0.6192012288786481,0.596153846153846,0.8241668370476383,0.7758178802954921
COMP:compute_manager|COMP:libvirt_driver,COMP:wsgi_server,0.36046511627906974,0.9302325581395349,0.36046511627906974,1.0,1.075,1.0,0.025148729042725804,inf,0.10909090909090911,0.38749999999999996,1.0,0.69375
COMP:compute_manager,COMP:libvirt_driver|COMP:wsgi_server,0.5755813953488372,0.38953488372093026,0.36046511627906974,0.6262626262626262,1.607718980853309,1.0,0.13625608436992964,1.6334066624764296,0.8906319045514801,0.596153846153846,0.3877825877825876,0.7758178802954921
COMP:libvirt_driver,COMP:compute_manager|COMP:wsgi_server,0.38953488372093026,0.5755813953488372,0.36046511627906974,0.9253731343283581,1.607718980853309,1.0,0.13625608436992964,5.687209302325573,0.6192012288786481,0.596153846153846,0.8241668370476383,0.7758178802954921
COMP:compute_manager|EVT:E25,COMP:libvirt_driver,0.5755813953488372,0.38953488372093026,0.36046511627906974,0.6262626262626262,1.607718980853309,1.0,0.13625608436992964,1.6334066624764296,0.8906319045514801,0.596153846153846,0.3877825877825876,0.7758178802954921
COMP:libvirt_driver|EVT:E25,COMP:compute_manager,0.38953488372093026,0.5755813953488372,0.36046511627906974,0.9253731343283581,1.607718980853309,1.0,0.13625608436992964,5.687209302325573,0.6192012288786481,0.596153846153846,0.8241668370476383,0.7758178802954921
COMP:compute_manager|COMP:libvirt_driver,EVT:E25,0.36046511627906974,0.9069767441860465,0.36046511627906974,1.0,1.1025641025641026,1.0,0.033531638723634405,inf,0.1454545454545455,0.39743589743589736,1.0,0.6987179487179487
COMP:compute_manager,COMP:libvirt_driver|EVT:E25,0.5755813953488372,0.38953488372093026,0.36046511627906974,0.6262626262626262,1.607718980853309,1.0,0.13625608436992964,1.6334066624764296,0.8906319045514801,0.596153846153846,0.3877825877825876,0.7758178802954921
COMP:libvirt_driver,COMP:compute_manager|EVT:E25,0.38953488372093026,0.5755813953488372,0.36046511627906974,0.9253731343283581,1.607718980853309,1.0,0.13625608436992964,5.687209302325573,0.6192012288786481,0.596153846153846,0.8241668370476383,0.7758178802954921
COMP:compute_manager|EVT:E26,COMP:libvirt_driver,0.26744186046511625,0.38953488372093026,0.23837209302325582,0.891304347826087,2.2881245944192083,1.0,0.1341941590048675,5.616279069767446,0.7684862562911344,0.5694444444444443,0.8219461697722569,0.7516223231667749
COMP:libvirt_driver|EVT:E26,COMP:compute_manager,0.26744186046511625,0.5755813953488372,0.23837209302325582,0.891304347826087,1.5485287659200704,1.0,0.08443753380205518,3.9046511627907,0.48354626403406903,0.3942307692307693,0.7438951756998214,0.6527228809837505
COMP:compute_manager|COMP:libvirt_driver,EVT:E26,0.36046511627906974,0.37209302325581395,0.23837209302325582,0.6612903225806452,1.7772177419354842,1.0,0.10424553812871826,1.853820598006645,0.6838137472283815,0.4823529411764706,0.4605734767025091,0.6509576612903226
EVT:E26,COMP:compute_manager|COMP:libvirt_driver,0.37209302325581395,0.36046511627906974,0.23837209302325582,0.640625,1.777217741935484,1.0,0.10424553812871826,1.7795753286147624,0.6964769647696478,0.4823529411764706,0.43806818181818186,0.6509576612903226
COMP:libvirt_driver,COMP:compute_manager|EVT:E26,0.38953488372093026,0.26744186046511625,0.23837209302325582,0.6119402985074627,2.2881245944192083,1.0,0.1341941590048675,1.8877459749552772,0.9221835075493613,0.5694444444444443,0.47026770907367926,0.7516223231667749
COMP:compute_manager|COMP:libvirt_driver,EVT:E27,0.36046511627906974,0.47674418604651164,0.2616279069767442,0.7258064516129032,1.5224232887490166,1.0,0.08977825851811794,1.9083447332421344,0.5365656565656567,0.45454545454545464,0.4759856630824372,0.6372934697088907
COMP:libvirt_driver|EVT:E27,COMP:compute_manager,0.2616279069767442,0.5755813953488372,0.2616279069767442,1.0,1.7373737373737372,1.0,0.11103975121687398,inf,0.5748031496062992,0.4545454545454546,1.0,0.7272727272727273
COMP:compute_manager|EVT:E27,COMP:libvirt_driver,0.38953488372093026,0.38953488372093026,0.2616279069767442,0.6716417910447761,1.7242147471597236,1.0,0.10989048134126556,1.8591437632135301,0.6880423280423281,0.5056179775280899,0.46211798152096645,0.6716417910447761
COMP:libvirt_driver,COMP:compute_manager|EVT:E27,0.38953488372093026,0.38953488372093026,0.2616279069767442,0.6716417910447761,1.7242147471597236,1.0,0.10989048134126556,1.8591437632135301,0.6880423280423281,0.5056179775280899,0.46211798152096645,0.6716417910447761
EVT:E27,COMP:compute_manager|COMP:libvirt_driver,0.47674418604651164,0.36046511627906974,0.2616279069767442,0.5487804878048781,1.5224232887490168,1.0,0.08977825851811794,1.417347580138278,0.6558024691358025,0.45454545454545464,0.29445676274944577,0.6372934697088907
COMP:compute_manager|EVT:E34,COMP:libvirt_driver,0.38953488372093026,0.38953488372093026,0.2616279069767442,0.6716417910447761,1.7242147471597236,1.0,0.10989048134126556,1.8591437632135301,0.6880423280423281,0.5056179775280899,0.46211798152096645,0.6716417910447761
COMP:libvirt_driver|EVT:E34,COMP:compute_manager,0.2616279069767442,0.5755813953488372,0.2616279069767442,1.0,1.7373737373737372,1.0,0.11103975121687398,inf,0.5748031496062992,0.4545454545454546,1.0,0.7272727272727273
COMP:compute_manager|COMP:libvirt_driver,EVT:E34,0.36046511627906974,0.47674418604651164,0.2616279069767442,0.7258064516129032,1.5224232887490166,1.0,0.08977825851811794,1.9083447332421344,0.5365656565656567,0.45454545454545464,0.4759856630824372,0.6372934697088907
EVT:E34,COMP:compute_manager|COMP:libvirt_driver,0.47674418604651164,0.36046511627906974,0.2616279069767442,0.5487804878048781,1.5224232887490168,1.0,0.08977825851811794,1.417347580138278,0.6558024691358025,0.45454545454545464,0.29445676274944577,0.6372934697088907
COMP:libvirt_driver,COMP:compute_manager|EVT:E34,0.38953488372093026,0.38953488372093026,0.2616279069767442,0.6716417910447761,1.7242147471597236,1.0,0.10989048134126556,1.8591437632135301,0.6880423280423281,0.5056179775280899,0.46211798152096645,0.6716417910447761
COMP:compute_manager|EVT:E35,COMP:libvirt_driver,0.38953488372093026,0.38953488372093026,0.2616279069767442,0.6716417910447761,1.7242147471597236,1.0,0.10989048134126556,1.8591437632135301,0.6880423280423281,0.5056179775280899,0.46211798152096645,0.6716417910447761
COMP:libvirt_driver|EVT:E35,COMP:compute_manager,0.2616279069767442,0.5755813953488372,0.2616279069767442,1.0,1.7373737373737372,1.0,0.11103975121687398,inf,0.5748031496062992,0.4545454545454546,1.0,0.7272727272727273
COMP:compute_manager|COMP:libvirt_driver,EVT:E35,0.36046511627906974,0.47674418604651164,0.2616279069767442,0.7258064516129032,1.5224232887490166,1.0,0.08977825851811794,1.9083447332421344,0.5365656565656567,0.45454545454545464,0.4759856630824372,0.6372934697088907
EVT:E35,COMP:compute_manager|COMP:libvirt_driver,0.47674418604651164,0.36046511627906974,0.2616279069767442,0.5487804878048781,1.5224232887490168,1.0,0.08977825851811794,1.417347580138278,0.6558024691358025,0.45454545454545464,0.29445676274944577,0.6372934697088907
COMP:libvirt_driver,COMP:compute_manager|EVT:E35,0.38953488372093026,0.38953488372093026,0.2616279069767442,0.6716417910447761,1.7242147471597236,1.0,0.10989048134126556,1.8591437632135301,0.6880423280423281,0.5056179775280899,0.46211798152096645,0.6716417910447761
COMP:compute_manager|HOUR:00,COMP:libvirt_driver,0.5755813953488372,0.38953488372093026,0.36046511627906974,0.6262626262626262,1.607718980853309,1.0,0.13625608436992964,1.6334066624764296,0.8906319045514801,0.596153846153846,0.3877825877825876,0.7758178802954921
COMP:libvirt_driver|HOUR:00,COMP:compute_manager,0.38953488372093026,0.5755813953488372,0.36046511627906974,0.9253731343283581,1.607718980853309,1.0,0.13625608436992964,5.687209302325573,0.6192012288786481,0.596153846153846,0.8241668370476383,0.7758178802954921
COMP:compute_manager,COMP:libvirt_driver|HOUR:00,0.5755813953488372,0.38953488372093026,0.36046511627906974,0.6262626262626262,1.607718980853309,1.0,0.13625608436992964,1.6334066624764296,0.8906319045514801,0.596153846153846,0.3877825877825876,0.7758178802954921
COMP:libvirt_driver,COMP:compute_manager|HOUR:00,0.38953488372093026,0.5755813953488372,0.36046511627906974,0.9253731343283581,1.607718980853309,1.0,0.13625608436992964,5.687209302325573,0.6192012288786481,0.596153846153846,0.8241668370476383,0.7758178802954921
COMP:compute_manager|LEVEL:INFO,COMP:libvirt_driver,0.5755813953488372,0.38953488372093026,0.36046511627906974,0.6262626262626262,1.607718980853309,1.0,0.13625608436992964,1.6334066624764296,0.8906319045514801,0.596153846153846,0.3877825877825876,0.7758178802954921
COMP:libvirt_driver|LEVEL:INFO,COMP:compute_manager,0.38953488372093026,0.5755813953488372,0.36046511627906974,0.9253731343283581,1.607718980853309,1.0,0.13625608436992964,5.687209302325573,0.6192012288786481,0.596153846153846,0.8241668370476383,0.7758178802954921
COMP:compute_manager,COMP:libvirt_driver|LEVEL:INFO,0.5755813953488372,0.38953488372093026,0.36046511627906974,0.6262626262626262,1.607718980853309,1.0,0.13625608436992964,1.6334066624764296,0.8906319045514801,0.596153846153846,0.3877825877825876,0.7758178802954921
COMP:libvirt_driver,COMP:compute_manager|LEVEL:INFO,0.38953488372093026,0.5755813953488372,0.36046511627906974,0.9253731343283581,1.607718980853309,1.0,0.13625608436992964,5.687209302325573,0.6192012288786481,0.596153846153846,0.8241668370476383,0.7758178802954921
COMP:libvirt_imagecache|COMP:wsgi_server,COMP:compute_manager,0.5872093023255814,0.5755813953488372,0.4127906976744186,0.7029702970297029,1.2213221322132213,1.0,0.07480394808004326,1.428875968992248,0.43900019837333865,0.5503875968992248,0.3001491930014918,0.71007100710071
COMP:compute_manager|COMP:wsgi_server,COMP:libvirt_imagecache,0.5755813953488372,0.6511627906976745,0.4127906976744186,0.7171717171717171,1.1013708513708513,1.0,0.03799351000540829,1.2333887043189364,0.2168628207601773,0.5071428571428572,0.189225589225589,0.6755501443001443
COMP:compute_manager|COMP:libvirt_imagecache,COMP:wsgi_server,0.4127906976744186,0.9302325581395349,0.4127906976744186,1.0,1.075,1.0,0.028799351000540818,inf,0.11881188118811876,0.4437500000000001,1.0,0.721875
COMP:libvirt_imagecache,COMP:compute_manager|COMP:wsgi_server,0.6511627906976745,0.5755813953488372,0.4127906976744186,0.6339285714285714,1.1013708513708513,1.0,0.03799351000540829,1.1593874078275666,0.26384976525821574,0.5071428571428572,0.13747553816046953,0.6755501443001443
COMP:compute_manager,COMP:libvirt_imagecache|COMP:wsgi_server,0.5755813953488372,0.5872093023255814,0.4127906976744186,0.7171717171717171,1.221322132213221,1.0,0.07480394808004326,1.4595099667774083,0.4269727956781786,0.5503875968992248,0.31483852610613156,0.71007100710071
COMP:libvirt_imagecache|EVT:E25,COMP:compute_manager,0.563953488372093,0.5755813953488372,0.4127906976744186,0.731958762886598,1.271685931479746,1.0,0.08818956192536503,1.583407871198569,0.4899530516431923,0.5680000000000001,0.3684507837876007,0.7245652400291576
COMP:compute_manager|EVT:E25,COMP:libvirt_imagecache,0.5755813953488372,0.6511627906976745,0.4127906976744186,0.7171717171717171,1.1013708513708513,1.0,0.03799351000540829,1.2333887043189364,0.2168628207601773,0.5071428571428572,0.189225589225589,0.6755501443001443
COMP:compute_manager|COMP:libvirt_imagecache,EVT:E25,0.4127906976744186,0.9069767441860465,0.4127906976744186,1.0,1.1025641025641026,1.0,0.03839913466738781,inf,0.15841584158415858,0.45512820512820523,1.0,0.7275641025641026
COMP:libvirt_imagecache,COMP:compute_manager|EVT:E25,0.6511627906976745,0.5755813953488372,0.4127906976744186,0.6339285714285714,1.1013708513708513,1.0,0.03799351000540829,1.1593874078275666,0.26384976525821574,0.5071428571428572,0.13747553816046953,0.6755501443001443
COMP:compute_manager,COMP:libvirt_imagecache|EVT:E25,0.5755813953488372,0.563953488372093,0.4127906976744186,0.7171717171717171,1.2716859314797457,1.0,0.08818956192536503,1.541735880398671,0.503376422921088,0.5680000000000001,0.3513804713804713,0.7245652400291576
COMP:libvirt_imagecache|EVT:E26,COMP:compute_manager,0.29069767441860467,0.5755813953488372,0.19767441860465115,0.6799999999999999,1.1814141414141413,1.0,0.030354245538128682,1.3263081395348835,0.21648987463837974,0.2956521739130435,0.24602739726027378,0.5117171717171717
COMP:compute_manager|EVT:E26,COMP:libvirt_imagecache,0.26744186046511625,0.6511627906976745,0.19767441860465115,0.7391304347826088,1.1350931677018634,1.0,0.023526230394808,1.3372093023255816,0.16246498599439774,0.27419354838709675,0.25217391304347836,0.5213509316770186
EVT:E26,COMP:compute_manager|COMP:libvirt_imagecache,0.37209302325581395,0.4127906976744186,0.19767441860465115,0.53125,1.2869718309859155,1.0,0.04407787993510004,1.2527131782945735,0.3551198257080609,0.3366336633663366,0.20173267326732675,0.5050616197183099
COMP:compute_manager|COMP:libvirt_imagecache,EVT:E27,0.4127906976744186,0.47674418604651164,0.38953488372093026,0.9436619718309859,1.979388526279629,1.0,0.1927393185505679,9.287790697674414,0.8426185902172308,0.7790697674418605,0.8923317683881062,0.8803675712813466
COMP:libvirt_imagecache|EVT:E27,COMP:compute_manager,0.47674418604651164,0.5755813953488372,0.38953488372093026,0.8170731707317074,1.4195614683419562,1.0,0.11512979989183342,2.3201550387596908,0.564842454394693,0.587719298245614,0.5689943200801872,0.746920423749692
COMP:compute_manager|EVT:E27,COMP:libvirt_imagecache,0.38953488372093026,0.6511627906976745,0.38953488372093026,1.0,1.5357142857142856,1.0,0.1358842617631152,inf,0.5714285714285714,0.5982142857142857,1.0,0.7991071428571428
COMP:libvirt_imagecache,COMP:compute_manager|EVT:E27,0.6511627906976745,0.38953488372093026,0.38953488372093026,0.5982142857142857,1.5357142857142856,1.0,0.1358842617631152,1.5193798449612401,1.0,0.5982142857142857,0.3418367346938775,0.7991071428571428
COMP:compute_manager,COMP:libvirt_imagecache|EVT:E27,0.5755813953488372,0.47674418604651164,0.38953488372093026,0.6767676767676768,1.4195614683419562,1.0,0.11512979989183342,1.618822674418605,0.6963811081578409,0.587719298245614,0.3822671156004489,0.746920423749692
EVT:E27,COMP:compute_manager|COMP:libvirt_imagecache,0.47674418604651164,0.4127906976744186,0.38953488372093026,0.8170731707317074,1.9793885262796291,1.0,0.1927393185505679,3.2100775193798454,0.9456053067993365,0.7790697674418605,0.688481043226274,0.8803675712813466
COMP:libvirt_imagecache|EVT:E34,COMP:compute_manager,0.47674418604651164,0.5755813953488372,0.38953488372093026,0.8170731707317074,1.4195614683419562,1.0,0.11512979989183342,2.3201550387596908,0.564842454394693,0.587719298245614,0.5689943200801872,0.746920423749692
COMP:compute_manager|EVT:E34,COMP:libvirt_imagecache,0.38953488372093026,0.6511627906976745,0.38953488372093026,1.0,1.5357142857142856,1.0,0.1358842617631152,inf,0.5714285714285714,0.5982142857142857,1.0,0.7991071428571428
COMP:compute_manager|COMP:libvirt_imagecache,EVT:E34,0.4127906976744186,0.47674418604651164,0.38953488372093026,0.9436619718309859,1.979388526279629,1.0,0.1927393185505679,9.287790697674414,0.8426185902172308,0.7790697674418605,0.8923317683881062,0.8803675712813466
EVT:E34,COMP:compute_manager|COMP:libvirt_imagecache,0.47674418604651164,0.4127906976744186,0.38953488372093026,0.8170731707317074,1.9793885262796291,1.0,0.1927393185505679,3.2100775193798454,0.9456053067993365,0.7790697674418605,0.688481043226274,0.8803675712813466
COMP:libvirt_imagecache,COMP:compute_manager|EVT:E34,0.6511627906976745,0.38953488372093026,0.38953488372093026,0.5982142857142857,1.5357142857142856,1.0,0.1358842617631152,1.5193798449612401,1.0,0.5982142857142857,0.3418367346938775,0.7991071428571428
COMP:compute_manager,COMP:libvirt_imagecache|EVT:E34,0.5755813953488372,0.47674418604651164,0.38953488372093026,0.6767676767676768,1.4195614683419562,1.0,0.11512979989183342,1.618822674418605,0.6963811081578409,0.587719298245614,0.3822671156004489,0.746920423749692
COMP:libvirt_imagecache|EVT:E35,COMP:compute_manager,0.47674418604651164,0.5755813953488372,0.38953488372093026,0.8170731707317074,1.4195614683419562,1.0,0.11512979989183342,2.3201550387596908,0.564842454394693,0.587719298245614,0.5689943200801872,0.746920423749692
COMP:compute_manager|EVT:E35,COMP:libvirt_imagecache,0.38953488372093026,0.6511627906976745,0.38953488372093026,1.0,1.5357142857142856,1.0,0.1358842617631152,inf,0.5714285714285714,0.5982142857142857,1.0,0.7991071428571428
COMP:compute_manager|COMP:libvirt_imagecache,EVT:E35,0.4127906976744186,0.47674418604651164,0.38953488372093026,0.9436619718309859,1.979388526279629,1.0,0.1927393185505679,9.287790697674414,0.8426185902172308,0.7790697674418605,0.8923317683881062,0.8803675712813466
EVT:E35,COMP:compute_manager|COMP:libvirt_imagecache,0.47674418604651164,0.4127906976744186,0.38953488372093026,0.8170731707317074,1.9793885262796291,1.0,0.1927393185505679,3.2100775193798454,0.9456053067993365,0.7790697674418605,0.688481043226274,0.8803675712813466
COMP:libvirt_imagecache,COMP:compute_manager|EVT:E35,0.6511627906976745,0.38953488372093026,0.38953488372093026,0.5982142857142857,1.5357142857142856,1.0,0.1358842617631152,1.5193798449612401,1.0,0.5982142857142857,0.3418367346938775,0.7991071428571428
COMP:compute_manager,COMP:libvirt_imagecache|EVT:E35,0.5755813953488372,0.47674418604651164,0.38953488372093026,0.6767676767676768,1.4195614683419562,1.0,0.11512979989183342,1.618822674418605,0.6963811081578409,0.587719298245614,0.3822671156004489,0.746920423749692
COMP:libvirt_imagecache|EVT:E7,COMP:compute_manager,0.20930232558139536,0.5755813953488372,0.20930232558139536,1.0,1.7373737373737372,1.0,0.08883180097349919,inf,0.5367647058823529,0.36363636363636365,1.0,0.6818181818181818
COMP:compute_manager|EVT:E7,COMP:libvirt_imagecache,0.2441860465116279,0.6511627906976745,0.20930232558139536,0.8571428571428571,1.3163265306122447,1.0,0.05029745808545161,2.441860465116278,0.317948717948718,0.3050847457627119,0.5904761904761903,0.5892857142857142
COMP:compute_manager|COMP:libvirt_imagecache,EVT:E7,0.4127906976744186,0.2441860465116279,0.20930232558139536,0.5070422535211268,2.0764587525150904,1.0,0.10850459707950244,1.5332225913621262,0.882838283828383,0.4675324675324675,0.3477789815817985,0.6820925553319919
EVT:E7,COMP:compute_manager|COMP:libvirt_imagecache,0.2441860465116279,0.4127906976744186,0.20930232558139536,0.8571428571428571,2.0764587525150904,1.0,0.10850459707950244,4.110465116279068,0.6858974358974358,0.4675324675324675,0.7567185289957568,0.6820925553319919
COMP:libvirt_imagecache|HOUR:00,COMP:compute_manager,0.6511627906976745,0.5755813953488372,0.4127906976744186,0.6339285714285714,1.1013708513708513,1.0,0.03799351000540829,1.1593874078275666,0.26384976525821574,0.5071428571428572,0.13747553816046953,0.6755501443001443
COMP:compute_manager|HOUR:00,COMP:libvirt_imagecache,0.5755813953488372,0.6511627906976745,0.4127906976744186,0.7171717171717171,1.1013708513708513,1.0,0.03799351000540829,1.2333887043189364,0.2168628207601773,0.5071428571428572,0.189225589225589,0.6755501443001443
COMP:libvirt_imagecache,COMP:compute_manager|HOUR:00,0.6511627906976745,0.5755813953488372,0.4127906976744186,0.6339285714285714,1.1013708513708513,1.0,0.03799351000540829,1.1593874078275666,0.26384976525821574,0.5071428571428572,0.13747553816046953,0.6755501443001443
COMP:compute_manager,COMP:libvirt_imagecache|HOUR:00,0.5755813953488372,0.6511627906976745,0.4127906976744186,0.7171717171717171,1.1013708513708513,1.0,0.03799351000540829,1.2333887043189364,0.2168628207601773,0.5071428571428572,0.189225589225589,0.6755501443001443
COMP:libvirt_imagecache|LEVEL:INFO,COMP:compute_manager,0.6511627906976745,0.5755813953488372,0.4127906976744186,0.6339285714285714,1.1013708513708513,1.0,0.03799351000540829,1.1593874078275666,0.26384976525821574,0.5071428571428572,0.13747553816046953,0.6755501443001443
COMP:compute_manager|LEVEL:INFO,COMP:libvirt_imagecache,0.5755813953488372,0.6511627906976745,0.4127906976744186,0.7171717171717171,1.1013708513708513,1.0,0.03799351000540829,1.2333887043189364,0.2168628207601773,0.5071428571428572,0.189225589225589,0.6755501443001443
COMP:libvirt_imagecache,COMP:compute_manager|LEVEL:INFO,0.6511627906976745,0.5755813953488372,0.4127906976744186,0.6339285714285714,1.1013708513708513,1.0,0.03799351000540829,1.1593874078275666,0.26384976525821574,0.5071428571428572,0.13747553816046953,0.6755501443001443
COMP:compute_manager,COMP:libvirt_imagecache|LEVEL:INFO,0.5755813953488372,0.6511627906976745,0.4127906976744186,0.7171717171717171,1.1013708513708513,1.0,0.03799351000540829,1.2333887043189364,0.2168628207601773,0.5071428571428572,0.189225589225589,0.6755501443001443
COMP:wsgi_server|EVT:E25,COMP:compute_manager,0.9069767441860465,0.5755813953488372,0.5755813953488372,0.6346153846153847,1.1025641025641026,1.0,0.05354245538128721,1.1615667074663405,1.0,0.6346153846153847,0.1390937829293995,0.8173076923076923
COMP:compute_manager|EVT:E25,COMP:wsgi_server,0.5755813953488372,0.9302325581395349,0.5755813953488372,1.0,1.075,1.0,0.04015684153596544,inf,0.16438356164383583,0.61875,1.0,0.809375
COMP:compute_manager|COMP:wsgi_server,EVT:E25,0.5755813953488372,0.9069767441860465,0.5755813953488372,1.0,1.1025641025641026,1.0,0.05354245538128721,inf,0.21917808219178095,0.6346153846153847,1.0,0.8173076923076923
EVT:E25,COMP:compute_manager|COMP:wsgi_server,0.9069767441860465,0.5755813953488372,0.5755813953488372,0.6346153846153847,1.1025641025641026,1.0,0.05354245538128721,1.1615667074663405,1.0,0.6346153846153847,0.1390937829293995,0.8173076923076923
COMP:wsgi_server,COMP:compute_manager|EVT:E25,0.9302325581395349,0.5755813953488372,0.5755813953488372,0.61875,1.075,1.0,0.04015684153596544,1.1132291269538697,1.000000000000001,0.61875,0.10171232876712329,0.809375
COMP:compute_manager,COMP:wsgi_server|EVT:E25,0.5755813953488372,0.9069767441860465,0.5755813953488372,1.0,1.1025641025641026,1.0,0.05354245538128721,inf,0.21917808219178095,0.6346153846153847,1.0,0.8173076923076923
COMP:wsgi_server|EVT:E26,COMP:compute_manager,0.37209302325581395,0.5755813953488372,0.26744186046511625,0.7187499999999999,1.2487373737373735,1.0,0.053272038939967514,1.509043927648578,0.3172302737520127,0.39316239316239304,0.33732876712328735,0.5916982323232323
COMP:compute_manager|EVT:E26,COMP:wsgi_server,0.26744186046511625,0.9302325581395349,0.26744186046511625,1.0,1.075,1.0,0.01865873445105462,inf,0.09523809523809523,0.28750000000000003,1.0,0.64375
EVT:E26,COMP:compute_manager|COMP:wsgi_server,0.37209302325581395,0.5755813953488372,0.26744186046511625,0.7187499999999999,1.2487373737373735,1.0,0.053272038939967514,1.509043927648578,0.3172302737520127,0.39316239316239304,0.33732876712328735,0.5916982323232323
COMP:compute_manager|COMP:wsgi_server,EVT:E27,0.5755813953488372,0.47674418604651164,0.38953488372093026,0.6767676767676768,1.4195614683419562,1.0,0.11512979989183342,1.618822674418605,0.6963811081578409,0.587719298245614,0.3822671156004489,0.746920423749692
COMP:wsgi_server|EVT:E27,COMP:compute_manager,0.47674418604651164,0.5755813953488372,0.38953488372093026,0.8170731707317074,1.4195614683419562,1.0,0.11512979989183342,2.3201550387596908,0.564842454394693,0.587719298245614,0.5689943200801872,0.746920423749692
COMP:compute_manager|EVT:E27,COMP:wsgi_server,0.38953488372093026,0.9302325581395349,0.38953488372093026,1.0,1.075,1.0,0.02717685235262307,inf,0.11428571428571441,0.41875,1.0,0.709375
COMP:compute_manager,COMP:wsgi_server|EVT:E27,0.5755813953488372,0.47674418604651164,0.38953488372093026,0.6767676767676768,1.4195614683419562,1.0,0.11512979989183342,1.618822674418605,0.6963811081578409,0.587719298245614,0.3822671156004489,0.746920423749692
EVT:E27,COMP:compute_manager|COMP:wsgi_server,0.47674418604651164,0.5755813953488372,0.38953488372093026,0.8170731707317074,1.4195614683419562,1.0,0.11512979989183342,2.3201550387596908,0.564842454394693,0.587719298245614,0.5689943200801872,0.746920423749692
COMP:wsgi_server|EVT:E34,COMP:compute_manager,0.47674418604651164,0.5755813953488372,0.38953488372093026,0.8170731707317074,1.4195614683419562,1.0,0.11512979989183342,2.3201550387596908,0.564842454394693,0.587719298245614,0.5689943200801872,0.746920423749692
COMP:compute_manager|EVT:E34,COMP:wsgi_server,0.38953488372093026,0.9302325581395349,0.38953488372093026,1.0,1.075,1.0,0.02717685235262307,inf,0.11428571428571441,0.41875,1.0,0.709375
COMP:compute_manager|COMP:wsgi_server,EVT:E34,0.5755813953488372,0.47674418604651164,0.38953488372093026,0.6767676767676768,1.4195614683419562,1.0,0.11512979989183342,1.618822674418605,0.6963811081578409,0.587719298245614,0.3822671156004489,0.746920423749692
EVT:E34,COMP:compute_manager|COMP:wsgi_server,0.47674418604651164,0.5755813953488372,0.38953488372093026,0.8170731707317074,1.4195614683419562,1.0,0.11512979989183342,2.3201550387596908,0.564842454394693,0.587719298245614,0.5689943200801872,0.746920423749692
COMP:compute_manager,COMP:wsgi_server|EVT:E34,0.5755813953488372,0.47674418604651164,0.38953488372093026,0.6767676767676768,1.4195614683419562,1.0,0.11512979989183342,1.618822674418605,0.6963811081578409,0.587719298245614,0.3822671156004489,0.746920423749692
COMP:wsgi_server|EVT:E35,COMP:compute_manager,0.47674418604651164,0.5755813953488372,0.38953488372093026,0.8170731707317074,1.4195614683419562,1.0,0.11512979989183342,2.3201550387596908,0.564842454394693,0.587719298245614,0.5689943200801872,0.746920423749692
COMP:compute_manager|EVT:E35,COMP:wsgi_server,0.38953488372093026,0.9302325581395349,0.38953488372093026,1.0,1.075,1.0,0.02717685235262307,inf,0.11428571428571441,0.41875,1.0,0.709375
COMP:compute_manager|COMP:wsgi_server,EVT:E35,0.5755813953488372,0.47674418604651164,0.38953488372093026,0.6767676767676768,1.4195614683419562,1.0,0.11512979989183342,1.618822674418605,0.6963811081578409,0.587719298245614,0.3822671156004489,0.746920423749692
EVT:E35,COMP:compute_manager|COMP:wsgi_server,0.47674418604651164,0.5755813953488372,0.38953488372093026,0.8170731707317074,1.4195614683419562,1.0,0.11512979989183342,2.3201550387596908,0.564842454394693,0.587719298245614,0.5689943200801872,0.746920423749692
COMP:compute_manager,COMP:wsgi_server|EVT:E35,0.5755813953488372,0.47674418604651164,0.38953488372093026,0.6767676767676768,1.4195614683419562,1.0,0.11512979989183342,1.618822674418605,0.6963811081578409,0.587719298245614,0.3822671156004489,0.746920423749692
COMP:wsgi_server|EVT:E7,COMP:compute_manager,0.2441860465116279,0.5755813953488372,0.2441860465116279,1.0,1.7373737373737372,1.0,0.10363710113574903,inf,0.5615384615384614,0.4242424242424242,1.0,0.7121212121212122
COMP:compute_manager|EVT:E7,COMP:wsgi_server,0.2441860465116279,0.9302325581395349,0.2441860465116279,1.0,1.075,1.0,0.017036235803136845,inf,0.0923076923076924,0.2625,1.0,0.63125
EVT:E7,COMP:compute_manager|COMP:wsgi_server,0.2441860465116279,0.5755813953488372,0.2441860465116279,1.0,1.7373737373737372,1.0,0.10363710113574903,inf,0.5615384615384614,0.4242424242424242,1.0,0.7121212121212122
COMP:wsgi_server|HOUR:00,COMP:compute_manager,0.9302325581395349,0.5755813953488372,0.5755813953488372,0.61875,1.075,1.0,0.04015684153596544,1.1132291269538697,1.000000000000001,0.61875,0.10171232876712329,0.809375
COMP:compute_manager|HOUR:00,COMP:wsgi_server,0.5755813953488372,0.9302325581395349,0.5755813953488372,1.0,1.075,1.0,0.04015684153596544,inf,0.16438356164383583,0.61875,1.0,0.809375
COMP:wsgi_server,COMP:compute_manager|HOUR:00,0.9302325581395349,0.5755813953488372,0.5755813953488372,0.61875,1.075,1.0,0.04015684153596544,1.1132291269538697,1.000000000000001,0.61875,0.10171232876712329,0.809375
COMP:compute_manager,COMP:wsgi_server|HOUR:00,0.5755813953488372,0.9302325581395349,0.5755813953488372,1.0,1.075,1.0,0.04015684153596544,inf,0.16438356164383583,0.61875,1.0,0.809375
COMP:wsgi_server|LEVEL:INFO,COMP:compute_manager,0.9302325581395349,0.5755813953488372,0.5755813953488372,0.61875,1.075,1.0,0.04015684153596544,1.1132291269538697,1.000000000000001,0.61875,0.10171232876712329,0.809375
COMP:compute_manager|LEVEL:INFO,COMP:wsgi_server,0.5755813953488372,0.9302325581395349,0.5755813953488372,1.0,1.075,1.0,0.04015684153596544,inf,0.16438356164383583,0.61875,1.0,0.809375
COMP:wsgi_server,COMP:compute_manager|LEVEL:INFO,0.9302325581395349,0.5755813953488372,0.5755813953488372,0.61875,1.075,1.0,0.04015684153596544,1.1132291269538697,1.000000000000001,0.61875,0.10171232876712329,0.809375
COMP:compute_manager,COMP:wsgi_server|LEVEL:INFO,0.5755813953488372,0.9302325581395349,0.5755813953488372,1.0,1.075,1.0,0.04015684153596544,inf,0.16438356164383583,0.61875,1.0,0.809375
EVT:E25|EVT:E26,COMP:compute_manager,0.3488372093023256,0.5755813953488372,0.26744186046511625,0.7666666666666665,1.3319865319865316,1.0,0.06665765278528932,1.8189368770764105,0.3827639751552794,0.407079646017699,0.4502283105022827,0.6156565656565656
COMP:compute_manager|EVT:E26,EVT:E25,0.26744186046511625,0.9069767441860465,0.26744186046511625,1.0,1.1025641025641026,1.0,0.02487831260140619,inf,0.12698412698412712,0.2948717948717949,1.0,0.6474358974358974
EVT:E26,COMP:compute_manager|EVT:E25,0.37209302325581395,0.5755813953488372,0.26744186046511625,0.7187499999999999,1.2487373737373735,1.0,0.053272038939967514,1.509043927648578,0.3172302737520127,0.39316239316239304,0.33732876712328735,0.5916982323232323
COMP:compute_manager|EVT:E25,EVT:E27,0.5755813953488372,0.47674418604651164,0.38953488372093026,0.6767676767676768,1.4195614683419562,1.0,0.11512979989183342,1.618822674418605,0.6963811081578409,0.587719298245614,0.3822671156004489,0.746920423749692
EVT:E25|EVT:E27,COMP:compute_manager,0.47674418604651164,0.5755813953488372,0.38953488372093026,0.8170731707317074,1.4195614683419562,1.0,0.11512979989183342,2.3201550387596908,0.564842454394693,0.587719298245614,0.5689943200801872,0.746920423749692
COMP:compute_manager|EVT:E27,EVT:E25,0.38953488372093026,0.9069767441860465,0.38953488372093026,1.0,1.1025641025641026,1.0,0.036235803136830724,inf,0.1523809523809524,0.4294871794871795,1.0,0.7147435897435898
COMP:compute_manager,EVT:E25|EVT:E27,0.5755813953488372,0.47674418604651164,0.38953488372093026,0.6767676767676768,1.4195614683419562,1.0,0.11512979989183342,1.618822674418605,0.6963811081578409,0.587719298245614,0.3822671156004489,0.746920423749692
EVT:E27,COMP:compute_manager|EVT:E25,0.47674418604651164,0.5755813953488372,0.38953488372093026,0.8170731707317074,1.4195614683419562,1.0,0.11512979989183342,2.3201550387596908,0.564842454394693,0.587719298245614,0.5689943200801872,0.746920423749692
EVT:E25|EVT:E34,COMP:compute_manager,0.47674418604651164,0.5755813953488372,0.38953488372093026,0.8170731707317074,1.4195614683419562,1.0,0.11512979989183342,2.3201550387596908,0.564842454394693,0.587719298245614,0.5689943200801872,0.746920423749692
COMP:compute_manager|EVT:E25,EVT:E34,0.5755813953488372,0.47674418604651164,0.38953488372093026,0.6767676767676768,1.4195614683419562,1.0,0.11512979989183342,1.618822674418605,0.6963811081578409,0.587719298245614,0.3822671156004489,0.746920423749692
COMP:compute_manager|EVT:E34,EVT:E25,0.38953488372093026,0.9069767441860465,0.38953488372093026,1.0,1.1025641025641026,1.0,0.036235803136830724,inf,0.1523809523809524,0.4294871794871795,1.0,0.7147435897435898
EVT:E34,COMP:compute_manager|EVT:E25,0.47674418604651164,0.5755813953488372,0.38953488372093026,0.8170731707317074,1.4195614683419562,1.0,0.11512979989183342,2.3201550387596908,0.564842454394693,0.587719298245614,0.5689943200801872,0.746920423749692
COMP:compute_manager,EVT:E25|EVT:E34,0.5755813953488372,0.47674418604651164,0.38953488372093026,0.6767676767676768,1.4195614683419562,1.0,0.11512979989183342,1.618822674418605,0.6963811081578409,0.587719298245614,0.3822671156004489,0.746920423749692
COMP:compute_manager|EVT:E25,EVT:E35,0.5755813953488372,0.47674418604651164,0.38953488372093026,0.6767676767676768,1.4195614683419562,1.0,0.11512979989183342,1.618822674418605,0.6963811081578409,0.587719298245614,0.3822671156004489,0.746920423749692
EVT:E25|EVT:E35,COMP:compute_manager,0.47674418604651164,0.5755813953488372,0.38953488372093026,0.8170731707317074,1.4195614683419562,1.0,0.11512979989183342,2.3201550387596908,0.564842454394693,0.587719298245614,0.5689943200801872,0.746920423749692
COMP:compute_manager|EVT:E35,EVT:E25,0.38953488372093026,0.9069767441860465,0.38953488372093026,1.0,1.1025641025641026,1.0,0.036235803136830724,inf,0.1523809523809524,0.4294871794871795,1.0,0.7147435897435898
COMP:compute_manager,EVT:E25|EVT:E35,0.5755813953488372,0.47674418604651164,0.38953488372093026,0.6767676767676768,1.4195614683419562,1.0,0.11512979989183342,1.618822674418605,0.6963811081578409,0.587719298245614,0.3822671156004489,0.746920423749692
EVT:E35,COMP:compute_manager|EVT:E25,0.47674418604651164,0.5755813953488372,0.38953488372093026,0.8170731707317074,1.4195614683419562,1.0,0.11512979989183342,2.3201550387596908,0.564842454394693,0.587719298245614,0.5689943200801872,0.746920423749692
EVT:E25|EVT:E7,COMP:compute_manager,0.2441860465116279,0.5755813953488372,0.2441860465116279,1.0,1.7373737373737372,1.0,0.10363710113574903,inf,0.5615384615384614,0.4242424242424242,1.0,0.7121212121212122
COMP:compute_manager|EVT:E7,EVT:E25,0.2441860465116279,0.9069767441860465,0.2441860465116279,1.0,1.1025641025641026,1.0,0.022714981070849127,inf,0.1230769230769232,0.2692307692307693,1.0,0.6346153846153846
EVT:E7,COMP:compute_manager|EVT:E25,0.2441860465116279,0.5755813953488372,0.2441860465116279,1.0,1.7373737373737372,1.0,0.10363710113574903,inf,0.5615384615384614,0.4242424242424242,1.0,0.7121212121212122
EVT:E25|HOUR:00,COMP:compute_manager,0.9069767441860465,0.5755813953488372,0.5755813953488372,0.6346153846153847,1.1025641025641026,1.0,0.05354245538128721,1.1615667074663405,1.0,0.6346153846153847,0.1390937829293995,0.8173076923076923
COMP:compute_manager|HOUR:00,EVT:E25,0.5755813953488372,0.9069767441860465,0.5755813953488372,1.0,1.1025641025641026,1.0,0.05354245538128721,inf,0.21917808219178095,0.6346153846153847,1.0,0.8173076923076923
EVT:E25,COMP:compute_manager|HOUR:00,0.9069767441860465,0.5755813953488372,0.5755813953488372,0.6346153846153847,1.1025641025641026,1.0,0.05354245538128721,1.1615667074663405,1.0,0.6346153846153847,0.1390937829293995,0.8173076923076923
COMP:compute_manager,EVT:E25|HOUR:00,0.5755813953488372,0.9069767441860465,0.5755813953488372,1.0,1.1025641025641026,1.0,0.05354245538128721,inf,0.21917808219178095,0.6346153846153847,1.0,0.8173076923076923
EVT:E25|LEVEL:INFO,COMP:compute_manager,0.9069767441860465,0.5755813953488372,0.5755813953488372,0.6346153846153847,1.1025641025641026,1.0,0.05354245538128721,1.1615667074663405,1.0,0.6346153846153847,0.1390937829293995,0.8173076923076923
COMP:compute_manager|LEVEL:INFO,EVT:E25,0.5755813953488372,0.9069767441860465,0.5755813953488372,1.0,1.1025641025641026,1.0,0.05354245538128721,inf,0.21917808219178095,0.6346153846153847,1.0,0.8173076923076923
EVT:E25,COMP:compute_manager|LEVEL:INFO,0.9069767441860465,0.5755813953488372,0.5755813953488372,0.6346153846153847,1.1025641025641026,1.0,0.05354245538128721,1.1615667074663405,1.0,0.6346153846153847,0.1390937829293995,0.8173076923076923
COMP:compute_manager,EVT:E25|LEVEL:INFO,0.5755813953488372,0.9069767441860465,0.5755813953488372,1.0,1.1025641025641026,1.0,0.05354245538128721,inf,0.21917808219178095,0.6346153846153847,1.0,0.8173076923076923
COMP:compute_manager|EVT:E26,EVT:E27,0.26744186046511625,0.47674418604651164,0.1744186046511628,0.6521739130434784,1.3679745493107107,1.0,0.04691725256895621,1.5043604651162796,0.3671957671957673,0.30612244897959184,0.33526570048309196,0.5090137857900319
EVT:E26|EVT:E27,COMP:compute_manager,0.18023255813953487,0.5755813953488372,0.1744186046511628,0.9677419354838711,1.6813294232649074,1.0,0.07068009734991888,13.156976744186103,0.4943262411347518,0.3,0.9239946973044634,0.6353861192570871
EVT:E26|EVT:E34,COMP:compute_manager,0.18023255813953487,0.5755813953488372,0.1744186046511628,0.9677419354838711,1.6813294232649074,1.0,0.07068009734991888,13.156976744186103,0.4943262411347518,0.3,0.9239946973044634,0.6353861192570871
COMP:compute_manager|EVT:E26,EVT:E34,0.26744186046511625,0.47674418604651164,0.1744186046511628,0.6521739130434784,1.3679745493107107,1.0,0.04691725256895621,1.5043604651162796,0.3671957671957673,0.30612244897959184,0.33526570048309196,0.5090137857900319
EVT:E26|EVT:E35,COMP:compute_manager,0.18023255813953487,0.5755813953488372,0.1744186046511628,0.9677419354838711,1.6813294232649074,1.0,0.07068009734991888,13.156976744186103,0.4943262411347518,0.3,0.9239946973044634,0.6353861192570871
COMP:compute_manager|EVT:E26,EVT:E35,0.26744186046511625,0.47674418604651164,0.1744186046511628,0.6521739130434784,1.3679745493107107,1.0,0.04691725256895621,1.5043604651162796,0.3671957671957673,0.30612244897959184,0.33526570048309196,0.5090137857900319
EVT:E26|HOUR:00,COMP:compute_manager,0.37209302325581395,0.5755813953488372,0.26744186046511625,0.7187499999999999,1.2487373737373735,1.0,0.053272038939967514,1.509043927648578,0.3172302737520127,0.39316239316239304,0.33732876712328735,0.5916982323232323
EVT:E26,COMP:compute_manager|HOUR:00,0.37209302325581395,0.5755813953488372,0.26744186046511625,0.7187499999999999,1.2487373737373735,1.0,0.053272038939967514,1.509043927648578,0.3172302737520127,0.39316239316239304,0.33732876712328735,0.5916982323232323
EVT:E26|LEVEL:INFO,COMP:compute_manager,0.37209302325581395,0.5755813953488372,0.26744186046511625,0.7187499999999999,1.2487373737373735,1.0,0.053272038939967514,1.509043927648578,0.3172302737520127,0.39316239316239304,0.33732876712328735,0.5916982323232323
EVT:E26,COMP:compute_manager|LEVEL:INFO,0.37209302325581395,0.5755813953488372,0.26744186046511625,0.7187499999999999,1.2487373737373735,1.0,0.053272038939967514,1.509043927648578,0.3172302737520127,0.39316239316239304,0.33732876712328735,0.5916982323232323
COMP:compute_manager|EVT:E34,EVT:E27,0.38953488372093026,0.47674418604651164,0.38953488372093026,1.0,2.097560975609756,1.0,0.2038263926446728,inf,0.8571428571428572,0.8170731707317075,1.0,0.9085365853658537
EVT:E27|EVT:E34,COMP:compute_manager,0.47674418604651164,0.5755813953488372,0.38953488372093026,0.8170731707317074,1.4195614683419562,1.0,0.11512979989183342,2.3201550387596908,0.564842454394693,0.587719298245614,0.5689943200801872,0.746920423749692
COMP:compute_manager|EVT:E27,EVT:E34,0.38953488372093026,0.47674418604651164,0.38953488372093026,1.0,2.097560975609756,1.0,0.2038263926446728,inf,0.8571428571428572,0.8170731707317075,1.0,0.9085365853658537
EVT:E34,COMP:compute_manager|EVT:E27,0.47674418604651164,0.38953488372093026,0.38953488372093026,0.8170731707317074,2.097560975609756,1.0,0.2038263926446728,3.3372093023255824,0.9999999999999999,0.8170731707317075,0.7003484320557493,0.9085365853658537
COMP:compute_manager,EVT:E27|EVT:E34,0.5755813953488372,0.47674418604651164,0.38953488372093026,0.6767676767676768,1.4195614683419562,1.0,0.11512979989183342,1.618822674418605,0.6963811081578409,0.587719298245614,0.3822671156004489,0.746920423749692
EVT:E27,COMP:compute_manager|EVT:E34,0.47674418604651164,0.38953488372093026,0.38953488372093026,0.8170731707317074,2.097560975609756,1.0,0.2038263926446728,3.3372093023255824,0.9999999999999999,0.8170731707317075,0.7003484320557493,0.9085365853658537
COMP:compute_manager|EVT:E35,EVT:E27,0.38953488372093026,0.47674418604651164,0.38953488372093026,1.0,2.097560975609756,1.0,0.2038263926446728,inf,0.8571428571428572,0.8170731707317075,1.0,0.9085365853658537
EVT:E27|EVT:E35,COMP:compute_manager,0.47674418604651164,0.5755813953488372,0.38953488372093026,0.8170731707317074,1.4195614683419562,1.0,0.11512979989183342,2.3201550387596908,0.564842454394693,0.587719298245614,0.5689943200801872,0.746920423749692
COMP:compute_manager|EVT:E27,EVT:E35,0.38953488372093026,0.47674418604651164,0.38953488372093026,1.0,2.097560975609756,1.0,0.2038263926446728,inf,0.8571428571428572,0.8170731707317075,1.0,0.9085365853658537
EVT:E35,COMP:compute_manager|EVT:E27,0.47674418604651164,0.38953488372093026,0.38953488372093026,0.8170731707317074,2.097560975609756,1.0,0.2038263926446728,3.3372093023255824,0.9999999999999999,0.8170731707317075,0.7003484320557493,0.9085365853658537
COMP:compute_manager,EVT:E27|EVT:E35,0.5755813953488372,0.47674418604651164,0.38953488372093026,0.6767676767676768,1.4195614683419562,1.0,0.11512979989183342,1.618822674418605,0.6963811081578409,0.587719298245614,0.3822671156004489,0.746920423749692
EVT:E27,COMP:compute_manager|EVT:E35,0.47674418604651164,0.38953488372093026,0.38953488372093026,0.8170731707317074,2.097560975609756,1.0,0.2038263926446728,3.3372093023255824,0.9999999999999999,0.8170731707317075,0.7003484320557493,0.9085365853658537
COMP:compute_manager|EVT:E7,EVT:E27,0.2441860465116279,0.47674418604651164,0.20930232558139536,0.8571428571428571,1.797909407665505,1.0,0.09288804759329368,3.6627906976744176,0.5871794871794871,0.40909090909090917,0.7269841269841268,0.6480836236933798
EVT:E27|EVT:E7,COMP:compute_manager,0.20930232558139536,0.5755813953488372,0.20930232558139536,1.0,1.7373737373737372,1.0,0.08883180097349919,inf,0.5367647058823529,0.36363636363636365,1.0,0.6818181818181818
COMP:compute_manager|EVT:E27,EVT:E7,0.38953488372093026,0.2441860465116279,0.20930232558139536,0.5373134328358209,2.2004264392324093,1.0,0.11418334234721472,1.6335333833458365,0.8936507936507937,0.4931506849315069,0.3878300803673938,0.6972281449893389
EVT:E7,COMP:compute_manager|EVT:E27,0.2441860465116279,0.38953488372093026,0.20930232558139536,0.8571428571428571,2.2004264392324093,1.0,0.11418334234721472,4.273255813953487,0.7217948717948718,0.4931506849315069,0.765986394557823,0.6972281449893389
COMP:compute_manager|HOUR:00,EVT:E27,0.5755813953488372,0.47674418604651164,0.38953488372093026,0.6767676767676768,1.4195614683419562,1.0,0.11512979989183342,1.618822674418605,0.6963811081578409,0.587719298245614,0.3822671156004489,0.746920423749692
EVT:E27|HOUR:00,COMP:compute_manager,0.47674418604651164,0.5755813953488372,0.38953488372093026,0.8170731707317074,1.4195614683419562,1.0,0.11512979989183342,2.3201550387596908,0.564842454394693,0.587719298245614,0.5689943200801872,0.746920423749692
COMP:compute_manager,EVT:E27|HOUR:00,0.5755813953488372,0.47674418604651164,0.38953488372093026,0.6767676767676768,1.4195614683419562,1.0,0.11512979989183342,1.618822674418605,0.6963811081578409,0.587719298245614,0.3822671156004489,0.746920423749692
EVT:E27,COMP:compute_manager|HOUR:00,0.47674418604651164,0.5755813953488372,0.38953488372093026,0.8170731707317074,1.4195614683419562,1.0,0.11512979989183342,2.3201550387596908,0.564842454394693,0.587719298245614,0.5689943200801872,0.746920423749692
COMP:compute_manager|LEVEL:INFO,EVT:E27,0.5755813953488372,0.47674418604651164,0.38953488372093026,0.6767676767676768,1.4195614683419562,1.0,0.11512979989183342,1.618822674418605,0.6963811081578409,0.587719298245614,0.3822671156004489,0.746920423749692
EVT:E27|LEVEL:INFO,COMP:compute_manager,0.47674418604651164,0.5755813953488372,0.38953488372093026,0.8170731707317074,1.4195614683419562,1.0,0.11512979989183342,2.3201550387596908,0.564842454394693,0.587719298245614,0.5689943200801872,0.746920423749692
COMP:compute_manager,EVT:E27|LEVEL:INFO,0.5755813953488372,0.47674418604651164,0.38953488372093026,0.6767676767676768,1.4195614683419562,1.0,0.11512979989183342,1.618822674418605,0.6963811081578409,0.587719298245614,0.3822671156004489,0.746920423749692
EVT:E27,COMP:compute_manager|LEVEL:INFO,0.47674418604651164,0.5755813953488372,0.38953488372093026,0.8170731707317074,1.4195614683419562,1.0,0.11512979989183342,2.3201550387596908,0.564842454394693,0.587719298245614,0.5689943200801872,0.746920423749692
EVT:E34|EVT:E35,COMP:compute_manager,0.47674418604651164,0.5755813953488372,0.38953488372093026,0.8170731707317074,1.4195614683419562,1.0,0.11512979989183342,2.3201550387596908,0.564842454394693,0.587719298245614,0.5689943200801872,0.746920423749692
COMP:compute_manager|EVT:E35,EVT:E34,0.38953488372093026,0.47674418604651164,0.38953488372093026,1.0,2.097560975609756,1.0,0.2038263926446728,inf,0.8571428571428572,0.8170731707317075,1.0,0.9085365853658537
COMP:compute_manager|EVT:E34,EVT:E35,0.38953488372093026,0.47674418604651164,0.38953488372093026,1.0,2.097560975609756,1.0,0.2038263926446728,inf,0.8571428571428572,0.8170731707317075,1.0,0.9085365853658537
EVT:E35,COMP:compute_manager|EVT:E34,0.47674418604651164,0.38953488372093026,0.38953488372093026,0.8170731707317074,2.097560975609756,1.0,0.2038263926446728,3.3372093023255824,0.9999999999999999,0.8170731707317075,0.7003484320557493,0.9085365853658537
EVT:E34,COMP:compute_manager|EVT:E35,0.47674418604651164,0.38953488372093026,0.38953488372093026,0.8170731707317074,2.097560975609756,1.0,0.2038263926446728,3.3372093023255824,0.9999999999999999,0.8170731707317075,0.7003484320557493,0.9085365853658537
COMP:compute_manager,EVT:E34|EVT:E35,0.5755813953488372,0.47674418604651164,0.38953488372093026,0.6767676767676768,1.4195614683419562,1.0,0.11512979989183342,1.618822674418605,0.6963811081578409,0.587719298245614,0.3822671156004489,0.746920423749692
EVT:E34|EVT:E7,COMP:compute_manager,0.20930232558139536,0.5755813953488372,0.20930232558139536,1.0,1.7373737373737372,1.0,0.08883180097349919,inf,0.5367647058823529,0.36363636363636365,1.0,0.6818181818181818
COMP:compute_manager|EVT:E34,EVT:E7,0.38953488372093026,0.2441860465116279,0.20930232558139536,0.5373134328358209,2.2004264392324093,1.0,0.11418334234721472,1.6335333833458365,0.8936507936507937,0.4931506849315069,0.3878300803673938,0.6972281449893389
COMP:compute_manager|EVT:E7,EVT:E34,0.2441860465116279,0.47674418604651164,0.20930232558139536,0.8571428571428571,1.797909407665505,1.0,0.09288804759329368,3.6627906976744176,0.5871794871794871,0.40909090909090917,0.7269841269841268,0.6480836236933798
EVT:E7,COMP:compute_manager|EVT:E34,0.2441860465116279,0.38953488372093026,0.20930232558139536,0.8571428571428571,2.2004264392324093,1.0,0.11418334234721472,4.273255813953487,0.7217948717948718,0.4931506849315069,0.765986394557823,0.6972281449893389
EVT:E34|HOUR:00,COMP:compute_manager,0.47674418604651164,0.5755813953488372,0.38953488372093026,0.8170731707317074,1.4195614683419562,1.0,0.11512979989183342,2.3201550387596908,0.564842454394693,0.587719298245614,0.5689943200801872,0.746920423749692
COMP:compute_manager|HOUR:00,EVT:E34,0.5755813953488372,0.47674418604651164,0.38953488372093026,0.6767676767676768,1.4195614683419562,1.0,0.11512979989183342,1.618822674418605,0.6963811081578409,0.587719298245614,0.3822671156004489,0.746920423749692
EVT:E34,COMP:compute_manager|HOUR:00,0.47674418604651164,0.5755813953488372,0.38953488372093026,0.8170731707317074,1.4195614683419562,1.0,0.11512979989183342,2.3201550387596908,0.564842454394693,0.587719298245614,0.5689943200801872,0.746920423749692
COMP:compute_manager,EVT:E34|HOUR:00,0.5755813953488372,0.47674418604651164,0.38953488372093026,0.6767676767676768,1.4195614683419562,1.0,0.11512979989183342,1.618822674418605,0.6963811081578409,0.587719298245614,0.3822671156004489,0.746920423749692
EVT:E34|LEVEL:INFO,COMP:compute_manager,0.47674418604651164,0.5755813953488372,0.38953488372093026,0.8170731707317074,1.4195614683419562,1.0,0.11512979989183342,2.3201550387596908,0.564842454394693,0.587719298245614,0.5689943200801872,0.746920423749692
COMP:compute_manager|LEVEL:INFO,EVT:E34,0.5755813953488372,0.47674418604651164,0.38953488372093026,0.6767676767676768,1.4195614683419562,1.0,0.11512979989183342,1.618822674418605,0.6963811081578409,0.587719298245614,0.3822671156004489,0.746920423749692
EVT:E34,COMP:compute_manager|LEVEL:INFO,0.47674418604651164,0.5755813953488372,0.38953488372093026,0.8170731707317074,1.4195614683419562,1.0,0.11512979989183342,2.3201550387596908,0.564842454394693,0.587719298245614,0.5689943200801872,0.746920423749692
COMP:compute_manager,EVT:E34|LEVEL:INFO,0.5755813953488372,0.47674418604651164,0.38953488372093026,0.6767676767676768,1.4195614683419562,1.0,0.11512979989183342,1.618822674418605,0.6963811081578409,0.587719298245614,0.3822671156004489,0.746920423749692
EVT:E35|EVT:E7,COMP:compute_manager,0.20930232558139536,0.5755813953488372,0.20930232558139536,1.0,1.7373737373737372,1.0,0.08883180097349919,inf,0.5367647058823529,0.36363636363636365,1.0,0.6818181818181818
COMP:compute_manager|EVT:E35,EVT:E7,0.38953488372093026,0.2441860465116279,0.20930232558139536,0.5373134328358209,2.2004264392324093,1.0,0.11418334234721472,1.6335333833458365,0.8936507936507937,0.4931506849315069,0.3878300803673938,0.6972281449893389
COMP:compute_manager|EVT:E7,EVT:E35,0.2441860465116279,0.47674418604651164,0.20930232558139536,0.8571428571428571,1.797909407665505,1.0,0.09288804759329368,3.6627906976744176,0.5871794871794871,0.40909090909090917,0.7269841269841268,0.6480836236933798
EVT:E7,COMP:compute_manager|EVT:E35,0.2441860465116279,0.38953488372093026,0.20930232558139536,0.8571428571428571,2.2004264392324093,1.0,0.11418334234721472,4.273255813953487,0.7217948717948718,0.4931506849315069,0.765986394557823,0.6972281449893389
EVT:E35|HOUR:00,COMP:compute_manager,0.47674418604651164,0.5755813953488372,0.38953488372093026,0.8170731707317074,1.4195614683419562,1.0,0.11512979989183342,2.3201550387596908,0.564842454394693,0.587719298245614,0.5689943200801872,0.746920423749692
COMP:compute_manager|HOUR:00,EVT:E35,0.5755813953488372,0.47674418604651164,0.38953488372093026,0.6767676767676768,1.4195614683419562,1.0,0.11512979989183342,1.618822674418605,0.6963811081578409,0.587719298245614,0.3822671156004489,0.746920423749692
EVT:E35,COMP:compute_manager|HOUR:00,0.47674418604651164,0.5755813953488372,0.38953488372093026,0.8170731707317074,1.4195614683419562,1.0,0.11512979989183342,2.3201550387596908,0.564842454394693,0.587719298245614,0.5689943200801872,0.746920423749692
COMP:compute_manager,EVT:E35|HOUR:00,0.5755813953488372,0.47674418604651164,0.38953488372093026,0.6767676767676768,1.4195614683419562,1.0,0.11512979989183342,1.618822674418605,0.6963811081578409,0.587719298245614,0.3822671156004489,0.746920423749692
EVT:E35|LEVEL:INFO,COMP:compute_manager,0.47674418604651164,0.5755813953488372,0.38953488372093026,0.8170731707317074,1.4195614683419562,1.0,0.11512979989183342,2.3201550387596908,0.564842454394693,0.587719298245614,0.5689943200801872,0.746920423749692
COMP:compute_manager|LEVEL:INFO,EVT:E35,0.5755813953488372,0.47674418604651164,0.38953488372093026,0.6767676767676768,1.4195614683419562,1.0,0.11512979989183342,1.618822674418605,0.6963811081578409,0.587719298245614,0.3822671156004489,0.746920423749692
EVT:E35,COMP:compute_manager|LEVEL:INFO,0.47674418604651164,0.5755813953488372,0.38953488372093026,0.8170731707317074,1.4195614683419562,1.0,0.11512979989183342,2.3201550387596908,0.564842454394693,0.587719298245614,0.5689943200801872,0.746920423749692
COMP:compute_manager,EVT:E35|LEVEL:INFO,0.5755813953488372,0.47674418604651164,0.38953488372093026,0.6767676767676768,1.4195614683419562,1.0,0.11512979989183342,1.618822674418605,0.6963811081578409,0.587719298245614,0.3822671156004489,0.746920423749692
EVT:E7|HOUR:00,COMP:compute_manager,0.2441860465116279,0.5755813953488372,0.2441860465116279,1.0,1.7373737373737372,1.0,0.10363710113574903,inf,0.5615384615384614,0.4242424242424242,1.0,0.7121212121212122
EVT:E7,COMP:compute_manager|HOUR:00,0.2441860465116279,0.5755813953488372,0.2441860465116279,1.0,1.7373737373737372,1.0,0.10363710113574903,inf,0.5615384615384614,0.4242424242424242,1.0,0.7121212121212122
EVT:E7|LEVEL:INFO,COMP:compute_manager,0.2441860465116279,0.5755813953488372,0.2441860465116279,1.0,1.7373737373737372,1.0,0.10363710113574903,inf,0.5615384615384614,0.4242424242424242,1.0,0.7121212121212122
EVT:E7,COMP:compute_manager|LEVEL:INFO,0.2441860465116279,0.5755813953488372,0.2441860465116279,1.0,1.7373737373737372,1.0,0.10363710113574903,inf,0.5615384615384614,0.4242424242424242,1.0,0.7121212121212122
COMP:libvirt_imagecache|COMP:wsgi_server,COMP:libvirt_driver,0.5872093023255814,0.38953488372093026,0.29651162790697677,0.504950495049505,1.296290823112162,1.0,0.06777312060573282,1.2331395348837209,0.5537144435238883,0.43589743589743585,0.18906176331918903,0.6330722624501256
COMP:libvirt_driver|COMP:wsgi_server,COMP:libvirt_imagecache,0.38953488372093026,0.6511627906976745,0.29651162790697677,0.7611940298507462,1.1689765458422174,1.0,0.0428610059491617,1.460755813953488,0.23678804855275437,0.39843750000000006,0.31542288557213916,0.6082755863539445
COMP:libvirt_driver|COMP:libvirt_imagecache,COMP:wsgi_server,0.29651162790697677,0.9302325581395349,0.29651162790697677,1.0,1.075,1.0,0.02068685776095186,inf,0.09917355371900824,0.3187500000000001,1.0,0.659375
COMP:libvirt_driver,COMP:libvirt_imagecache|COMP:wsgi_server,0.38953488372093026,0.5872093023255814,0.29651162790697677,0.7611940298507462,1.296290823112162,1.0,0.06777312060573282,1.7285610465116275,0.37441643323996254,0.43589743589743585,0.42148412865251195,0.6330722624501256
COMP:libvirt_imagecache|EVT:E25,COMP:libvirt_driver,0.563953488372093,0.38953488372093026,0.29651162790697677,0.5257731958762887,1.3497461147868903,1.0,0.07683207138994053,1.2872851365015168,0.594248366013072,0.45132743362831856,0.22317133038782525,0.6434836128635175
COMP:libvirt_driver|EVT:E25,COMP:libvirt_imagecache,0.38953488372093026,0.6511627906976745,0.29651162790697677,0.7611940298507462,1.1689765458422174,1.0,0.0428610059491617,1.460755813953488,0.23678804855275437,0.39843750000000006,0.31542288557213916,0.6082755863539445
COMP:libvirt_driver|COMP:libvirt_imagecache,EVT:E25,0.29651162790697677,0.9069767441860465,0.29651162790697677,1.0,1.1025641025641026,1.0,0.02758247701460248,inf,0.13223140495867766,0.32692307692307704,1.0,0.6634615384615384
COMP:libvirt_driver,COMP:libvirt_imagecache|EVT:E25,0.38953488372093026,0.563953488372093,0.29651162790697677,0.7611940298507462,1.3497461147868903,1.0,0.07683207138994053,1.8259447674418603,0.4244631185807657,0.45132743362831856,0.4523383084577114,0.6434836128635175
COMP:libvirt_imagecache|EVT:E26,COMP:libvirt_driver,0.29069767441860467,0.38953488372093026,0.19186046511627908,0.66,1.6943283582089552,1.0,0.07862358031368306,1.7954856361149112,0.5777446597118727,0.3928571428571428,0.4430476190476191,0.5762686567164179
COMP:libvirt_driver|EVT:E26,COMP:libvirt_imagecache,0.26744186046511625,0.6511627906976745,0.19186046511627908,0.7173913043478263,1.1017080745341616,1.0,0.017712276906435925,1.2343470483005374,0.12602212602212612,0.264,0.18985507246376854,0.5060170807453417
COMP:libvirt_driver|COMP:libvirt_imagecache,EVT:E26,0.29651162790697677,0.37209302325581395,0.19186046511627908,0.6470588235294118,1.7389705882352942,1.0,0.08153055705786912,1.7790697674418607,0.6040570999248686,0.40243902439024387,0.4379084967320262,0.581341911764706
EVT:E26,COMP:libvirt_driver|COMP:libvirt_imagecache,0.37209302325581395,0.29651162790697677,0.19186046511627908,0.5156250000000001,1.7389705882352944,1.0,0.08153055705786912,1.4523630907726934,0.6767676767676768,0.40243902439024387,0.3114669421487605,0.581341911764706
COMP:libvirt_imagecache|EVT:E27,COMP:libvirt_driver,0.47674418604651164,0.38953488372093026,0.2616279069767442,0.5487804878048781,1.4088096104841645,1.0,0.07591941590048676,1.3529226901319926,0.5545679012345679,0.43269230769230776,0.26085946573751456,0.6102111394248271
COMP:libvirt_driver|EVT:E27,COMP:libvirt_imagecache,0.2616279069767442,0.6511627906976745,0.2616279069767442,1.0,1.5357142857142856,1.0,0.09126554894537586,inf,0.47244094488188965,0.4017857142857143,1.0,0.7008928571428571
COMP:libvirt_driver|COMP:libvirt_imagecache,EVT:E27,0.29651162790697677,0.47674418604651164,0.2616279069767442,0.8823529411764706,1.8507890961262552,1.0,0.12026771227690644,4.447674418604651,0.6534435261707989,0.5113636363636364,0.7751633986928104,0.7155667144906743
EVT:E27,COMP:libvirt_driver|COMP:libvirt_imagecache,0.47674418604651164,0.29651162790697677,0.2616279069767442,0.5487804878048781,1.8507890961262554,1.0,0.12026771227690644,1.5590823381521055,0.8785185185185184,0.5113636363636364,0.3585970570449507,0.7155667144906743
COMP:libvirt_driver,COMP:libvirt_imagecache|EVT:E27,0.38953488372093026,0.47674418604651164,0.2616279069767442,0.6716417910447761,1.4088096104841643,1.0,0.07591941590048676,1.593551797040169,0.4753439153439154,0.43269230769230776,0.37247097844112753,0.6102111394248271
COMP:libvirt_imagecache|EVT:E34,COMP:libvirt_driver,0.47674418604651164,0.38953488372093026,0.2616279069767442,0.5487804878048781,1.4088096104841645,1.0,0.07591941590048676,1.3529226901319926,0.5545679012345679,0.43269230769230776,0.26085946573751456,0.6102111394248271
COMP:libvirt_driver|EVT:E34,COMP:libvirt_imagecache,0.2616279069767442,0.6511627906976745,0.2616279069767442,1.0,1.5357142857142856,1.0,0.09126554894537586,inf,0.47244094488188965,0.4017857142857143,1.0,0.7008928571428571
COMP:libvirt_driver|COMP:libvirt_imagecache,EVT:E34,0.29651162790697677,0.47674418604651164,0.2616279069767442,0.8823529411764706,1.8507890961262552,1.0,0.12026771227690644,4.447674418604651,0.6534435261707989,0.5113636363636364,0.7751633986928104,0.7155667144906743
EVT:E34,COMP:libvirt_driver|COMP:libvirt_imagecache,0.47674418604651164,0.29651162790697677,0.2616279069767442,0.5487804878048781,1.8507890961262554,1.0,0.12026771227690644,1.5590823381521055,0.8785185185185184,0.5113636363636364,0.3585970570449507,0.7155667144906743
COMP:libvirt_driver,COMP:libvirt_imagecache|EVT:E34,0.38953488372093026,0.47674418604651164,0.2616279069767442,0.6716417910447761,1.4088096104841643,1.0,0.07591941590048676,1.593551797040169,0.4753439153439154,0.43269230769230776,0.37247097844112753,0.6102111394248271
COMP:libvirt_imagecache|EVT:E35,COMP:libvirt_driver,0.47674418604651164,0.38953488372093026,0.2616279069767442,0.5487804878048781,1.4088096104841645,1.0,0.07591941590048676,1.3529226901319926,0.5545679012345679,0.43269230769230776,0.26085946573751456,0.6102111394248271
COMP:libvirt_driver|EVT:E35,COMP:libvirt_imagecache,0.2616279069767442,0.6511627906976745,0.2616279069767442,1.0,1.5357142857142856,1.0,0.09126554894537586,inf,0.47244094488188965,0.4017857142857143,1.0,0.7008928571428571
COMP:libvirt_driver|COMP:libvirt_imagecache,EVT:E35,0.29651162790697677,0.47674418604651164,0.2616279069767442,0.8823529411764706,1.8507890961262552,1.0,0.12026771227690644,4.447674418604651,0.6534435261707989,0.5113636363636364,0.7751633986928104,0.7155667144906743
EVT:E35,COMP:libvirt_driver|COMP:libvirt_imagecache,0.47674418604651164,0.29651162790697677,0.2616279069767442,0.5487804878048781,1.8507890961262554,1.0,0.12026771227690644,1.5590823381521055,0.8785185185185184,0.5113636363636364,0.3585970570449507,0.7155667144906743
COMP:libvirt_driver,COMP:libvirt_imagecache|EVT:E35,0.38953488372093026,0.47674418604651164,0.2616279069767442,0.6716417910447761,1.4088096104841643,1.0,0.07591941590048676,1.593551797040169,0.4753439153439154,0.43269230769230776,0.37247097844112753,0.6102111394248271
COMP:libvirt_driver|HOUR:00,COMP:libvirt_imagecache,0.38953488372093026,0.6511627906976745,0.29651162790697677,0.7611940298507462,1.1689765458422174,1.0,0.0428610059491617,1.460755813953488,0.23678804855275437,0.39843750000000006,0.31542288557213916,0.6082755863539445
COMP:libvirt_driver,COMP:libvirt_imagecache|HOUR:00,0.38953488372093026,0.6511627906976745,0.29651162790697677,0.7611940298507462,1.1689765458422174,1.0,0.0428610059491617,1.460755813953488,0.23678804855275437,0.39843750000000006,0.31542288557213916,0.6082755863539445
COMP:libvirt_driver|LEVEL:INFO,COMP:libvirt_imagecache,0.38953488372093026,0.6511627906976745,0.29651162790697677,0.7611940298507462,1.1689765458422174,1.0,0.0428610059491617,1.460755813953488,0.23678804855275437,0.39843750000000006,0.31542288557213916,0.6082755863539445
COMP:libvirt_driver,COMP:libvirt_imagecache|LEVEL:INFO,0.38953488372093026,0.6511627906976745,0.29651162790697677,0.7611940298507462,1.1689765458422174,1.0,0.0428610059491617,1.460755813953488,0.23678804855275437,0.39843750000000006,0.31542288557213916,0.6082755863539445
COMP:libvirt_driver|EVT:E25,COMP:wsgi_server,0.38953488372093026,0.9302325581395349,0.38953488372093026,1.0,1.075,1.0,0.02717685235262307,inf,0.11428571428571441,0.41875,1.0,0.709375
COMP:libvirt_driver|COMP:wsgi_server,EVT:E25,0.38953488372093026,0.9069767441860465,0.38953488372093026,1.0,1.1025641025641026,1.0,0.036235803136830724,inf,0.1523809523809524,0.4294871794871795,1.0,0.7147435897435898
COMP:libvirt_driver,COMP:wsgi_server|EVT:E25,0.38953488372093026,0.9069767441860465,0.38953488372093026,1.0,1.1025641025641026,1.0,0.036235803136830724,inf,0.1523809523809524,0.4294871794871795,1.0,0.7147435897435898
COMP:wsgi_server|EVT:E26,COMP:libvirt_driver,0.37209302325581395,0.38953488372093026,0.26744186046511625,0.7187499999999999,1.845149253731343,1.0,0.12249864791779336,2.1705426356589137,0.7294685990338162,0.5411764705882351,0.539285714285714,0.7026585820895521
COMP:libvirt_driver|EVT:E26,COMP:wsgi_server,0.26744186046511625,0.9302325581395349,0.26744186046511625,1.0,1.075,1.0,0.01865873445105462,inf,0.09523809523809523,0.28750000000000003,1.0,0.64375
COMP:libvirt_driver|COMP:wsgi_server,EVT:E26,0.38953488372093026,0.37209302325581395,0.26744186046511625,0.6865671641791044,1.845149253731343,1.0,0.12249864791779336,2.003322259136212,0.750310559006211,0.5411764705882351,0.5008291873963514,0.7026585820895521
EVT:E26,COMP:libvirt_driver|COMP:wsgi_server,0.37209302325581395,0.38953488372093026,0.26744186046511625,0.7187499999999999,1.845149253731343,1.0,0.12249864791779336,2.1705426356589137,0.7294685990338162,0.5411764705882351,0.539285714285714,0.7026585820895521
COMP:libvirt_driver,COMP:wsgi_server|EVT:E26,0.38953488372093026,0.37209302325581395,0.26744186046511625,0.6865671641791044,1.845149253731343,1.0,0.12249864791779336,2.003322259136212,0.750310559006211,0.5411764705882351,0.5008291873963514,0.7026585820895521
COMP:libvirt_driver|COMP:wsgi_server,EVT:E27,0.38953488372093026,0.47674418604651164,0.2616279069767442,0.6716417910447761,1.4088096104841643,1.0,0.07591941590048676,1.593551797040169,0.4753439153439154,0.43269230769230776,0.37247097844112753,0.6102111394248271
COMP:libvirt_driver|EVT:E27,COMP:wsgi_server,0.2616279069767442,0.9302325581395349,0.2616279069767442,1.0,1.075,1.0,0.018253109789075184,inf,0.094488188976378,0.28125000000000006,1.0,0.640625
COMP:wsgi_server|EVT:E27,COMP:libvirt_driver,0.47674418604651164,0.38953488372093026,0.2616279069767442,0.5487804878048781,1.4088096104841645,1.0,0.07591941590048676,1.3529226901319926,0.5545679012345679,0.43269230769230776,0.26085946573751456,0.6102111394248271
COMP:libvirt_driver,COMP:wsgi_server|EVT:E27,0.38953488372093026,0.47674418604651164,0.2616279069767442,0.6716417910447761,1.4088096104841643,1.0,0.07591941590048676,1.593551797040169,0.4753439153439154,0.43269230769230776,0.37247097844112753,0.6102111394248271
EVT:E27,COMP:libvirt_driver|COMP:wsgi_server,0.47674418604651164,0.38953488372093026,0.2616279069767442,0.5487804878048781,1.4088096104841645,1.0,0.07591941590048676,1.3529226901319926,0.5545679012345679,0.43269230769230776,0.26085946573751456,0.6102111394248271
COMP:wsgi_server|EVT:E34,COMP:libvirt_driver,0.47674418604651164,0.38953488372093026,0.2616279069767442,0.5487804878048781,1.4088096104841645,1.0,0.07591941590048676,1.3529226901319926,0.5545679012345679,0.43269230769230776,0.26085946573751456,0.6102111394248271
COMP:libvirt_driver|EVT:E34,COMP:wsgi_server,0.2616279069767442,0.9302325581395349,0.2616279069767442,1.0,1.075,1.0,0.018253109789075184,inf,0.094488188976378,0.28125000000000006,1.0,0.640625
COMP:libvirt_driver|COMP:wsgi_server,EVT:E34,0.38953488372093026,0.47674418604651164,0.2616279069767442,0.6716417910447761,1.4088096104841643,1.0,0.07591941590048676,1.593551797040169,0.4753439153439154,0.43269230769230776,0.37247097844112753,0.6102111394248271
EVT:E34,COMP:libvirt_driver|COMP:wsgi_server,0.47674418604651164,0.38953488372093026,0.2616279069767442,0.5487804878048781,1.4088096104841645,1.0,0.07591941590048676,1.3529226901319926,0.5545679012345679,0.43269230769230776,0.26085946573751456,0.6102111394248271
COMP:libvirt_driver,COMP:wsgi_server|EVT:E34,0.38953488372093026,0.47674418604651164,0.2616279069767442,0.6716417910447761,1.4088096104841643,1.0,0.07591941590048676,1.593551797040169,0.4753439153439154,0.43269230769230776,0.37247097844112753,0.6102111394248271
COMP:wsgi_server|EVT:E35,COMP:libvirt_driver,0.47674418604651164,0.38953488372093026,0.2616279069767442,0.5487804878048781,1.4088096104841645,1.0,0.07591941590048676,1.3529226901319926,0.5545679012345679,0.43269230769230776,0.26085946573751456,0.6102111394248271
COMP:libvirt_driver|EVT:E35,COMP:wsgi_server,0.2616279069767442,0.9302325581395349,0.2616279069767442,1.0,1.075,1.0,0.018253109789075184,inf,0.094488188976378,0.28125000000000006,1.0,0.640625
COMP:libvirt_driver|COMP:wsgi_server,EVT:E35,0.38953488372093026,0.47674418604651164,0.2616279069767442,0.6716417910447761,1.4088096104841643,1.0,0.07591941590048676,1.593551797040169,0.4753439153439154,0.43269230769230776,0.37247097844112753,0.6102111394248271
EVT:E35,COMP:libvirt_driver|COMP:wsgi_server,0.47674418604651164,0.38953488372093026,0.2616279069767442,0.5487804878048781,1.4088096104841645,1.0,0.07591941590048676,1.3529226901319926,0.5545679012345679,0.43269230769230776,0.26085946573751456,0.6102111394248271
COMP:libvirt_driver,COMP:wsgi_server|EVT:E35,0.38953488372093026,0.47674418604651164,0.2616279069767442,0.6716417910447761,1.4088096104841643,1.0,0.07591941590048676,1.593551797040169,0.4753439153439154,0.43269230769230776,0.37247097844112753,0.6102111394248271
COMP:libvirt_driver|HOUR:00,COMP:wsgi_server,0.38953488372093026,0.9302325581395349,0.38953488372093026,1.0,1.075,1.0,0.02717685235262307,inf,0.11428571428571441,0.41875,1.0,0.709375
COMP:libvirt_driver,COMP:wsgi_server|HOUR:00,0.38953488372093026,0.9302325581395349,0.38953488372093026,1.0,1.075,1.0,0.02717685235262307,inf,0.11428571428571441,0.41875,1.0,0.709375
COMP:libvirt_driver|LEVEL:INFO,COMP:wsgi_server,0.38953488372093026,0.9302325581395349,0.38953488372093026,1.0,1.075,1.0,0.02717685235262307,inf,0.11428571428571441,0.41875,1.0,0.709375
COMP:libvirt_driver,COMP:wsgi_server|LEVEL:INFO,0.38953488372093026,0.9302325581395349,0.38953488372093026,1.0,1.075,1.0,0.02717685235262307,inf,0.11428571428571441,0.41875,1.0,0.709375
EVT:E25|EVT:E26,COMP:libvirt_driver,0.3488372093023256,0.38953488372093026,0.26744186046511625,0.7666666666666665,1.968159203980099,1.0,0.13155759870200104,2.61627906976744,0.7554347826086955,0.5679012345679012,0.6177777777777775,0.7266169154228854
COMP:libvirt_driver|EVT:E25,EVT:E26,0.38953488372093026,0.37209302325581395,0.26744186046511625,0.6865671641791044,1.845149253731343,1.0,0.12249864791779336,2.003322259136212,0.750310559006211,0.5411764705882351,0.5008291873963514,0.7026585820895521
COMP:libvirt_driver|EVT:E26,EVT:E25,0.26744186046511625,0.9069767441860465,0.26744186046511625,1.0,1.1025641025641026,1.0,0.02487831260140619,inf,0.12698412698412712,0.2948717948717949,1.0,0.6474358974358974
EVT:E26,COMP:libvirt_driver|EVT:E25,0.37209302325581395,0.38953488372093026,0.26744186046511625,0.7187499999999999,1.845149253731343,1.0,0.12249864791779336,2.1705426356589137,0.7294685990338162,0.5411764705882351,0.539285714285714,0.7026585820895521
COMP:libvirt_driver,EVT:E25|EVT:E26,0.38953488372093026,0.3488372093023256,0.26744186046511625,0.6865671641791044,1.968159203980099,1.0,0.13155759870200104,2.0775193798449605,0.8057971014492752,0.5679012345679012,0.5186567164179102,0.7266169154228854
COMP:libvirt_driver|EVT:E25,EVT:E27,0.38953488372093026,0.47674418604651164,0.2616279069767442,0.6716417910447761,1.4088096104841643,1.0,0.07591941590048676,1.593551797040169,0.4753439153439154,0.43269230769230776,0.37247097844112753,0.6102111394248271
EVT:E25|EVT:E27,COMP:libvirt_driver,0.47674418604651164,0.38953488372093026,0.2616279069767442,0.5487804878048781,1.4088096104841645,1.0,0.07591941590048676,1.3529226901319926,0.5545679012345679,0.43269230769230776,0.26085946573751456,0.6102111394248271
COMP:libvirt_driver|EVT:E27,EVT:E25,0.2616279069767442,0.9069767441860465,0.2616279069767442,1.0,1.1025641025641026,1.0,0.02433747971876693,inf,0.12598425196850407,0.28846153846153855,1.0,0.6442307692307693
COMP:libvirt_driver,EVT:E25|EVT:E27,0.38953488372093026,0.47674418604651164,0.2616279069767442,0.6716417910447761,1.4088096104841643,1.0,0.07591941590048676,1.593551797040169,0.4753439153439154,0.43269230769230776,0.37247097844112753,0.6102111394248271
EVT:E27,COMP:libvirt_driver|EVT:E25,0.47674418604651164,0.38953488372093026,0.2616279069767442,0.5487804878048781,1.4088096104841645,1.0,0.07591941590048676,1.3529226901319926,0.5545679012345679,0.43269230769230776,0.26085946573751456,0.6102111394248271
EVT:E25|EVT:E34,COMP:libvirt_driver,0.47674418604651164,0.38953488372093026,0.2616279069767442,0.5487804878048781,1.4088096104841645,1.0,0.07591941590048676,1.3529226901319926,0.5545679012345679,0.43269230769230776,0.26085946573751456,0.6102111394248271
COMP:libvirt_driver|EVT:E25,EVT:E34,0.38953488372093026,0.47674418604651164,0.2616279069767442,0.6716417910447761,1.4088096104841643,1.0,0.07591941590048676,1.593551797040169,0.4753439153439154,0.43269230769230776,0.37247097844112753,0.6102111394248271
COMP:libvirt_driver|EVT:E34,EVT:E25,0.2616279069767442,0.9069767441860465,0.2616279069767442,1.0,1.1025641025641026,1.0,0.02433747971876693,inf,0.12598425196850407,0.28846153846153855,1.0,0.6442307692307693
EVT:E34,COMP:libvirt_driver|EVT:E25,0.47674418604651164,0.38953488372093026,0.2616279069767442,0.5487804878048781,1.4088096104841645,1.0,0.07591941590048676,1.3529226901319926,0.5545679012345679,0.43269230769230776,0.26085946573751456,0.6102111394248271
COMP:libvirt_driver,EVT:E25|EVT:E34,0.38953488372093026,0.47674418604651164,0.2616279069767442,0.6716417910447761,1.4088096104841643,1.0,0.07591941590048676,1.593551797040169,0.4753439153439154,0.43269230769230776,0.37247097844112753,0.6102111394248271
COMP:libvirt_driver|EVT:E25,EVT:E35,0.38953488372093026,0.47674418604651164,0.2616279069767442,0.6716417910447761,1.4088096104841643,1.0,0.07591941590048676,1.593551797040169,0.4753439153439154,0.43269230769230776,0.37247097844112753,0.6102111394248271
EVT:E25|EVT:E35,COMP:libvirt_driver,0.47674418604651164,0.38953488372093026,0.2616279069767442,0.5487804878048781,1.4088096104841645,1.0,0.07591941590048676,1.3529226901319926,0.5545679012345679,0.43269230769230776,0.26085946573751456,0.6102111394248271
COMP:libvirt_driver|EVT:E35,EVT:E25,0.2616279069767442,0.9069767441860465,0.2616279069767442,1.0,1.1025641025641026,1.0,0.02433747971876693,inf,0.12598425196850407,0.28846153846153855,1.0,0.6442307692307693
COMP:libvirt_driver,EVT:E25|EVT:E35,0.38953488372093026,0.47674418604651164,0.2616279069767442,0.6716417910447761,1.4088096104841643,1.0,0.07591941590048676,1.593551797040169,0.4753439153439154,0.43269230769230776,0.37247097844112753,0.6102111394248271
EVT:E35,COMP:libvirt_driver|EVT:E25,0.47674418604651164,0.38953488372093026,0.2616279069767442,0.5487804878048781,1.4088096104841645,1.0,0.07591941590048676,1.3529226901319926,0.5545679012345679,0.43269230769230776,0.26085946573751456,0.6102111394248271
COMP:libvirt_driver|HOUR:00,EVT:E25,0.38953488372093026,0.9069767441860465,0.38953488372093026,1.0,1.1025641025641026,1.0,0.036235803136830724,inf,0.1523809523809524,0.4294871794871795,1.0,0.7147435897435898
COMP:libvirt_driver,EVT:E25|HOUR:00,0.38953488372093026,0.9069767441860465,0.38953488372093026,1.0,1.1025641025641026,1.0,0.036235803136830724,inf,0.1523809523809524,0.4294871794871795,1.0,0.7147435897435898
COMP:libvirt_driver|LEVEL:INFO,EVT:E25,0.38953488372093026,0.9069767441860465,0.38953488372093026,1.0,1.1025641025641026,1.0,0.036235803136830724,inf,0.1523809523809524,0.4294871794871795,1.0,0.7147435897435898
COMP:libvirt_driver,EVT:E25|LEVEL:INFO,0.38953488372093026,0.9069767441860465,0.38953488372093026,1.0,1.1025641025641026,1.0,0.036235803136830724,inf,0.1523809523809524,0.4294871794871795,1.0,0.7147435897435898
COMP:libvirt_driver|EVT:E26,EVT:E27,0.26744186046511625,0.47674418604651164,0.1569767441860465,0.5869565217391305,1.2311770943796396,1.0,0.029475392103839926,1.2668298653610774,0.2563198118753675,0.26732673267326734,0.21062801932367156,0.45811240721102864
COMP:libvirt_driver|EVT:E27,EVT:E26,0.2616279069767442,0.37209302325581395,0.1569767441860465,0.6,1.6125,1.0,0.059626825310978904,1.569767441860465,0.5144356955380577,0.32926829268292684,0.36296296296296293,0.5109375
EVT:E26|EVT:E27,COMP:libvirt_driver,0.18023255813953487,0.38953488372093026,0.1569767441860465,0.870967741935484,2.2359171882522872,1.0,0.08676987560843699,4.731104651162795,0.6742842132913054,0.38028169014084506,0.7886328725038404,0.6369764082811749
EVT:E26|EVT:E34,COMP:libvirt_driver,0.18023255813953487,0.38953488372093026,0.1569767441860465,0.870967741935484,2.2359171882522872,1.0,0.08676987560843699,4.731104651162795,0.6742842132913054,0.38028169014084506,0.7886328725038404,0.6369764082811749
COMP:libvirt_driver|EVT:E34,EVT:E26,0.2616279069767442,0.37209302325581395,0.1569767441860465,0.6,1.6125,1.0,0.059626825310978904,1.569767441860465,0.5144356955380577,0.32926829268292684,0.36296296296296293,0.5109375
COMP:libvirt_driver|EVT:E26,EVT:E34,0.26744186046511625,0.47674418604651164,0.1569767441860465,0.5869565217391305,1.2311770943796396,1.0,0.029475392103839926,1.2668298653610774,0.2563198118753675,0.26732673267326734,0.21062801932367156,0.45811240721102864
EVT:E26|EVT:E35,COMP:libvirt_driver,0.18023255813953487,0.38953488372093026,0.1569767441860465,0.870967741935484,2.2359171882522872,1.0,0.08676987560843699,4.731104651162795,0.6742842132913054,0.38028169014084506,0.7886328725038404,0.6369764082811749
COMP:libvirt_driver|EVT:E35,EVT:E26,0.2616279069767442,0.37209302325581395,0.1569767441860465,0.6,1.6125,1.0,0.059626825310978904,1.569767441860465,0.5144356955380577,0.32926829268292684,0.36296296296296293,0.5109375
COMP:libvirt_driver|EVT:E26,EVT:E35,0.26744186046511625,0.47674418604651164,0.1569767441860465,0.5869565217391305,1.2311770943796396,1.0,0.029475392103839926,1.2668298653610774,0.2563198118753675,0.26732673267326734,0.21062801932367156,0.45811240721102864
EVT:E26|HOUR:00,COMP:libvirt_driver,0.37209302325581395,0.38953488372093026,0.26744186046511625,0.7187499999999999,1.845149253731343,1.0,0.12249864791779336,2.1705426356589137,0.7294685990338162,0.5411764705882351,0.539285714285714,0.7026585820895521
COMP:libvirt_driver|HOUR:00,EVT:E26,0.38953488372093026,0.37209302325581395,0.26744186046511625,0.6865671641791044,1.845149253731343,1.0,0.12249864791779336,2.003322259136212,0.750310559006211,0.5411764705882351,0.5008291873963514,0.7026585820895521
EVT:E26,COMP:libvirt_driver|HOUR:00,0.37209302325581395,0.38953488372093026,0.26744186046511625,0.7187499999999999,1.845149253731343,1.0,0.12249864791779336,2.1705426356589137,0.7294685990338162,0.5411764705882351,0.539285714285714,0.7026585820895521
COMP:libvirt_driver,EVT:E26|HOUR:00,0.38953488372093026,0.37209302325581395,0.26744186046511625,0.6865671641791044,1.845149253731343,1.0,0.12249864791779336,2.003322259136212,0.750310559006211,0.5411764705882351,0.5008291873963514,0.7026585820895521
EVT:E26|LEVEL:INFO,COMP:libvirt_driver,0.37209302325581395,0.38953488372093026,0.26744186046511625,0.7187499999999999,1.845149253731343,1.0,0.12249864791779336,2.1705426356589137,0.7294685990338162,0.5411764705882351,0.539285714285714,0.7026585820895521
COMP:libvirt_driver|LEVEL:INFO,EVT:E26,0.38953488372093026,0.37209302325581395,0.26744186046511625,0.6865671641791044,1.845149253731343,1.0,0.12249864791779336,2.003322259136212,0.750310559006211,0.5411764705882351,0.5008291873963514,0.7026585820895521
EVT:E26,COMP:libvirt_driver|LEVEL:INFO,0.37209302325581395,0.38953488372093026,0.26744186046511625,0.7187499999999999,1.845149253731343,1.0,0.12249864791779336,2.1705426356589137,0.7294685990338162,0.5411764705882351,0.539285714285714,0.7026585820895521
COMP:libvirt_driver,EVT:E26|LEVEL:INFO,0.38953488372093026,0.37209302325581395,0.26744186046511625,0.6865671641791044,1.845149253731343,1.0,0.12249864791779336,2.003322259136212,0.750310559006211,0.5411764705882351,0.5008291873963514,0.7026585820895521
COMP:libvirt_driver|EVT:E34,EVT:E27,0.2616279069767442,0.47674418604651164,0.2616279069767442,1.0,2.097560975609756,1.0,0.13689832341806382,inf,0.7086614173228346,0.5487804878048781,1.0,0.774390243902439
EVT:E27|EVT:E34,COMP:libvirt_driver,0.47674418604651164,0.38953488372093026,0.2616279069767442,0.5487804878048781,1.4088096104841645,1.0,0.07591941590048676,1.3529226901319926,0.5545679012345679,0.43269230769230776,0.26085946573751456,0.6102111394248271
COMP:libvirt_driver|EVT:E27,EVT:E34,0.2616279069767442,0.47674418604651164,0.2616279069767442,1.0,2.097560975609756,1.0,0.13689832341806382,inf,0.7086614173228346,0.5487804878048781,1.0,0.774390243902439
EVT:E34,COMP:libvirt_driver|EVT:E27,0.47674418604651164,0.2616279069767442,0.2616279069767442,0.5487804878048781,2.097560975609756,1.0,0.13689832341806382,1.636392206159648,0.9999999999999998,0.5487804878048781,0.3888995582869215,0.774390243902439
COMP:libvirt_driver,EVT:E27|EVT:E34,0.38953488372093026,0.47674418604651164,0.2616279069767442,0.6716417910447761,1.4088096104841643,1.0,0.07591941590048676,1.593551797040169,0.4753439153439154,0.43269230769230776,0.37247097844112753,0.6102111394248271
EVT:E27,COMP:libvirt_driver|EVT:E34,0.47674418604651164,0.2616279069767442,0.2616279069767442,0.5487804878048781,2.097560975609756,1.0,0.13689832341806382,1.636392206159648,0.9999999999999998,0.5487804878048781,0.3888995582869215,0.774390243902439
COMP:libvirt_driver|EVT:E35,EVT:E27,0.2616279069767442,0.47674418604651164,0.2616279069767442,1.0,2.097560975609756,1.0,0.13689832341806382,inf,0.7086614173228346,0.5487804878048781,1.0,0.774390243902439
EVT:E27|EVT:E35,COMP:libvirt_driver,0.47674418604651164,0.38953488372093026,0.2616279069767442,0.5487804878048781,1.4088096104841645,1.0,0.07591941590048676,1.3529226901319926,0.5545679012345679,0.43269230769230776,0.26085946573751456,0.6102111394248271
COMP:libvirt_driver|EVT:E27,EVT:E35,0.2616279069767442,0.47674418604651164,0.2616279069767442,1.0,2.097560975609756,1.0,0.13689832341806382,inf,0.7086614173228346,0.5487804878048781,1.0,0.774390243902439
EVT:E35,COMP:libvirt_driver|EVT:E27,0.47674418604651164,0.2616279069767442,0.2616279069767442,0.5487804878048781,2.097560975609756,1.0,0.13689832341806382,1.636392206159648,0.9999999999999998,0.5487804878048781,0.3888995582869215,0.774390243902439
COMP:libvirt_driver,EVT:E27|EVT:E35,0.38953488372093026,0.47674418604651164,0.2616279069767442,0.6716417910447761,1.4088096104841643,1.0,0.07591941590048676,1.593551797040169,0.4753439153439154,0.43269230769230776,0.37247097844112753,0.6102111394248271
EVT:E27,COMP:libvirt_driver|EVT:E35,0.47674418604651164,0.2616279069767442,0.2616279069767442,0.5487804878048781,2.097560975609756,1.0,0.13689832341806382,1.636392206159648,0.9999999999999998,0.5487804878048781,0.3888995582869215,0.774390243902439
COMP:libvirt_driver|HOUR:00,EVT:E27,0.38953488372093026,0.47674418604651164,0.2616279069767442,0.6716417910447761,1.4088096104841643,1.0,0.07591941590048676,1.593551797040169,0.4753439153439154,0.43269230769230776,0.37247097844112753,0.6102111394248271
EVT:E27|HOUR:00,COMP:libvirt_driver,0.47674418604651164,0.38953488372093026,0.2616279069767442,0.5487804878048781,1.4088096104841645,1.0,0.07591941590048676,1.3529226901319926,0.5545679012345679,0.43269230769230776,0.26085946573751456,0.6102111394248271
COMP:libvirt_driver,EVT:E27|HOUR:00,0.38953488372093026,0.47674418604651164,0.2616279069767442,0.6716417910447761,1.4088096104841643,1.0,0.07591941590048676,1.593551797040169,0.4753439153439154,0.43269230769230776,0.37247097844112753,0.6102111394248271
EVT:E27,COMP:libvirt_driver|HOUR:00,0.47674418604651164,0.38953488372093026,0.2616279069767442,0.5487804878048781,1.4088096104841645,1.0,0.07591941590048676,1.3529226901319926,0.5545679012345679,0.43269230769230776,0.26085946573751456,0.6102111394248271
COMP:libvirt_driver|LEVEL:INFO,EVT:E27,0.38953488372093026,0.47674418604651164,0.2616279069767442,0.6716417910447761,1.4088096104841643,1.0,0.07591941590048676,1.593551797040169,0.4753439153439154,0.43269230769230776,0.37247097844112753,0.6102111394248271
EVT:E27|LEVEL:INFO,COMP:libvirt_driver,0.47674418604651164,0.38953488372093026,0.2616279069767442,0.5487804878048781,1.4088096104841645,1.0,0.07591941590048676,1.3529226901319926,0.5545679012345679,0.43269230769230776,0.26085946573751456,0.6102111394248271
COMP:libvirt_driver,EVT:E27|LEVEL:INFO,0.38953488372093026,0.47674418604651164,0.2616279069767442,0.6716417910447761,1.4088096104841643,1.0,0.07591941590048676,1.593551797040169,0.4753439153439154,0.43269230769230776,0.37247097844112753,0.6102111394248271
EVT:E27,COMP:libvirt_driver|LEVEL:INFO,0.47674418604651164,0.38953488372093026,0.2616279069767442,0.5487804878048781,1.4088096104841645,1.0,0.07591941590048676,1.3529226901319926,0.5545679012345679,0.43269230769230776,0.26085946573751456,0.6102111394248271
EVT:E34|EVT:E35,COMP:libvirt_driver,0.47674418604651164,0.38953488372093026,0.2616279069767442,0.5487804878048781,1.4088096104841645,1.0,0.07591941590048676,1.3529226901319926,0.5545679012345679,0.43269230769230776,0.26085946573751456,0.6102111394248271
COMP:libvirt_driver|EVT:E35,EVT:E34,0.2616279069767442,0.47674418604651164,0.2616279069767442,1.0,2.097560975609756,1.0,0.13689832341806382,inf,0.7086614173228346,0.5487804878048781,1.0,0.774390243902439
COMP:libvirt_driver|EVT:E34,EVT:E35,0.2616279069767442,0.47674418604651164,0.2616279069767442,1.0,2.097560975609756,1.0,0.13689832341806382,inf,0.7086614173228346,0.5487804878048781,1.0,0.774390243902439
EVT:E35,COMP:libvirt_driver|EVT:E34,0.47674418604651164,0.2616279069767442,0.2616279069767442,0.5487804878048781,2.097560975609756,1.0,0.13689832341806382,1.636392206159648,0.9999999999999998,0.5487804878048781,0.3888995582869215,0.774390243902439
EVT:E34,COMP:libvirt_driver|EVT:E35,0.47674418604651164,0.2616279069767442,0.2616279069767442,0.5487804878048781,2.097560975609756,1.0,0.13689832341806382,1.636392206159648,0.9999999999999998,0.5487804878048781,0.3888995582869215,0.774390243902439
COMP:libvirt_driver,EVT:E34|EVT:E35,0.38953488372093026,0.47674418604651164,0.2616279069767442,0.6716417910447761,1.4088096104841643,1.0,0.07591941590048676,1.593551797040169,0.4753439153439154,0.43269230769230776,0.37247097844112753,0.6102111394248271
EVT:E34|HOUR:00,COMP:libvirt_driver,0.47674418604651164,0.38953488372093026,0.2616279069767442,0.5487804878048781,1.4088096104841645,1.0,0.07591941590048676,1.3529226901319926,0.5545679012345679,0.43269230769230776,0.26085946573751456,0.6102111394248271
COMP:libvirt_driver|HOUR:00,EVT:E34,0.38953488372093026,0.47674418604651164,0.2616279069767442,0.6716417910447761,1.4088096104841643,1.0,0.07591941590048676,1.593551797040169,0.4753439153439154,0.43269230769230776,0.37247097844112753,0.6102111394248271
EVT:E34,COMP:libvirt_driver|HOUR:00,0.47674418604651164,0.38953488372093026,0.2616279069767442,0.5487804878048781,1.4088096104841645,1.0,0.07591941590048676,1.3529226901319926,0.5545679012345679,0.43269230769230776,0.26085946573751456,0.6102111394248271
COMP:libvirt_driver,EVT:E34|HOUR:00,0.38953488372093026,0.47674418604651164,0.2616279069767442,0.6716417910447761,1.4088096104841643,1.0,0.07591941590048676,1.593551797040169,0.4753439153439154,0.43269230769230776,0.37247097844112753,0.6102111394248271
EVT:E34|LEVEL:INFO,COMP:libvirt_driver,0.47674418604651164,0.38953488372093026,0.2616279069767442,0.5487804878048781,1.4088096104841645,1.0,0.07591941590048676,1.3529226901319926,0.5545679012345679,0.43269230769230776,0.26085946573751456,0.6102111394248271
COMP:libvirt_driver|LEVEL:INFO,EVT:E34,0.38953488372093026,0.47674418604651164,0.2616279069767442,0.6716417910447761,1.4088096104841643,1.0,0.07591941590048676,1.593551797040169,0.4753439153439154,0.43269230769230776,0.37247097844112753,0.6102111394248271
EVT:E34,COMP:libvirt_driver|LEVEL:INFO,0.47674418604651164,0.38953488372093026,0.2616279069767442,0.5487804878048781,1.4088096104841645,1.0,0.07591941590048676,1.3529226901319926,0.5545679012345679,0.43269230769230776,0.26085946573751456,0.6102111394248271
COMP:libvirt_driver,EVT:E34|LEVEL:INFO,0.38953488372093026,0.47674418604651164,0.2616279069767442,0.6716417910447761,1.4088096104841643,1.0,0.07591941590048676,1.593551797040169,0.4753439153439154,0.43269230769230776,0.37247097844112753,0.6102111394248271
EVT:E35|HOUR:00,COMP:libvirt_driver,0.47674418604651164,0.38953488372093026,0.2616279069767442,0.5487804878048781,1.4088096104841645,1.0,0.07591941590048676,1.3529226901319926,0.5545679012345679,0.43269230769230776,0.26085946573751456,0.6102111394248271
COMP:libvirt_driver|HOUR:00,EVT:E35,0.38953488372093026,0.47674418604651164,0.2616279069767442,0.6716417910447761,1.4088096104841643,1.0,0.07591941590048676,1.593551797040169,0.4753439153439154,0.43269230769230776,0.37247097844112753,0.6102111394248271
EVT:E35,COMP:libvirt_driver|HOUR:00,0.47674418604651164,0.38953488372093026,0.2616279069767442,0.5487804878048781,1.4088096104841645,1.0,0.07591941590048676,1.3529226901319926,0.5545679012345679,0.43269230769230776,0.26085946573751456,0.6102111394248271
COMP:libvirt_driver,EVT:E35|HOUR:00,0.38953488372093026,0.47674418604651164,0.2616279069767442,0.6716417910447761,1.4088096104841643,1.0,0.07591941590048676,1.593551797040169,0.4753439153439154,0.43269230769230776,0.37247097844112753,0.6102111394248271
EVT:E35|LEVEL:INFO,COMP:libvirt_driver,0.47674418604651164,0.38953488372093026,0.2616279069767442,0.5487804878048781,1.4088096104841645,1.0,0.07591941590048676,1.3529226901319926,0.5545679012345679,0.43269230769230776,0.26085946573751456,0.6102111394248271
COMP:libvirt_driver|LEVEL:INFO,EVT:E35,0.38953488372093026,0.47674418604651164,0.2616279069767442,0.6716417910447761,1.4088096104841643,1.0,0.07591941590048676,1.593551797040169,0.4753439153439154,0.43269230769230776,0.37247097844112753,0.6102111394248271
EVT:E35,COMP:libvirt_driver|LEVEL:INFO,0.47674418604651164,0.38953488372093026,0.2616279069767442,0.5487804878048781,1.4088096104841645,1.0,0.07591941590048676,1.3529226901319926,0.5545679012345679,0.43269230769230776,0.26085946573751456,0.6102111394248271
COMP:libvirt_driver,EVT:E35|LEVEL:INFO,0.38953488372093026,0.47674418604651164,0.2616279069767442,0.6716417910447761,1.4088096104841643,1.0,0.07591941590048676,1.593551797040169,0.4753439153439154,0.43269230769230776,0.37247097844112753,0.6102111394248271
COMP:libvirt_imagecache|EVT:E25,COMP:wsgi_server,0.563953488372093,0.9302325581395349,0.563953488372093,1.0,1.075,1.0,0.03934559221200651,inf,0.16000000000000006,0.6062500000000001,1.0,0.803125
COMP:libvirt_imagecache|COMP:wsgi_server,EVT:E25,0.5872093023255814,0.9069767441860465,0.563953488372093,0.9603960396039602,1.0588981975120588,1.0,0.03136830719307737,2.348837209302318,0.13474662407434312,0.6062500000000001,0.5742574257425729,0.7910954556994161
EVT:E25,COMP:libvirt_imagecache|COMP:wsgi_server,0.9069767441860465,0.5872093023255814,0.563953488372093,0.6217948717948718,1.0588981975120588,1.0,0.03136830719307737,1.0914465904611745,0.5979381443298972,0.6062500000000001,0.0837847598410978,0.7910954556994161
COMP:wsgi_server,COMP:libvirt_imagecache|EVT:E25,0.9302325581395349,0.563953488372093,0.563953488372093,0.60625,1.075,1.0,0.03934559221200651,1.1074197120708746,1.0000000000000004,0.6062500000000001,0.09699999999999989,0.803125
COMP:wsgi_server|EVT:E26,COMP:libvirt_imagecache,0.37209302325581395,0.6511627906976745,0.29069767441860467,0.7812500000000001,1.1997767857142858,1.0,0.04840454299621416,1.5946843853820605,0.2651851851851851,0.39682539682539686,0.3729166666666669,0.6138392857142858
COMP:libvirt_imagecache|EVT:E26,COMP:wsgi_server,0.29069767441860467,0.9302325581395349,0.29069767441860467,1.0,1.075,1.0,0.020281233098972395,inf,0.0983606557377048,0.31250000000000006,1.0,0.65625
EVT:E26,COMP:libvirt_imagecache|COMP:wsgi_server,0.37209302325581395,0.5872093023255814,0.29069767441860467,0.7812500000000001,1.3304455445544556,1.0,0.0722011898323418,1.8870431893687716,0.3955555555555555,0.43478260869565216,0.4700704225352115,0.6381497524752475
COMP:libvirt_imagecache|COMP:wsgi_server,EVT:E27,0.5872093023255814,0.47674418604651164,0.47674418604651164,0.8118811881188118,1.7029702970297027,1.0,0.19679556517036234,2.7815177478580164,1.0,0.8118811881188117,0.6404840484048403,0.9059405940594059
COMP:wsgi_server|EVT:E27,COMP:libvirt_imagecache,0.47674418604651164,0.6511627906976745,0.47674418604651164,1.0,1.5357142857142856,1.0,0.1663061114115738,inf,0.6666666666666665,0.7321428571428571,1.0,0.8660714285714286
COMP:libvirt_imagecache|EVT:E27,COMP:wsgi_server,0.47674418604651164,0.9302325581395349,0.47674418604651164,1.0,1.075,1.0,0.03326122228231476,inf,0.1333333333333333,0.5125,1.0,0.75625
COMP:wsgi_server,COMP:libvirt_imagecache|EVT:E27,0.9302325581395349,0.47674418604651164,0.47674418604651164,0.5125,1.075,1.0,0.03326122228231476,1.073345259391771,0.9999999999999998,0.5125,0.06833333333333322,0.75625
COMP:libvirt_imagecache,COMP:wsgi_server|EVT:E27,0.6511627906976745,0.47674418604651164,0.47674418604651164,0.7321428571428571,1.5357142857142856,1.0,0.1663061114115738,1.9534883720930232,1.0,0.7321428571428571,0.4880952380952379,0.8660714285714286
EVT:E27,COMP:libvirt_imagecache|COMP:wsgi_server,0.47674418604651164,0.5872093023255814,0.47674418604651164,1.0,1.702970297029703,1.0,0.19679556517036234,inf,0.7888888888888888,0.8118811881188117,1.0,0.9059405940594059
COMP:wsgi_server|EVT:E34,COMP:libvirt_imagecache,0.47674418604651164,0.6511627906976745,0.47674418604651164,1.0,1.5357142857142856,1.0,0.1663061114115738,inf,0.6666666666666665,0.7321428571428571,1.0,0.8660714285714286
COMP:libvirt_imagecache|EVT:E34,COMP:wsgi_server,0.47674418604651164,0.9302325581395349,0.47674418604651164,1.0,1.075,1.0,0.03326122228231476,inf,0.1333333333333333,0.5125,1.0,0.75625
COMP:libvirt_imagecache|COMP:wsgi_server,EVT:E34,0.5872093023255814,0.47674418604651164,0.47674418604651164,0.8118811881188118,1.7029702970297027,1.0,0.19679556517036234,2.7815177478580164,1.0,0.8118811881188117,0.6404840484048403,0.9059405940594059
EVT:E34,COMP:libvirt_imagecache|COMP:wsgi_server,0.47674418604651164,0.5872093023255814,0.47674418604651164,1.0,1.702970297029703,1.0,0.19679556517036234,inf,0.7888888888888888,0.8118811881188117,1.0,0.9059405940594059
COMP:wsgi_server,COMP:libvirt_imagecache|EVT:E34,0.9302325581395349,0.47674418604651164,0.47674418604651164,0.5125,1.075,1.0,0.03326122228231476,1.073345259391771,0.9999999999999998,0.5125,0.06833333333333322,0.75625
COMP:libvirt_imagecache,COMP:wsgi_server|EVT:E34,0.6511627906976745,0.47674418604651164,0.47674418604651164,0.7321428571428571,1.5357142857142856,1.0,0.1663061114115738,1.9534883720930232,1.0,0.7321428571428571,0.4880952380952379,0.8660714285714286
COMP:wsgi_server|EVT:E35,COMP:libvirt_imagecache,0.47674418604651164,0.6511627906976745,0.47674418604651164,1.0,1.5357142857142856,1.0,0.1663061114115738,inf,0.6666666666666665,0.7321428571428571,1.0,0.8660714285714286
COMP:libvirt_imagecache|EVT:E35,COMP:wsgi_server,0.47674418604651164,0.9302325581395349,0.47674418604651164,1.0,1.075,1.0,0.03326122228231476,inf,0.1333333333333333,0.5125,1.0,0.75625
COMP:libvirt_imagecache|COMP:wsgi_server,EVT:E35,0.5872093023255814,0.47674418604651164,0.47674418604651164,0.8118811881188118,1.7029702970297027,1.0,0.19679556517036234,2.7815177478580164,1.0,0.8118811881188117,0.6404840484048403,0.9059405940594059
EVT:E35,COMP:libvirt_imagecache|COMP:wsgi_server,0.47674418604651164,0.5872093023255814,0.47674418604651164,1.0,1.702970297029703,1.0,0.19679556517036234,inf,0.7888888888888888,0.8118811881188117,1.0,0.9059405940594059
COMP:wsgi_server,COMP:libvirt_imagecache|EVT:E35,0.9302325581395349,0.47674418604651164,0.47674418604651164,0.5125,1.075,1.0,0.03326122228231476,1.073345259391771,0.9999999999999998,0.5125,0.06833333333333322,0.75625
COMP:libvirt_imagecache,COMP:wsgi_server|EVT:E35,0.6511627906976745,0.47674418604651164,0.47674418604651164,0.7321428571428571,1.5357142857142856,1.0,0.1663061114115738,1.9534883720930232,1.0,0.7321428571428571,0.4880952380952379,0.8660714285714286
COMP:wsgi_server|EVT:E7,COMP:libvirt_imagecache,0.2441860465116279,0.6511627906976745,0.20930232558139536,0.8571428571428571,1.3163265306122447,1.0,0.05029745808545161,2.441860465116278,0.317948717948718,0.3050847457627119,0.5904761904761903,0.5892857142857142
COMP:libvirt_imagecache|EVT:E7,COMP:wsgi_server,0.20930232558139536,0.9302325581395349,0.20930232558139536,1.0,1.075,1.0,0.014602487831260141,inf,0.08823529411764706,0.225,1.0,0.6125
EVT:E7,COMP:libvirt_imagecache|COMP:wsgi_server,0.2441860465116279,0.5872093023255814,0.20930232558139536,0.8571428571428571,1.4596888260254595,1.0,0.06591400757166035,2.889534883720929,0.4166666666666666,0.33644859813084116,0.6539235412474848,0.6067892503536068
EVT:E25|EVT:E26,COMP:libvirt_imagecache,0.3488372093023256,0.6511627906976745,0.26744186046511625,0.7666666666666665,1.177380952380952,1.0,0.04029204975662515,1.4950166112956798,0.23136645962732888,0.36507936507936506,0.3311111111111105,0.5886904761904761
EVT:E26,COMP:libvirt_imagecache|EVT:E25,0.37209302325581395,0.563953488372093,0.26744186046511625,0.7187499999999999,1.274484536082474,1.0,0.057598702001081636,1.5503875968992242,0.34299516908212546,0.3999999999999999,0.35499999999999976,0.5964884020618556
COMP:libvirt_imagecache|EVT:E25,EVT:E27,0.563953488372093,0.47674418604651164,0.47674418604651164,0.845360824742268,1.7731958762886597,1.0,0.20788263926446726,3.3837209302325584,0.9999999999999999,0.8453608247422679,0.70446735395189,0.9226804123711341
EVT:E25|EVT:E27,COMP:libvirt_imagecache,0.47674418604651164,0.6511627906976745,0.47674418604651164,1.0,1.5357142857142856,1.0,0.1663061114115738,inf,0.6666666666666665,0.7321428571428571,1.0,0.8660714285714286
COMP:libvirt_imagecache|EVT:E27,EVT:E25,0.47674418604651164,0.9069767441860465,0.47674418604651164,1.0,1.1025641025641026,1.0,0.04434829637641974,inf,0.17777777777777795,0.5256410256410257,1.0,0.7628205128205128
EVT:E25,COMP:libvirt_imagecache|EVT:E27,0.9069767441860465,0.47674418604651164,0.47674418604651164,0.5256410256410257,1.1025641025641026,1.0,0.04434829637641974,1.1030798240100568,1.0000000000000007,0.5256410256410257,0.09344729344729345,0.7628205128205128
COMP:libvirt_imagecache,EVT:E25|EVT:E27,0.6511627906976745,0.47674418604651164,0.47674418604651164,0.7321428571428571,1.5357142857142856,1.0,0.1663061114115738,1.9534883720930232,1.0,0.7321428571428571,0.4880952380952379,0.8660714285714286
EVT:E27,COMP:libvirt_imagecache|EVT:E25,0.47674418604651164,0.563953488372093,0.47674418604651164,1.0,1.7731958762886597,1.0,0.20788263926446726,inf,0.8333333333333331,0.8453608247422679,1.0,0.9226804123711341
EVT:E25|EVT:E34,COMP:libvirt_imagecache,0.47674418604651164,0.6511627906976745,0.47674418604651164,1.0,1.5357142857142856,1.0,0.1663061114115738,inf,0.6666666666666665,0.7321428571428571,1.0,0.8660714285714286
COMP:libvirt_imagecache|EVT:E25,EVT:E34,0.563953488372093,0.47674418604651164,0.47674418604651164,0.845360824742268,1.7731958762886597,1.0,0.20788263926446726,3.3837209302325584,0.9999999999999999,0.8453608247422679,0.70446735395189,0.9226804123711341
COMP:libvirt_imagecache|EVT:E34,EVT:E25,0.47674418604651164,0.9069767441860465,0.47674418604651164,1.0,1.1025641025641026,1.0,0.04434829637641974,inf,0.17777777777777795,0.5256410256410257,1.0,0.7628205128205128
EVT:E25,COMP:libvirt_imagecache|EVT:E34,0.9069767441860465,0.47674418604651164,0.47674418604651164,0.5256410256410257,1.1025641025641026,1.0,0.04434829637641974,1.1030798240100568,1.0000000000000007,0.5256410256410257,0.09344729344729345,0.7628205128205128
EVT:E34,COMP:libvirt_imagecache|EVT:E25,0.47674418604651164,0.563953488372093,0.47674418604651164,1.0,1.7731958762886597,1.0,0.20788263926446726,inf,0.8333333333333331,0.8453608247422679,1.0,0.9226804123711341
COMP:libvirt_imagecache,EVT:E25|EVT:E34,0.6511627906976745,0.47674418604651164,0.47674418604651164,0.7321428571428571,1.5357142857142856,1.0,0.1663061114115738,1.9534883720930232,1.0,0.7321428571428571,0.4880952380952379,0.8660714285714286
COMP:libvirt_imagecache|EVT:E25,EVT:E35,0.563953488372093,0.47674418604651164,0.47674418604651164,0.845360824742268,1.7731958762886597,1.0,0.20788263926446726,3.3837209302325584,0.9999999999999999,0.8453608247422679,0.70446735395189,0.9226804123711341
EVT:E25|EVT:E35,COMP:libvirt_imagecache,0.47674418604651164,0.6511627906976745,0.47674418604651164,1.0,1.5357142857142856,1.0,0.1663061114115738,inf,0.6666666666666665,0.7321428571428571,1.0,0.8660714285714286
COMP:libvirt_imagecache|EVT:E35,EVT:E25,0.47674418604651164,0.9069767441860465,0.47674418604651164,1.0,1.1025641025641026,1.0,0.04434829637641974,inf,0.17777777777777795,0.5256410256410257,1.0,0.7628205128205128
EVT:E25,COMP:libvirt_imagecache|EVT:E35,0.9069767441860465,0.47674418604651164,0.47674418604651164,0.5256410256410257,1.1025641025641026,1.0,0.04434829637641974,1.1030798240100568,1.0000000000000007,0.5256410256410257,0.09344729344729345,0.7628205128205128
COMP:libvirt_imagecache,EVT:E25|EVT:E35,0.6511627906976745,0.47674418604651164,0.47674418604651164,0.7321428571428571,1.5357142857142856,1.0,0.1663061114115738,1.9534883720930232,1.0,0.7321428571428571,0.4880952380952379,0.8660714285714286
EVT:E35,COMP:libvirt_imagecache|EVT:E25,0.47674418604651164,0.563953488372093,0.47674418604651164,1.0,1.7731958762886597,1.0,0.20788263926446726,inf,0.8333333333333331,0.8453608247422679,1.0,0.9226804123711341
EVT:E25|EVT:E7,COMP:libvirt_imagecache,0.2441860465116279,0.6511627906976745,0.20930232558139536,0.8571428571428571,1.3163265306122447,1.0,0.05029745808545161,2.441860465116278,0.317948717948718,0.3050847457627119,0.5904761904761903,0.5892857142857142
COMP:libvirt_imagecache|EVT:E7,EVT:E25,0.20930232558139536,0.9069767441860465,0.20930232558139536,1.0,1.1025641025641026,1.0,0.019469983775013522,inf,0.11764705882352941,0.23076923076923078,1.0,0.6153846153846154
EVT:E7,COMP:libvirt_imagecache|EVT:E25,0.2441860465116279,0.563953488372093,0.20930232558139536,0.8571428571428571,1.519882179675994,1.0,0.07159275283937264,3.0523255813953476,0.4525641025641025,0.3495145631067962,0.6723809523809523,0.614138438880707
COMP:libvirt_imagecache|EVT:E26,EVT:E27,0.29069767441860467,0.47674418604651164,0.18023255813953487,0.62,1.3004878048780488,1.0,0.041644131963223335,1.3769889840881273,0.3257535695399258,0.30693069306930687,0.27377777777777773,0.49902439024390244
EVT:E26|EVT:E27,COMP:libvirt_imagecache,0.18023255813953487,0.6511627906976745,0.18023255813953487,1.0,1.5357142857142856,1.0,0.06287182260681448,inf,0.42553191489361697,0.27678571428571425,1.0,0.6383928571428571
EVT:E26|EVT:E34,COMP:libvirt_imagecache,0.18023255813953487,0.6511627906976745,0.18023255813953487,1.0,1.5357142857142856,1.0,0.06287182260681448,inf,0.42553191489361697,0.27678571428571425,1.0,0.6383928571428571
COMP:libvirt_imagecache|EVT:E26,EVT:E34,0.29069767441860467,0.47674418604651164,0.18023255813953487,0.62,1.3004878048780488,1.0,0.041644131963223335,1.3769889840881273,0.3257535695399258,0.30693069306930687,0.27377777777777773,0.49902439024390244
EVT:E26|EVT:E35,COMP:libvirt_imagecache,0.18023255813953487,0.6511627906976745,0.18023255813953487,1.0,1.5357142857142856,1.0,0.06287182260681448,inf,0.42553191489361697,0.27678571428571425,1.0,0.6383928571428571
COMP:libvirt_imagecache|EVT:E26,EVT:E35,0.29069767441860467,0.47674418604651164,0.18023255813953487,0.62,1.3004878048780488,1.0,0.041644131963223335,1.3769889840881273,0.3257535695399258,0.30693069306930687,0.27377777777777773,0.49902439024390244
EVT:E26|HOUR:00,COMP:libvirt_imagecache,0.37209302325581395,0.6511627906976745,0.29069767441860467,0.7812500000000001,1.1997767857142858,1.0,0.04840454299621416,1.5946843853820605,0.2651851851851851,0.39682539682539686,0.3729166666666669,0.6138392857142858
EVT:E26,COMP:libvirt_imagecache|HOUR:00,0.37209302325581395,0.6511627906976745,0.29069767441860467,0.7812500000000001,1.1997767857142858,1.0,0.04840454299621416,1.5946843853820605,0.2651851851851851,0.39682539682539686,0.3729166666666669,0.6138392857142858
EVT:E26|LEVEL:INFO,COMP:libvirt_imagecache,0.37209302325581395,0.6511627906976745,0.29069767441860467,0.7812500000000001,1.1997767857142858,1.0,0.04840454299621416,1.5946843853820605,0.2651851851851851,0.39682539682539686,0.3729166666666669,0.6138392857142858
EVT:E26,COMP:libvirt_imagecache|LEVEL:INFO,0.37209302325581395,0.6511627906976745,0.29069767441860467,0.7812500000000001,1.1997767857142858,1.0,0.04840454299621416,1.5946843853820605,0.2651851851851851,0.39682539682539686,0.3729166666666669,0.6138392857142858
COMP:libvirt_imagecache|EVT:E34,EVT:E27,0.47674418604651164,0.47674418604651164,0.47674418604651164,1.0,2.097560975609756,1.0,0.24945916711736074,inf,0.9999999999999999,1.0,1.0,1.0
EVT:E27|EVT:E34,COMP:libvirt_imagecache,0.47674418604651164,0.6511627906976745,0.47674418604651164,1.0,1.5357142857142856,1.0,0.1663061114115738,inf,0.6666666666666665,0.7321428571428571,1.0,0.8660714285714286
COMP:libvirt_imagecache|EVT:E27,EVT:E34,0.47674418604651164,0.47674418604651164,0.47674418604651164,1.0,2.097560975609756,1.0,0.24945916711736074,inf,0.9999999999999999,1.0,1.0,1.0
EVT:E34,COMP:libvirt_imagecache|EVT:E27,0.47674418604651164,0.47674418604651164,0.47674418604651164,1.0,2.097560975609756,1.0,0.24945916711736074,inf,0.9999999999999999,1.0,1.0,1.0
COMP:libvirt_imagecache,EVT:E27|EVT:E34,0.6511627906976745,0.47674418604651164,0.47674418604651164,0.7321428571428571,1.5357142857142856,1.0,0.1663061114115738,1.9534883720930232,1.0,0.7321428571428571,0.4880952380952379,0.8660714285714286
EVT:E27,COMP:libvirt_imagecache|EVT:E34,0.47674418604651164,0.47674418604651164,0.47674418604651164,1.0,2.097560975609756,1.0,0.24945916711736074,inf,0.9999999999999999,1.0,1.0,1.0
COMP:libvirt_imagecache|EVT:E35,EVT:E27,0.47674418604651164,0.47674418604651164,0.47674418604651164,1.0,2.097560975609756,1.0,0.24945916711736074,inf,0.9999999999999999,1.0,1.0,1.0
EVT:E27|EVT:E35,COMP:libvirt_imagecache,0.47674418604651164,0.6511627906976745,0.47674418604651164,1.0,1.5357142857142856,1.0,0.1663061114115738,inf,0.6666666666666665,0.7321428571428571,1.0,0.8660714285714286
COMP:libvirt_imagecache|EVT:E27,EVT:E35,0.47674418604651164,0.47674418604651164,0.47674418604651164,1.0,2.097560975609756,1.0,0.24945916711736074,inf,0.9999999999999999,1.0,1.0,1.0
EVT:E35,COMP:libvirt_imagecache|EVT:E27,0.47674418604651164,0.47674418604651164,0.47674418604651164,1.0,2.097560975609756,1.0,0.24945916711736074,inf,0.9999999999999999,1.0,1.0,1.0
COMP:libvirt_imagecache,EVT:E27|EVT:E35,0.6511627906976745,0.47674418604651164,0.47674418604651164,0.7321428571428571,1.5357142857142856,1.0,0.1663061114115738,1.9534883720930232,1.0,0.7321428571428571,0.4880952380952379,0.8660714285714286
EVT:E27,COMP:libvirt_imagecache|EVT:E35,0.47674418604651164,0.47674418604651164,0.47674418604651164,1.0,2.097560975609756,1.0,0.24945916711736074,inf,0.9999999999999999,1.0,1.0,1.0
COMP:libvirt_imagecache|EVT:E7,EVT:E27,0.20930232558139536,0.47674418604651164,0.20930232558139536,1.0,2.097560975609756,1.0,0.10951865873445106,inf,0.6617647058823529,0.4390243902439025,1.0,0.7195121951219512
EVT:E27|EVT:E7,COMP:libvirt_imagecache,0.20930232558139536,0.6511627906976745,0.20930232558139536,1.0,1.5357142857142856,1.0,0.0730124391563007,inf,0.4411764705882353,0.3214285714285714,1.0,0.6607142857142857
EVT:E7,COMP:libvirt_imagecache|EVT:E27,0.2441860465116279,0.47674418604651164,0.20930232558139536,0.8571428571428571,1.797909407665505,1.0,0.09288804759329368,3.6627906976744176,0.5871794871794871,0.40909090909090917,0.7269841269841268,0.6480836236933798
EVT:E27|HOUR:00,COMP:libvirt_imagecache,0.47674418604651164,0.6511627906976745,0.47674418604651164,1.0,1.5357142857142856,1.0,0.1663061114115738,inf,0.6666666666666665,0.7321428571428571,1.0,0.8660714285714286
COMP:libvirt_imagecache|HOUR:00,EVT:E27,0.6511627906976745,0.47674418604651164,0.47674418604651164,0.7321428571428571,1.5357142857142856,1.0,0.1663061114115738,1.9534883720930232,1.0,0.7321428571428571,0.4880952380952379,0.8660714285714286
EVT:E27,COMP:libvirt_imagecache|HOUR:00,0.47674418604651164,0.6511627906976745,0.47674418604651164,1.0,1.5357142857142856,1.0,0.1663061114115738,inf,0.6666666666666665,0.7321428571428571,1.0,0.8660714285714286
COMP:libvirt_imagecache,EVT:E27|HOUR:00,0.6511627906976745,0.47674418604651164,0.47674418604651164,0.7321428571428571,1.5357142857142856,1.0,0.1663061114115738,1.9534883720930232,1.0,0.7321428571428571,0.4880952380952379,0.8660714285714286
COMP:libvirt_imagecache|LEVEL:INFO,EVT:E27,0.6511627906976745,0.47674418604651164,0.47674418604651164,0.7321428571428571,1.5357142857142856,1.0,0.1663061114115738,1.9534883720930232,1.0,0.7321428571428571,0.4880952380952379,0.8660714285714286
EVT:E27|LEVEL:INFO,COMP:libvirt_imagecache,0.47674418604651164,0.6511627906976745,0.47674418604651164,1.0,1.5357142857142856,1.0,0.1663061114115738,inf,0.6666666666666665,0.7321428571428571,1.0,0.8660714285714286
COMP:libvirt_imagecache,EVT:E27|LEVEL:INFO,0.6511627906976745,0.47674418604651164,0.47674418604651164,0.7321428571428571,1.5357142857142856,1.0,0.1663061114115738,1.9534883720930232,1.0,0.7321428571428571,0.4880952380952379,0.8660714285714286
EVT:E27,COMP:libvirt_imagecache|LEVEL:INFO,0.47674418604651164,0.6511627906976745,0.47674418604651164,1.0,1.5357142857142856,1.0,0.1663061114115738,inf,0.6666666666666665,0.7321428571428571,1.0,0.8660714285714286
EVT:E34|EVT:E35,COMP:libvirt_imagecache,0.47674418604651164,0.6511627906976745,0.47674418604651164,1.0,1.5357142857142856,1.0,0.1663061114115738,inf,0.6666666666666665,0.7321428571428571,1.0,0.8660714285714286
COMP:libvirt_imagecache|EVT:E35,EVT:E34,0.47674418604651164,0.47674418604651164,0.47674418604651164,1.0,2.097560975609756,1.0,0.24945916711736074,inf,0.9999999999999999,1.0,1.0,1.0
COMP:libvirt_imagecache|EVT:E34,EVT:E35,0.47674418604651164,0.47674418604651164,0.47674418604651164,1.0,2.097560975609756,1.0,0.24945916711736074,inf,0.9999999999999999,1.0,1.0,1.0
EVT:E35,COMP:libvirt_imagecache|EVT:E34,0.47674418604651164,0.47674418604651164,0.47674418604651164,1.0,2.097560975609756,1.0,0.24945916711736074,inf,0.9999999999999999,1.0,1.0,1.0
EVT:E34,COMP:libvirt_imagecache|EVT:E35,0.47674418604651164,0.47674418604651164,0.47674418604651164,1.0,2.097560975609756,1.0,0.24945916711736074,inf,0.9999999999999999,1.0,1.0,1.0
COMP:libvirt_imagecache,EVT:E34|EVT:E35,0.6511627906976745,0.47674418604651164,0.47674418604651164,0.7321428571428571,1.5357142857142856,1.0,0.1663061114115738,1.9534883720930232,1.0,0.7321428571428571,0.4880952380952379,0.8660714285714286
EVT:E34|EVT:E7,COMP:libvirt_imagecache,0.20930232558139536,0.6511627906976745,0.20930232558139536,1.0,1.5357142857142856,1.0,0.0730124391563007,inf,0.4411764705882353,0.3214285714285714,1.0,0.6607142857142857
COMP:libvirt_imagecache|EVT:E7,EVT:E34,0.20930232558139536,0.47674418604651164,0.20930232558139536,1.0,2.097560975609756,1.0,0.10951865873445106,inf,0.6617647058823529,0.4390243902439025,1.0,0.7195121951219512
EVT:E7,COMP:libvirt_imagecache|EVT:E34,0.2441860465116279,0.47674418604651164,0.20930232558139536,0.8571428571428571,1.797909407665505,1.0,0.09288804759329368,3.6627906976744176,0.5871794871794871,0.40909090909090917,0.7269841269841268,0.6480836236933798
EVT:E34|HOUR:00,COMP:libvirt_imagecache,0.47674418604651164,0.6511627906976745,0.47674418604651164,1.0,1.5357142857142856,1.0,0.1663061114115738,inf,0.6666666666666665,0.7321428571428571,1.0,0.8660714285714286
COMP:libvirt_imagecache|HOUR:00,EVT:E34,0.6511627906976745,0.47674418604651164,0.47674418604651164,0.7321428571428571,1.5357142857142856,1.0,0.1663061114115738,1.9534883720930232,1.0,0.7321428571428571,0.4880952380952379,0.8660714285714286
EVT:E34,COMP:libvirt_imagecache|HOUR:00,0.47674418604651164,0.6511627906976745,0.47674418604651164,1.0,1.5357142857142856,1.0,0.1663061114115738,inf,0.6666666666666665,0.7321428571428571,1.0,0.8660714285714286
COMP:libvirt_imagecache,EVT:E34|HOUR:00,0.6511627906976745,0.47674418604651164,0.47674418604651164,0.7321428571428571,1.5357142857142856,1.0,0.1663061114115738,1.9534883720930232,1.0,0.7321428571428571,0.4880952380952379,0.8660714285714286
EVT:E34|LEVEL:INFO,COMP:libvirt_imagecache,0.47674418604651164,0.6511627906976745,0.47674418604651164,1.0,1.5357142857142856,1.0,0.1663061114115738,inf,0.6666666666666665,0.7321428571428571,1.0,0.8660714285714286
COMP:libvirt_imagecache|LEVEL:INFO,EVT:E34,0.6511627906976745,0.47674418604651164,0.47674418604651164,0.7321428571428571,1.5357142857142856,1.0,0.1663061114115738,1.9534883720930232,1.0,0.7321428571428571,0.4880952380952379,0.8660714285714286
EVT:E34,COMP:libvirt_imagecache|LEVEL:INFO,0.47674418604651164,0.6511627906976745,0.47674418604651164,1.0,1.5357142857142856,1.0,0.1663061114115738,inf,0.6666666666666665,0.7321428571428571,1.0,0.8660714285714286
COMP:libvirt_imagecache,EVT:E34|LEVEL:INFO,0.6511627906976745,0.47674418604651164,0.47674418604651164,0.7321428571428571,1.5357142857142856,1.0,0.1663061114115738,1.9534883720930232,1.0,0.7321428571428571,0.4880952380952379,0.8660714285714286
EVT:E35|EVT:E7,COMP:libvirt_imagecache,0.20930232558139536,0.6511627906976745,0.20930232558139536,1.0,1.5357142857142856,1.0,0.0730124391563007,inf,0.4411764705882353,0.3214285714285714,1.0,0.6607142857142857
COMP:libvirt_imagecache|EVT:E7,EVT:E35,0.20930232558139536,0.47674418604651164,0.20930232558139536,1.0,2.097560975609756,1.0,0.10951865873445106,inf,0.6617647058823529,0.4390243902439025,1.0,0.7195121951219512
EVT:E7,COMP:libvirt_imagecache|EVT:E35,0.2441860465116279,0.47674418604651164,0.20930232558139536,0.8571428571428571,1.797909407665505,1.0,0.09288804759329368,3.6627906976744176,0.5871794871794871,0.40909090909090917,0.7269841269841268,0.6480836236933798
EVT:E35|HOUR:00,COMP:libvirt_imagecache,0.47674418604651164,0.6511627906976745,0.47674418604651164,1.0,1.5357142857142856,1.0,0.1663061114115738,inf,0.6666666666666665,0.7321428571428571,1.0,0.8660714285714286
COMP:libvirt_imagecache|HOUR:00,EVT:E35,0.6511627906976745,0.47674418604651164,0.47674418604651164,0.7321428571428571,1.5357142857142856,1.0,0.1663061114115738,1.9534883720930232,1.0,0.7321428571428571,0.4880952380952379,0.8660714285714286
EVT:E35,COMP:libvirt_imagecache|HOUR:00,0.47674418604651164,0.6511627906976745,0.47674418604651164,1.0,1.5357142857142856,1.0,0.1663061114115738,inf,0.6666666666666665,0.7321428571428571,1.0,0.8660714285714286
COMP:libvirt_imagecache,EVT:E35|HOUR:00,0.6511627906976745,0.47674418604651164,0.47674418604651164,0.7321428571428571,1.5357142857142856,1.0,0.1663061114115738,1.9534883720930232,1.0,0.7321428571428571,0.4880952380952379,0.8660714285714286
EVT:E35|LEVEL:INFO,COMP:libvirt_imagecache,0.47674418604651164,0.6511627906976745,0.47674418604651164,1.0,1.5357142857142856,1.0,0.1663061114115738,inf,0.6666666666666665,0.7321428571428571,1.0,0.8660714285714286
COMP:libvirt_imagecache|LEVEL:INFO,EVT:E35,0.6511627906976745,0.47674418604651164,0.47674418604651164,0.7321428571428571,1.5357142857142856,1.0,0.1663061114115738,1.9534883720930232,1.0,0.7321428571428571,0.4880952380952379,0.8660714285714286
EVT:E35,COMP:libvirt_imagecache|LEVEL:INFO,0.47674418604651164,0.6511627906976745,0.47674418604651164,1.0,1.5357142857142856,1.0,0.1663061114115738,inf,0.6666666666666665,0.7321428571428571,1.0,0.8660714285714286
COMP:libvirt_imagecache,EVT:E35|LEVEL:INFO,0.6511627906976745,0.47674418604651164,0.47674418604651164,0.7321428571428571,1.5357142857142856,1.0,0.1663061114115738,1.9534883720930232,1.0,0.7321428571428571,0.4880952380952379,0.8660714285714286
COMP:libvirt_imagecache|EVT:E42,EVT:E36,0.1744186046511628,0.1744186046511628,0.1744186046511628,1.0,5.733333333333333,1.0,0.14399675500270417,inf,1.0,1.0,1.0,1.0
EVT:E36|EVT:E42,COMP:libvirt_imagecache,0.1744186046511628,0.6511627906976745,0.1744186046511628,1.0,1.5357142857142856,1.0,0.06084369929691724,inf,0.4225352112676055,0.26785714285714285,1.0,0.6339285714285714
COMP:libvirt_imagecache|EVT:E36,EVT:E42,0.1744186046511628,0.1744186046511628,0.1744186046511628,1.0,5.733333333333333,1.0,0.14399675500270417,inf,1.0,1.0,1.0,1.0
EVT:E42,COMP:libvirt_imagecache|EVT:E36,0.1744186046511628,0.1744186046511628,0.1744186046511628,1.0,5.733333333333333,1.0,0.14399675500270417,inf,1.0,1.0,1.0,1.0
EVT:E36,COMP:libvirt_imagecache|EVT:E42,0.1744186046511628,0.1744186046511628,0.1744186046511628,1.0,5.733333333333333,1.0,0.14399675500270417,inf,1.0,1.0,1.0,1.0
COMP:libvirt_imagecache|FLAG:FAILURE,EVT:E36,0.18023255813953487,0.1744186046511628,0.1744186046511628,0.9677419354838711,5.548387096774194,1.0,0.14298269334775554,25.593023255814064,1.0,0.9677419354838712,0.9609268514311678,0.9838709677419355
EVT:E36|FLAG:FAILURE,COMP:libvirt_imagecache,0.1744186046511628,0.6511627906976745,0.1744186046511628,1.0,1.5357142857142856,1.0,0.06084369929691724,inf,0.4225352112676055,0.26785714285714285,1.0,0.6339285714285714
COMP:libvirt_imagecache|EVT:E36,FLAG:FAILURE,0.1744186046511628,0.18023255813953487,0.1744186046511628,1.0,5.548387096774194,1.0,0.14298269334775554,inf,0.9929577464788731,0.9677419354838712,1.0,0.9838709677419355
FLAG:FAILURE,COMP:libvirt_imagecache|EVT:E36,0.18023255813953487,0.1744186046511628,0.1744186046511628,0.9677419354838711,5.548387096774194,1.0,0.14298269334775554,25.593023255814064,1.0,0.9677419354838712,0.9609268514311678,0.9838709677419355
EVT:E36,COMP:libvirt_imagecache|FLAG:FAILURE,0.1744186046511628,0.18023255813953487,0.1744186046511628,1.0,5.548387096774194,1.0,0.14298269334775554,inf,0.9929577464788731,0.9677419354838712,1.0,0.9838709677419355
EVT:E36|HOUR:00,COMP:libvirt_imagecache,0.1744186046511628,0.6511627906976745,0.1744186046511628,1.0,1.5357142857142856,1.0,0.06084369929691724,inf,0.4225352112676055,0.26785714285714285,1.0,0.6339285714285714
EVT:E36,COMP:libvirt_imagecache|HOUR:00,0.1744186046511628,0.6511627906976745,0.1744186046511628,1.0,1.5357142857142856,1.0,0.06084369929691724,inf,0.4225352112676055,0.26785714285714285,1.0,0.6339285714285714
EVT:E36|LEVEL:INFO,COMP:libvirt_imagecache,0.1744186046511628,0.6511627906976745,0.1744186046511628,1.0,1.5357142857142856,1.0,0.06084369929691724,inf,0.4225352112676055,0.26785714285714285,1.0,0.6339285714285714
EVT:E36,COMP:libvirt_imagecache|LEVEL:INFO,0.1744186046511628,0.6511627906976745,0.1744186046511628,1.0,1.5357142857142856,1.0,0.06084369929691724,inf,0.4225352112676055,0.26785714285714285,1.0,0.6339285714285714
COMP:libvirt_imagecache|EVT:E36,LEVEL:WARNING,0.1744186046511628,0.18023255813953487,0.1744186046511628,1.0,5.548387096774194,1.0,0.14298269334775554,inf,0.9929577464788731,0.9677419354838712,1.0,0.9838709677419355
COMP:libvirt_imagecache|LEVEL:WARNING,EVT:E36,0.18023255813953487,0.1744186046511628,0.1744186046511628,0.9677419354838711,5.548387096774194,1.0,0.14298269334775554,25.593023255814064,1.0,0.9677419354838712,0.9609268514311678,0.9838709677419355
EVT:E36|LEVEL:WARNING,COMP:libvirt_imagecache,0.1744186046511628,0.6511627906976745,0.1744186046511628,1.0,1.5357142857142856,1.0,0.06084369929691724,inf,0.4225352112676055,0.26785714285714285,1.0,0.6339285714285714
EVT:E36,COMP:libvirt_imagecache|LEVEL:WARNING,0.1744186046511628,0.18023255813953487,0.1744186046511628,1.0,5.548387096774194,1.0,0.14298269334775554,inf,0.9929577464788731,0.9677419354838712,1.0,0.9838709677419355
LEVEL:WARNING,COMP:libvirt_imagecache|EVT:E36,0.18023255813953487,0.1744186046511628,0.1744186046511628,0.9677419354838711,5.548387096774194,1.0,0.14298269334775554,25.593023255814064,1.0,0.9677419354838712,0.9609268514311678,0.9838709677419355
EVT:E42|FLAG:FAILURE,COMP:libvirt_imagecache,0.1744186046511628,0.6511627906976745,0.1744186046511628,1.0,1.5357142857142856,1.0,0.06084369929691724,inf,0.4225352112676055,0.26785714285714285,1.0,0.6339285714285714
COMP:libvirt_imagecache|FLAG:FAILURE,EVT:E42,0.18023255813953487,0.1744186046511628,0.1744186046511628,0.9677419354838711,5.548387096774194,1.0,0.14298269334775554,25.593023255814064,1.0,0.9677419354838712,0.9609268514311678,0.9838709677419355
COMP:libvirt_imagecache|EVT:E42,FLAG:FAILURE,0.1744186046511628,0.18023255813953487,0.1744186046511628,1.0,5.548387096774194,1.0,0.14298269334775554,inf,0.9929577464788731,0.9677419354838712,1.0,0.9838709677419355
FLAG:FAILURE,COMP:libvirt_imagecache|EVT:E42,0.18023255813953487,0.1744186046511628,0.1744186046511628,0.9677419354838711,5.548387096774194,1.0,0.14298269334775554,25.593023255814064,1.0,0.9677419354838712,0.9609268514311678,0.9838709677419355
EVT:E42,COMP:libvirt_imagecache|FLAG:FAILURE,0.1744186046511628,0.18023255813953487,0.1744186046511628,1.0,5.548387096774194,1.0,0.14298269334775554,inf,0.9929577464788731,0.9677419354838712,1.0,0.9838709677419355
EVT:E42|HOUR:00,COMP:libvirt_imagecache,0.1744186046511628,0.6511627906976745,0.1744186046511628,1.0,1.5357142857142856,1.0,0.06084369929691724,inf,0.4225352112676055,0.26785714285714285,1.0,0.6339285714285714
EVT:E42,COMP:libvirt_imagecache|HOUR:00,0.1744186046511628,0.6511627906976745,0.1744186046511628,1.0,1.5357142857142856,1.0,0.06084369929691724,inf,0.4225352112676055,0.26785714285714285,1.0,0.6339285714285714
EVT:E42|LEVEL:INFO,COMP:libvirt_imagecache,0.1744186046511628,0.6511627906976745,0.1744186046511628,1.0,1.5357142857142856,1.0,0.06084369929691724,inf,0.4225352112676055,0.26785714285714285,1.0,0.6339285714285714
EVT:E42,COMP:libvirt_imagecache|LEVEL:INFO,0.1744186046511628,0.6511627906976745,0.1744186046511628,1.0,1.5357142857142856,1.0,0.06084369929691724,inf,0.4225352112676055,0.26785714285714285,1.0,0.6339285714285714
COMP:libvirt_imagecache|EVT:E42,LEVEL:WARNING,0.1744186046511628,0.18023255813953487,0.1744186046511628,1.0,5.548387096774194,1.0,0.14298269334775554,inf,0.9929577464788731,0.9677419354838712,1.0,0.9838709677419355
EVT:E42|LEVEL:WARNING,COMP:libvirt_imagecache,0.1744186046511628,0.6511627906976745,0.1744186046511628,1.0,1.5357142857142856,1.0,0.06084369929691724,inf,0.4225352112676055,0.26785714285714285,1.0,0.6339285714285714
COMP:libvirt_imagecache|LEVEL:WARNING,EVT:E42,0.18023255813953487,0.1744186046511628,0.1744186046511628,0.9677419354838711,5.548387096774194,1.0,0.14298269334775554,25.593023255814064,1.0,0.9677419354838712,0.9609268514311678,0.9838709677419355
EVT:E42,COMP:libvirt_imagecache|LEVEL:WARNING,0.1744186046511628,0.18023255813953487,0.1744186046511628,1.0,5.548387096774194,1.0,0.14298269334775554,inf,0.9929577464788731,0.9677419354838712,1.0,0.9838709677419355
LEVEL:WARNING,COMP:libvirt_imagecache|EVT:E42,0.18023255813953487,0.1744186046511628,0.1744186046511628,0.9677419354838711,5.548387096774194,1.0,0.14298269334775554,25.593023255814064,1.0,0.9677419354838712,0.9609268514311678,0.9838709677419355
EVT:E7|HOUR:00,COMP:libvirt_imagecache,0.2441860465116279,0.6511627906976745,0.20930232558139536,0.8571428571428571,1.3163265306122447,1.0,0.05029745808545161,2.441860465116278,0.317948717948718,0.3050847457627119,0.5904761904761903,0.5892857142857142
EVT:E7,COMP:libvirt_imagecache|HOUR:00,0.2441860465116279,0.6511627906976745,0.20930232558139536,0.8571428571428571,1.3163265306122447,1.0,0.05029745808545161,2.441860465116278,0.317948717948718,0.3050847457627119,0.5904761904761903,0.5892857142857142
EVT:E7|LEVEL:INFO,COMP:libvirt_imagecache,0.2441860465116279,0.6511627906976745,0.20930232558139536,0.8571428571428571,1.3163265306122447,1.0,0.05029745808545161,2.441860465116278,0.317948717948718,0.3050847457627119,0.5904761904761903,0.5892857142857142
EVT:E7,COMP:libvirt_imagecache|LEVEL:INFO,0.2441860465116279,0.6511627906976745,0.20930232558139536,0.8571428571428571,1.3163265306122447,1.0,0.05029745808545161,2.441860465116278,0.317948717948718,0.3050847457627119,0.5904761904761903,0.5892857142857142
FLAG:FAILURE|HOUR:00,COMP:libvirt_imagecache,0.18023255813953487,0.6511627906976745,0.18023255813953487,1.0,1.5357142857142856,1.0,0.06287182260681448,inf,0.42553191489361697,0.27678571428571425,1.0,0.6383928571428571
FLAG:FAILURE,COMP:libvirt_imagecache|HOUR:00,0.18023255813953487,0.6511627906976745,0.18023255813953487,1.0,1.5357142857142856,1.0,0.06287182260681448,inf,0.42553191489361697,0.27678571428571425,1.0,0.6383928571428571
FLAG:FAILURE|LEVEL:INFO,COMP:libvirt_imagecache,0.18023255813953487,0.6511627906976745,0.18023255813953487,1.0,1.5357142857142856,1.0,0.06287182260681448,inf,0.42553191489361697,0.27678571428571425,1.0,0.6383928571428571
FLAG:FAILURE,COMP:libvirt_imagecache|LEVEL:INFO,0.18023255813953487,0.6511627906976745,0.18023255813953487,1.0,1.5357142857142856,1.0,0.06287182260681448,inf,0.42553191489361697,0.27678571428571425,1.0,0.6383928571428571
COMP:libvirt_imagecache|FLAG:FAILURE,LEVEL:WARNING,0.18023255813953487,0.18023255813953487,0.18023255813953487,1.0,5.548387096774194,1.0,0.14774878312601405,inf,1.0,1.0,1.0,1.0
FLAG:FAILURE|LEVEL:WARNING,COMP:libvirt_imagecache,0.18023255813953487,0.6511627906976745,0.18023255813953487,1.0,1.5357142857142856,1.0,0.06287182260681448,inf,0.42553191489361697,0.27678571428571425,1.0,0.6383928571428571
COMP:libvirt_imagecache|LEVEL:WARNING,FLAG:FAILURE,0.18023255813953487,0.18023255813953487,0.18023255813953487,1.0,5.548387096774194,1.0,0.14774878312601405,inf,1.0,1.0,1.0,1.0
FLAG:FAILURE,COMP:libvirt_imagecache|LEVEL:WARNING,0.18023255813953487,0.18023255813953487,0.18023255813953487,1.0,5.548387096774194,1.0,0.14774878312601405,inf,1.0,1.0,1.0,1.0
LEVEL:WARNING,COMP:libvirt_imagecache|FLAG:FAILURE,0.18023255813953487,0.18023255813953487,0.18023255813953487,1.0,5.548387096774194,1.0,0.14774878312601405,inf,1.0,1.0,1.0,1.0
HOUR:00|LEVEL:WARNING,COMP:libvirt_imagecache,0.18023255813953487,0.6511627906976745,0.18023255813953487,1.0,1.5357142857142856,1.0,0.06287182260681448,inf,0.42553191489361697,0.27678571428571425,1.0,0.6383928571428571
LEVEL:WARNING,COMP:libvirt_imagecache|HOUR:00,0.18023255813953487,0.6511627906976745,0.18023255813953487,1.0,1.5357142857142856,1.0,0.06287182260681448,inf,0.42553191489361697,0.27678571428571425,1.0,0.6383928571428571
LEVEL:INFO|LEVEL:WARNING,COMP:libvirt_imagecache,0.18023255813953487,0.6511627906976745,0.18023255813953487,1.0,1.5357142857142856,1.0,0.06287182260681448,inf,0.42553191489361697,0.27678571428571425,1.0,0.6383928571428571
LEVEL:WARNING,COMP:libvirt_imagecache|LEVEL:INFO,0.18023255813953487,0.6511627906976745,0.18023255813953487,1.0,1.5357142857142856,1.0,0.06287182260681448,inf,0.42553191489361697,0.27678571428571425,1.0,0.6383928571428571
EVT:E25|EVT:E26,COMP:wsgi_server,0.3488372093023256,0.9302325581395349,0.3488372093023256,1.0,1.075,1.0,0.02433747971876693,inf,0.10714285714285726,0.37499999999999994,1.0,0.6875
COMP:wsgi_server|EVT:E25,EVT:E27,0.9069767441860465,0.47674418604651164,0.47674418604651164,0.5256410256410257,1.1025641025641026,1.0,0.04434829637641974,1.1030798240100568,1.0000000000000007,0.5256410256410257,0.09344729344729345,0.7628205128205128
EVT:E25|EVT:E27,COMP:wsgi_server,0.47674418604651164,0.9302325581395349,0.47674418604651164,1.0,1.075,1.0,0.03326122228231476,inf,0.1333333333333333,0.5125,1.0,0.75625
COMP:wsgi_server|EVT:E27,EVT:E25,0.47674418604651164,0.9069767441860465,0.47674418604651164,1.0,1.1025641025641026,1.0,0.04434829637641974,inf,0.17777777777777795,0.5256410256410257,1.0,0.7628205128205128
EVT:E25,COMP:wsgi_server|EVT:E27,0.9069767441860465,0.47674418604651164,0.47674418604651164,0.5256410256410257,1.1025641025641026,1.0,0.04434829637641974,1.1030798240100568,1.0000000000000007,0.5256410256410257,0.09344729344729345,0.7628205128205128
COMP:wsgi_server,EVT:E25|EVT:E27,0.9302325581395349,0.47674418604651164,0.47674418604651164,0.5125,1.075,1.0,0.03326122228231476,1.073345259391771,0.9999999999999998,0.5125,0.06833333333333322,0.75625
EVT:E27,COMP:wsgi_server|EVT:E25,0.47674418604651164,0.9069767441860465,0.47674418604651164,1.0,1.1025641025641026,1.0,0.04434829637641974,inf,0.17777777777777795,0.5256410256410257,1.0,0.7628205128205128
EVT:E25|EVT:E34,COMP:wsgi_server,0.47674418604651164,0.9302325581395349,0.47674418604651164,1.0,1.075,1.0,0.03326122228231476,inf,0.1333333333333333,0.5125,1.0,0.75625
COMP:wsgi_server|EVT:E25,EVT:E34,0.9069767441860465,0.47674418604651164,0.47674418604651164,0.5256410256410257,1.1025641025641026,1.0,0.04434829637641974,1.1030798240100568,1.0000000000000007,0.5256410256410257,0.09344729344729345,0.7628205128205128
COMP:wsgi_server|EVT:E34,EVT:E25,0.47674418604651164,0.9069767441860465,0.47674418604651164,1.0,1.1025641025641026,1.0,0.04434829637641974,inf,0.17777777777777795,0.5256410256410257,1.0,0.7628205128205128
EVT:E25,COMP:wsgi_server|EVT:E34,0.9069767441860465,0.47674418604651164,0.47674418604651164,0.5256410256410257,1.1025641025641026,1.0,0.04434829637641974,1.1030798240100568,1.0000000000000007,0.5256410256410257,0.09344729344729345,0.7628205128205128
EVT:E34,COMP:wsgi_server|EVT:E25,0.47674418604651164,0.9069767441860465,0.47674418604651164,1.0,1.1025641025641026,1.0,0.04434829637641974,inf,0.17777777777777795,0.5256410256410257,1.0,0.7628205128205128
COMP:wsgi_server,EVT:E25|EVT:E34,0.9302325581395349,0.47674418604651164,0.47674418604651164,0.5125,1.075,1.0,0.03326122228231476,1.073345259391771,0.9999999999999998,0.5125,0.06833333333333322,0.75625
COMP:wsgi_server|EVT:E25,EVT:E35,0.9069767441860465,0.47674418604651164,0.47674418604651164,0.5256410256410257,1.1025641025641026,1.0,0.04434829637641974,1.1030798240100568,1.0000000000000007,0.5256410256410257,0.09344729344729345,0.7628205128205128
EVT:E25|EVT:E35,COMP:wsgi_server,0.47674418604651164,0.9302325581395349,0.47674418604651164,1.0,1.075,1.0,0.03326122228231476,inf,0.1333333333333333,0.5125,1.0,0.75625
COMP:wsgi_server|EVT:E35,EVT:E25,0.47674418604651164,0.9069767441860465,0.47674418604651164,1.0,1.1025641025641026,1.0,0.04434829637641974,inf,0.17777777777777795,0.5256410256410257,1.0,0.7628205128205128
EVT:E25,COMP:wsgi_server|EVT:E35,0.9069767441860465,0.47674418604651164,0.47674418604651164,0.5256410256410257,1.1025641025641026,1.0,0.04434829637641974,1.1030798240100568,1.0000000000000007,0.5256410256410257,0.09344729344729345,0.7628205128205128
COMP:wsgi_server,EVT:E25|EVT:E35,0.9302325581395349,0.47674418604651164,0.47674418604651164,0.5125,1.075,1.0,0.03326122228231476,1.073345259391771,0.9999999999999998,0.5125,0.06833333333333322,0.75625
EVT:E35,COMP:wsgi_server|EVT:E25,0.47674418604651164,0.9069767441860465,0.47674418604651164,1.0,1.1025641025641026,1.0,0.04434829637641974,inf,0.17777777777777795,0.5256410256410257,1.0,0.7628205128205128
EVT:E25|EVT:E7,COMP:wsgi_server,0.2441860465116279,0.9302325581395349,0.2441860465116279,1.0,1.075,1.0,0.017036235803136845,inf,0.0923076923076924,0.2625,1.0,0.63125
COMP:wsgi_server|EVT:E7,EVT:E25,0.2441860465116279,0.9069767441860465,0.2441860465116279,1.0,1.1025641025641026,1.0,0.022714981070849127,inf,0.1230769230769232,0.2692307692307693,1.0,0.6346153846153846
EVT:E7,COMP:wsgi_server|EVT:E25,0.2441860465116279,0.9069767441860465,0.2441860465116279,1.0,1.1025641025641026,1.0,0.022714981070849127,inf,0.1230769230769232,0.2692307692307693,1.0,0.6346153846153846
EVT:E25|HOUR:00,COMP:wsgi_server,0.9069767441860465,0.9302325581395349,0.9069767441860465,1.0,1.075,1.0,0.06327744726879392,inf,0.7499999999999993,0.975,1.0,0.9875
COMP:wsgi_server|HOUR:00,EVT:E25,0.9302325581395349,0.9069767441860465,0.9069767441860465,0.975,1.075,1.0,0.06327744726879392,3.7209302325581386,0.9999999999999996,0.975,0.73125,0.9875
EVT:E25,COMP:wsgi_server|HOUR:00,0.9069767441860465,0.9302325581395349,0.9069767441860465,1.0,1.075,1.0,0.06327744726879392,inf,0.7499999999999993,0.975,1.0,0.9875
COMP:wsgi_server,EVT:E25|HOUR:00,0.9302325581395349,0.9069767441860465,0.9069767441860465,0.975,1.075,1.0,0.06327744726879392,3.7209302325581386,0.9999999999999996,0.975,0.73125,0.9875
EVT:E25|LEVEL:INFO,COMP:wsgi_server,0.9069767441860465,0.9302325581395349,0.9069767441860465,1.0,1.075,1.0,0.06327744726879392,inf,0.7499999999999993,0.975,1.0,0.9875
COMP:wsgi_server|LEVEL:INFO,EVT:E25,0.9302325581395349,0.9069767441860465,0.9069767441860465,0.975,1.075,1.0,0.06327744726879392,3.7209302325581386,0.9999999999999996,0.975,0.73125,0.9875
EVT:E25,COMP:wsgi_server|LEVEL:INFO,0.9069767441860465,0.9302325581395349,0.9069767441860465,1.0,1.075,1.0,0.06327744726879392,inf,0.7499999999999993,0.975,1.0,0.9875
COMP:wsgi_server,EVT:E25|LEVEL:INFO,0.9302325581395349,0.9069767441860465,0.9069767441860465,0.975,1.075,1.0,0.06327744726879392,3.7209302325581386,0.9999999999999996,0.975,0.73125,0.9875
EVT:E26|EVT:E27,COMP:wsgi_server,0.18023255813953487,0.9302325581395349,0.18023255813953487,1.0,1.075,1.0,0.012574364521362902,inf,0.08510638297872343,0.19374999999999998,1.0,0.596875
EVT:E26|EVT:E34,COMP:wsgi_server,0.18023255813953487,0.9302325581395349,0.18023255813953487,1.0,1.075,1.0,0.012574364521362902,inf,0.08510638297872343,0.19374999999999998,1.0,0.596875
EVT:E26|EVT:E35,COMP:wsgi_server,0.18023255813953487,0.9302325581395349,0.18023255813953487,1.0,1.075,1.0,0.012574364521362902,inf,0.08510638297872343,0.19374999999999998,1.0,0.596875
EVT:E26|HOUR:00,COMP:wsgi_server,0.37209302325581395,0.9302325581395349,0.37209302325581395,1.0,1.075,1.0,0.025959978366684677,inf,0.11111111111111104,0.39999999999999997,1.0,0.7
EVT:E26,COMP:wsgi_server|HOUR:00,0.37209302325581395,0.9302325581395349,0.37209302325581395,1.0,1.075,1.0,0.025959978366684677,inf,0.11111111111111104,0.39999999999999997,1.0,0.7
EVT:E26|LEVEL:INFO,COMP:wsgi_server,0.37209302325581395,0.9302325581395349,0.37209302325581395,1.0,1.075,1.0,0.025959978366684677,inf,0.11111111111111104,0.39999999999999997,1.0,0.7
EVT:E26,COMP:wsgi_server|LEVEL:INFO,0.37209302325581395,0.9302325581395349,0.37209302325581395,1.0,1.075,1.0,0.025959978366684677,inf,0.11111111111111104,0.39999999999999997,1.0,0.7
COMP:wsgi_server|EVT:E34,EVT:E27,0.47674418604651164,0.47674418604651164,0.47674418604651164,1.0,2.097560975609756,1.0,0.24945916711736074,inf,0.9999999999999999,1.0,1.0,1.0
EVT:E27|EVT:E34,COMP:wsgi_server,0.47674418604651164,0.9302325581395349,0.47674418604651164,1.0,1.075,1.0,0.03326122228231476,inf,0.1333333333333333,0.5125,1.0,0.75625
COMP:wsgi_server|EVT:E27,EVT:E34,0.47674418604651164,0.47674418604651164,0.47674418604651164,1.0,2.097560975609756,1.0,0.24945916711736074,inf,0.9999999999999999,1.0,1.0,1.0
EVT:E34,COMP:wsgi_server|EVT:E27,0.47674418604651164,0.47674418604651164,0.47674418604651164,1.0,2.097560975609756,1.0,0.24945916711736074,inf,0.9999999999999999,1.0,1.0,1.0
COMP:wsgi_server,EVT:E27|EVT:E34,0.9302325581395349,0.47674418604651164,0.47674418604651164,0.5125,1.075,1.0,0.03326122228231476,1.073345259391771,0.9999999999999998,0.5125,0.06833333333333322,0.75625
EVT:E27,COMP:wsgi_server|EVT:E34,0.47674418604651164,0.47674418604651164,0.47674418604651164,1.0,2.097560975609756,1.0,0.24945916711736074,inf,0.9999999999999999,1.0,1.0,1.0
COMP:wsgi_server|EVT:E35,EVT:E27,0.47674418604651164,0.47674418604651164,0.47674418604651164,1.0,2.097560975609756,1.0,0.24945916711736074,inf,0.9999999999999999,1.0,1.0,1.0
EVT:E27|EVT:E35,COMP:wsgi_server,0.47674418604651164,0.9302325581395349,0.47674418604651164,1.0,1.075,1.0,0.03326122228231476,inf,0.1333333333333333,0.5125,1.0,0.75625
COMP:wsgi_server|EVT:E27,EVT:E35,0.47674418604651164,0.47674418604651164,0.47674418604651164,1.0,2.097560975609756,1.0,0.24945916711736074,inf,0.9999999999999999,1.0,1.0,1.0
EVT:E35,COMP:wsgi_server|EVT:E27,0.47674418604651164,0.47674418604651164,0.47674418604651164,1.0,2.097560975609756,1.0,0.24945916711736074,inf,0.9999999999999999,1.0,1.0,1.0
COMP:wsgi_server,EVT:E27|EVT:E35,0.9302325581395349,0.47674418604651164,0.47674418604651164,0.5125,1.075,1.0,0.03326122228231476,1.073345259391771,0.9999999999999998,0.5125,0.06833333333333322,0.75625
EVT:E27,COMP:wsgi_server|EVT:E35,0.47674418604651164,0.47674418604651164,0.47674418604651164,1.0,2.097560975609756,1.0,0.24945916711736074,inf,0.9999999999999999,1.0,1.0,1.0
COMP:wsgi_server|EVT:E7,EVT:E27,0.2441860465116279,0.47674418604651164,0.20930232558139536,0.8571428571428571,1.797909407665505,1.0,0.09288804759329368,3.6627906976744176,0.5871794871794871,0.40909090909090917,0.7269841269841268,0.6480836236933798
EVT:E27|EVT:E7,COMP:wsgi_server,0.20930232558139536,0.9302325581395349,0.20930232558139536,1.0,1.075,1.0,0.014602487831260141,inf,0.08823529411764706,0.225,1.0,0.6125
EVT:E7,COMP:wsgi_server|EVT:E27,0.2441860465116279,0.47674418604651164,0.20930232558139536,0.8571428571428571,1.797909407665505,1.0,0.09288804759329368,3.6627906976744176,0.5871794871794871,0.40909090909090917,0.7269841269841268,0.6480836236933798
COMP:wsgi_server|HOUR:00,EVT:E27,0.9302325581395349,0.47674418604651164,0.47674418604651164,0.5125,1.075,1.0,0.03326122228231476,1.073345259391771,0.9999999999999998,0.5125,0.06833333333333322,0.75625
EVT:E27|HOUR:00,COMP:wsgi_server,0.47674418604651164,0.9302325581395349,0.47674418604651164,1.0,1.075,1.0,0.03326122228231476,inf,0.1333333333333333,0.5125,1.0,0.75625
COMP:wsgi_server,EVT:E27|HOUR:00,0.9302325581395349,0.47674418604651164,0.47674418604651164,0.5125,1.075,1.0,0.03326122228231476,1.073345259391771,0.9999999999999998,0.5125,0.06833333333333322,0.75625
EVT:E27,COMP:wsgi_server|HOUR:00,0.47674418604651164,0.9302325581395349,0.47674418604651164,1.0,1.075,1.0,0.03326122228231476,inf,0.1333333333333333,0.5125,1.0,0.75625
COMP:wsgi_server|LEVEL:INFO,EVT:E27,0.9302325581395349,0.47674418604651164,0.47674418604651164,0.5125,1.075,1.0,0.03326122228231476,1.073345259391771,0.9999999999999998,0.5125,0.06833333333333322,0.75625
EVT:E27|LEVEL:INFO,COMP:wsgi_server,0.47674418604651164,0.9302325581395349,0.47674418604651164,1.0,1.075,1.0,0.03326122228231476,inf,0.1333333333333333,0.5125,1.0,0.75625
COMP:wsgi_server,EVT:E27|LEVEL:INFO,0.9302325581395349,0.47674418604651164,0.47674418604651164,0.5125,1.075,1.0,0.03326122228231476,1.073345259391771,0.9999999999999998,0.5125,0.06833333333333322,0.75625
EVT:E27,COMP:wsgi_server|LEVEL:INFO,0.47674418604651164,0.9302325581395349,0.47674418604651164,1.0,1.075,1.0,0.03326122228231476,inf,0.1333333333333333,0.5125,1.0,0.75625
EVT:E34|EVT:E35,COMP:wsgi_server,0.47674418604651164,0.9302325581395349,0.47674418604651164,1.0,1.075,1.0,0.03326122228231476,inf,0.1333333333333333,0.5125,1.0,0.75625
COMP:wsgi_server|EVT:E35,EVT:E34,0.47674418604651164,0.47674418604651164,0.47674418604651164,1.0,2.097560975609756,1.0,0.24945916711736074,inf,0.9999999999999999,1.0,1.0,1.0
COMP:wsgi_server|EVT:E34,EVT:E35,0.47674418604651164,0.47674418604651164,0.47674418604651164,1.0,2.097560975609756,1.0,0.24945916711736074,inf,0.9999999999999999,1.0,1.0,1.0
EVT:E35,COMP:wsgi_server|EVT:E34,0.47674418604651164,0.47674418604651164,0.47674418604651164,1.0,2.097560975609756,1.0,0.24945916711736074,inf,0.9999999999999999,1.0,1.0,1.0
EVT:E34,COMP:wsgi_server|EVT:E35,0.47674418604651164,0.47674418604651164,0.47674418604651164,1.0,2.097560975609756,1.0,0.24945916711736074,inf,0.9999999999999999,1.0,1.0,1.0
COMP:wsgi_server,EVT:E34|EVT:E35,0.9302325581395349,0.47674418604651164,0.47674418604651164,0.5125,1.075,1.0,0.03326122228231476,1.073345259391771,0.9999999999999998,0.5125,0.06833333333333322,0.75625
EVT:E34|EVT:E7,COMP:wsgi_server,0.20930232558139536,0.9302325581395349,0.20930232558139536,1.0,1.075,1.0,0.014602487831260141,inf,0.08823529411764706,0.225,1.0,0.6125
COMP:wsgi_server|EVT:E7,EVT:E34,0.2441860465116279,0.47674418604651164,0.20930232558139536,0.8571428571428571,1.797909407665505,1.0,0.09288804759329368,3.6627906976744176,0.5871794871794871,0.40909090909090917,0.7269841269841268,0.6480836236933798
EVT:E7,COMP:wsgi_server|EVT:E34,0.2441860465116279,0.47674418604651164,0.20930232558139536,0.8571428571428571,1.797909407665505,1.0,0.09288804759329368,3.6627906976744176,0.5871794871794871,0.40909090909090917,0.7269841269841268,0.6480836236933798
EVT:E34|HOUR:00,COMP:wsgi_server,0.47674418604651164,0.9302325581395349,0.47674418604651164,1.0,1.075,1.0,0.03326122228231476,inf,0.1333333333333333,0.5125,1.0,0.75625
COMP:wsgi_server|HOUR:00,EVT:E34,0.9302325581395349,0.47674418604651164,0.47674418604651164,0.5125,1.075,1.0,0.03326122228231476,1.073345259391771,0.9999999999999998,0.5125,0.06833333333333322,0.75625
EVT:E34,COMP:wsgi_server|HOUR:00,0.47674418604651164,0.9302325581395349,0.47674418604651164,1.0,1.075,1.0,0.03326122228231476,inf,0.1333333333333333,0.5125,1.0,0.75625
COMP:wsgi_server,EVT:E34|HOUR:00,0.9302325581395349,0.47674418604651164,0.47674418604651164,0.5125,1.075,1.0,0.03326122228231476,1.073345259391771,0.9999999999999998,0.5125,0.06833333333333322,0.75625
EVT:E34|LEVEL:INFO,COMP:wsgi_server,0.47674418604651164,0.9302325581395349,0.47674418604651164,1.0,1.075,1.0,0.03326122228231476,inf,0.1333333333333333,0.5125,1.0,0.75625
COMP:wsgi_server|LEVEL:INFO,EVT:E34,0.9302325581395349,0.47674418604651164,0.47674418604651164,0.5125,1.075,1.0,0.03326122228231476,1.073345259391771,0.9999999999999998,0.5125,0.06833333333333322,0.75625
EVT:E34,COMP:wsgi_server|LEVEL:INFO,0.47674418604651164,0.9302325581395349,0.47674418604651164,1.0,1.075,1.0,0.03326122228231476,inf,0.1333333333333333,0.5125,1.0,0.75625
COMP:wsgi_server,EVT:E34|LEVEL:INFO,0.9302325581395349,0.47674418604651164,0.47674418604651164,0.5125,1.075,1.0,0.03326122228231476,1.073345259391771,0.9999999999999998,0.5125,0.06833333333333322,0.75625
EVT:E35|EVT:E7,COMP:wsgi_server,0.20930232558139536,0.9302325581395349,0.20930232558139536,1.0,1.075,1.0,0.014602487831260141,inf,0.08823529411764706,0.225,1.0,0.6125
COMP:wsgi_server|EVT:E7,EVT:E35,0.2441860465116279,0.47674418604651164,0.20930232558139536,0.8571428571428571,1.797909407665505,1.0,0.09288804759329368,3.6627906976744176,0.5871794871794871,0.40909090909090917,0.7269841269841268,0.6480836236933798
EVT:E7,COMP:wsgi_server|EVT:E35,0.2441860465116279,0.47674418604651164,0.20930232558139536,0.8571428571428571,1.797909407665505,1.0,0.09288804759329368,3.6627906976744176,0.5871794871794871,0.40909090909090917,0.7269841269841268,0.6480836236933798
EVT:E35|HOUR:00,COMP:wsgi_server,0.47674418604651164,0.9302325581395349,0.47674418604651164,1.0,1.075,1.0,0.03326122228231476,inf,0.1333333333333333,0.5125,1.0,0.75625
COMP:wsgi_server|HOUR:00,EVT:E35,0.9302325581395349,0.47674418604651164,0.47674418604651164,0.5125,1.075,1.0,0.03326122228231476,1.073345259391771,0.9999999999999998,0.5125,0.06833333333333322,0.75625
EVT:E35,COMP:wsgi_server|HOUR:00,0.47674418604651164,0.9302325581395349,0.47674418604651164,1.0,1.075,1.0,0.03326122228231476,inf,0.1333333333333333,0.5125,1.0,0.75625
COMP:wsgi_server,EVT:E35|HOUR:00,0.9302325581395349,0.47674418604651164,0.47674418604651164,0.5125,1.075,1.0,0.03326122228231476,1.073345259391771,0.9999999999999998,0.5125,0.06833333333333322,0.75625
EVT:E35|LEVEL:INFO,COMP:wsgi_server,0.47674418604651164,0.9302325581395349,0.47674418604651164,1.0,1.075,1.0,0.03326122228231476,inf,0.1333333333333333,0.5125,1.0,0.75625
COMP:wsgi_server|LEVEL:INFO,EVT:E35,0.9302325581395349,0.47674418604651164,0.47674418604651164,0.5125,1.075,1.0,0.03326122228231476,1.073345259391771,0.9999999999999998,0.5125,0.06833333333333322,0.75625
EVT:E35,COMP:wsgi_server|LEVEL:INFO,0.47674418604651164,0.9302325581395349,0.47674418604651164,1.0,1.075,1.0,0.03326122228231476,inf,0.1333333333333333,0.5125,1.0,0.75625
COMP:wsgi_server,EVT:E35|LEVEL:INFO,0.9302325581395349,0.47674418604651164,0.47674418604651164,0.5125,1.075,1.0,0.03326122228231476,1.073345259391771,0.9999999999999998,0.5125,0.06833333333333322,0.75625
EVT:E7|HOUR:00,COMP:wsgi_server,0.2441860465116279,0.9302325581395349,0.2441860465116279,1.0,1.075,1.0,0.017036235803136845,inf,0.0923076923076924,0.2625,1.0,0.63125
EVT:E7,COMP:wsgi_server|HOUR:00,0.2441860465116279,0.9302325581395349,0.2441860465116279,1.0,1.075,1.0,0.017036235803136845,inf,0.0923076923076924,0.2625,1.0,0.63125
EVT:E7|LEVEL:INFO,COMP:wsgi_server,0.2441860465116279,0.9302325581395349,0.2441860465116279,1.0,1.075,1.0,0.017036235803136845,inf,0.0923076923076924,0.2625,1.0,0.63125
EVT:E7,COMP:wsgi_server|LEVEL:INFO,0.2441860465116279,0.9302325581395349,0.2441860465116279,1.0,1.075,1.0,0.017036235803136845,inf,0.0923076923076924,0.2625,1.0,0.63125
EVT:E25|EVT:E26,EVT:E27,0.3488372093023256,0.47674418604651164,0.18023255813953487,0.5166666666666666,1.0837398373983738,1.0,0.013926446727961034,1.082598235765838,0.11866359447004586,0.27927927927927926,0.07629629629629615,0.44735772357723574
EVT:E26|EVT:E27,EVT:E25,0.18023255813953487,0.9069767441860465,0.18023255813953487,1.0,1.1025641025641026,1.0,0.016765819361817202,inf,0.11347517730496458,0.1987179487179487,1.0,0.5993589743589743
EVT:E25|EVT:E26,EVT:E34,0.3488372093023256,0.47674418604651164,0.18023255813953487,0.5166666666666666,1.0837398373983738,1.0,0.013926446727961034,1.082598235765838,0.11866359447004586,0.27927927927927926,0.07629629629629615,0.44735772357723574
EVT:E26|EVT:E34,EVT:E25,0.18023255813953487,0.9069767441860465,0.18023255813953487,1.0,1.1025641025641026,1.0,0.016765819361817202,inf,0.11347517730496458,0.1987179487179487,1.0,0.5993589743589743
EVT:E25|EVT:E26,EVT:E35,0.3488372093023256,0.47674418604651164,0.18023255813953487,0.5166666666666666,1.0837398373983738,1.0,0.013926446727961034,1.082598235765838,0.11866359447004586,0.27927927927927926,0.07629629629629615,0.44735772357723574
EVT:E26|EVT:E35,EVT:E25,0.18023255813953487,0.9069767441860465,0.18023255813953487,1.0,1.1025641025641026,1.0,0.016765819361817202,inf,0.11347517730496458,0.1987179487179487,1.0,0.5993589743589743
EVT:E25|EVT:E34,EVT:E27,0.47674418604651164,0.47674418604651164,0.47674418604651164,1.0,2.097560975609756,1.0,0.24945916711736074,inf,0.9999999999999999,1.0,1.0,1.0
EVT:E25|EVT:E27,EVT:E34,0.47674418604651164,0.47674418604651164,0.47674418604651164,1.0,2.097560975609756,1.0,0.24945916711736074,inf,0.9999999999999999,1.0,1.0,1.0
EVT:E27|EVT:E34,EVT:E25,0.47674418604651164,0.9069767441860465,0.47674418604651164,1.0,1.1025641025641026,1.0,0.04434829637641974,inf,0.17777777777777795,0.5256410256410257,1.0,0.7628205128205128
EVT:E25,EVT:E27|EVT:E34,0.9069767441860465,0.47674418604651164,0.47674418604651164,0.5256410256410257,1.1025641025641026,1.0,0.04434829637641974,1.1030798240100568,1.0000000000000007,0.5256410256410257,0.09344729344729345,0.7628205128205128
EVT:E34,EVT:E25|EVT:E27,0.47674418604651164,0.47674418604651164,0.47674418604651164,1.0,2.097560975609756,1.0,0.24945916711736074,inf,0.9999999999999999,1.0,1.0,1.0
EVT:E27,EVT:E25|EVT:E34,0.47674418604651164,0.47674418604651164,0.47674418604651164,1.0,2.097560975609756,1.0,0.24945916711736074,inf,0.9999999999999999,1.0,1.0,1.0
EVT:E25|EVT:E27,EVT:E35,0.47674418604651164,0.47674418604651164,0.47674418604651164,1.0,2.097560975609756,1.0,0.24945916711736074,inf,0.9999999999999999,1.0,1.0,1.0
EVT:E25|EVT:E35,EVT:E27,0.47674418604651164,0.47674418604651164,0.47674418604651164,1.0,2.097560975609756,1.0,0.24945916711736074,inf,0.9999999999999999,1.0,1.0,1.0
EVT:E27|EVT:E35,EVT:E25,0.47674418604651164,0.9069767441860465,0.47674418604651164,1.0,1.1025641025641026,1.0,0.04434829637641974,inf,0.17777777777777795,0.5256410256410257,1.0,0.7628205128205128
EVT:E25,EVT:E27|EVT:E35,0.9069767441860465,0.47674418604651164,0.47674418604651164,0.5256410256410257,1.1025641025641026,1.0,0.04434829637641974,1.1030798240100568,1.0000000000000007,0.5256410256410257,0.09344729344729345,0.7628205128205128
EVT:E27,EVT:E25|EVT:E35,0.47674418604651164,0.47674418604651164,0.47674418604651164,1.0,2.097560975609756,1.0,0.24945916711736074,inf,0.9999999999999999,1.0,1.0,1.0
EVT:E35,EVT:E25|EVT:E27,0.47674418604651164,0.47674418604651164,0.47674418604651164,1.0,2.097560975609756,1.0,0.24945916711736074,inf,0.9999999999999999,1.0,1.0,1.0
EVT:E25|EVT:E7,EVT:E27,0.2441860465116279,0.47674418604651164,0.20930232558139536,0.8571428571428571,1.797909407665505,1.0,0.09288804759329368,3.6627906976744176,0.5871794871794871,0.40909090909090917,0.7269841269841268,0.6480836236933798
EVT:E27|EVT:E7,EVT:E25,0.20930232558139536,0.9069767441860465,0.20930232558139536,1.0,1.1025641025641026,1.0,0.019469983775013522,inf,0.11764705882352941,0.23076923076923078,1.0,0.6153846153846154
EVT:E7,EVT:E25|EVT:E27,0.2441860465116279,0.47674418604651164,0.20930232558139536,0.8571428571428571,1.797909407665505,1.0,0.09288804759329368,3.6627906976744176,0.5871794871794871,0.40909090909090917,0.7269841269841268,0.6480836236933798
EVT:E25|HOUR:00,EVT:E27,0.9069767441860465,0.47674418604651164,0.47674418604651164,0.5256410256410257,1.1025641025641026,1.0,0.04434829637641974,1.1030798240100568,1.0000000000000007,0.5256410256410257,0.09344729344729345,0.7628205128205128
EVT:E27|HOUR:00,EVT:E25,0.47674418604651164,0.9069767441860465,0.47674418604651164,1.0,1.1025641025641026,1.0,0.04434829637641974,inf,0.17777777777777795,0.5256410256410257,1.0,0.7628205128205128
EVT:E25,EVT:E27|HOUR:00,0.9069767441860465,0.47674418604651164,0.47674418604651164,0.5256410256410257,1.1025641025641026,1.0,0.04434829637641974,1.1030798240100568,1.0000000000000007,0.5256410256410257,0.09344729344729345,0.7628205128205128
EVT:E27,EVT:E25|HOUR:00,0.47674418604651164,0.9069767441860465,0.47674418604651164,1.0,1.1025641025641026,1.0,0.04434829637641974,inf,0.17777777777777795,0.5256410256410257,1.0,0.7628205128205128
EVT:E25|LEVEL:INFO,EVT:E27,0.9069767441860465,0.47674418604651164,0.47674418604651164,0.5256410256410257,1.1025641025641026,1.0,0.04434829637641974,1.1030798240100568,1.0000000000000007,0.5256410256410257,0.09344729344729345,0.7628205128205128
EVT:E27|LEVEL:INFO,EVT:E25,0.47674418604651164,0.9069767441860465,0.47674418604651164,1.0,1.1025641025641026,1.0,0.04434829637641974,inf,0.17777777777777795,0.5256410256410257,1.0,0.7628205128205128
EVT:E25,EVT:E27|LEVEL:INFO,0.9069767441860465,0.47674418604651164,0.47674418604651164,0.5256410256410257,1.1025641025641026,1.0,0.04434829637641974,1.1030798240100568,1.0000000000000007,0.5256410256410257,0.09344729344729345,0.7628205128205128
EVT:E27,EVT:E25|LEVEL:INFO,0.47674418604651164,0.9069767441860465,0.47674418604651164,1.0,1.1025641025641026,1.0,0.04434829637641974,inf,0.17777777777777795,0.5256410256410257,1.0,0.7628205128205128
EVT:E25|EVT:E34,EVT:E35,0.47674418604651164,0.47674418604651164,0.47674418604651164,1.0,2.097560975609756,1.0,0.24945916711736074,inf,0.9999999999999999,1.0,1.0,1.0
EVT:E25|EVT:E35,EVT:E34,0.47674418604651164,0.47674418604651164,0.47674418604651164,1.0,2.097560975609756,1.0,0.24945916711736074,inf,0.9999999999999999,1.0,1.0,1.0
EVT:E34|EVT:E35,EVT:E25,0.47674418604651164,0.9069767441860465,0.47674418604651164,1.0,1.1025641025641026,1.0,0.04434829637641974,inf,0.17777777777777795,0.5256410256410257,1.0,0.7628205128205128
EVT:E25,EVT:E34|EVT:E35,0.9069767441860465,0.47674418604651164,0.47674418604651164,0.5256410256410257,1.1025641025641026,1.0,0.04434829637641974,1.1030798240100568,1.0000000000000007,0.5256410256410257,0.09344729344729345,0.7628205128205128
EVT:E34,EVT:E25|EVT:E35,0.47674418604651164,0.47674418604651164,0.47674418604651164,1.0,2.097560975609756,1.0,0.24945916711736074,inf,0.9999999999999999,1.0,1.0,1.0
EVT:E35,EVT:E25|EVT:E34,0.47674418604651164,0.47674418604651164,0.47674418604651164,1.0,2.097560975609756,1.0,0.24945916711736074,inf,0.9999999999999999,1.0,1.0,1.0
EVT:E25|EVT:E7,EVT:E34,0.2441860465116279,0.47674418604651164,0.20930232558139536,0.8571428571428571,1.797909407665505,1.0,0.09288804759329368,3.6627906976744176,0.5871794871794871,0.40909090909090917,0.7269841269841268,0.6480836236933798
EVT:E34|EVT:E7,EVT:E25,0.20930232558139536,0.9069767441860465,0.20930232558139536,1.0,1.1025641025641026,1.0,0.019469983775013522,inf,0.11764705882352941,0.23076923076923078,1.0,0.6153846153846154
EVT:E7,EVT:E25|EVT:E34,0.2441860465116279,0.47674418604651164,0.20930232558139536,0.8571428571428571,1.797909407665505,1.0,0.09288804759329368,3.6627906976744176,0.5871794871794871,0.40909090909090917,0.7269841269841268,0.6480836236933798
EVT:E25|HOUR:00,EVT:E34,0.9069767441860465,0.47674418604651164,0.47674418604651164,0.5256410256410257,1.1025641025641026,1.0,0.04434829637641974,1.1030798240100568,1.0000000000000007,0.5256410256410257,0.09344729344729345,0.7628205128205128
EVT:E34|HOUR:00,EVT:E25,0.47674418604651164,0.9069767441860465,0.47674418604651164,1.0,1.1025641025641026,1.0,0.04434829637641974,inf,0.17777777777777795,0.5256410256410257,1.0,0.7628205128205128
EVT:E25,EVT:E34|HOUR:00,0.9069767441860465,0.47674418604651164,0.47674418604651164,0.5256410256410257,1.1025641025641026,1.0,0.04434829637641974,1.1030798240100568,1.0000000000000007,0.5256410256410257,0.09344729344729345,0.7628205128205128
EVT:E34,EVT:E25|HOUR:00,0.47674418604651164,0.9069767441860465,0.47674418604651164,1.0,1.1025641025641026,1.0,0.04434829637641974,inf,0.17777777777777795,0.5256410256410257,1.0,0.7628205128205128
EVT:E25|LEVEL:INFO,EVT:E34,0.9069767441860465,0.47674418604651164,0.47674418604651164,0.5256410256410257,1.1025641025641026,1.0,0.04434829637641974,1.1030798240100568,1.0000000000000007,0.5256410256410257,0.09344729344729345,0.7628205128205128
EVT:E34|LEVEL:INFO,EVT:E25,0.47674418604651164,0.9069767441860465,0.47674418604651164,1.0,1.1025641025641026,1.0,0.04434829637641974,inf,0.17777777777777795,0.5256410256410257,1.0,0.7628205128205128
EVT:E25,EVT:E34|LEVEL:INFO,0.9069767441860465,0.47674418604651164,0.47674418604651164,0.5256410256410257,1.1025641025641026,1.0,0.04434829637641974,1.1030798240100568,1.0000000000000007,0.5256410256410257,0.09344729344729345,0.7628205128205128
EVT:E34,EVT:E25|LEVEL:INFO,0.47674418604651164,0.9069767441860465,0.47674418604651164,1.0,1.1025641025641026,1.0,0.04434829637641974,inf,0.17777777777777795,0.5256410256410257,1.0,0.7628205128205128
EVT:E25|EVT:E7,EVT:E35,0.2441860465116279,0.47674418604651164,0.20930232558139536,0.8571428571428571,1.797909407665505,1.0,0.09288804759329368,3.6627906976744176,0.5871794871794871,0.40909090909090917,0.7269841269841268,0.6480836236933798
EVT:E35|EVT:E7,EVT:E25,0.20930232558139536,0.9069767441860465,0.20930232558139536,1.0,1.1025641025641026,1.0,0.019469983775013522,inf,0.11764705882352941,0.23076923076923078,1.0,0.6153846153846154
EVT:E7,EVT:E25|EVT:E35,0.2441860465116279,0.47674418604651164,0.20930232558139536,0.8571428571428571,1.797909407665505,1.0,0.09288804759329368,3.6627906976744176,0.5871794871794871,0.40909090909090917,0.7269841269841268,0.6480836236933798
EVT:E25|HOUR:00,EVT:E35,0.9069767441860465,0.47674418604651164,0.47674418604651164,0.5256410256410257,1.1025641025641026,1.0,0.04434829637641974,1.1030798240100568,1.0000000000000007,0.5256410256410257,0.09344729344729345,0.7628205128205128
EVT:E35|HOUR:00,EVT:E25,0.47674418604651164,0.9069767441860465,0.47674418604651164,1.0,1.1025641025641026,1.0,0.04434829637641974,inf,0.17777777777777795,0.5256410256410257,1.0,0.7628205128205128
EVT:E25,EVT:E35|HOUR:00,0.9069767441860465,0.47674418604651164,0.47674418604651164,0.5256410256410257,1.1025641025641026,1.0,0.04434829637641974,1.1030798240100568,1.0000000000000007,0.5256410256410257,0.09344729344729345,0.7628205128205128
EVT:E35,EVT:E25|HOUR:00,0.47674418604651164,0.9069767441860465,0.47674418604651164,1.0,1.1025641025641026,1.0,0.04434829637641974,inf,0.17777777777777795,0.5256410256410257,1.0,0.7628205128205128
EVT:E25|LEVEL:INFO,EVT:E35,0.9069767441860465,0.47674418604651164,0.47674418604651164,0.5256410256410257,1.1025641025641026,1.0,0.04434829637641974,1.1030798240100568,1.0000000000000007,0.5256410256410257,0.09344729344729345,0.7628205128205128
EVT:E35|LEVEL:INFO,EVT:E25,0.47674418604651164,0.9069767441860465,0.47674418604651164,1.0,1.1025641025641026,1.0,0.04434829637641974,inf,0.17777777777777795,0.5256410256410257,1.0,0.7628205128205128
EVT:E25,EVT:E35|LEVEL:INFO,0.9069767441860465,0.47674418604651164,0.47674418604651164,0.5256410256410257,1.1025641025641026,1.0,0.04434829637641974,1.1030798240100568,1.0000000000000007,0.5256410256410257,0.09344729344729345,0.7628205128205128
EVT:E35,EVT:E25|LEVEL:INFO,0.47674418604651164,0.9069767441860465,0.47674418604651164,1.0,1.1025641025641026,1.0,0.04434829637641974,inf,0.17777777777777795,0.5256410256410257,1.0,0.7628205128205128
EVT:E7|HOUR:00,EVT:E25,0.2441860465116279,0.9069767441860465,0.2441860465116279,1.0,1.1025641025641026,1.0,0.022714981070849127,inf,0.1230769230769232,0.2692307692307693,1.0,0.6346153846153846
EVT:E7,EVT:E25|HOUR:00,0.2441860465116279,0.9069767441860465,0.2441860465116279,1.0,1.1025641025641026,1.0,0.022714981070849127,inf,0.1230769230769232,0.2692307692307693,1.0,0.6346153846153846
EVT:E7|LEVEL:INFO,EVT:E25,0.2441860465116279,0.9069767441860465,0.2441860465116279,1.0,1.1025641025641026,1.0,0.022714981070849127,inf,0.1230769230769232,0.2692307692307693,1.0,0.6346153846153846
EVT:E7,EVT:E25|LEVEL:INFO,0.2441860465116279,0.9069767441860465,0.2441860465116279,1.0,1.1025641025641026,1.0,0.022714981070849127,inf,0.1230769230769232,0.2692307692307693,1.0,0.6346153846153846
EVT:E26|EVT:E34,EVT:E27,0.18023255813953487,0.47674418604651164,0.18023255813953487,1.0,2.097560975609756,1.0,0.09430773391022174,inf,0.6382978723404256,0.37804878048780477,1.0,0.6890243902439024
EVT:E26|EVT:E27,EVT:E34,0.18023255813953487,0.47674418604651164,0.18023255813953487,1.0,2.097560975609756,1.0,0.09430773391022174,inf,0.6382978723404256,0.37804878048780477,1.0,0.6890243902439024
EVT:E26|EVT:E35,EVT:E27,0.18023255813953487,0.47674418604651164,0.18023255813953487,1.0,2.097560975609756,1.0,0.09430773391022174,inf,0.6382978723404256,0.37804878048780477,1.0,0.6890243902439024
EVT:E26|EVT:E27,EVT:E35,0.18023255813953487,0.47674418604651164,0.18023255813953487,1.0,2.097560975609756,1.0,0.09430773391022174,inf,0.6382978723404256,0.37804878048780477,1.0,0.6890243902439024
EVT:E26|EVT:E35,EVT:E34,0.18023255813953487,0.47674418604651164,0.18023255813953487,1.0,2.097560975609756,1.0,0.09430773391022174,inf,0.6382978723404256,0.37804878048780477,1.0,0.6890243902439024
EVT:E26|EVT:E34,EVT:E35,0.18023255813953487,0.47674418604651164,0.18023255813953487,1.0,2.097560975609756,1.0,0.09430773391022174,inf,0.6382978723404256,0.37804878048780477,1.0,0.6890243902439024
EVT:E34|EVT:E35,EVT:E27,0.47674418604651164,0.47674418604651164,0.47674418604651164,1.0,2.097560975609756,1.0,0.24945916711736074,inf,0.9999999999999999,1.0,1.0,1.0
EVT:E27|EVT:E35,EVT:E34,0.47674418604651164,0.47674418604651164,0.47674418604651164,1.0,2.097560975609756,1.0,0.24945916711736074,inf,0.9999999999999999,1.0,1.0,1.0
EVT:E27|EVT:E34,EVT:E35,0.47674418604651164,0.47674418604651164,0.47674418604651164,1.0,2.097560975609756,1.0,0.24945916711736074,inf,0.9999999999999999,1.0,1.0,1.0
EVT:E35,EVT:E27|EVT:E34,0.47674418604651164,0.47674418604651164,0.47674418604651164,1.0,2.097560975609756,1.0,0.24945916711736074,inf,0.9999999999999999,1.0,1.0,1.0
EVT:E34,EVT:E27|EVT:E35,0.47674418604651164,0.47674418604651164,0.47674418604651164,1.0,2.097560975609756,1.0,0.24945916711736074,inf,0.9999999999999999,1.0,1.0,1.0
EVT:E27,EVT:E34|EVT:E35,0.47674418604651164,0.47674418604651164,0.47674418604651164,1.0,2.097560975609756,1.0,0.24945916711736074,inf,0.9999999999999999,1.0,1.0,1.0
EVT:E34|EVT:E7,EVT:E27,0.20930232558139536,0.47674418604651164,0.20930232558139536,1.0,2.097560975609756,1.0,0.10951865873445106,inf,0.6617647058823529,0.4390243902439025,1.0,0.7195121951219512
EVT:E27|EVT:E7,EVT:E34,0.20930232558139536,0.47674418604651164,0.20930232558139536,1.0,2.097560975609756,1.0,0.10951865873445106,inf,0.6617647058823529,0.4390243902439025,1.0,0.7195121951219512
EVT:E7,EVT:E27|EVT:E34,0.2441860465116279,0.47674418604651164,0.20930232558139536,0.8571428571428571,1.797909407665505,1.0,0.09288804759329368,3.6627906976744176,0.5871794871794871,0.40909090909090917,0.7269841269841268,0.6480836236933798
EVT:E34|HOUR:00,EVT:E27,0.47674418604651164,0.47674418604651164,0.47674418604651164,1.0,2.097560975609756,1.0,0.24945916711736074,inf,0.9999999999999999,1.0,1.0,1.0
EVT:E27|HOUR:00,EVT:E34,0.47674418604651164,0.47674418604651164,0.47674418604651164,1.0,2.097560975609756,1.0,0.24945916711736074,inf,0.9999999999999999,1.0,1.0,1.0
EVT:E34,EVT:E27|HOUR:00,0.47674418604651164,0.47674418604651164,0.47674418604651164,1.0,2.097560975609756,1.0,0.24945916711736074,inf,0.9999999999999999,1.0,1.0,1.0
EVT:E27,EVT:E34|HOUR:00,0.47674418604651164,0.47674418604651164,0.47674418604651164,1.0,2.097560975609756,1.0,0.24945916711736074,inf,0.9999999999999999,1.0,1.0,1.0
EVT:E34|LEVEL:INFO,EVT:E27,0.47674418604651164,0.47674418604651164,0.47674418604651164,1.0,2.097560975609756,1.0,0.24945916711736074,inf,0.9999999999999999,1.0,1.0,1.0
EVT:E27|LEVEL:INFO,EVT:E34,0.47674418604651164,0.47674418604651164,0.47674418604651164,1.0,2.097560975609756,1.0,0.24945916711736074,inf,0.9999999999999999,1.0,1.0,1.0
EVT:E34,EVT:E27|LEVEL:INFO,0.47674418604651164,0.47674418604651164,0.47674418604651164,1.0,2.097560975609756,1.0,0.24945916711736074,inf,0.9999999999999999,1.0,1.0,1.0
EVT:E27,EVT:E34|LEVEL:INFO,0.47674418604651164,0.47674418604651164,0.47674418604651164,1.0,2.097560975609756,1.0,0.24945916711736074,inf,0.9999999999999999,1.0,1.0,1.0
EVT:E35|EVT:E7,EVT:E27,0.20930232558139536,0.47674418604651164,0.20930232558139536,1.0,2.097560975609756,1.0,0.10951865873445106,inf,0.6617647058823529,0.4390243902439025,1.0,0.7195121951219512
EVT:E27|EVT:E7,EVT:E35,0.20930232558139536,0.47674418604651164,0.20930232558139536,1.0,2.097560975609756,1.0,0.10951865873445106,inf,0.6617647058823529,0.4390243902439025,1.0,0.7195121951219512
EVT:E7,EVT:E27|EVT:E35,0.2441860465116279,0.47674418604651164,0.20930232558139536,0.8571428571428571,1.797909407665505,1.0,0.09288804759329368,3.6627906976744176,0.5871794871794871,0.40909090909090917,0.7269841269841268,0.6480836236933798
EVT:E35|HOUR:00,EVT:E27,0.47674418604651164,0.47674418604651164,0.47674418604651164,1.0,2.097560975609756,1.0,0.24945916711736074,inf,0.9999999999999999,1.0,1.0,1.0
EVT:E27|HOUR:00,EVT:E35,0.47674418604651164,0.47674418604651164,0.47674418604651164,1.0,2.097560975609756,1.0,0.24945916711736074,inf,0.9999999999999999,1.0,1.0,1.0
EVT:E35,EVT:E27|HOUR:00,0.47674418604651164,0.47674418604651164,0.47674418604651164,1.0,2.097560975609756,1.0,0.24945916711736074,inf,0.9999999999999999,1.0,1.0,1.0
EVT:E27,EVT:E35|HOUR:00,0.47674418604651164,0.47674418604651164,0.47674418604651164,1.0,2.097560975609756,1.0,0.24945916711736074,inf,0.9999999999999999,1.0,1.0,1.0
EVT:E35|LEVEL:INFO,EVT:E27,0.47674418604651164,0.47674418604651164,0.47674418604651164,1.0,2.097560975609756,1.0,0.24945916711736074,inf,0.9999999999999999,1.0,1.0,1.0
EVT:E27|LEVEL:INFO,EVT:E35,0.47674418604651164,0.47674418604651164,0.47674418604651164,1.0,2.097560975609756,1.0,0.24945916711736074,inf,0.9999999999999999,1.0,1.0,1.0
EVT:E35,EVT:E27|LEVEL:INFO,0.47674418604651164,0.47674418604651164,0.47674418604651164,1.0,2.097560975609756,1.0,0.24945916711736074,inf,0.9999999999999999,1.0,1.0,1.0
EVT:E27,EVT:E35|LEVEL:INFO,0.47674418604651164,0.47674418604651164,0.47674418604651164,1.0,2.097560975609756,1.0,0.24945916711736074,inf,0.9999999999999999,1.0,1.0,1.0
EVT:E7|HOUR:00,EVT:E27,0.2441860465116279,0.47674418604651164,0.20930232558139536,0.8571428571428571,1.797909407665505,1.0,0.09288804759329368,3.6627906976744176,0.5871794871794871,0.40909090909090917,0.7269841269841268,0.6480836236933798
EVT:E7,EVT:E27|HOUR:00,0.2441860465116279,0.47674418604651164,0.20930232558139536,0.8571428571428571,1.797909407665505,1.0,0.09288804759329368,3.6627906976744176,0.5871794871794871,0.40909090909090917,0.7269841269841268,0.6480836236933798
EVT:E7|LEVEL:INFO,EVT:E27,0.2441860465116279,0.47674418604651164,0.20930232558139536,0.8571428571428571,1.797909407665505,1.0,0.09288804759329368,3.6627906976744176,0.5871794871794871,0.40909090909090917,0.7269841269841268,0.6480836236933798
EVT:E7,EVT:E27|LEVEL:INFO,0.2441860465116279,0.47674418604651164,0.20930232558139536,0.8571428571428571,1.797909407665505,1.0,0.09288804759329368,3.6627906976744176,0.5871794871794871,0.40909090909090917,0.7269841269841268,0.6480836236933798
EVT:E35|EVT:E7,EVT:E34,0.20930232558139536,0.47674418604651164,0.20930232558139536,1.0,2.097560975609756,1.0,0.10951865873445106,inf,0.6617647058823529,0.4390243902439025,1.0,0.7195121951219512
EVT:E34|EVT:E7,EVT:E35,0.20930232558139536,0.47674418604651164,0.20930232558139536,1.0,2.097560975609756,1.0,0.10951865873445106,inf,0.6617647058823529,0.4390243902439025,1.0,0.7195121951219512
EVT:E7,EVT:E34|EVT:E35,0.2441860465116279,0.47674418604651164,0.20930232558139536,0.8571428571428571,1.797909407665505,1.0,0.09288804759329368,3.6627906976744176,0.5871794871794871,0.40909090909090917,0.7269841269841268,0.6480836236933798
EVT:E35|HOUR:00,EVT:E34,0.47674418604651164,0.47674418604651164,0.47674418604651164,1.0,2.097560975609756,1.0,0.24945916711736074,inf,0.9999999999999999,1.0,1.0,1.0
EVT:E34|HOUR:00,EVT:E35,0.47674418604651164,0.47674418604651164,0.47674418604651164,1.0,2.097560975609756,1.0,0.24945916711736074,inf,0.9999999999999999,1.0,1.0,1.0
EVT:E35,EVT:E34|HOUR:00,0.47674418604651164,0.47674418604651164,0.47674418604651164,1.0,2.097560975609756,1.0,0.24945916711736074,inf,0.9999999999999999,1.0,1.0,1.0
EVT:E34,EVT:E35|HOUR:00,0.47674418604651164,0.47674418604651164,0.47674418604651164,1.0,2.097560975609756,1.0,0.24945916711736074,inf,0.9999999999999999,1.0,1.0,1.0
EVT:E35|LEVEL:INFO,EVT:E34,0.47674418604651164,0.47674418604651164,0.47674418604651164,1.0,2.097560975609756,1.0,0.24945916711736074,inf,0.9999999999999999,1.0,1.0,1.0
EVT:E34|LEVEL:INFO,EVT:E35,0.47674418604651164,0.47674418604651164,0.47674418604651164,1.0,2.097560975609756,1.0,0.24945916711736074,inf,0.9999999999999999,1.0,1.0,1.0
EVT:E35,EVT:E34|LEVEL:INFO,0.47674418604651164,0.47674418604651164,0.47674418604651164,1.0,2.097560975609756,1.0,0.24945916711736074,inf,0.9999999999999999,1.0,1.0,1.0
EVT:E34,EVT:E35|LEVEL:INFO,0.47674418604651164,0.47674418604651164,0.47674418604651164,1.0,2.097560975609756,1.0,0.24945916711736074,inf,0.9999999999999999,1.0,1.0,1.0
EVT:E7|HOUR:00,EVT:E34,0.2441860465116279,0.47674418604651164,0.20930232558139536,0.8571428571428571,1.797909407665505,1.0,0.09288804759329368,3.6627906976744176,0.5871794871794871,0.40909090909090917,0.7269841269841268,0.6480836236933798
EVT:E7,EVT:E34|HOUR:00,0.2441860465116279,0.47674418604651164,0.20930232558139536,0.8571428571428571,1.797909407665505,1.0,0.09288804759329368,3.6627906976744176,0.5871794871794871,0.40909090909090917,0.7269841269841268,0.6480836236933798
EVT:E7|LEVEL:INFO,EVT:E34,0.2441860465116279,0.47674418604651164,0.20930232558139536,0.8571428571428571,1.797909407665505,1.0,0.09288804759329368,3.6627906976744176,0.5871794871794871,0.40909090909090917,0.7269841269841268,0.6480836236933798
EVT:E7,EVT:E34|LEVEL:INFO,0.2441860465116279,0.47674418604651164,0.20930232558139536,0.8571428571428571,1.797909407665505,1.0,0.09288804759329368,3.6627906976744176,0.5871794871794871,0.40909090909090917,0.7269841269841268,0.6480836236933798
EVT:E7|HOUR:00,EVT:E35,0.2441860465116279,0.47674418604651164,0.20930232558139536,0.8571428571428571,1.797909407665505,1.0,0.09288804759329368,3.6627906976744176,0.5871794871794871,0.40909090909090917,0.7269841269841268,0.6480836236933798
EVT:E7,EVT:E35|HOUR:00,0.2441860465116279,0.47674418604651164,0.20930232558139536,0.8571428571428571,1.797909407665505,1.0,0.09288804759329368,3.6627906976744176,0.5871794871794871,0.40909090909090917,0.7269841269841268,0.6480836236933798
EVT:E7|LEVEL:INFO,EVT:E35,0.2441860465116279,0.47674418604651164,0.20930232558139536,0.8571428571428571,1.797909407665505,1.0,0.09288804759329368,3.6627906976744176,0.5871794871794871,0.40909090909090917,0.7269841269841268,0.6480836236933798
EVT:E7,EVT:E35|LEVEL:INFO,0.2441860465116279,0.47674418604651164,0.20930232558139536,0.8571428571428571,1.797909407665505,1.0,0.09288804759329368,3.6627906976744176,0.5871794871794871,0.40909090909090917,0.7269841269841268,0.6480836236933798
EVT:E42|FLAG:FAILURE,EVT:E36,0.1744186046511628,0.1744186046511628,0.1744186046511628,1.0,5.733333333333333,1.0,0.14399675500270417,inf,1.0,1.0,1.0,1.0
EVT:E36|FLAG:FAILURE,EVT:E42,0.1744186046511628,0.1744186046511628,0.1744186046511628,1.0,5.733333333333333,1.0,0.14399675500270417,inf,1.0,1.0,1.0,1.0
EVT:E36|EVT:E42,FLAG:FAILURE,0.1744186046511628,0.18023255813953487,0.1744186046511628,1.0,5.548387096774194,1.0,0.14298269334775554,inf,0.9929577464788731,0.9677419354838712,1.0,0.9838709677419355
FLAG:FAILURE,EVT:E36|EVT:E42,0.18023255813953487,0.1744186046511628,0.1744186046511628,0.9677419354838711,5.548387096774194,1.0,0.14298269334775554,25.593023255814064,1.0,0.9677419354838712,0.9609268514311678,0.9838709677419355
EVT:E42,EVT:E36|FLAG:FAILURE,0.1744186046511628,0.1744186046511628,0.1744186046511628,1.0,5.733333333333333,1.0,0.14399675500270417,inf,1.0,1.0,1.0,1.0
EVT:E36,EVT:E42|FLAG:FAILURE,0.1744186046511628,0.1744186046511628,0.1744186046511628,1.0,5.733333333333333,1.0,0.14399675500270417,inf,1.0,1.0,1.0,1.0
EVT:E36|HOUR:00,EVT:E42,0.1744186046511628,0.1744186046511628,0.1744186046511628,1.0,5.733333333333333,1.0,0.14399675500270417,inf,1.0,1.0,1.0,1.0
EVT:E42|HOUR:00,EVT:E36,0.1744186046511628,0.1744186046511628,0.1744186046511628,1.0,5.733333333333333,1.0,0.14399675500270417,inf,1.0,1.0,1.0,1.0
EVT:E36,EVT:E42|HOUR:00,0.1744186046511628,0.1744186046511628,0.1744186046511628,1.0,5.733333333333333,1.0,0.14399675500270417,inf,1.0,1.0,1.0,1.0
EVT:E42,EVT:E36|HOUR:00,0.1744186046511628,0.1744186046511628,0.1744186046511628,1.0,5.733333333333333,1.0,0.14399675500270417,inf,1.0,1.0,1.0,1.0
EVT:E42|LEVEL:INFO,EVT:E36,0.1744186046511628,0.1744186046511628,0.1744186046511628,1.0,5.733333333333333,1.0,0.14399675500270417,inf,1.0,1.0,1.0,1.0
EVT:E36|LEVEL:INFO,EVT:E42,0.1744186046511628,0.1744186046511628,0.1744186046511628,1.0,5.733333333333333,1.0,0.14399675500270417,inf,1.0,1.0,1.0,1.0
EVT:E42,EVT:E36|LEVEL:INFO,0.1744186046511628,0.1744186046511628,0.1744186046511628,1.0,5.733333333333333,1.0,0.14399675500270417,inf,1.0,1.0,1.0,1.0
EVT:E36,EVT:E42|LEVEL:INFO,0.1744186046511628,0.1744186046511628,0.1744186046511628,1.0,5.733333333333333,1.0,0.14399675500270417,inf,1.0,1.0,1.0,1.0
EVT:E36|EVT:E42,LEVEL:WARNING,0.1744186046511628,0.18023255813953487,0.1744186046511628,1.0,5.548387096774194,1.0,0.14298269334775554,inf,0.9929577464788731,0.9677419354838712,1.0,0.9838709677419355
EVT:E42|LEVEL:WARNING,EVT:E36,0.1744186046511628,0.1744186046511628,0.1744186046511628,1.0,5.733333333333333,1.0,0.14399675500270417,inf,1.0,1.0,1.0,1.0
EVT:E36|LEVEL:WARNING,EVT:E42,0.1744186046511628,0.1744186046511628,0.1744186046511628,1.0,5.733333333333333,1.0,0.14399675500270417,inf,1.0,1.0,1.0,1.0
EVT:E42,EVT:E36|LEVEL:WARNING,0.1744186046511628,0.1744186046511628,0.1744186046511628,1.0,5.733333333333333,1.0,0.14399675500270417,inf,1.0,1.0,1.0,1.0
EVT:E36,EVT:E42|LEVEL:WARNING,0.1744186046511628,0.1744186046511628,0.1744186046511628,1.0,5.733333333333333,1.0,0.14399675500270417,inf,1.0,1.0,1.0,1.0
LEVEL:WARNING,EVT:E36|EVT:E42,0.18023255813953487,0.1744186046511628,0.1744186046511628,0.9677419354838711,5.548387096774194,1.0,0.14298269334775554,25.593023255814064,1.0,0.9677419354838712,0.9609268514311678,0.9838709677419355
FLAG:FAILURE|HOUR:00,EVT:E36,0.18023255813953487,0.1744186046511628,0.1744186046511628,0.9677419354838711,5.548387096774194,1.0,0.14298269334775554,25.593023255814064,1.0,0.9677419354838712,0.9609268514311678,0.9838709677419355
EVT:E36|HOUR:00,FLAG:FAILURE,0.1744186046511628,0.18023255813953487,0.1744186046511628,1.0,5.548387096774194,1.0,0.14298269334775554,inf,0.9929577464788731,0.9677419354838712,1.0,0.9838709677419355
FLAG:FAILURE,EVT:E36|HOUR:00,0.18023255813953487,0.1744186046511628,0.1744186046511628,0.9677419354838711,5.548387096774194,1.0,0.14298269334775554,25.593023255814064,1.0,0.9677419354838712,0.9609268514311678,0.9838709677419355
EVT:E36,FLAG:FAILURE|HOUR:00,0.1744186046511628,0.18023255813953487,0.1744186046511628,1.0,5.548387096774194,1.0,0.14298269334775554,inf,0.9929577464788731,0.9677419354838712,1.0,0.9838709677419355
FLAG:FAILURE|LEVEL:INFO,EVT:E36,0.18023255813953487,0.1744186046511628,0.1744186046511628,0.9677419354838711,5.548387096774194,1.0,0.14298269334775554,25.593023255814064,1.0,0.9677419354838712,0.9609268514311678,0.9838709677419355
EVT:E36|LEVEL:INFO,FLAG:FAILURE,0.1744186046511628,0.18023255813953487,0.1744186046511628,1.0,5.548387096774194,1.0,0.14298269334775554,inf,0.9929577464788731,0.9677419354838712,1.0,0.9838709677419355
FLAG:FAILURE,EVT:E36|LEVEL:INFO,0.18023255813953487,0.1744186046511628,0.1744186046511628,0.9677419354838711,5.548387096774194,1.0,0.14298269334775554,25.593023255814064,1.0,0.9677419354838712,0.9609268514311678,0.9838709677419355
EVT:E36,FLAG:FAILURE|LEVEL:INFO,0.1744186046511628,0.18023255813953487,0.1744186046511628,1.0,5.548387096774194,1.0,0.14298269334775554,inf,0.9929577464788731,0.9677419354838712,1.0,0.9838709677419355
EVT:E36|FLAG:FAILURE,LEVEL:WARNING,0.1744186046511628,0.18023255813953487,0.1744186046511628,1.0,5.548387096774194,1.0,0.14298269334775554,inf,0.9929577464788731,0.9677419354838712,1.0,0.9838709677419355
FLAG:FAILURE|LEVEL:WARNING,EVT:E36,0.18023255813953487,0.1744186046511628,0.1744186046511628,0.9677419354838711,5.548387096774194,1.0,0.14298269334775554,25.593023255814064,1.0,0.9677419354838712,0.9609268514311678,0.9838709677419355
EVT:E36|LEVEL:WARNING,FLAG:FAILURE,0.1744186046511628,0.18023255813953487,0.1744186046511628,1.0,5.548387096774194,1.0,0.14298269334775554,inf,0.9929577464788731,0.9677419354838712,1.0,0.9838709677419355
FLAG:FAILURE,EVT:E36|LEVEL:WARNING,0.18023255813953487,0.1744186046511628,0.1744186046511628,0.9677419354838711,5.548387096774194,1.0,0.14298269334775554,25.593023255814064,1.0,0.9677419354838712,0.9609268514311678,0.9838709677419355
EVT:E36,FLAG:FAILURE|LEVEL:WARNING,0.1744186046511628,0.18023255813953487,0.1744186046511628,1.0,5.548387096774194,1.0,0.14298269334775554,inf,0.9929577464788731,0.9677419354838712,1.0,0.9838709677419355
LEVEL:WARNING,EVT:E36|FLAG:FAILURE,0.18023255813953487,0.1744186046511628,0.1744186046511628,0.9677419354838711,5.548387096774194,1.0,0.14298269334775554,25.593023255814064,1.0,0.9677419354838712,0.9609268514311678,0.9838709677419355
EVT:E36|HOUR:00,LEVEL:WARNING,0.1744186046511628,0.18023255813953487,0.1744186046511628,1.0,5.548387096774194,1.0,0.14298269334775554,inf,0.9929577464788731,0.9677419354838712,1.0,0.9838709677419355
HOUR:00|LEVEL:WARNING,EVT:E36,0.18023255813953487,0.1744186046511628,0.1744186046511628,0.9677419354838711,5.548387096774194,1.0,0.14298269334775554,25.593023255814064,1.0,0.9677419354838712,0.9609268514311678,0.9838709677419355
EVT:E36,HOUR:00|LEVEL:WARNING,0.1744186046511628,0.18023255813953487,0.1744186046511628,1.0,5.548387096774194,1.0,0.14298269334775554,inf,0.9929577464788731,0.9677419354838712,1.0,0.9838709677419355
LEVEL:WARNING,EVT:E36|HOUR:00,0.18023255813953487,0.1744186046511628,0.1744186046511628,0.9677419354838711,5.548387096774194,1.0,0.14298269334775554,25.593023255814064,1.0,0.9677419354838712,0.9609268514311678,0.9838709677419355
EVT:E36|LEVEL:INFO,LEVEL:WARNING,0.1744186046511628,0.18023255813953487,0.1744186046511628,1.0,5.548387096774194,1.0,0.14298269334775554,inf,0.9929577464788731,0.9677419354838712,1.0,0.9838709677419355
LEVEL:INFO|LEVEL:WARNING,EVT:E36,0.18023255813953487,0.1744186046511628,0.1744186046511628,0.9677419354838711,5.548387096774194,1.0,0.14298269334775554,25.593023255814064,1.0,0.9677419354838712,0.9609268514311678,0.9838709677419355
EVT:E36,LEVEL:INFO|LEVEL:WARNING,0.1744186046511628,0.18023255813953487,0.1744186046511628,1.0,5.548387096774194,1.0,0.14298269334775554,inf,0.9929577464788731,0.9677419354838712,1.0,0.9838709677419355
LEVEL:WARNING,EVT:E36|LEVEL:INFO,0.18023255813953487,0.1744186046511628,0.1744186046511628,0.9677419354838711,5.548387096774194,1.0,0.14298269334775554,25.593023255814064,1.0,0.9677419354838712,0.9609268514311678,0.9838709677419355
FLAG:FAILURE|HOUR:00,EVT:E42,0.18023255813953487,0.1744186046511628,0.1744186046511628,0.9677419354838711,5.548387096774194,1.0,0.14298269334775554,25.593023255814064,1.0,0.9677419354838712,0.9609268514311678,0.9838709677419355
EVT:E42|HOUR:00,FLAG:FAILURE,0.1744186046511628,0.18023255813953487,0.1744186046511628,1.0,5.548387096774194,1.0,0.14298269334775554,inf,0.9929577464788731,0.9677419354838712,1.0,0.9838709677419355
FLAG:FAILURE,EVT:E42|HOUR:00,0.18023255813953487,0.1744186046511628,0.1744186046511628,0.9677419354838711,5.548387096774194,1.0,0.14298269334775554,25.593023255814064,1.0,0.9677419354838712,0.9609268514311678,0.9838709677419355
EVT:E42,FLAG:FAILURE|HOUR:00,0.1744186046511628,0.18023255813953487,0.1744186046511628,1.0,5.548387096774194,1.0,0.14298269334775554,inf,0.9929577464788731,0.9677419354838712,1.0,0.9838709677419355
FLAG:FAILURE|LEVEL:INFO,EVT:E42,0.18023255813953487,0.1744186046511628,0.1744186046511628,0.9677419354838711,5.548387096774194,1.0,0.14298269334775554,25.593023255814064,1.0,0.9677419354838712,0.9609268514311678,0.9838709677419355
EVT:E42|LEVEL:INFO,FLAG:FAILURE,0.1744186046511628,0.18023255813953487,0.1744186046511628,1.0,5.548387096774194,1.0,0.14298269334775554,inf,0.9929577464788731,0.9677419354838712,1.0,0.9838709677419355
FLAG:FAILURE,EVT:E42|LEVEL:INFO,0.18023255813953487,0.1744186046511628,0.1744186046511628,0.9677419354838711,5.548387096774194,1.0,0.14298269334775554,25.593023255814064,1.0,0.9677419354838712,0.9609268514311678,0.9838709677419355
EVT:E42,FLAG:FAILURE|LEVEL:INFO,0.1744186046511628,0.18023255813953487,0.1744186046511628,1.0,5.548387096774194,1.0,0.14298269334775554,inf,0.9929577464788731,0.9677419354838712,1.0,0.9838709677419355
EVT:E42|FLAG:FAILURE,LEVEL:WARNING,0.1744186046511628,0.18023255813953487,0.1744186046511628,1.0,5.548387096774194,1.0,0.14298269334775554,inf,0.9929577464788731,0.9677419354838712,1.0,0.9838709677419355
FLAG:FAILURE|LEVEL:WARNING,EVT:E42,0.18023255813953487,0.1744186046511628,0.1744186046511628,0.9677419354838711,5.548387096774194,1.0,0.14298269334775554,25.593023255814064,1.0,0.9677419354838712,0.9609268514311678,0.9838709677419355
EVT:E42|LEVEL:WARNING,FLAG:FAILURE,0.1744186046511628,0.18023255813953487,0.1744186046511628,1.0,5.548387096774194,1.0,0.14298269334775554,inf,0.9929577464788731,0.9677419354838712,1.0,0.9838709677419355
FLAG:FAILURE,EVT:E42|LEVEL:WARNING,0.18023255813953487,0.1744186046511628,0.1744186046511628,0.9677419354838711,5.548387096774194,1.0,0.14298269334775554,25.593023255814064,1.0,0.9677419354838712,0.9609268514311678,0.9838709677419355
EVT:E42,FLAG:FAILURE|LEVEL:WARNING,0.1744186046511628,0.18023255813953487,0.1744186046511628,1.0,5.548387096774194,1.0,0.14298269334775554,inf,0.9929577464788731,0.9677419354838712,1.0,0.9838709677419355
LEVEL:WARNING,EVT:E42|FLAG:FAILURE,0.18023255813953487,0.1744186046511628,0.1744186046511628,0.9677419354838711,5.548387096774194,1.0,0.14298269334775554,25.593023255814064,1.0,0.9677419354838712,0.9609268514311678,0.9838709677419355
EVT:E42|HOUR:00,LEVEL:WARNING,0.1744186046511628,0.18023255813953487,0.1744186046511628,1.0,5.548387096774194,1.0,0.14298269334775554,inf,0.9929577464788731,0.9677419354838712,1.0,0.9838709677419355
HOUR:00|LEVEL:WARNING,EVT:E42,0.18023255813953487,0.1744186046511628,0.1744186046511628,0.9677419354838711,5.548387096774194,1.0,0.14298269334775554,25.593023255814064,1.0,0.9677419354838712,0.9609268514311678,0.9838709677419355
EVT:E42,HOUR:00|LEVEL:WARNING,0.1744186046511628,0.18023255813953487,0.1744186046511628,1.0,5.548387096774194,1.0,0.14298269334775554,inf,0.9929577464788731,0.9677419354838712,1.0,0.9838709677419355
LEVEL:WARNING,EVT:E42|HOUR:00,0.18023255813953487,0.1744186046511628,0.1744186046511628,0.9677419354838711,5.548387096774194,1.0,0.14298269334775554,25.593023255814064,1.0,0.9677419354838712,0.9609268514311678,0.9838709677419355
EVT:E42|LEVEL:INFO,LEVEL:WARNING,0.1744186046511628,0.18023255813953487,0.1744186046511628,1.0,5.548387096774194,1.0,0.14298269334775554,inf,0.9929577464788731,0.9677419354838712,1.0,0.9838709677419355
LEVEL:INFO|LEVEL:WARNING,EVT:E42,0.18023255813953487,0.1744186046511628,0.1744186046511628,0.9677419354838711,5.548387096774194,1.0,0.14298269334775554,25.593023255814064,1.0,0.9677419354838712,0.9609268514311678,0.9838709677419355
EVT:E42,LEVEL:INFO|LEVEL:WARNING,0.1744186046511628,0.18023255813953487,0.1744186046511628,1.0,5.548387096774194,1.0,0.14298269334775554,inf,0.9929577464788731,0.9677419354838712,1.0,0.9838709677419355
LEVEL:WARNING,EVT:E42|LEVEL:INFO,0.18023255813953487,0.1744186046511628,0.1744186046511628,0.9677419354838711,5.548387096774194,1.0,0.14298269334775554,25.593023255814064,1.0,0.9677419354838712,0.9609268514311678,0.9838709677419355
FLAG:FAILURE|HOUR:00,LEVEL:WARNING,0.18023255813953487,0.18023255813953487,0.18023255813953487,1.0,5.548387096774194,1.0,0.14774878312601405,inf,1.0,1.0,1.0,1.0
HOUR:00|LEVEL:WARNING,FLAG:FAILURE,0.18023255813953487,0.18023255813953487,0.18023255813953487,1.0,5.548387096774194,1.0,0.14774878312601405,inf,1.0,1.0,1.0,1.0
FLAG:FAILURE,HOUR:00|LEVEL:WARNING,0.18023255813953487,0.18023255813953487,0.18023255813953487,1.0,5.548387096774194,1.0,0.14774878312601405,inf,1.0,1.0,1.0,1.0
LEVEL:WARNING,FLAG:FAILURE|HOUR:00,0.18023255813953487,0.18023255813953487,0.18023255813953487,1.0,5.548387096774194,1.0,0.14774878312601405,inf,1.0,1.0,1.0,1.0
FLAG:FAILURE|LEVEL:INFO,LEVEL:WARNING,0.18023255813953487,0.18023255813953487,0.18023255813953487,1.0,5.548387096774194,1.0,0.14774878312601405,inf,1.0,1.0,1.0,1.0
LEVEL:INFO|LEVEL:WARNING,FLAG:FAILURE,0.18023255813953487,0.18023255813953487,0.18023255813953487,1.0,5.548387096774194,1.0,0.14774878312601405,inf,1.0,1.0,1.0,1.0
FLAG:FAILURE,LEVEL:INFO|LEVEL:WARNING,0.18023255813953487,0.18023255813953487,0.18023255813953487,1.0,5.548387096774194,1.0,0.14774878312601405,inf,1.0,1.0,1.0,1.0
LEVEL:WARNING,FLAG:FAILURE|LEVEL:INFO,0.18023255813953487,0.18023255813953487,0.18023255813953487,1.0,5.548387096774194,1.0,0.14774878312601405,inf,1.0,1.0,1.0,1.0
