support,itemsets
1.0,LEVEL:WARNING
1.0,LEVEL:INFO
1.0,KW:spawn
1.0,KW:exception
1.0,KW:delete
1.0,KW:build
1.0,HOUR:00
1.0,FLAG:FAILURE
1.0,EVT:E9
1.0,EVT:E8
1.0,EVT:E7
1.0,EVT:E6
1.0,EVT:E5
1.0,EVT:E42
1.0,EVT:E41
1.0,EVT:E4
1.0,EVT:E37
1.0,EVT:E36
1.0,EVT:E35
1.0,EVT:E34
1.0,EVT:E33
1.0,EVT:E32
1.0,EVT:E31
1.0,EVT:E30
1.0,EVT:E3
1.0,EVT:E28
1.0,EVT:E27
1.0,EVT:E25
1.0,EVT:E26
1.0,EVT:E24
1.0,EVT:E23
1.0,EVT:E2
1.0,EVT:E22
1.0,EVT:E21
1.0,EVT:E20
1.0,EVT:E18
1.0,EVT:E19
1.0,EVT:E17
1.0,EVT:E16
1.0,COMP:wsgi_server
1.0,EVT:E15
1.0,EVT:E14
1.0,EVT:E13
1.0,EVT:E12
1.0,EVT:E11
1.0,EVT:E10
1.0,EVT:E1
1.0,COMP:compute_server_external_events
1.0,COMP:openstack_wsgi
1.0,COMP:libvirt_imagecache
1.0,COMP:libvirt_driver
1.0,COMP:compute_manager
1.0,COMP:compute_resource_tracker
1.0,COMP:compute_claims
0.6,EVT:E29
1.0,LEVEL:INFO|LEVEL:WARNING
1.0,KW:spawn|LEVEL:WARNING
1.0,KW:exception|LEVEL:WARNING
1.0,KW:delete|LEVEL:WARNING
1.0,KW:build|LEVEL:WARNING
1.0,HOUR:00|LEVEL:WARNING
1.0,FLAG:FAILURE|LEVEL:WARNING
1.0,EVT:E9|LEVEL:WARNING
1.0,EVT:E8|LEVEL:WARNING
1.0,EVT:E7|LEVEL:WARNING
1.0,EVT:E6|LEVEL:WARNING
1.0,EVT:E5|LEVEL:WARNING
1.0,EVT:E42|LEVEL:WARNING
1.0,EVT:E41|LEVEL:WARNING
1.0,EVT:E4|LEVEL:WARNING
1.0,EVT:E37|LEVEL:WARNING
1.0,EVT:E36|LEVEL:WARNING
1.0,EVT:E35|LEVEL:WARNING
1.0,EVT:E34|LEVEL:WARNING
1.0,EVT:E33|LEVEL:WARNING
1.0,EVT:E32|LEVEL:WARNING
1.0,EVT:E31|LEVEL:WARNING
1.0,EVT:E30|LEVEL:WARNING
1.0,EVT:E3|LEVEL:WARNING
1.0,EVT:E28|LEVEL:WARNING
1.0,EVT:E27|LEVEL:WARNING
1.0,EVT:E25|LEVEL:WARNING
1.0,EVT:E26|LEVEL:WARNING
1.0,EVT:E24|LEVEL:WARNING
1.0,EVT:E23|LEVEL:WARNING
1.0,EVT:E2|LEVEL:WARNING
1.0,EVT:E22|LEVEL:WARNING
1.0,EVT:E21|LEVEL:WARNING
1.0,EVT:E20|LEVEL:WARNING
1.0,EVT:E18|LEVEL:WARNING
1.0,EVT:E19|LEVEL:WARNING
1.0,EVT:E17|LEVEL:WARNING
1.0,EVT:E16|LEVEL:WARNING
1.0,COMP:wsgi_server|LEVEL:WARNING
1.0,EVT:E15|LEVEL:WARNING
1.0,EVT:E14|LEVEL:WARNING
1.0,EVT:E13|LEVEL:WARNING
1.0,EVT:E12|LEVEL:WARNING
1.0,EVT:E11|LEVEL:WARNING
1.0,EVT:E10|LEVEL:WARNING
1.0,EVT:E1|LEVEL:WARNING
1.0,COMP:compute_server_external_events|LEVEL:WARNING
1.0,COMP:openstack_wsgi|LEVEL:WARNING
1.0,COMP:libvirt_imagecache|LEVEL:WARNING
1.0,COMP:libvirt_driver|LEVEL:WARNING
1.0,COMP:compute_manager|LEVEL:WARNING
1.0,COMP:compute_resource_tracker|LEVEL:WARNING
1.0,COMP:compute_claims|LEVEL:WARNING
0.6,EVT:E29|LEVEL:WARNING
1.0,KW:spawn|LEVEL:INFO
1.0,KW:exception|LEVEL:INFO
1.0,KW:delete|LEVEL:INFO
1.0,KW:build|LEVEL:INFO
1.0,HOUR:00|LEVEL:INFO
1.0,FLAG:FAILURE|LEVEL:INFO
1.0,EVT:E9|LEVEL:INFO
1.0,EVT:E8|LEVEL:INFO
1.0,EVT:E7|LEVEL:INFO
1.0,EVT:E6|LEVEL:INFO
1.0,EVT:E5|LEVEL:INFO
1.0,EVT:E42|LEVEL:INFO
1.0,EVT:E41|LEVEL:INFO
1.0,EVT:E4|LEVEL:INFO
1.0,EVT:E37|LEVEL:INFO
1.0,EVT:E36|LEVEL:INFO
1.0,EVT:E35|LEVEL:INFO
1.0,EVT:E34|LEVEL:INFO
1.0,EVT:E33|LEVEL:INFO
1.0,EVT:E32|LEVEL:INFO
1.0,EVT:E31|LEVEL:INFO
1.0,EVT:E30|LEVEL:INFO
1.0,EVT:E3|LEVEL:INFO
1.0,EVT:E28|LEVEL:INFO
1.0,EVT:E27|LEVEL:INFO
1.0,EVT:E25|LEVEL:INFO
1.0,EVT:E26|LEVEL:INFO
1.0,EVT:E24|LEVEL:INFO
1.0,EVT:E23|LEVEL:INFO
1.0,EVT:E2|LEVEL:INFO
1.0,EVT:E22|LEVEL:INFO
1.0,EVT:E21|LEVEL:INFO
1.0,EVT:E20|LEVEL:INFO
1.0,EVT:E18|LEVEL:INFO
1.0,EVT:E19|LEVEL:INFO
1.0,EVT:E17|LEVEL:INFO
1.0,EVT:E16|LEVEL:INFO
1.0,COMP:wsgi_server|LEVEL:INFO
1.0,EVT:E15|LEVEL:INFO
1.0,EVT:E14|LEVEL:INFO
1.0,EVT:E13|LEVEL:INFO
1.0,EVT:E12|LEVEL:INFO
1.0,EVT:E11|LEVEL:INFO
1.0,EVT:E10|LEVEL:INFO
1.0,EVT:E1|LEVEL:INFO
1.0,COMP:compute_server_external_events|LEVEL:INFO
1.0,COMP:openstack_wsgi|LEVEL:INFO
1.0,COMP:libvirt_imagecache|LEVEL:INFO
1.0,COMP:libvirt_driver|LEVEL:INFO
1.0,COMP:compute_manager|LEVEL:INFO
1.0,COMP:compute_resource_tracker|LEVEL:INFO
1.0,COMP:compute_claims|LEVEL:INFO
0.6,EVT:E29|LEVEL:INFO
1.0,KW:exception|KW:spawn
1.0,KW:delete|KW:spawn
1.0,KW:build|KW:spawn
1.0,HOUR:00|KW:spawn
1.0,FLAG:FAILURE|KW:spawn
1.0,EVT:E9|KW:spawn
1.0,EVT:E8|KW:spawn
1.0,EVT:E7|KW:spawn
1.0,EVT:E6|KW:spawn
1.0,EVT:E5|KW:spawn
1.0,EVT:E42|KW:spawn
1.0,EVT:E41|KW:spawn
1.0,EVT:E4|KW:spawn
1.0,EVT:E37|KW:spawn
1.0,EVT:E36|KW:spawn
1.0,EVT:E35|KW:spawn
1.0,EVT:E34|KW:spawn
1.0,EVT:E33|KW:spawn
1.0,EVT:E32|KW:spawn
1.0,EVT:E31|KW:spawn
1.0,EVT:E30|KW:spawn
1.0,EVT:E3|KW:spawn
1.0,EVT:E28|KW:spawn
1.0,EVT:E27|KW:spawn
1.0,EVT:E25|KW:spawn
1.0,EVT:E26|KW:spawn
1.0,EVT:E24|KW:spawn
1.0,EVT:E23|KW:spawn
1.0,EVT:E2|KW:spawn
1.0,EVT:E22|KW:spawn
1.0,EVT:E21|KW:spawn
1.0,EVT:E20|KW:spawn
1.0,EVT:E18|KW:spawn
1.0,EVT:E19|KW:spawn
1.0,EVT:E17|KW:spawn
1.0,EVT:E16|KW:spawn
1.0,COMP:wsgi_server|KW:spawn
1.0,EVT:E15|KW:spawn
1.0,EVT:E14|KW:spawn
1.0,EVT:E13|KW:spawn
1.0,EVT:E12|KW:spawn
1.0,EVT:E11|KW:spawn
1.0,EVT:E10|KW:spawn
1.0,EVT:E1|KW:spawn
1.0,COMP:compute_server_external_events|KW:spawn
1.0,COMP:openstack_wsgi|KW:spawn
1.0,COMP:libvirt_imagecache|KW:spawn
1.0,COMP:libvirt_driver|KW:spawn
1.0,COMP:compute_manager|KW:spawn
1.0,COMP:compute_resource_tracker|KW:spawn
1.0,COMP:compute_claims|KW:spawn
0.6,EVT:E29|KW:spawn
1.0,KW:delete|KW:exception
1.0,KW:build|KW:exception
1.0,HOUR:00|KW:exception
1.0,FLAG:FAILURE|KW:exception
1.0,EVT:E9|KW:exception
1.0,EVT:E8|KW:exception
1.0,EVT:E7|KW:exception
1.0,EVT:E6|KW:exception
1.0,EVT:E5|KW:exception
1.0,EVT:E42|KW:exception
1.0,EVT:E41|KW:exception
1.0,EVT:E4|KW:exception
1.0,EVT:E37|KW:exception
1.0,EVT:E36|KW:exception
1.0,EVT:E35|KW:exception
1.0,EVT:E34|KW:exception
1.0,EVT:E33|KW:exception
1.0,EVT:E32|KW:exception
1.0,EVT:E31|KW:exception
1.0,EVT:E30|KW:exception
1.0,EVT:E3|KW:exception
1.0,EVT:E28|KW:exception
1.0,EVT:E27|KW:exception
1.0,EVT:E25|KW:exception
1.0,EVT:E26|KW:exception
1.0,EVT:E24|KW:exception
1.0,EVT:E23|KW:exception
1.0,EVT:E2|KW:exception
1.0,EVT:E22|KW:exception
1.0,EVT:E21|KW:exception
1.0,EVT:E20|KW:exception
1.0,EVT:E18|KW:exception
1.0,EVT:E19|KW:exception
1.0,EVT:E17|KW:exception
1.0,EVT:E16|KW:exception
1.0,COMP:wsgi_server|KW:exception
1.0,EVT:E15|KW:exception
1.0,EVT:E14|KW:exception
1.0,EVT:E13|KW:exception
1.0,EVT:E12|KW:exception
1.0,EVT:E11|KW:exception
1.0,EVT:E10|KW:exception
1.0,EVT:E1|KW:exception
1.0,COMP:compute_server_external_events|KW:exception
1.0,COMP:openstack_wsgi|KW:exception
1.0,COMP:libvirt_imagecache|KW:exception
1.0,COMP:libvirt_driver|KW:exception
1.0,COMP:compute_manager|KW:exception
1.0,COMP:compute_resource_tracker|KW:exception
1.0,COMP:compute_claims|KW:exception
0.6,EVT:E29|KW:exception
1.0,KW:build|KW:delete
1.0,HOUR:00|KW:delete
1.0,FLAG:FAILURE|KW:delete
1.0,EVT:E9|KW:delete
1.0,EVT:E8|KW:delete
1.0,EVT:E7|KW:delete
1.0,EVT:E6|KW:delete
1.0,EVT:E5|KW:delete
1.0,EVT:E42|KW:delete
1.0,EVT:E41|KW:delete
1.0,EVT:E4|KW:delete
1.0,EVT:E37|KW:delete
1.0,EVT:E36|KW:delete
1.0,EVT:E35|KW:delete
1.0,EVT:E34|KW:delete
1.0,EVT:E33|KW:delete
1.0,EVT:E32|KW:delete
1.0,EVT:E31|KW:delete
1.0,EVT:E30|KW:delete
1.0,EVT:E3|KW:delete
1.0,EVT:E28|KW:delete
1.0,EVT:E27|KW:delete
1.0,EVT:E25|KW:delete
1.0,EVT:E26|KW:delete
1.0,EVT:E24|KW:delete
1.0,EVT:E23|KW:delete
1.0,EVT:E2|KW:delete
1.0,EVT:E22|KW:delete
1.0,EVT:E21|KW:delete
1.0,EVT:E20|KW:delete
1.0,EVT:E18|KW:delete
1.0,EVT:E19|KW:delete
1.0,EVT:E17|KW:delete
1.0,EVT:E16|KW:delete
1.0,COMP:wsgi_server|KW:delete
1.0,EVT:E15|KW:delete
1.0,EVT:E14|KW:delete
1.0,EVT:E13|KW:delete
1.0,EVT:E12|KW:delete
1.0,EVT:E11|KW:delete
1.0,EVT:E10|KW:delete
1.0,EVT:E1|KW:delete
1.0,COMP:compute_server_external_events|KW:delete
1.0,COMP:openstack_wsgi|KW:delete
1.0,COMP:libvirt_imagecache|KW:delete
1.0,COMP:libvirt_driver|KW:delete
1.0,COMP:compute_manager|KW:delete
1.0,COMP:compute_resource_tracker|KW:delete
1.0,COMP:compute_claims|KW:delete
0.6,EVT:E29|KW:delete
1.0,HOUR:00|KW:build
1.0,FLAG:FAILURE|KW:build
1.0,EVT:E9|KW:build
1.0,EVT:E8|KW:build
1.0,EVT:E7|KW:build
1.0,EVT:E6|KW:build
1.0,EVT:E5|KW:build
1.0,EVT:E42|KW:build
1.0,EVT:E41|KW:build
1.0,EVT:E4|KW:build
1.0,EVT:E37|KW:build
1.0,EVT:E36|KW:build
1.0,EVT:E35|KW:build
1.0,EVT:E34|KW:build
1.0,EVT:E33|KW:build
1.0,EVT:E32|KW:build
1.0,EVT:E31|KW:build
1.0,EVT:E30|KW:build
1.0,EVT:E3|KW:build
1.0,EVT:E28|KW:build
1.0,EVT:E27|KW:build
1.0,EVT:E25|KW:build
1.0,EVT:E26|KW:build
1.0,EVT:E24|KW:build
1.0,EVT:E23|KW:build
1.0,EVT:E2|KW:build
1.0,EVT:E22|KW:build
1.0,EVT:E21|KW:build
1.0,EVT:E20|KW:build
1.0,EVT:E18|KW:build
1.0,EVT:E19|KW:build
1.0,EVT:E17|KW:build
1.0,EVT:E16|KW:build
1.0,COMP:wsgi_server|KW:build
1.0,EVT:E15|KW:build
1.0,EVT:E14|KW:build
1.0,EVT:E13|KW:build
1.0,EVT:E12|KW:build
1.0,EVT:E11|KW:build
1.0,EVT:E10|KW:build
1.0,EVT:E1|KW:build
1.0,COMP:compute_server_external_events|KW:build
1.0,COMP:openstack_wsgi|KW:build
1.0,COMP:libvirt_imagecache|KW:build
1.0,COMP:libvirt_driver|KW:build
1.0,COMP:compute_manager|KW:build
1.0,COMP:compute_resource_tracker|KW:build
1.0,COMP:compute_claims|KW:build
0.6,EVT:E29|KW:build
1.0,FLAG:FAILURE|HOUR:00
1.0,EVT:E9|HOUR:00
1.0,EVT:E8|HOUR:00
1.0,EVT:E7|HOUR:00
1.0,EVT:E6|HOUR:00
1.0,EVT:E5|HOUR:00
1.0,EVT:E42|HOUR:00
1.0,EVT:E41|HOUR:00
1.0,EVT:E4|HOUR:00
1.0,EVT:E37|HOUR:00
1.0,EVT:E36|HOUR:00
1.0,EVT:E35|HOUR:00
1.0,EVT:E34|HOUR:00
1.0,EVT:E33|HOUR:00
1.0,EVT:E32|HOUR:00
1.0,EVT:E31|HOUR:00
1.0,EVT:E30|HOUR:00
1.0,EVT:E3|HOUR:00
1.0,EVT:E28|HOUR:00
1.0,EVT:E27|HOUR:00
1.0,EVT:E25|HOUR:00
1.0,EVT:E26|HOUR:00
1.0,EVT:E24|HOUR:00
1.0,EVT:E23|HOUR:00
1.0,EVT:E2|HOUR:00
1.0,EVT:E22|HOUR:00
1.0,EVT:E21|HOUR:00
1.0,EVT:E20|HOUR:00
1.0,EVT:E18|HOUR:00
1.0,EVT:E19|HOUR:00
1.0,EVT:E17|HOUR:00
1.0,EVT:E16|HOUR:00
1.0,COMP:wsgi_server|HOUR:00
1.0,EVT:E15|HOUR:00
1.0,EVT:E14|HOUR:00
1.0,EVT:E13|HOUR:00
1.0,EVT:E12|HOUR:00
1.0,EVT:E11|HOUR:00
1.0,EVT:E10|HOUR:00
1.0,EVT:E1|HOUR:00
1.0,COMP:compute_server_external_events|HOUR:00
1.0,COMP:openstack_wsgi|HOUR:00
1.0,COMP:libvirt_imagecache|HOUR:00
1.0,COMP:libvirt_driver|HOUR:00
1.0,COMP:compute_manager|HOUR:00
1.0,COMP:compute_resource_tracker|HOUR:00
1.0,COMP:compute_claims|HOUR:00
0.6,EVT:E29|HOUR:00
1.0,EVT:E9|FLAG:FAILURE
1.0,EVT:E8|FLAG:FAILURE
1.0,EVT:E7|FLAG:FAILURE
1.0,EVT:E6|FLAG:FAILURE
1.0,EVT:E5|FLAG:FAILURE
1.0,EVT:E42|FLAG:FAILURE
1.0,EVT:E41|FLAG:FAILURE
1.0,EVT:E4|FLAG:FAILURE
1.0,EVT:E37|FLAG:FAILURE
1.0,EVT:E36|FLAG:FAILURE
1.0,EVT:E35|FLAG:FAILURE
1.0,EVT:E34|FLAG:FAILURE
1.0,EVT:E33|FLAG:FAILURE
1.0,EVT:E32|FLAG:FAILURE
1.0,EVT:E31|FLAG:FAILURE
1.0,EVT:E30|FLAG:FAILURE
1.0,EVT:E3|FLAG:FAILURE
1.0,EVT:E28|FLAG:FAILURE
1.0,EVT:E27|FLAG:FAILURE
1.0,EVT:E25|FLAG:FAILURE
1.0,EVT:E26|FLAG:FAILURE
1.0,EVT:E24|FLAG:FAILURE
1.0,EVT:E23|FLAG:FAILURE
1.0,EVT:E2|FLAG:FAILURE
1.0,EVT:E22|FLAG:FAILURE
1.0,EVT:E21|FLAG:FAILURE
1.0,EVT:E20|FLAG:FAILURE
1.0,EVT:E18|FLAG:FAILURE
1.0,EVT:E19|FLAG:FAILURE
1.0,EVT:E17|FLAG:FAILURE
1.0,EVT:E16|FLAG:FAILURE
1.0,COMP:wsgi_server|FLAG:FAILURE
1.0,EVT:E15|FLAG:FAILURE
1.0,EVT:E14|FLAG:FAILURE
1.0,EVT:E13|FLAG:FAILURE
1.0,EVT:E12|FLAG:FAILURE
1.0,EVT:E11|FLAG:FAILURE
1.0,EVT:E10|FLAG:FAILURE
1.0,EVT:E1|FLAG:FAILURE
1.0,COMP:compute_server_external_events|FLAG:FAILURE
1.0,COMP:openstack_wsgi|FLAG:FAILURE
1.0,COMP:libvirt_imagecache|FLAG:FAILURE
1.0,COMP:libvirt_driver|FLAG:FAILURE
1.0,COMP:compute_manager|FLAG:FAILURE
1.0,COMP:compute_resource_tracker|FLAG:FAILURE
1.0,COMP:compute_claims|FLAG:FAILURE
0.6,EVT:E29|FLAG:FAILURE
1.0,EVT:E8|EVT:E9
1.0,EVT:E7|EVT:E9
1.0,EVT:E6|EVT:E9
1.0,EVT:E5|EVT:E9
1.0,EVT:E42|EVT:E9
1.0,EVT:E41|EVT:E9
1.0,EVT:E4|EVT:E9
1.0,EVT:E37|EVT:E9
1.0,EVT:E36|EVT:E9
1.0,EVT:E35|EVT:E9
1.0,EVT:E34|EVT:E9
1.0,EVT:E33|EVT:E9
1.0,EVT:E32|EVT:E9
1.0,EVT:E31|EVT:E9
1.0,EVT:E30|EVT:E9
1.0,EVT:E3|EVT:E9
1.0,EVT:E28|EVT:E9
1.0,EVT:E27|EVT:E9
1.0,EVT:E25|EVT:E9
1.0,EVT:E26|EVT:E9
1.0,EVT:E24|EVT:E9
1.0,EVT:E23|EVT:E9
1.0,EVT:E2|EVT:E9
1.0,EVT:E22|EVT:E9
1.0,EVT:E21|EVT:E9
1.0,EVT:E20|EVT:E9
1.0,EVT:E18|EVT:E9
1.0,EVT:E19|EVT:E9
1.0,EVT:E17|EVT:E9
1.0,EVT:E16|EVT:E9
1.0,COMP:wsgi_server|EVT:E9
1.0,EVT:E15|EVT:E9
1.0,EVT:E14|EVT:E9
1.0,EVT:E13|EVT:E9
1.0,EVT:E12|EVT:E9
1.0,EVT:E11|EVT:E9
1.0,EVT:E10|EVT:E9
1.0,EVT:E1|EVT:E9
1.0,COMP:compute_server_external_events|EVT:E9
1.0,COMP:openstack_wsgi|EVT:E9
1.0,COMP:libvirt_imagecache|EVT:E9
1.0,COMP:libvirt_driver|EVT:E9
1.0,COMP:compute_manager|EVT:E9
1.0,COMP:compute_resource_tracker|EVT:E9
1.0,COMP:compute_claims|EVT:E9
0.6,EVT:E29|EVT:E9
1.0,EVT:E7|EVT:E8
1.0,EVT:E6|EVT:E8
1.0,EVT:E5|EVT:E8
1.0,EVT:E42|EVT:E8
1.0,EVT:E41|EVT:E8
1.0,EVT:E4|EVT:E8
1.0,EVT:E37|EVT:E8
1.0,EVT:E36|EVT:E8
1.0,EVT:E35|EVT:E8
1.0,EVT:E34|EVT:E8
1.0,EVT:E33|EVT:E8
1.0,EVT:E32|EVT:E8
1.0,EVT:E31|EVT:E8
1.0,EVT:E30|EVT:E8
1.0,EVT:E3|EVT:E8
1.0,EVT:E28|EVT:E8
1.0,EVT:E27|EVT:E8
1.0,EVT:E25|EVT:E8
1.0,EVT:E26|EVT:E8
1.0,EVT:E24|EVT:E8
1.0,EVT:E23|EVT:E8
1.0,EVT:E2|EVT:E8
1.0,EVT:E22|EVT:E8
1.0,EVT:E21|EVT:E8
1.0,EVT:E20|EVT:E8
1.0,EVT:E18|EVT:E8
1.0,EVT:E19|EVT:E8
1.0,EVT:E17|EVT:E8
1.0,EVT:E16|EVT:E8
1.0,COMP:wsgi_server|EVT:E8
1.0,EVT:E15|EVT:E8
1.0,EVT:E14|EVT:E8
1.0,EVT:E13|EVT:E8
1.0,EVT:E12|EVT:E8
1.0,EVT:E11|EVT:E8
1.0,EVT:E10|EVT:E8
1.0,EVT:E1|EVT:E8
1.0,COMP:compute_server_external_events|EVT:E8
1.0,COMP:openstack_wsgi|EVT:E8
1.0,COMP:libvirt_imagecache|EVT:E8
1.0,COMP:libvirt_driver|EVT:E8
1.0,COMP:compute_manager|EVT:E8
1.0,COMP:compute_resource_tracker|EVT:E8
1.0,COMP:compute_claims|EVT:E8
0.6,EVT:E29|EVT:E8
1.0,EVT:E6|EVT:E7
1.0,EVT:E5|EVT:E7
1.0,EVT:E42|EVT:E7
1.0,EVT:E41|EVT:E7
1.0,EVT:E4|EVT:E7
1.0,EVT:E37|EVT:E7
1.0,EVT:E36|EVT:E7
1.0,EVT:E35|EVT:E7
1.0,EVT:E34|EVT:E7
1.0,EVT:E33|EVT:E7
1.0,EVT:E32|EVT:E7
1.0,EVT:E31|EVT:E7
1.0,EVT:E30|EVT:E7
1.0,EVT:E3|EVT:E7
1.0,EVT:E28|EVT:E7
1.0,EVT:E27|EVT:E7
1.0,EVT:E25|EVT:E7
1.0,EVT:E26|EVT:E7
1.0,EVT:E24|EVT:E7
1.0,EVT:E23|EVT:E7
1.0,EVT:E2|EVT:E7
1.0,EVT:E22|EVT:E7
1.0,EVT:E21|EVT:E7
1.0,EVT:E20|EVT:E7
1.0,EVT:E18|EVT:E7
1.0,EVT:E19|EVT:E7
1.0,EVT:E17|EVT:E7
1.0,EVT:E16|EVT:E7
1.0,COMP:wsgi_server|EVT:E7
1.0,EVT:E15|EVT:E7
1.0,EVT:E14|EVT:E7
1.0,EVT:E13|EVT:E7
1.0,EVT:E12|EVT:E7
1.0,EVT:E11|EVT:E7
1.0,EVT:E10|EVT:E7
1.0,EVT:E1|EVT:E7
1.0,COMP:compute_server_external_events|EVT:E7
1.0,COMP:openstack_wsgi|EVT:E7
1.0,COMP:libvirt_imagecache|EVT:E7
1.0,COMP:libvirt_driver|EVT:E7
1.0,COMP:compute_manager|EVT:E7
1.0,COMP:compute_resource_tracker|EVT:E7
1.0,COMP:compute_claims|EVT:E7
0.6,EVT:E29|EVT:E7
1.0,EVT:E5|EVT:E6
1.0,EVT:E42|EVT:E6
1.0,EVT:E41|EVT:E6
1.0,EVT:E4|EVT:E6
1.0,EVT:E37|EVT:E6
1.0,EVT:E36|EVT:E6
1.0,EVT:E35|EVT:E6
1.0,EVT:E34|EVT:E6
1.0,EVT:E33|EVT:E6
1.0,EVT:E32|EVT:E6
1.0,EVT:E31|EVT:E6
1.0,EVT:E30|EVT:E6
1.0,EVT:E3|EVT:E6
1.0,EVT:E28|EVT:E6
1.0,EVT:E27|EVT:E6
1.0,EVT:E25|EVT:E6
1.0,EVT:E26|EVT:E6
1.0,EVT:E24|EVT:E6
1.0,EVT:E23|EVT:E6
1.0,EVT:E2|EVT:E6
1.0,EVT:E22|EVT:E6
1.0,EVT:E21|EVT:E6
1.0,EVT:E20|EVT:E6
1.0,EVT:E18|EVT:E6
1.0,EVT:E19|EVT:E6
1.0,EVT:E17|EVT:E6
1.0,EVT:E16|EVT:E6
1.0,COMP:wsgi_server|EVT:E6
1.0,EVT:E15|EVT:E6
1.0,EVT:E14|EVT:E6
1.0,EVT:E13|EVT:E6
1.0,EVT:E12|EVT:E6
1.0,EVT:E11|EVT:E6
1.0,EVT:E10|EVT:E6
1.0,EVT:E1|EVT:E6
1.0,COMP:compute_server_external_events|EVT:E6
1.0,COMP:openstack_wsgi|EVT:E6
1.0,COMP:libvirt_imagecache|EVT:E6
1.0,COMP:libvirt_driver|EVT:E6
1.0,COMP:compute_manager|EVT:E6
1.0,COMP:compute_resource_tracker|EVT:E6
1.0,COMP:compute_claims|EVT:E6
0.6,EVT:E29|EVT:E6
1.0,EVT:E42|EVT:E5
1.0,EVT:E41|EVT:E5
1.0,EVT:E4|EVT:E5
1.0,EVT:E37|EVT:E5
1.0,EVT:E36|EVT:E5
1.0,EVT:E35|EVT:E5
1.0,EVT:E34|EVT:E5
1.0,EVT:E33|EVT:E5
1.0,EVT:E32|EVT:E5
1.0,EVT:E31|EVT:E5
1.0,EVT:E30|EVT:E5
1.0,EVT:E3|EVT:E5
1.0,EVT:E28|EVT:E5
1.0,EVT:E27|EVT:E5
1.0,EVT:E25|EVT:E5
1.0,EVT:E26|EVT:E5
1.0,EVT:E24|EVT:E5
1.0,EVT:E23|EVT:E5
1.0,EVT:E2|EVT:E5
1.0,EVT:E22|EVT:E5
1.0,EVT:E21|EVT:E5
1.0,EVT:E20|EVT:E5
1.0,EVT:E18|EVT:E5
1.0,EVT:E19|EVT:E5
1.0,EVT:E17|EVT:E5
1.0,EVT:E16|EVT:E5
1.0,COMP:wsgi_server|EVT:E5
1.0,EVT:E15|EVT:E5
1.0,EVT:E14|EVT:E5
1.0,EVT:E13|EVT:E5
1.0,EVT:E12|EVT:E5
1.0,EVT:E11|EVT:E5
1.0,EVT:E10|EVT:E5
1.0,EVT:E1|EVT:E5
1.0,COMP:compute_server_external_events|EVT:E5
1.0,COMP:openstack_wsgi|EVT:E5
1.0,COMP:libvirt_imagecache|EVT:E5
1.0,COMP:libvirt_driver|EVT:E5
1.0,COMP:compute_manager|EVT:E5
1.0,COMP:compute_resource_tracker|EVT:E5
1.0,COMP:compute_claims|EVT:E5
0.6,EVT:E29|EVT:E5
1.0,EVT:E41|EVT:E42
1.0,EVT:E4|EVT:E42
1.0,EVT:E37|EVT:E42
1.0,EVT:E36|EVT:E42
1.0,EVT:E35|EVT:E42
1.0,EVT:E34|EVT:E42
1.0,EVT:E33|EVT:E42
1.0,EVT:E32|EVT:E42
1.0,EVT:E31|EVT:E42
1.0,EVT:E30|EVT:E42
1.0,EVT:E3|EVT:E42
1.0,EVT:E28|EVT:E42
1.0,EVT:E27|EVT:E42
1.0,EVT:E25|EVT:E42
1.0,EVT:E26|EVT:E42
1.0,EVT:E24|EVT:E42
1.0,EVT:E23|EVT:E42
1.0,EVT:E2|EVT:E42
1.0,EVT:E22|EVT:E42
1.0,EVT:E21|EVT:E42
1.0,EVT:E20|EVT:E42
1.0,EVT:E18|EVT:E42
1.0,EVT:E19|EVT:E42
1.0,EVT:E17|EVT:E42
1.0,EVT:E16|EVT:E42
1.0,COMP:wsgi_server|EVT:E42
1.0,EVT:E15|EVT:E42
1.0,EVT:E14|EVT:E42
1.0,EVT:E13|EVT:E42
1.0,EVT:E12|EVT:E42
1.0,EVT:E11|EVT:E42
1.0,EVT:E10|EVT:E42
1.0,EVT:E1|EVT:E42
1.0,COMP:compute_server_external_events|EVT:E42
1.0,COMP:openstack_wsgi|EVT:E42
1.0,COMP:libvirt_imagecache|EVT:E42
1.0,COMP:libvirt_driver|EVT:E42
1.0,COMP:compute_manager|EVT:E42
1.0,COMP:compute_resource_tracker|EVT:E42
1.0,COMP:compute_claims|EVT:E42
0.6,EVT:E29|EVT:E42
1.0,EVT:E4|EVT:E41
1.0,EVT:E37|EVT:E41
1.0,EVT:E36|EVT:E41
1.0,EVT:E35|EVT:E41
1.0,EVT:E34|EVT:E41
1.0,EVT:E33|EVT:E41
1.0,EVT:E32|EVT:E41
1.0,EVT:E31|EVT:E41
1.0,EVT:E30|EVT:E41
1.0,EVT:E3|EVT:E41
1.0,EVT:E28|EVT:E41
1.0,EVT:E27|EVT:E41
1.0,EVT:E25|EVT:E41
1.0,EVT:E26|EVT:E41
1.0,EVT:E24|EVT:E41
1.0,EVT:E23|EVT:E41
1.0,EVT:E2|EVT:E41
1.0,EVT:E22|EVT:E41
1.0,EVT:E21|EVT:E41
1.0,EVT:E20|EVT:E41
1.0,EVT:E18|EVT:E41
1.0,EVT:E19|EVT:E41
1.0,EVT:E17|EVT:E41
1.0,EVT:E16|EVT:E41
1.0,COMP:wsgi_server|EVT:E41
1.0,EVT:E15|EVT:E41
1.0,EVT:E14|EVT:E41
1.0,EVT:E13|EVT:E41
1.0,EVT:E12|EVT:E41
1.0,EVT:E11|EVT:E41
1.0,EVT:E10|EVT:E41
1.0,EVT:E1|EVT:E41
1.0,COMP:compute_server_external_events|EVT:E41
1.0,COMP:openstack_wsgi|EVT:E41
1.0,COMP:libvirt_imagecache|EVT:E41
1.0,COMP:libvirt_driver|EVT:E41
1.0,COMP:compute_manager|EVT:E41
1.0,COMP:compute_resource_tracker|EVT:E41
1.0,COMP:compute_claims|EVT:E41
0.6,EVT:E29|EVT:E41
1.0,EVT:E37|EVT:E4
1.0,EVT:E36|EVT:E4
1.0,EVT:E35|EVT:E4
1.0,EVT:E34|EVT:E4
1.0,EVT:E33|EVT:E4
1.0,EVT:E32|EVT:E4
1.0,EVT:E31|EVT:E4
1.0,EVT:E30|EVT:E4
1.0,EVT:E3|EVT:E4
1.0,EVT:E28|EVT:E4
1.0,EVT:E27|EVT:E4
1.0,EVT:E25|EVT:E4
1.0,EVT:E26|EVT:E4
1.0,EVT:E24|EVT:E4
1.0,EVT:E23|EVT:E4
1.0,EVT:E2|EVT:E4
1.0,EVT:E22|EVT:E4
1.0,EVT:E21|EVT:E4
1.0,EVT:E20|EVT:E4
1.0,EVT:E18|EVT:E4
1.0,EVT:E19|EVT:E4
1.0,EVT:E17|EVT:E4
1.0,EVT:E16|EVT:E4
1.0,COMP:wsgi_server|EVT:E4
1.0,EVT:E15|EVT:E4
1.0,EVT:E14|EVT:E4
1.0,EVT:E13|EVT:E4
1.0,EVT:E12|EVT:E4
1.0,EVT:E11|EVT:E4
1.0,EVT:E10|EVT:E4
1.0,EVT:E1|EVT:E4
1.0,COMP:compute_server_external_events|EVT:E4
1.0,COMP:openstack_wsgi|EVT:E4
1.0,COMP:libvirt_imagecache|EVT:E4
1.0,COMP:libvirt_driver|EVT:E4
1.0,COMP:compute_manager|EVT:E4
1.0,COMP:compute_resource_tracker|EVT:E4
1.0,COMP:compute_claims|EVT:E4
0.6,EVT:E29|EVT:E4
1.0,EVT:E36|EVT:E37
1.0,EVT:E35|EVT:E37
1.0,EVT:E34|EVT:E37
1.0,EVT:E33|EVT:E37
1.0,EVT:E32|EVT:E37
1.0,EVT:E31|EVT:E37
1.0,EVT:E30|EVT:E37
1.0,EVT:E3|EVT:E37
1.0,EVT:E28|EVT:E37
1.0,EVT:E27|EVT:E37
1.0,EVT:E25|EVT:E37
1.0,EVT:E26|EVT:E37
1.0,EVT:E24|EVT:E37
1.0,EVT:E23|EVT:E37
1.0,EVT:E2|EVT:E37
1.0,EVT:E22|EVT:E37
1.0,EVT:E21|EVT:E37
1.0,EVT:E20|EVT:E37
1.0,EVT:E18|EVT:E37
1.0,EVT:E19|EVT:E37
1.0,EVT:E17|EVT:E37
1.0,EVT:E16|EVT:E37
1.0,COMP:wsgi_server|EVT:E37
1.0,EVT:E15|EVT:E37
1.0,EVT:E14|EVT:E37
1.0,EVT:E13|EVT:E37
1.0,EVT:E12|EVT:E37
1.0,EVT:E11|EVT:E37
1.0,EVT:E10|EVT:E37
1.0,EVT:E1|EVT:E37
1.0,COMP:compute_server_external_events|EVT:E37
1.0,COMP:openstack_wsgi|EVT:E37
1.0,COMP:libvirt_imagecache|EVT:E37
1.0,COMP:libvirt_driver|EVT:E37
1.0,COMP:compute_manager|EVT:E37
1.0,COMP:compute_resource_tracker|EVT:E37
1.0,COMP:compute_claims|EVT:E37
0.6,EVT:E29|EVT:E37
1.0,EVT:E35|EVT:E36
1.0,EVT:E34|EVT:E36
1.0,EVT:E33|EVT:E36
1.0,EVT:E32|EVT:E36
1.0,EVT:E31|EVT:E36
1.0,EVT:E30|EVT:E36
1.0,EVT:E3|EVT:E36
1.0,EVT:E28|EVT:E36
1.0,EVT:E27|EVT:E36
1.0,EVT:E25|EVT:E36
1.0,EVT:E26|EVT:E36
1.0,EVT:E24|EVT:E36
1.0,EVT:E23|EVT:E36
1.0,EVT:E2|EVT:E36
1.0,EVT:E22|EVT:E36
1.0,EVT:E21|EVT:E36
1.0,EVT:E20|EVT:E36
1.0,EVT:E18|EVT:E36
1.0,EVT:E19|EVT:E36
1.0,EVT:E17|EVT:E36
1.0,EVT:E16|EVT:E36
1.0,COMP:wsgi_server|EVT:E36
1.0,EVT:E15|EVT:E36
1.0,EVT:E14|EVT:E36
1.0,EVT:E13|EVT:E36
1.0,EVT:E12|EVT:E36
1.0,EVT:E11|EVT:E36
1.0,EVT:E10|EVT:E36
1.0,EVT:E1|EVT:E36
1.0,COMP:compute_server_external_events|EVT:E36
1.0,COMP:openstack_wsgi|EVT:E36
1.0,COMP:libvirt_imagecache|EVT:E36
1.0,COMP:libvirt_driver|EVT:E36
1.0,COMP:compute_manager|EVT:E36
1.0,COMP:compute_resource_tracker|EVT:E36
1.0,COMP:compute_claims|EVT:E36
0.6,EVT:E29|EVT:E36
1.0,EVT:E34|EVT:E35
1.0,EVT:E33|EVT:E35
1.0,EVT:E32|EVT:E35
1.0,EVT:E31|EVT:E35
1.0,EVT:E30|EVT:E35
1.0,EVT:E3|EVT:E35
1.0,EVT:E28|EVT:E35
1.0,EVT:E27|EVT:E35
1.0,EVT:E25|EVT:E35
1.0,EVT:E26|EVT:E35
1.0,EVT:E24|EVT:E35
1.0,EVT:E23|EVT:E35
1.0,EVT:E2|EVT:E35
1.0,EVT:E22|EVT:E35
1.0,EVT:E21|EVT:E35
1.0,EVT:E20|EVT:E35
1.0,EVT:E18|EVT:E35
1.0,EVT:E19|EVT:E35
1.0,EVT:E17|EVT:E35
1.0,EVT:E16|EVT:E35
1.0,COMP:wsgi_server|EVT:E35
1.0,EVT:E15|EVT:E35
1.0,EVT:E14|EVT:E35
1.0,EVT:E13|EVT:E35
1.0,EVT:E12|EVT:E35
1.0,EVT:E11|EVT:E35
1.0,EVT:E10|EVT:E35
1.0,EVT:E1|EVT:E35
1.0,COMP:compute_server_external_events|EVT:E35
1.0,COMP:openstack_wsgi|EVT:E35
1.0,COMP:libvirt_imagecache|EVT:E35
1.0,COMP:libvirt_driver|EVT:E35
1.0,COMP:compute_manager|EVT:E35
1.0,COMP:compute_resource_tracker|EVT:E35
1.0,COMP:compute_claims|EVT:E35
0.6,EVT:E29|EVT:E35
1.0,EVT:E33|EVT:E34
1.0,EVT:E32|EVT:E34
1.0,EVT:E31|EVT:E34
1.0,EVT:E30|EVT:E34
1.0,EVT:E3|EVT:E34
1.0,EVT:E28|EVT:E34
1.0,EVT:E27|EVT:E34
1.0,EVT:E25|EVT:E34
1.0,EVT:E26|EVT:E34
1.0,EVT:E24|EVT:E34
1.0,EVT:E23|EVT:E34
1.0,EVT:E2|EVT:E34
1.0,EVT:E22|EVT:E34
1.0,EVT:E21|EVT:E34
1.0,EVT:E20|EVT:E34
1.0,EVT:E18|EVT:E34
1.0,EVT:E19|EVT:E34
1.0,EVT:E17|EVT:E34
1.0,EVT:E16|EVT:E34
1.0,COMP:wsgi_server|EVT:E34
1.0,EVT:E15|EVT:E34
1.0,EVT:E14|EVT:E34
1.0,EVT:E13|EVT:E34
1.0,EVT:E12|EVT:E34
1.0,EVT:E11|EVT:E34
1.0,EVT:E10|EVT:E34
1.0,EVT:E1|EVT:E34
1.0,COMP:compute_server_external_events|EVT:E34
1.0,COMP:openstack_wsgi|EVT:E34
1.0,COMP:libvirt_imagecache|EVT:E34
1.0,COMP:libvirt_driver|EVT:E34
1.0,COMP:compute_manager|EVT:E34
1.0,COMP:compute_resource_tracker|EVT:E34
1.0,COMP:compute_claims|EVT:E34
0.6,EVT:E29|EVT:E34
1.0,EVT:E32|EVT:E33
1.0,EVT:E31|EVT:E33
1.0,EVT:E30|EVT:E33
1.0,EVT:E3|EVT:E33
1.0,EVT:E28|EVT:E33
1.0,EVT:E27|EVT:E33
1.0,EVT:E25|EVT:E33
1.0,EVT:E26|EVT:E33
1.0,EVT:E24|EVT:E33
1.0,EVT:E23|EVT:E33
1.0,EVT:E2|EVT:E33
1.0,EVT:E22|EVT:E33
1.0,EVT:E21|EVT:E33
1.0,EVT:E20|EVT:E33
1.0,EVT:E18|EVT:E33
1.0,EVT:E19|EVT:E33
1.0,EVT:E17|EVT:E33
1.0,EVT:E16|EVT:E33
1.0,COMP:wsgi_server|EVT:E33
1.0,EVT:E15|EVT:E33
1.0,EVT:E14|EVT:E33
1.0,EVT:E13|EVT:E33
1.0,EVT:E12|EVT:E33
1.0,EVT:E11|EVT:E33
1.0,EVT:E10|EVT:E33
1.0,EVT:E1|EVT:E33
1.0,COMP:compute_server_external_events|EVT:E33
1.0,COMP:openstack_wsgi|EVT:E33
1.0,COMP:libvirt_imagecache|EVT:E33
1.0,COMP:libvirt_driver|EVT:E33
1.0,COMP:compute_manager|EVT:E33
1.0,COMP:compute_resource_tracker|EVT:E33
1.0,COMP:compute_claims|EVT:E33
0.6,EVT:E29|EVT:E33
1.0,EVT:E31|EVT:E32
1.0,EVT:E30|EVT:E32
1.0,EVT:E3|EVT:E32
1.0,EVT:E28|EVT:E32
1.0,EVT:E27|EVT:E32
1.0,EVT:E25|EVT:E32
1.0,EVT:E26|EVT:E32
1.0,EVT:E24|EVT:E32
1.0,EVT:E23|EVT:E32
1.0,EVT:E2|EVT:E32
1.0,EVT:E22|EVT:E32
1.0,EVT:E21|EVT:E32
1.0,EVT:E20|EVT:E32
1.0,EVT:E18|EVT:E32
1.0,EVT:E19|EVT:E32
1.0,EVT:E17|EVT:E32
1.0,EVT:E16|EVT:E32
1.0,COMP:wsgi_server|EVT:E32
1.0,EVT:E15|EVT:E32
1.0,EVT:E14|EVT:E32
1.0,EVT:E13|EVT:E32
1.0,EVT:E12|EVT:E32
1.0,EVT:E11|EVT:E32
1.0,EVT:E10|EVT:E32
1.0,EVT:E1|EVT:E32
1.0,COMP:compute_server_external_events|EVT:E32
1.0,COMP:openstack_wsgi|EVT:E32
1.0,COMP:libvirt_imagecache|EVT:E32
1.0,COMP:libvirt_driver|EVT:E32
1.0,COMP:compute_manager|EVT:E32
1.0,COMP:compute_resource_tracker|EVT:E32
1.0,COMP:compute_claims|EVT:E32
0.6,EVT:E29|EVT:E32
1.0,EVT:E30|EVT:E31
1.0,EVT:E3|EVT:E31
1.0,EVT:E28|EVT:E31
1.0,EVT:E27|EVT:E31
1.0,EVT:E25|EVT:E31
1.0,EVT:E26|EVT:E31
1.0,EVT:E24|EVT:E31
1.0,EVT:E23|EVT:E31
1.0,EVT:E2|EVT:E31
1.0,EVT:E22|EVT:E31
1.0,EVT:E21|EVT:E31
1.0,EVT:E20|EVT:E31
1.0,EVT:E18|EVT:E31
1.0,EVT:E19|EVT:E31
1.0,EVT:E17|EVT:E31
1.0,EVT:E16|EVT:E31
1.0,COMP:wsgi_server|EVT:E31
1.0,EVT:E15|EVT:E31
1.0,EVT:E14|EVT:E31
1.0,EVT:E13|EVT:E31
1.0,EVT:E12|EVT:E31
1.0,EVT:E11|EVT:E31
1.0,EVT:E10|EVT:E31
1.0,EVT:E1|EVT:E31
1.0,COMP:compute_server_external_events|EVT:E31
1.0,COMP:openstack_wsgi|EVT:E31
1.0,COMP:libvirt_imagecache|EVT:E31
1.0,COMP:libvirt_driver|EVT:E31
1.0,COMP:compute_manager|EVT:E31
1.0,COMP:compute_resource_tracker|EVT:E31
1.0,COMP:compute_claims|EVT:E31
0.6,EVT:E29|EVT:E31
1.0,EVT:E3|EVT:E30
1.0,EVT:E28|EVT:E30
1.0,EVT:E27|EVT:E30
1.0,EVT:E25|EVT:E30
1.0,EVT:E26|EVT:E30
1.0,EVT:E24|EVT:E30
1.0,EVT:E23|EVT:E30
1.0,EVT:E2|EVT:E30
1.0,EVT:E22|EVT:E30
1.0,EVT:E21|EVT:E30
1.0,EVT:E20|EVT:E30
1.0,EVT:E18|EVT:E30
1.0,EVT:E19|EVT:E30
1.0,EVT:E17|EVT:E30
1.0,EVT:E16|EVT:E30
1.0,COMP:wsgi_server|EVT:E30
1.0,EVT:E15|EVT:E30
1.0,EVT:E14|EVT:E30
1.0,EVT:E13|EVT:E30
1.0,EVT:E12|EVT:E30
1.0,EVT:E11|EVT:E30
1.0,EVT:E10|EVT:E30
1.0,EVT:E1|EVT:E30
1.0,COMP:compute_server_external_events|EVT:E30
1.0,COMP:openstack_wsgi|EVT:E30
1.0,COMP:libvirt_imagecache|EVT:E30
1.0,COMP:libvirt_driver|EVT:E30
1.0,COMP:compute_manager|EVT:E30
1.0,COMP:compute_resource_tracker|EVT:E30
1.0,COMP:compute_claims|EVT:E30
0.6,EVT:E29|EVT:E30
1.0,EVT:E28|EVT:E3
1.0,EVT:E27|EVT:E3
1.0,EVT:E25|EVT:E3
1.0,EVT:E26|EVT:E3
1.0,EVT:E24|EVT:E3
1.0,EVT:E23|EVT:E3
1.0,EVT:E2|EVT:E3
1.0,EVT:E22|EVT:E3
1.0,EVT:E21|EVT:E3
1.0,EVT:E20|EVT:E3
1.0,EVT:E18|EVT:E3
1.0,EVT:E19|EVT:E3
1.0,EVT:E17|EVT:E3
1.0,EVT:E16|EVT:E3
1.0,COMP:wsgi_server|EVT:E3
1.0,EVT:E15|EVT:E3
1.0,EVT:E14|EVT:E3
1.0,EVT:E13|EVT:E3
1.0,EVT:E12|EVT:E3
1.0,EVT:E11|EVT:E3
1.0,EVT:E10|EVT:E3
1.0,EVT:E1|EVT:E3
1.0,COMP:compute_server_external_events|EVT:E3
1.0,COMP:openstack_wsgi|EVT:E3
1.0,COMP:libvirt_imagecache|EVT:E3
1.0,COMP:libvirt_driver|EVT:E3
1.0,COMP:compute_manager|EVT:E3
1.0,COMP:compute_resource_tracker|EVT:E3
1.0,COMP:compute_claims|EVT:E3
0.6,EVT:E29|EVT:E3
1.0,EVT:E27|EVT:E28
1.0,EVT:E25|EVT:E28
1.0,EVT:E26|EVT:E28
1.0,EVT:E24|EVT:E28
1.0,EVT:E23|EVT:E28
1.0,EVT:E2|EVT:E28
1.0,EVT:E22|EVT:E28
1.0,EVT:E21|EVT:E28
1.0,EVT:E20|EVT:E28
1.0,EVT:E18|EVT:E28
1.0,EVT:E19|EVT:E28
1.0,EVT:E17|EVT:E28
1.0,EVT:E16|EVT:E28
1.0,COMP:wsgi_server|EVT:E28
1.0,EVT:E15|EVT:E28
1.0,EVT:E14|EVT:E28
1.0,EVT:E13|EVT:E28
1.0,EVT:E12|EVT:E28
1.0,EVT:E11|EVT:E28
1.0,EVT:E10|EVT:E28
1.0,EVT:E1|EVT:E28
1.0,COMP:compute_server_external_events|EVT:E28
1.0,COMP:openstack_wsgi|EVT:E28
1.0,COMP:libvirt_imagecache|EVT:E28
1.0,COMP:libvirt_driver|EVT:E28
1.0,COMP:compute_manager|EVT:E28
1.0,COMP:compute_resource_tracker|EVT:E28
1.0,COMP:compute_claims|EVT:E28
0.6,EVT:E28|EVT:E29
1.0,EVT:E25|EVT:E27
1.0,EVT:E26|EVT:E27
1.0,EVT:E24|EVT:E27
1.0,EVT:E23|EVT:E27
1.0,EVT:E2|EVT:E27
1.0,EVT:E22|EVT:E27
1.0,EVT:E21|EVT:E27
1.0,EVT:E20|EVT:E27
1.0,EVT:E18|EVT:E27
1.0,EVT:E19|EVT:E27
1.0,EVT:E17|EVT:E27
1.0,EVT:E16|EVT:E27
1.0,COMP:wsgi_server|EVT:E27
1.0,EVT:E15|EVT:E27
1.0,EVT:E14|EVT:E27
1.0,EVT:E13|EVT:E27
1.0,EVT:E12|EVT:E27
1.0,EVT:E11|EVT:E27
1.0,EVT:E10|EVT:E27
1.0,EVT:E1|EVT:E27
1.0,COMP:compute_server_external_events|EVT:E27
1.0,COMP:openstack_wsgi|EVT:E27
1.0,COMP:libvirt_imagecache|EVT:E27
1.0,COMP:libvirt_driver|EVT:E27
1.0,COMP:compute_manager|EVT:E27
1.0,COMP:compute_resource_tracker|EVT:E27
1.0,COMP:compute_claims|EVT:E27
0.6,EVT:E27|EVT:E29
1.0,EVT:E25|EVT:E26
1.0,EVT:E24|EVT:E25
1.0,EVT:E23|EVT:E25
1.0,EVT:E2|EVT:E25
1.0,EVT:E22|EVT:E25
1.0,EVT:E21|EVT:E25
1.0,EVT:E20|EVT:E25
1.0,EVT:E18|EVT:E25
1.0,EVT:E19|EVT:E25
1.0,EVT:E17|EVT:E25
1.0,EVT:E16|EVT:E25
1.0,COMP:wsgi_server|EVT:E25
1.0,EVT:E15|EVT:E25
1.0,EVT:E14|EVT:E25
1.0,EVT:E13|EVT:E25
1.0,EVT:E12|EVT:E25
1.0,EVT:E11|EVT:E25
1.0,EVT:E10|EVT:E25
1.0,EVT:E1|EVT:E25
1.0,COMP:compute_server_external_events|EVT:E25
1.0,COMP:openstack_wsgi|EVT:E25
1.0,COMP:libvirt_imagecache|EVT:E25
1.0,COMP:libvirt_driver|EVT:E25
1.0,COMP:compute_manager|EVT:E25
1.0,COMP:compute_resource_tracker|EVT:E25
1.0,COMP:compute_claims|EVT:E25
0.6,EVT:E25|EVT:E29
1.0,EVT:E24|EVT:E26
1.0,EVT:E23|EVT:E26
1.0,EVT:E2|EVT:E26
1.0,EVT:E22|EVT:E26
1.0,EVT:E21|EVT:E26
1.0,EVT:E20|EVT:E26
1.0,EVT:E18|EVT:E26
1.0,EVT:E19|EVT:E26
1.0,EVT:E17|EVT:E26
1.0,EVT:E16|EVT:E26
1.0,COMP:wsgi_server|EVT:E26
1.0,EVT:E15|EVT:E26
1.0,EVT:E14|EVT:E26
1.0,EVT:E13|EVT:E26
1.0,EVT:E12|EVT:E26
1.0,EVT:E11|EVT:E26
1.0,EVT:E10|EVT:E26
1.0,EVT:E1|EVT:E26
1.0,COMP:compute_server_external_events|EVT:E26
1.0,COMP:openstack_wsgi|EVT:E26
1.0,COMP:libvirt_imagecache|EVT:E26
1.0,COMP:libvirt_driver|EVT:E26
1.0,COMP:compute_manager|EVT:E26
1.0,COMP:compute_resource_tracker|EVT:E26
1.0,COMP:compute_claims|EVT:E26
0.6,EVT:E26|EVT:E29
1.0,EVT:E23|EVT:E24
1.0,EVT:E2|EVT:E24
1.0,EVT:E22|EVT:E24
1.0,EVT:E21|EVT:E24
1.0,EVT:E20|EVT:E24
1.0,EVT:E18|EVT:E24
1.0,EVT:E19|EVT:E24
1.0,EVT:E17|EVT:E24
1.0,EVT:E16|EVT:E24
1.0,COMP:wsgi_server|EVT:E24
1.0,EVT:E15|EVT:E24
1.0,EVT:E14|EVT:E24
1.0,EVT:E13|EVT:E24
1.0,EVT:E12|EVT:E24
1.0,EVT:E11|EVT:E24
1.0,EVT:E10|EVT:E24
1.0,EVT:E1|EVT:E24
1.0,COMP:compute_server_external_events|EVT:E24
1.0,COMP:openstack_wsgi|EVT:E24
1.0,COMP:libvirt_imagecache|EVT:E24
1.0,COMP:libvirt_driver|EVT:E24
1.0,COMP:compute_manager|EVT:E24
1.0,COMP:compute_resource_tracker|EVT:E24
1.0,COMP:compute_claims|EVT:E24
0.6,EVT:E24|EVT:E29
1.0,EVT:E2|EVT:E23
1.0,EVT:E22|EVT:E23
1.0,EVT:E21|EVT:E23
1.0,EVT:E20|EVT:E23
1.0,EVT:E18|EVT:E23
1.0,EVT:E19|EVT:E23
1.0,EVT:E17|EVT:E23
1.0,EVT:E16|EVT:E23
1.0,COMP:wsgi_server|EVT:E23
1.0,EVT:E15|EVT:E23
1.0,EVT:E14|EVT:E23
1.0,EVT:E13|EVT:E23
1.0,EVT:E12|EVT:E23
1.0,EVT:E11|EVT:E23
1.0,EVT:E10|EVT:E23
1.0,EVT:E1|EVT:E23
1.0,COMP:compute_server_external_events|EVT:E23
1.0,COMP:openstack_wsgi|EVT:E23
1.0,COMP:libvirt_imagecache|EVT:E23
1.0,COMP:libvirt_driver|EVT:E23
1.0,COMP:compute_manager|EVT:E23
1.0,COMP:compute_resource_tracker|EVT:E23
1.0,COMP:compute_claims|EVT:E23
0.6,EVT:E23|EVT:E29
1.0,EVT:E2|EVT:E22
1.0,EVT:E2|EVT:E21
1.0,EVT:E2|EVT:E20
1.0,EVT:E18|EVT:E2
1.0,EVT:E19|EVT:E2
1.0,EVT:E17|EVT:E2
1.0,EVT:E16|EVT:E2
1.0,COMP:wsgi_server|EVT:E2
1.0,EVT:E15|EVT:E2
1.0,EVT:E14|EVT:E2
1.0,EVT:E13|EVT:E2
1.0,EVT:E12|EVT:E2
1.0,EVT:E11|EVT:E2
1.0,EVT:E10|EVT:E2
1.0,EVT:E1|EVT:E2
1.0,COMP:compute_server_external_events|EVT:E2
1.0,COMP:openstack_wsgi|EVT:E2
1.0,COMP:libvirt_imagecache|EVT:E2
1.0,COMP:libvirt_driver|EVT:E2
1.0,COMP:compute_manager|EVT:E2
1.0,COMP:compute_resource_tracker|EVT:E2
1.0,COMP:compute_claims|EVT:E2
0.6,EVT:E2|EVT:E29
1.0,EVT:E21|EVT:E22
1.0,EVT:E20|EVT:E22
1.0,EVT:E18|EVT:E22
1.0,EVT:E19|EVT:E22
1.0,EVT:E17|EVT:E22
1.0,EVT:E16|EVT:E22
1.0,COMP:wsgi_server|EVT:E22
1.0,EVT:E15|EVT:E22
1.0,EVT:E14|EVT:E22
1.0,EVT:E13|EVT:E22
1.0,EVT:E12|EVT:E22
1.0,EVT:E11|EVT:E22
1.0,EVT:E10|EVT:E22
1.0,EVT:E1|EVT:E22
1.0,COMP:compute_server_external_events|EVT:E22
1.0,COMP:openstack_wsgi|EVT:E22
1.0,COMP:libvirt_imagecache|EVT:E22
1.0,COMP:libvirt_driver|EVT:E22
1.0,COMP:compute_manager|EVT:E22
1.0,COMP:compute_resource_tracker|EVT:E22
1.0,COMP:compute_claims|EVT:E22
0.6,EVT:E22|EVT:E29
1.0,EVT:E20|EVT:E21
1.0,EVT:E18|EVT:E21
1.0,EVT:E19|EVT:E21
1.0,EVT:E17|EVT:E21
1.0,EVT:E16|EVT:E21
1.0,COMP:wsgi_server|EVT:E21
1.0,EVT:E15|EVT:E21
1.0,EVT:E14|EVT:E21
1.0,EVT:E13|EVT:E21
1.0,EVT:E12|EVT:E21
1.0,EVT:E11|EVT:E21
1.0,EVT:E10|EVT:E21
1.0,EVT:E1|EVT:E21
1.0,COMP:compute_server_external_events|EVT:E21
1.0,COMP:openstack_wsgi|EVT:E21
1.0,COMP:libvirt_imagecache|EVT:E21
1.0,COMP:libvirt_driver|EVT:E21
1.0,COMP:compute_manager|EVT:E21
1.0,COMP:compute_resource_tracker|EVT:E21
1.0,COMP:compute_claims|EVT:E21
0.6,EVT:E21|EVT:E29
1.0,EVT:E18|EVT:E20
1.0,EVT:E19|EVT:E20
1.0,EVT:E17|EVT:E20
1.0,EVT:E16|EVT:E20
1.0,COMP:wsgi_server|EVT:E20
1.0,EVT:E15|EVT:E20
1.0,EVT:E14|EVT:E20
1.0,EVT:E13|EVT:E20
1.0,EVT:E12|EVT:E20
1.0,EVT:E11|EVT:E20
1.0,EVT:E10|EVT:E20
1.0,EVT:E1|EVT:E20
1.0,COMP:compute_server_external_events|EVT:E20
1.0,COMP:openstack_wsgi|EVT:E20
1.0,COMP:libvirt_imagecache|EVT:E20
1.0,COMP:libvirt_driver|EVT:E20
1.0,COMP:compute_manager|EVT:E20
1.0,COMP:compute_resource_tracker|EVT:E20
1.0,COMP:compute_claims|EVT:E20
0.6,EVT:E20|EVT:E29
1.0,EVT:E18|EVT:E19
1.0,EVT:E17|EVT:E18
1.0,EVT:E16|EVT:E18
1.0,COMP:wsgi_server|EVT:E18
1.0,EVT:E15|EVT:E18
1.0,EVT:E14|EVT:E18
1.0,EVT:E13|EVT:E18
1.0,EVT:E12|EVT:E18
1.0,EVT:E11|EVT:E18
1.0,EVT:E10|EVT:E18
1.0,EVT:E1|EVT:E18
1.0,COMP:compute_server_external_events|EVT:E18
1.0,COMP:openstack_wsgi|EVT:E18
1.0,COMP:libvirt_imagecache|EVT:E18
1.0,COMP:libvirt_driver|EVT:E18
1.0,COMP:compute_manager|EVT:E18
1.0,COMP:compute_resource_tracker|EVT:E18
1.0,COMP:compute_claims|EVT:E18
0.6,EVT:E18|EVT:E29
1.0,EVT:E17|EVT:E19
1.0,EVT:E16|EVT:E19
1.0,COMP:wsgi_server|EVT:E19
1.0,EVT:E15|EVT:E19
1.0,EVT:E14|EVT:E19
1.0,EVT:E13|EVT:E19
1.0,EVT:E12|EVT:E19
1.0,EVT:E11|EVT:E19
1.0,EVT:E10|EVT:E19
1.0,EVT:E1|EVT:E19
1.0,COMP:compute_server_external_events|EVT:E19
1.0,COMP:openstack_wsgi|EVT:E19
1.0,COMP:libvirt_imagecache|EVT:E19
1.0,COMP:libvirt_driver|EVT:E19
1.0,COMP:compute_manager|EVT:E19
1.0,COMP:compute_resource_tracker|EVT:E19
1.0,COMP:compute_claims|EVT:E19
0.6,EVT:E19|EVT:E29
1.0,EVT:E16|EVT:E17
1.0,COMP:wsgi_server|EVT:E17
1.0,EVT:E15|EVT:E17
1.0,EVT:E14|EVT:E17
1.0,EVT:E13|EVT:E17
1.0,EVT:E12|EVT:E17
1.0,EVT:E11|EVT:E17
1.0,EVT:E10|EVT:E17
1.0,EVT:E1|EVT:E17
1.0,COMP:compute_server_external_events|EVT:E17
1.0,COMP:openstack_wsgi|EVT:E17
1.0,COMP:libvirt_imagecache|EVT:E17
1.0,COMP:libvirt_driver|EVT:E17
1.0,COMP:compute_manager|EVT:E17
1.0,COMP:compute_resource_tracker|EVT:E17
1.0,COMP:compute_claims|EVT:E17
0.6,EVT:E17|EVT:E29
1.0,COMP:wsgi_server|EVT:E16
1.0,EVT:E15|EVT:E16
1.0,EVT:E14|EVT:E16
1.0,EVT:E13|EVT:E16
1.0,EVT:E12|EVT:E16
1.0,EVT:E11|EVT:E16
1.0,EVT:E10|EVT:E16
1.0,EVT:E1|EVT:E16
1.0,COMP:compute_server_external_events|EVT:E16
1.0,COMP:openstack_wsgi|EVT:E16
1.0,COMP:libvirt_imagecache|EVT:E16
1.0,COMP:libvirt_driver|EVT:E16
1.0,COMP:compute_manager|EVT:E16
1.0,COMP:compute_resource_tracker|EVT:E16
1.0,COMP:compute_claims|EVT:E16
0.6,EVT:E16|EVT:E29
1.0,COMP:wsgi_server|EVT:E15
1.0,COMP:wsgi_server|EVT:E14
1.0,COMP:wsgi_server|EVT:E13
1.0,COMP:wsgi_server|EVT:E12
1.0,COMP:wsgi_server|EVT:E11
1.0,COMP:wsgi_server|EVT:E10
1.0,COMP:wsgi_server|EVT:E1
1.0,COMP:compute_server_external_events|COMP:wsgi_server
1.0,COMP:openstack_wsgi|COMP:wsgi_server
1.0,COMP:libvirt_imagecache|COMP:wsgi_server
1.0,COMP:libvirt_driver|COMP:wsgi_server
1.0,COMP:compute_manager|COMP:wsgi_server
1.0,COMP:compute_resource_tracker|COMP:wsgi_server
1.0,COMP:compute_claims|COMP:wsgi_server
0.6,COMP:wsgi_server|EVT:E29
1.0,EVT:E14|EVT:E15
1.0,EVT:E13|EVT:E15
1.0,EVT:E12|EVT:E15
1.0,EVT:E11|EVT:E15
1.0,EVT:E10|EVT:E15
1.0,EVT:E1|EVT:E15
1.0,COMP:compute_server_external_events|EVT:E15
1.0,COMP:openstack_wsgi|EVT:E15
1.0,COMP:libvirt_imagecache|EVT:E15
1.0,COMP:libvirt_driver|EVT:E15
1.0,COMP:compute_manager|EVT:E15
1.0,COMP:compute_resource_tracker|EVT:E15
1.0,COMP:compute_claims|EVT:E15
0.6,EVT:E15|EVT:E29
1.0,EVT:E13|EVT:E14
1.0,EVT:E12|EVT:E14
1.0,EVT:E11|EVT:E14
1.0,EVT:E10|EVT:E14
1.0,EVT:E1|EVT:E14
1.0,COMP:compute_server_external_events|EVT:E14
1.0,COMP:openstack_wsgi|EVT:E14
1.0,COMP:libvirt_imagecache|EVT:E14
1.0,COMP:libvirt_driver|EVT:E14
1.0,COMP:compute_manager|EVT:E14
1.0,COMP:compute_resource_tracker|EVT:E14
1.0,COMP:compute_claims|EVT:E14
0.6,EVT:E14|EVT:E29
1.0,EVT:E12|EVT:E13
1.0,EVT:E11|EVT:E13
1.0,EVT:E10|EVT:E13
1.0,EVT:E1|EVT:E13
1.0,COMP:compute_server_external_events|EVT:E13
1.0,COMP:openstack_wsgi|EVT:E13
1.0,COMP:libvirt_imagecache|EVT:E13
1.0,COMP:libvirt_driver|EVT:E13
1.0,COMP:compute_manager|EVT:E13
1.0,COMP:compute_resource_tracker|EVT:E13
1.0,COMP:compute_claims|EVT:E13
0.6,EVT:E13|EVT:E29
1.0,EVT:E11|EVT:E12
1.0,EVT:E10|EVT:E12
1.0,EVT:E1|EVT:E12
1.0,COMP:compute_server_external_events|EVT:E12
1.0,COMP:openstack_wsgi|EVT:E12
1.0,COMP:libvirt_imagecache|EVT:E12
1.0,COMP:libvirt_driver|EVT:E12
1.0,COMP:compute_manager|EVT:E12
1.0,COMP:compute_resource_tracker|EVT:E12
1.0,COMP:compute_claims|EVT:E12
0.6,EVT:E12|EVT:E29
1.0,EVT:E10|EVT:E11
1.0,EVT:E1|EVT:E11
1.0,COMP:compute_server_external_events|EVT:E11
1.0,COMP:openstack_wsgi|EVT:E11
1.0,COMP:libvirt_imagecache|EVT:E11
1.0,COMP:libvirt_driver|EVT:E11
1.0,COMP:compute_manager|EVT:E11
1.0,COMP:compute_resource_tracker|EVT:E11
1.0,COMP:compute_claims|EVT:E11
0.6,EVT:E11|EVT:E29
1.0,EVT:E1|EVT:E10
1.0,COMP:compute_server_external_events|EVT:E10
1.0,COMP:openstack_wsgi|EVT:E10
1.0,COMP:libvirt_imagecache|EVT:E10
1.0,COMP:libvirt_driver|EVT:E10
1.0,COMP:compute_manager|EVT:E10
1.0,COMP:compute_resource_tracker|EVT:E10
1.0,COMP:compute_claims|EVT:E10
0.6,EVT:E10|EVT:E29
1.0,COMP:compute_server_external_events|EVT:E1
1.0,COMP:openstack_wsgi|EVT:E1
1.0,COMP:libvirt_imagecache|EVT:E1
1.0,COMP:libvirt_driver|EVT:E1
1.0,COMP:compute_manager|EVT:E1
1.0,COMP:compute_resource_tracker|EVT:E1
1.0,COMP:compute_claims|EVT:E1
0.6,EVT:E1|EVT:E29
1.0,COMP:compute_server_external_events|COMP:openstack_wsgi
1.0,COMP:compute_server_external_events|COMP:libvirt_imagecache
1.0,COMP:compute_server_external_events|COMP:libvirt_driver
1.0,COMP:compute_manager|COMP:compute_server_external_events
1.0,COMP:compute_resource_tracker|COMP:compute_server_external_events
1.0,COMP:compute_claims|COMP:compute_server_external_events
0.6,COMP:compute_server_external_events|EVT:E29
1.0,COMP:libvirt_imagecache|COMP:openstack_wsgi
1.0,COMP:libvirt_driver|COMP:openstack_wsgi
1.0,COMP:compute_manager|COMP:openstack_wsgi
1.0,COMP:compute_resource_tracker|COMP:openstack_wsgi
1.0,COMP:compute_claims|COMP:openstack_wsgi
0.6,COMP:openstack_wsgi|EVT:E29
1.0,COMP:libvirt_driver|COMP:libvirt_imagecache
1.0,COMP:compute_manager|COMP:libvirt_imagecache
1.0,COMP:compute_resource_tracker|COMP:libvirt_imagecache
1.0,COMP:compute_claims|COMP:libvirt_imagecache
0.6,COMP:libvirt_imagecache|EVT:E29
1.0,COMP:compute_manager|COMP:libvirt_driver
1.0,COMP:compute_resource_tracker|COMP:libvirt_driver
1.0,COMP:compute_claims|COMP:libvirt_driver
0.6,COMP:libvirt_driver|EVT:E29
1.0,COMP:compute_manager|COMP:compute_resource_tracker
1.0,COMP:compute_claims|COMP:compute_manager
0.6,COMP:compute_manager|EVT:E29
1.0,COMP:compute_claims|COMP:compute_resource_tracker
0.6,COMP:compute_resource_tracker|EVT:E29
0.6,COMP:compute_claims|EVT:E29
1.0,KW:spawn|LEVEL:INFO|LEVEL:WARNING
1.0,KW:exception|LEVEL:INFO|LEVEL:WARNING
1.0,KW:delete|LEVEL:INFO|LEVEL:WARNING
1.0,KW:build|LEVEL:INFO|LEVEL:WARNING
1.0,HOUR:00|LEVEL:INFO|LEVEL:WARNING
1.0,FLAG:FAILURE|LEVEL:INFO|LEVEL:WARNING
1.0,EVT:E9|LEVEL:INFO|LEVEL:WARNING
1.0,EVT:E8|LEVEL:INFO|LEVEL:WARNING
1.0,EVT:E7|LEVEL:INFO|LEVEL:WARNING
1.0,EVT:E6|LEVEL:INFO|LEVEL:WARNING
1.0,EVT:E5|LEVEL:INFO|LEVEL:WARNING
1.0,EVT:E42|LEVEL:INFO|LEVEL:WARNING
1.0,EVT:E41|LEVEL:INFO|LEVEL:WARNING
1.0,EVT:E4|LEVEL:INFO|LEVEL:WARNING
1.0,EVT:E37|LEVEL:INFO|LEVEL:WARNING
1.0,EVT:E36|LEVEL:INFO|LEVEL:WARNING
1.0,EVT:E35|LEVEL:INFO|LEVEL:WARNING
1.0,EVT:E34|LEVEL:INFO|LEVEL:WARNING
1.0,EVT:E33|LEVEL:INFO|LEVEL:WARNING
1.0,EVT:E32|LEVEL:INFO|LEVEL:WARNING
1.0,EVT:E31|LEVEL:INFO|LEVEL:WARNING
1.0,EVT:E30|LEVEL:INFO|LEVEL:WARNING
1.0,EVT:E3|LEVEL:INFO|LEVEL:WARNING
1.0,EVT:E28|LEVEL:INFO|LEVEL:WARNING
1.0,EVT:E27|LEVEL:INFO|LEVEL:WARNING
1.0,EVT:E25|LEVEL:INFO|LEVEL:WARNING
1.0,EVT:E26|LEVEL:INFO|LEVEL:WARNING
1.0,EVT:E24|LEVEL:INFO|LEVEL:WARNING
1.0,EVT:E23|LEVEL:INFO|LEVEL:WARNING
1.0,EVT:E2|LEVEL:INFO|LEVEL:WARNING
1.0,EVT:E22|LEVEL:INFO|LEVEL:WARNING
1.0,EVT:E21|LEVEL:INFO|LEVEL:WARNING
1.0,EVT:E20|LEVEL:INFO|LEVEL:WARNING
1.0,EVT:E18|LEVEL:INFO|LEVEL:WARNING
1.0,EVT:E19|LEVEL:INFO|LEVEL:WARNING
1.0,EVT:E17|LEVEL:INFO|LEVEL:WARNING
1.0,EVT:E16|LEVEL:INFO|LEVEL:WARNING
1.0,COMP:wsgi_server|LEVEL:INFO|LEVEL:WARNING
1.0,EVT:E15|LEVEL:INFO|LEVEL:WARNING
1.0,EVT:E14|LEVEL:INFO|LEVEL:WARNING
1.0,EVT:E13|LEVEL:INFO|LEVEL:WARNING
1.0,EVT:E12|LEVEL:INFO|LEVEL:WARNING
1.0,EVT:E11|LEVEL:INFO|LEVEL:WARNING
1.0,EVT:E10|LEVEL:INFO|LEVEL:WARNING
1.0,EVT:E1|LEVEL:INFO|LEVEL:WARNING
1.0,COMP:compute_server_external_events|LEVEL:INFO|LEVEL:WARNING
1.0,COMP:openstack_wsgi|LEVEL:INFO|LEVEL:WARNING
1.0,COMP:libvirt_imagecache|LEVEL:INFO|LEVEL:WARNING
1.0,COMP:libvirt_driver|LEVEL:INFO|LEVEL:WARNING
1.0,COMP:compute_manager|LEVEL:INFO|LEVEL:WARNING
1.0,COMP:compute_resource_tracker|LEVEL:INFO|LEVEL:WARNING
1.0,COMP:compute_claims|LEVEL:INFO|LEVEL:WARNING
0.6,EVT:E29|LEVEL:INFO|LEVEL:WARNING
1.0,KW:exception|KW:spawn|LEVEL:WARNING
1.0,KW:delete|KW:spawn|LEVEL:WARNING
1.0,KW:build|KW:spawn|LEVEL:WARNING
1.0,HOUR:00|KW:spawn|LEVEL:WARNING
1.0,FLAG:FAILURE|KW:spawn|LEVEL:WARNING
1.0,EVT:E9|KW:spawn|LEVEL:WARNING
1.0,EVT:E8|KW:spawn|LEVEL:WARNING
1.0,EVT:E7|KW:spawn|LEVEL:WARNING
1.0,EVT:E6|KW:spawn|LEVEL:WARNING
1.0,EVT:E5|KW:spawn|LEVEL:WARNING
1.0,EVT:E42|KW:spawn|LEVEL:WARNING
1.0,EVT:E41|KW:spawn|LEVEL:WARNING
1.0,EVT:E4|KW:spawn|LEVEL:WARNING
1.0,EVT:E37|KW:spawn|LEVEL:WARNING
1.0,EVT:E36|KW:spawn|LEVEL:WARNING
1.0,EVT:E35|KW:spawn|LEVEL:WARNING
1.0,EVT:E34|KW:spawn|LEVEL:WARNING
1.0,EVT:E33|KW:spawn|LEVEL:WARNING
1.0,EVT:E32|KW:spawn|LEVEL:WARNING
1.0,EVT:E31|KW:spawn|LEVEL:WARNING
1.0,EVT:E30|KW:spawn|LEVEL:WARNING
1.0,EVT:E3|KW:spawn|LEVEL:WARNING
1.0,EVT:E28|KW:spawn|LEVEL:WARNING
1.0,EVT:E27|KW:spawn|LEVEL:WARNING
1.0,EVT:E25|KW:spawn|LEVEL:WARNING
1.0,EVT:E26|KW:spawn|LEVEL:WARNING
1.0,EVT:E24|KW:spawn|LEVEL:WARNING
1.0,EVT:E23|KW:spawn|LEVEL:WARNING
1.0,EVT:E2|KW:spawn|LEVEL:WARNING
1.0,EVT:E22|KW:spawn|LEVEL:WARNING
1.0,EVT:E21|KW:spawn|LEVEL:WARNING
1.0,EVT:E20|KW:spawn|LEVEL:WARNING
1.0,EVT:E18|KW:spawn|LEVEL:WARNING
1.0,EVT:E19|KW:spawn|LEVEL:WARNING
1.0,EVT:E17|KW:spawn|LEVEL:WARNING
1.0,EVT:E16|KW:spawn|LEVEL:WARNING
1.0,COMP:wsgi_server|KW:spawn|LEVEL:WARNING
1.0,EVT:E15|KW:spawn|LEVEL:WARNING
1.0,EVT:E14|KW:spawn|LEVEL:WARNING
1.0,EVT:E13|KW:spawn|LEVEL:WARNING
1.0,EVT:E12|KW:spawn|LEVEL:WARNING
1.0,EVT:E11|KW:spawn|LEVEL:WARNING
1.0,EVT:E10|KW:spawn|LEVEL:WARNING
1.0,EVT:E1|KW:spawn|LEVEL:WARNING
1.0,COMP:compute_server_external_events|KW:spawn|LEVEL:WARNING
1.0,COMP:openstack_wsgi|KW:spawn|LEVEL:WARNING
1.0,COMP:libvirt_imagecache|KW:spawn|LEVEL:WARNING
1.0,COMP:libvirt_driver|KW:spawn|LEVEL:WARNING
1.0,COMP:compute_manager|KW:spawn|LEVEL:WARNING
1.0,COMP:compute_resource_tracker|KW:spawn|LEVEL:WARNING
1.0,COMP:compute_claims|KW:spawn|LEVEL:WARNING
0.6,EVT:E29|KW:spawn|LEVEL:WARNING
1.0,KW:delete|KW:exception|LEVEL:WARNING
1.0,KW:build|KW:exception|LEVEL:WARNING
1.0,HOUR:00|KW:exception|LEVEL:WARNING
1.0,FLAG:FAILURE|KW:exception|LEVEL:WARNING
1.0,EVT:E9|KW:exception|LEVEL:WARNING
1.0,EVT:E8|KW:exception|LEVEL:WARNING
1.0,EVT:E7|KW:exception|LEVEL:WARNING
1.0,EVT:E6|KW:exception|LEVEL:WARNING
1.0,EVT:E5|KW:exception|LEVEL:WARNING
1.0,EVT:E42|KW:exception|LEVEL:WARNING
1.0,EVT:E41|KW:exception|LEVEL:WARNING
1.0,EVT:E4|KW:exception|LEVEL:WARNING
1.0,EVT:E37|KW:exception|LEVEL:WARNING
1.0,EVT:E36|KW:exception|LEVEL:WARNING
1.0,EVT:E35|KW:exception|LEVEL:WARNING
1.0,EVT:E34|KW:exception|LEVEL:WARNING
1.0,EVT:E33|KW:exception|LEVEL:WARNING
1.0,EVT:E32|KW:exception|LEVEL:WARNING
1.0,EVT:E31|KW:exception|LEVEL:WARNING
1.0,EVT:E30|KW:exception|LEVEL:WARNING
1.0,EVT:E3|KW:exception|LEVEL:WARNING
1.0,EVT:E28|KW:exception|LEVEL:WARNING
1.0,EVT:E27|KW:exception|LEVEL:WARNING
1.0,EVT:E25|KW:exception|LEVEL:WARNING
1.0,EVT:E26|KW:exception|LEVEL:WARNING
1.0,EVT:E24|KW:exception|LEVEL:WARNING
1.0,EVT:E23|KW:exception|LEVEL:WARNING
1.0,EVT:E2|KW:exception|LEVEL:WARNING
1.0,EVT:E22|KW:exception|LEVEL:WARNING
1.0,EVT:E21|KW:exception|LEVEL:WARNING
1.0,EVT:E20|KW:exception|LEVEL:WARNING
1.0,EVT:E18|KW:exception|LEVEL:WARNING
1.0,EVT:E19|KW:exception|LEVEL:WARNING
1.0,EVT:E17|KW:exception|LEVEL:WARNING
1.0,EVT:E16|KW:exception|LEVEL:WARNING
1.0,COMP:wsgi_server|KW:exception|LEVEL:WARNING
1.0,EVT:E15|KW:exception|LEVEL:WARNING
1.0,EVT:E14|KW:exception|LEVEL:WARNING
1.0,EVT:E13|KW:exception|LEVEL:WARNING
1.0,EVT:E12|KW:exception|LEVEL:WARNING
1.0,EVT:E11|KW:exception|LEVEL:WARNING
1.0,EVT:E10|KW:exception|LEVEL:WARNING
1.0,EVT:E1|KW:exception|LEVEL:WARNING
1.0,COMP:compute_server_external_events|KW:exception|LEVEL:WARNING
1.0,COMP:openstack_wsgi|KW:exception|LEVEL:WARNING
1.0,COMP:libvirt_imagecache|KW:exception|LEVEL:WARNING
1.0,COMP:libvirt_driver|KW:exception|LEVEL:WARNING
1.0,COMP:compute_manager|KW:exception|LEVEL:WARNING
1.0,COMP:compute_resource_tracker|KW:exception|LEVEL:WARNING
1.0,COMP:compute_claims|KW:exception|LEVEL:WARNING
0.6,EVT:E29|KW:exception|LEVEL:WARNING
1.0,KW:build|KW:delete|LEVEL:WARNING
1.0,HOUR:00|KW:delete|LEVEL:WARNING
1.0,FLAG:FAILURE|KW:delete|LEVEL:WARNING
1.0,EVT:E9|KW:delete|LEVEL:WARNING
1.0,EVT:E8|KW:delete|LEVEL:WARNING
1.0,EVT:E7|KW:delete|LEVEL:WARNING
1.0,EVT:E6|KW:delete|LEVEL:WARNING
1.0,EVT:E5|KW:delete|LEVEL:WARNING
1.0,EVT:E42|KW:delete|LEVEL:WARNING
1.0,EVT:E41|KW:delete|LEVEL:WARNING
1.0,EVT:E4|KW:delete|LEVEL:WARNING
1.0,EVT:E37|KW:delete|LEVEL:WARNING
1.0,EVT:E36|KW:delete|LEVEL:WARNING
1.0,EVT:E35|KW:delete|LEVEL:WARNING
1.0,EVT:E34|KW:delete|LEVEL:WARNING
1.0,EVT:E33|KW:delete|LEVEL:WARNING
1.0,EVT:E32|KW:delete|LEVEL:WARNING
1.0,EVT:E31|KW:delete|LEVEL:WARNING
1.0,EVT:E30|KW:delete|LEVEL:WARNING
1.0,EVT:E3|KW:delete|LEVEL:WARNING
1.0,EVT:E28|KW:delete|LEVEL:WARNING
1.0,EVT:E27|KW:delete|LEVEL:WARNING
1.0,EVT:E25|KW:delete|LEVEL:WARNING
1.0,EVT:E26|KW:delete|LEVEL:WARNING
1.0,EVT:E24|KW:delete|LEVEL:WARNING
1.0,EVT:E23|KW:delete|LEVEL:WARNING
1.0,EVT:E2|KW:delete|LEVEL:WARNING
1.0,EVT:E22|KW:delete|LEVEL:WARNING
1.0,EVT:E21|KW:delete|LEVEL:WARNING
1.0,EVT:E20|KW:delete|LEVEL:WARNING
1.0,EVT:E18|KW:delete|LEVEL:WARNING
1.0,EVT:E19|KW:delete|LEVEL:WARNING
1.0,EVT:E17|KW:delete|LEVEL:WARNING
1.0,EVT:E16|KW:delete|LEVEL:WARNING
1.0,COMP:wsgi_server|KW:delete|LEVEL:WARNING
1.0,EVT:E15|KW:delete|LEVEL:WARNING
1.0,EVT:E14|KW:delete|LEVEL:WARNING
1.0,EVT:E13|KW:delete|LEVEL:WARNING
1.0,EVT:E12|KW:delete|LEVEL:WARNING
1.0,EVT:E11|KW:delete|LEVEL:WARNING
1.0,EVT:E10|KW:delete|LEVEL:WARNING
1.0,EVT:E1|KW:delete|LEVEL:WARNING
1.0,COMP:compute_server_external_events|KW:delete|LEVEL:WARNING
1.0,COMP:openstack_wsgi|KW:delete|LEVEL:WARNING
1.0,COMP:libvirt_imagecache|KW:delete|LEVEL:WARNING
1.0,COMP:libvirt_driver|KW:delete|LEVEL:WARNING
1.0,COMP:compute_manager|KW:delete|LEVEL:WARNING
1.0,COMP:compute_resource_tracker|KW:delete|LEVEL:WARNING
1.0,COMP:compute_claims|KW:delete|LEVEL:WARNING
0.6,EVT:E29|KW:delete|LEVEL:WARNING
1.0,HOUR:00|KW:build|LEVEL:WARNING
1.0,FLAG:FAILURE|KW:build|LEVEL:WARNING
1.0,EVT:E9|KW:build|LEVEL:WARNING
1.0,EVT:E8|KW:build|LEVEL:WARNING
1.0,EVT:E7|KW:build|LEVEL:WARNING
1.0,EVT:E6|KW:build|LEVEL:WARNING
1.0,EVT:E5|KW:build|LEVEL:WARNING
1.0,EVT:E42|KW:build|LEVEL:WARNING
1.0,EVT:E41|KW:build|LEVEL:WARNING
1.0,EVT:E4|KW:build|LEVEL:WARNING
1.0,EVT:E37|KW:build|LEVEL:WARNING
1.0,EVT:E36|KW:build|LEVEL:WARNING
1.0,EVT:E35|KW:build|LEVEL:WARNING
1.0,EVT:E34|KW:build|LEVEL:WARNING
1.0,EVT:E33|KW:build|LEVEL:WARNING
1.0,EVT:E32|KW:build|LEVEL:WARNING
1.0,EVT:E31|KW:build|LEVEL:WARNING
1.0,EVT:E30|KW:build|LEVEL:WARNING
1.0,EVT:E3|KW:build|LEVEL:WARNING
1.0,EVT:E28|KW:build|LEVEL:WARNING
1.0,EVT:E27|KW:build|LEVEL:WARNING
1.0,EVT:E25|KW:build|LEVEL:WARNING
1.0,EVT:E26|KW:build|LEVEL:WARNING
1.0,EVT:E24|KW:build|LEVEL:WARNING
1.0,EVT:E23|KW:build|LEVEL:WARNING
1.0,EVT:E2|KW:build|LEVEL:WARNING
1.0,EVT:E22|KW:build|LEVEL:WARNING
1.0,EVT:E21|KW:build|LEVEL:WARNING
1.0,EVT:E20|KW:build|LEVEL:WARNING
1.0,EVT:E18|KW:build|LEVEL:WARNING
1.0,EVT:E19|KW:build|LEVEL:WARNING
1.0,EVT:E17|KW:build|LEVEL:WARNING
1.0,EVT:E16|KW:build|LEVEL:WARNING
1.0,COMP:wsgi_server|KW:build|LEVEL:WARNING
1.0,EVT:E15|KW:build|LEVEL:WARNING
1.0,EVT:E14|KW:build|LEVEL:WARNING
1.0,EVT:E13|KW:build|LEVEL:WARNING
1.0,EVT:E12|KW:build|LEVEL:WARNING
1.0,EVT:E11|KW:build|LEVEL:WARNING
1.0,EVT:E10|KW:build|LEVEL:WARNING
1.0,EVT:E1|KW:build|LEVEL:WARNING
1.0,COMP:compute_server_external_events|KW:build|LEVEL:WARNING
1.0,COMP:openstack_wsgi|KW:build|LEVEL:WARNING
1.0,COMP:libvirt_imagecache|KW:build|LEVEL:WARNING
1.0,COMP:libvirt_driver|KW:build|LEVEL:WARNING
1.0,COMP:compute_manager|KW:build|LEVEL:WARNING
1.0,COMP:compute_resource_tracker|KW:build|LEVEL:WARNING
1.0,COMP:compute_claims|KW:build|LEVEL:WARNING
0.6,EVT:E29|KW:build|LEVEL:WARNING
1.0,FLAG:FAILURE|HOUR:00|LEVEL:WARNING
1.0,EVT:E9|HOUR:00|LEVEL:WARNING
1.0,EVT:E8|HOUR:00|LEVEL:WARNING
1.0,EVT:E7|HOUR:00|LEVEL:WARNING
1.0,EVT:E6|HOUR:00|LEVEL:WARNING
1.0,EVT:E5|HOUR:00|LEVEL:WARNING
1.0,EVT:E42|HOUR:00|LEVEL:WARNING
1.0,EVT:E41|HOUR:00|LEVEL:WARNING
1.0,EVT:E4|HOUR:00|LEVEL:WARNING
1.0,EVT:E37|HOUR:00|LEVEL:WARNING
1.0,EVT:E36|HOUR:00|LEVEL:WARNING
1.0,EVT:E35|HOUR:00|LEVEL:WARNING
1.0,EVT:E34|HOUR:00|LEVEL:WARNING
1.0,EVT:E33|HOUR:00|LEVEL:WARNING
1.0,EVT:E32|HOUR:00|LEVEL:WARNING
1.0,EVT:E31|HOUR:00|LEVEL:WARNING
1.0,EVT:E30|HOUR:00|LEVEL:WARNING
1.0,EVT:E3|HOUR:00|LEVEL:WARNING
1.0,EVT:E28|HOUR:00|LEVEL:WARNING
1.0,EVT:E27|HOUR:00|LEVEL:WARNING
1.0,EVT:E25|HOUR:00|LEVEL:WARNING
1.0,EVT:E26|HOUR:00|LEVEL:WARNING
1.0,EVT:E24|HOUR:00|LEVEL:WARNING
1.0,EVT:E23|HOUR:00|LEVEL:WARNING
1.0,EVT:E2|HOUR:00|LEVEL:WARNING
1.0,EVT:E22|HOUR:00|LEVEL:WARNING
1.0,EVT:E21|HOUR:00|LEVEL:WARNING
1.0,EVT:E20|HOUR:00|LEVEL:WARNING
1.0,EVT:E18|HOUR:00|LEVEL:WARNING
1.0,EVT:E19|HOUR:00|LEVEL:WARNING
1.0,EVT:E17|HOUR:00|LEVEL:WARNING
1.0,EVT:E16|HOUR:00|LEVEL:WARNING
1.0,COMP:wsgi_server|HOUR:00|LEVEL:WARNING
1.0,EVT:E15|HOUR:00|LEVEL:WARNING
1.0,EVT:E14|HOUR:00|LEVEL:WARNING
1.0,EVT:E13|HOUR:00|LEVEL:WARNING
1.0,EVT:E12|HOUR:00|LEVEL:WARNING
1.0,EVT:E11|HOUR:00|LEVEL:WARNING
1.0,EVT:E10|HOUR:00|LEVEL:WARNING
1.0,EVT:E1|HOUR:00|LEVEL:WARNING
1.0,COMP:compute_server_external_events|HOUR:00|LEVEL:WARNING
1.0,COMP:openstack_wsgi|HOUR:00|LEVEL:WARNING
1.0,COMP:libvirt_imagecache|HOUR:00|LEVEL:WARNING
1.0,COMP:libvirt_driver|HOUR:00|LEVEL:WARNING
1.0,COMP:compute_manager|HOUR:00|LEVEL:WARNING
1.0,COMP:compute_resource_tracker|HOUR:00|LEVEL:WARNING
1.0,COMP:compute_claims|HOUR:00|LEVEL:WARNING
0.6,EVT:E29|HOUR:00|LEVEL:WARNING
1.0,EVT:E9|FLAG:FAILURE|LEVEL:WARNING
1.0,EVT:E8|FLAG:FAILURE|LEVEL:WARNING
1.0,EVT:E7|FLAG:FAILURE|LEVEL:WARNING
1.0,EVT:E6|FLAG:FAILURE|LEVEL:WARNING
1.0,EVT:E5|FLAG:FAILURE|LEVEL:WARNING
1.0,EVT:E42|FLAG:FAILURE|LEVEL:WARNING
1.0,EVT:E41|FLAG:FAILURE|LEVEL:WARNING
1.0,EVT:E4|FLAG:FAILURE|LEVEL:WARNING
1.0,EVT:E37|FLAG:FAILURE|LEVEL:WARNING
1.0,EVT:E36|FLAG:FAILURE|LEVEL:WARNING
1.0,EVT:E35|FLAG:FAILURE|LEVEL:WARNING
1.0,EVT:E34|FLAG:FAILURE|LEVEL:WARNING
1.0,EVT:E33|FLAG:FAILURE|LEVEL:WARNING
1.0,EVT:E32|FLAG:FAILURE|LEVEL:WARNING
1.0,EVT:E31|FLAG:FAILURE|LEVEL:WARNING
1.0,EVT:E30|FLAG:FAILURE|LEVEL:WARNING
1.0,EVT:E3|FLAG:FAILURE|LEVEL:WARNING
1.0,EVT:E28|FLAG:FAILURE|LEVEL:WARNING
1.0,EVT:E27|FLAG:FAILURE|LEVEL:WARNING
1.0,EVT:E25|FLAG:FAILURE|LEVEL:WARNING
1.0,EVT:E26|FLAG:FAILURE|LEVEL:WARNING
1.0,EVT:E24|FLAG:FAILURE|LEVEL:WARNING
1.0,EVT:E23|FLAG:FAILURE|LEVEL:WARNING
1.0,EVT:E2|FLAG:FAILURE|LEVEL:WARNING
1.0,EVT:E22|FLAG:FAILURE|LEVEL:WARNING
1.0,EVT:E21|FLAG:FAILURE|LEVEL:WARNING
1.0,EVT:E20|FLAG:FAILURE|LEVEL:WARNING
1.0,EVT:E18|FLAG:FAILURE|LEVEL:WARNING
1.0,EVT:E19|FLAG:FAILURE|LEVEL:WARNING
1.0,EVT:E17|FLAG:FAILURE|LEVEL:WARNING
1.0,EVT:E16|FLAG:FAILURE|LEVEL:WARNING
1.0,COMP:wsgi_server|FLAG:FAILURE|LEVEL:WARNING
1.0,EVT:E15|FLAG:FAILURE|LEVEL:WARNING
1.0,EVT:E14|FLAG:FAILURE|LEVEL:WARNING
1.0,EVT:E13|FLAG:FAILURE|LEVEL:WARNING
1.0,EVT:E12|FLAG:FAILURE|LEVEL:WARNING
1.0,EVT:E11|FLAG:FAILURE|LEVEL:WARNING
1.0,EVT:E10|FLAG:FAILURE|LEVEL:WARNING
1.0,EVT:E1|FLAG:FAILURE|LEVEL:WARNING
1.0,COMP:compute_server_external_events|FLAG:FAILURE|LEVEL:WARNING
1.0,COMP:openstack_wsgi|FLAG:FAILURE|LEVEL:WARNING
1.0,COMP:libvirt_imagecache|FLAG:FAILURE|LEVEL:WARNING
1.0,COMP:libvirt_driver|FLAG:FAILURE|LEVEL:WARNING
1.0,COMP:compute_manager|FLAG:FAILURE|LEVEL:WARNING
1.0,COMP:compute_resource_tracker|FLAG:FAILURE|LEVEL:WARNING
1.0,COMP:compute_claims|FLAG:FAILURE|LEVEL:WARNING
0.6,EVT:E29|FLAG:FAILURE|LEVEL:WARNING
1.0,EVT:E8|EVT:E9|LEVEL:WARNING
1.0,EVT:E7|EVT:E9|LEVEL:WARNING
1.0,EVT:E6|EVT:E9|LEVEL:WARNING
1.0,EVT:E5|EVT:E9|LEVEL:WARNING
1.0,EVT:E42|EVT:E9|LEVEL:WARNING
1.0,EVT:E41|EVT:E9|LEVEL:WARNING
1.0,EVT:E4|EVT:E9|LEVEL:WARNING
1.0,EVT:E37|EVT:E9|LEVEL:WARNING
1.0,EVT:E36|EVT:E9|LEVEL:WARNING
1.0,EVT:E35|EVT:E9|LEVEL:WARNING
1.0,EVT:E34|EVT:E9|LEVEL:WARNING
1.0,EVT:E33|EVT:E9|LEVEL:WARNING
1.0,EVT:E32|EVT:E9|LEVEL:WARNING
1.0,EVT:E31|EVT:E9|LEVEL:WARNING
1.0,EVT:E30|EVT:E9|LEVEL:WARNING
1.0,EVT:E3|EVT:E9|LEVEL:WARNING
1.0,EVT:E28|EVT:E9|LEVEL:WARNING
1.0,EVT:E27|EVT:E9|LEVEL:WARNING
1.0,EVT:E25|EVT:E9|LEVEL:WARNING
1.0,EVT:E26|EVT:E9|LEVEL:WARNING
1.0,EVT:E24|EVT:E9|LEVEL:WARNING
1.0,EVT:E23|EVT:E9|LEVEL:WARNING
1.0,EVT:E2|EVT:E9|LEVEL:WARNING
1.0,EVT:E22|EVT:E9|LEVEL:WARNING
1.0,EVT:E21|EVT:E9|LEVEL:WARNING
1.0,EVT:E20|EVT:E9|LEVEL:WARNING
1.0,EVT:E18|EVT:E9|LEVEL:WARNING
1.0,EVT:E19|EVT:E9|LEVEL:WARNING
1.0,EVT:E17|EVT:E9|LEVEL:WARNING
1.0,EVT:E16|EVT:E9|LEVEL:WARNING
1.0,COMP:wsgi_server|EVT:E9|LEVEL:WARNING
1.0,EVT:E15|EVT:E9|LEVEL:WARNING
1.0,EVT:E14|EVT:E9|LEVEL:WARNING
1.0,EVT:E13|EVT:E9|LEVEL:WARNING
1.0,EVT:E12|EVT:E9|LEVEL:WARNING
1.0,EVT:E11|EVT:E9|LEVEL:WARNING
1.0,EVT:E10|EVT:E9|LEVEL:WARNING
1.0,EVT:E1|EVT:E9|LEVEL:WARNING
1.0,COMP:compute_server_external_events|EVT:E9|LEVEL:WARNING
1.0,COMP:openstack_wsgi|EVT:E9|LEVEL:WARNING
1.0,COMP:libvirt_imagecache|EVT:E9|LEVEL:WARNING
1.0,COMP:libvirt_driver|EVT:E9|LEVEL:WARNING
1.0,COMP:compute_manager|EVT:E9|LEVEL:WARNING
1.0,COMP:compute_resource_tracker|EVT:E9|LEVEL:WARNING
1.0,COMP:compute_claims|EVT:E9|LEVEL:WARNING
0.6,EVT:E29|EVT:E9|LEVEL:WARNING
1.0,EVT:E7|EVT:E8|LEVEL:WARNING
1.0,EVT:E6|EVT:E8|LEVEL:WARNING
1.0,EVT:E5|EVT:E8|LEVEL:WARNING
1.0,EVT:E42|EVT:E8|LEVEL:WARNING
1.0,EVT:E41|EVT:E8|LEVEL:WARNING
1.0,EVT:E4|EVT:E8|LEVEL:WARNING
1.0,EVT:E37|EVT:E8|LEVEL:WARNING
1.0,EVT:E36|EVT:E8|LEVEL:WARNING
1.0,EVT:E35|EVT:E8|LEVEL:WARNING
1.0,EVT:E34|EVT:E8|LEVEL:WARNING
1.0,EVT:E33|EVT:E8|LEVEL:WARNING
1.0,EVT:E32|EVT:E8|LEVEL:WARNING
1.0,EVT:E31|EVT:E8|LEVEL:WARNING
1.0,EVT:E30|EVT:E8|LEVEL:WARNING
1.0,EVT:E3|EVT:E8|LEVEL:WARNING
1.0,EVT:E28|EVT:E8|LEVEL:WARNING
1.0,EVT:E27|EVT:E8|LEVEL:WARNING
1.0,EVT:E25|EVT:E8|LEVEL:WARNING
1.0,EVT:E26|EVT:E8|LEVEL:WARNING
1.0,EVT:E24|EVT:E8|LEVEL:WARNING
1.0,EVT:E23|EVT:E8|LEVEL:WARNING
1.0,EVT:E2|EVT:E8|LEVEL:WARNING
1.0,EVT:E22|EVT:E8|LEVEL:WARNING
1.0,EVT:E21|EVT:E8|LEVEL:WARNING
1.0,EVT:E20|EVT:E8|LEVEL:WARNING
1.0,EVT:E18|EVT:E8|LEVEL:WARNING
1.0,EVT:E19|EVT:E8|LEVEL:WARNING
1.0,EVT:E17|EVT:E8|LEVEL:WARNING
1.0,EVT:E16|EVT:E8|LEVEL:WARNING
1.0,COMP:wsgi_server|EVT:E8|LEVEL:WARNING
1.0,EVT:E15|EVT:E8|LEVEL:WARNING
1.0,EVT:E14|EVT:E8|LEVEL:WARNING
1.0,EVT:E13|EVT:E8|LEVEL:WARNING
1.0,EVT:E12|EVT:E8|LEVEL:WARNING
1.0,EVT:E11|EVT:E8|LEVEL:WARNING
1.0,EVT:E10|EVT:E8|LEVEL:WARNING
1.0,EVT:E1|EVT:E8|LEVEL:WARNING
1.0,COMP:compute_server_external_events|EVT:E8|LEVEL:WARNING
1.0,COMP:openstack_wsgi|EVT:E8|LEVEL:WARNING
1.0,COMP:libvirt_imagecache|EVT:E8|LEVEL:WARNING
1.0,COMP:libvirt_driver|EVT:E8|LEVEL:WARNING
1.0,COMP:compute_manager|EVT:E8|LEVEL:WARNING
1.0,COMP:compute_resource_tracker|EVT:E8|LEVEL:WARNING
1.0,COMP:compute_claims|EVT:E8|LEVEL:WARNING
0.6,EVT:E29|EVT:E8|LEVEL:WARNING
1.0,EVT:E6|EVT:E7|LEVEL:WARNING
1.0,EVT:E5|EVT:E7|LEVEL:WARNING
1.0,EVT:E42|EVT:E7|LEVEL:WARNING
1.0,EVT:E41|EVT:E7|LEVEL:WARNING
1.0,EVT:E4|EVT:E7|LEVEL:WARNING
1.0,EVT:E37|EVT:E7|LEVEL:WARNING
1.0,EVT:E36|EVT:E7|LEVEL:WARNING
1.0,EVT:E35|EVT:E7|LEVEL:WARNING
1.0,EVT:E34|EVT:E7|LEVEL:WARNING
1.0,EVT:E33|EVT:E7|LEVEL:WARNING
1.0,EVT:E32|EVT:E7|LEVEL:WARNING
1.0,EVT:E31|EVT:E7|LEVEL:WARNING
1.0,EVT:E30|EVT:E7|LEVEL:WARNING
1.0,EVT:E3|EVT:E7|LEVEL:WARNING
1.0,EVT:E28|EVT:E7|LEVEL:WARNING
1.0,EVT:E27|EVT:E7|LEVEL:WARNING
1.0,EVT:E25|EVT:E7|LEVEL:WARNING
1.0,EVT:E26|EVT:E7|LEVEL:WARNING
1.0,EVT:E24|EVT:E7|LEVEL:WARNING
1.0,EVT:E23|EVT:E7|LEVEL:WARNING
1.0,EVT:E2|EVT:E7|LEVEL:WARNING
1.0,EVT:E22|EVT:E7|LEVEL:WARNING
1.0,EVT:E21|EVT:E7|LEVEL:WARNING
1.0,EVT:E20|EVT:E7|LEVEL:WARNING
1.0,EVT:E18|EVT:E7|LEVEL:WARNING
1.0,EVT:E19|EVT:E7|LEVEL:WARNING
1.0,EVT:E17|EVT:E7|LEVEL:WARNING
1.0,EVT:E16|EVT:E7|LEVEL:WARNING
1.0,COMP:wsgi_server|EVT:E7|LEVEL:WARNING
1.0,EVT:E15|EVT:E7|LEVEL:WARNING
1.0,EVT:E14|EVT:E7|LEVEL:WARNING
1.0,EVT:E13|EVT:E7|LEVEL:WARNING
1.0,EVT:E12|EVT:E7|LEVEL:WARNING
1.0,EVT:E11|EVT:E7|LEVEL:WARNING
1.0,EVT:E10|EVT:E7|LEVEL:WARNING
1.0,EVT:E1|EVT:E7|LEVEL:WARNING
1.0,COMP:compute_server_external_events|EVT:E7|LEVEL:WARNING
1.0,COMP:openstack_wsgi|EVT:E7|LEVEL:WARNING
1.0,COMP:libvirt_imagecache|EVT:E7|LEVEL:WARNING
1.0,COMP:libvirt_driver|EVT:E7|LEVEL:WARNING
1.0,COMP:compute_manager|EVT:E7|LEVEL:WARNING
1.0,COMP:compute_resource_tracker|EVT:E7|LEVEL:WARNING
1.0,COMP:compute_claims|EVT:E7|LEVEL:WARNING
0.6,EVT:E29|EVT:E7|LEVEL:WARNING
1.0,EVT:E5|EVT:E6|LEVEL:WARNING
1.0,EVT:E42|EVT:E6|LEVEL:WARNING
1.0,EVT:E41|EVT:E6|LEVEL:WARNING
1.0,EVT:E4|EVT:E6|LEVEL:WARNING
1.0,EVT:E37|EVT:E6|LEVEL:WARNING
1.0,EVT:E36|EVT:E6|LEVEL:WARNING
1.0,EVT:E35|EVT:E6|LEVEL:WARNING
1.0,EVT:E34|EVT:E6|LEVEL:WARNING
1.0,EVT:E33|EVT:E6|LEVEL:WARNING
1.0,EVT:E32|EVT:E6|LEVEL:WARNING
1.0,EVT:E31|EVT:E6|LEVEL:WARNING
1.0,EVT:E30|EVT:E6|LEVEL:WARNING
1.0,EVT:E3|EVT:E6|LEVEL:WARNING
1.0,EVT:E28|EVT:E6|LEVEL:WARNING
1.0,EVT:E27|EVT:E6|LEVEL:WARNING
1.0,EVT:E25|EVT:E6|LEVEL:WARNING
1.0,EVT:E26|EVT:E6|LEVEL:WARNING
1.0,EVT:E24|EVT:E6|LEVEL:WARNING
1.0,EVT:E23|EVT:E6|LEVEL:WARNING
1.0,EVT:E2|EVT:E6|LEVEL:WARNING
1.0,EVT:E22|EVT:E6|LEVEL:WARNING
1.0,EVT:E21|EVT:E6|LEVEL:WARNING
1.0,EVT:E20|EVT:E6|LEVEL:WARNING
1.0,EVT:E18|EVT:E6|LEVEL:WARNING
1.0,EVT:E19|EVT:E6|LEVEL:WARNING
1.0,EVT:E17|EVT:E6|LEVEL:WARNING
1.0,EVT:E16|EVT:E6|LEVEL:WARNING
1.0,COMP:wsgi_server|EVT:E6|LEVEL:WARNING
1.0,EVT:E15|EVT:E6|LEVEL:WARNING
1.0,EVT:E14|EVT:E6|LEVEL:WARNING
1.0,EVT:E13|EVT:E6|LEVEL:WARNING
1.0,EVT:E12|EVT:E6|LEVEL:WARNING
1.0,EVT:E11|EVT:E6|LEVEL:WARNING
1.0,EVT:E10|EVT:E6|LEVEL:WARNING
1.0,EVT:E1|EVT:E6|LEVEL:WARNING
1.0,COMP:compute_server_external_events|EVT:E6|LEVEL:WARNING
1.0,COMP:openstack_wsgi|EVT:E6|LEVEL:WARNING
1.0,COMP:libvirt_imagecache|EVT:E6|LEVEL:WARNING
1.0,COMP:libvirt_driver|EVT:E6|LEVEL:WARNING
1.0,COMP:compute_manager|EVT:E6|LEVEL:WARNING
1.0,COMP:compute_resource_tracker|EVT:E6|LEVEL:WARNING
1.0,COMP:compute_claims|EVT:E6|LEVEL:WARNING
0.6,EVT:E29|EVT:E6|LEVEL:WARNING
1.0,EVT:E42|EVT:E5|LEVEL:WARNING
1.0,EVT:E41|EVT:E5|LEVEL:WARNING
1.0,EVT:E4|EVT:E5|LEVEL:WARNING
1.0,EVT:E37|EVT:E5|LEVEL:WARNING
1.0,EVT:E36|EVT:E5|LEVEL:WARNING
1.0,EVT:E35|EVT:E5|LEVEL:WARNING
1.0,EVT:E34|EVT:E5|LEVEL:WARNING
1.0,EVT:E33|EVT:E5|LEVEL:WARNING
1.0,EVT:E32|EVT:E5|LEVEL:WARNING
1.0,EVT:E31|EVT:E5|LEVEL:WARNING
1.0,EVT:E30|EVT:E5|LEVEL:WARNING
1.0,EVT:E3|EVT:E5|LEVEL:WARNING
1.0,EVT:E28|EVT:E5|LEVEL:WARNING
1.0,EVT:E27|EVT:E5|LEVEL:WARNING
1.0,EVT:E25|EVT:E5|LEVEL:WARNING
1.0,EVT:E26|EVT:E5|LEVEL:WARNING
1.0,EVT:E24|EVT:E5|LEVEL:WARNING
1.0,EVT:E23|EVT:E5|LEVEL:WARNING
1.0,EVT:E2|EVT:E5|LEVEL:WARNING
1.0,EVT:E22|EVT:E5|LEVEL:WARNING
1.0,EVT:E21|EVT:E5|LEVEL:WARNING
1.0,EVT:E20|EVT:E5|LEVEL:WARNING
1.0,EVT:E18|EVT:E5|LEVEL:WARNING
1.0,EVT:E19|EVT:E5|LEVEL:WARNING
1.0,EVT:E17|EVT:E5|LEVEL:WARNING
1.0,EVT:E16|EVT:E5|LEVEL:WARNING
1.0,COMP:wsgi_server|EVT:E5|LEVEL:WARNING
1.0,EVT:E15|EVT:E5|LEVEL:WARNING
1.0,EVT:E14|EVT:E5|LEVEL:WARNING
1.0,EVT:E13|EVT:E5|LEVEL:WARNING
1.0,EVT:E12|EVT:E5|LEVEL:WARNING
1.0,EVT:E11|EVT:E5|LEVEL:WARNING
1.0,EVT:E10|EVT:E5|LEVEL:WARNING
1.0,EVT:E1|EVT:E5|LEVEL:WARNING
1.0,COMP:compute_server_external_events|EVT:E5|LEVEL:WARNING
1.0,COMP:openstack_wsgi|EVT:E5|LEVEL:WARNING
1.0,COMP:libvirt_imagecache|EVT:E5|LEVEL:WARNING
1.0,COMP:libvirt_driver|EVT:E5|LEVEL:WARNING
1.0,COMP:compute_manager|EVT:E5|LEVEL:WARNING
1.0,COMP:compute_resource_tracker|EVT:E5|LEVEL:WARNING
1.0,COMP:compute_claims|EVT:E5|LEVEL:WARNING
0.6,EVT:E29|EVT:E5|LEVEL:WARNING
1.0,EVT:E41|EVT:E42|LEVEL:WARNING
1.0,EVT:E4|EVT:E42|LEVEL:WARNING
1.0,EVT:E37|EVT:E42|LEVEL:WARNING
1.0,EVT:E36|EVT:E42|LEVEL:WARNING
1.0,EVT:E35|EVT:E42|LEVEL:WARNING
1.0,EVT:E34|EVT:E42|LEVEL:WARNING
1.0,EVT:E33|EVT:E42|LEVEL:WARNING
1.0,EVT:E32|EVT:E42|LEVEL:WARNING
1.0,EVT:E31|EVT:E42|LEVEL:WARNING
1.0,EVT:E30|EVT:E42|LEVEL:WARNING
1.0,EVT:E3|EVT:E42|LEVEL:WARNING
1.0,EVT:E28|EVT:E42|LEVEL:WARNING
1.0,EVT:E27|EVT:E42|LEVEL:WARNING
1.0,EVT:E25|EVT:E42|LEVEL:WARNING
1.0,EVT:E26|EVT:E42|LEVEL:WARNING
1.0,EVT:E24|EVT:E42|LEVEL:WARNING
1.0,EVT:E23|EVT:E42|LEVEL:WARNING
1.0,EVT:E2|EVT:E42|LEVEL:WARNING
1.0,EVT:E22|EVT:E42|LEVEL:WARNING
1.0,EVT:E21|EVT:E42|LEVEL:WARNING
1.0,EVT:E20|EVT:E42|LEVEL:WARNING
1.0,EVT:E18|EVT:E42|LEVEL:WARNING
1.0,EVT:E19|EVT:E42|LEVEL:WARNING
1.0,EVT:E17|EVT:E42|LEVEL:WARNING
1.0,EVT:E16|EVT:E42|LEVEL:WARNING
1.0,COMP:wsgi_server|EVT:E42|LEVEL:WARNING
1.0,EVT:E15|EVT:E42|LEVEL:WARNING
1.0,EVT:E14|EVT:E42|LEVEL:WARNING
1.0,EVT:E13|EVT:E42|LEVEL:WARNING
1.0,EVT:E12|EVT:E42|LEVEL:WARNING
1.0,EVT:E11|EVT:E42|LEVEL:WARNING
1.0,EVT:E10|EVT:E42|LEVEL:WARNING
1.0,EVT:E1|EVT:E42|LEVEL:WARNING
1.0,COMP:compute_server_external_events|EVT:E42|LEVEL:WARNING
1.0,COMP:openstack_wsgi|EVT:E42|LEVEL:WARNING
1.0,COMP:libvirt_imagecache|EVT:E42|LEVEL:WARNING
1.0,COMP:libvirt_driver|EVT:E42|LEVEL:WARNING
1.0,COMP:compute_manager|EVT:E42|LEVEL:WARNING
1.0,COMP:compute_resource_tracker|EVT:E42|LEVEL:WARNING
1.0,COMP:compute_claims|EVT:E42|LEVEL:WARNING
0.6,EVT:E29|EVT:E42|LEVEL:WARNING
1.0,EVT:E4|EVT:E41|LEVEL:WARNING
1.0,EVT:E37|EVT:E41|LEVEL:WARNING
1.0,EVT:E36|EVT:E41|LEVEL:WARNING
1.0,EVT:E35|EVT:E41|LEVEL:WARNING
1.0,EVT:E34|EVT:E41|LEVEL:WARNING
1.0,EVT:E33|EVT:E41|LEVEL:WARNING
1.0,EVT:E32|EVT:E41|LEVEL:WARNING
1.0,EVT:E31|EVT:E41|LEVEL:WARNING
1.0,EVT:E30|EVT:E41|LEVEL:WARNING
1.0,EVT:E3|EVT:E41|LEVEL:WARNING
1.0,EVT:E28|EVT:E41|LEVEL:WARNING
1.0,EVT:E27|EVT:E41|LEVEL:WARNING
1.0,EVT:E25|EVT:E41|LEVEL:WARNING
1.0,EVT:E26|EVT:E41|LEVEL:WARNING
1.0,EVT:E24|EVT:E41|LEVEL:WARNING
1.0,EVT:E23|EVT:E41|LEVEL:WARNING
1.0,EVT:E2|EVT:E41|LEVEL:WARNING
1.0,EVT:E22|EVT:E41|LEVEL:WARNING
1.0,EVT:E21|EVT:E41|LEVEL:WARNING
1.0,EVT:E20|EVT:E41|LEVEL:WARNING
1.0,EVT:E18|EVT:E41|LEVEL:WARNING
1.0,EVT:E19|EVT:E41|LEVEL:WARNING
1.0,EVT:E17|EVT:E41|LEVEL:WARNING
1.0,EVT:E16|EVT:E41|LEVEL:WARNING
1.0,COMP:wsgi_server|EVT:E41|LEVEL:WARNING
1.0,EVT:E15|EVT:E41|LEVEL:WARNING
1.0,EVT:E14|EVT:E41|LEVEL:WARNING
1.0,EVT:E13|EVT:E41|LEVEL:WARNING
1.0,EVT:E12|EVT:E41|LEVEL:WARNING
1.0,EVT:E11|EVT:E41|LEVEL:WARNING
1.0,EVT:E10|EVT:E41|LEVEL:WARNING
1.0,EVT:E1|EVT:E41|LEVEL:WARNING
1.0,COMP:compute_server_external_events|EVT:E41|LEVEL:WARNING
1.0,COMP:openstack_wsgi|EVT:E41|LEVEL:WARNING
1.0,COMP:libvirt_imagecache|EVT:E41|LEVEL:WARNING
1.0,COMP:libvirt_driver|EVT:E41|LEVEL:WARNING
1.0,COMP:compute_manager|EVT:E41|LEVEL:WARNING
1.0,COMP:compute_resource_tracker|EVT:E41|LEVEL:WARNING
1.0,COMP:compute_claims|EVT:E41|LEVEL:WARNING
0.6,EVT:E29|EVT:E41|LEVEL:WARNING
1.0,EVT:E37|EVT:E4|LEVEL:WARNING
1.0,EVT:E36|EVT:E4|LEVEL:WARNING
1.0,EVT:E35|EVT:E4|LEVEL:WARNING
1.0,EVT:E34|EVT:E4|LEVEL:WARNING
1.0,EVT:E33|EVT:E4|LEVEL:WARNING
1.0,EVT:E32|EVT:E4|LEVEL:WARNING
1.0,EVT:E31|EVT:E4|LEVEL:WARNING
1.0,EVT:E30|EVT:E4|LEVEL:WARNING
1.0,EVT:E3|EVT:E4|LEVEL:WARNING
1.0,EVT:E28|EVT:E4|LEVEL:WARNING
1.0,EVT:E27|EVT:E4|LEVEL:WARNING
1.0,EVT:E25|EVT:E4|LEVEL:WARNING
1.0,EVT:E26|EVT:E4|LEVEL:WARNING
1.0,EVT:E24|EVT:E4|LEVEL:WARNING
1.0,EVT:E23|EVT:E4|LEVEL:WARNING
1.0,EVT:E2|EVT:E4|LEVEL:WARNING
1.0,EVT:E22|EVT:E4|LEVEL:WARNING
1.0,EVT:E21|EVT:E4|LEVEL:WARNING
1.0,EVT:E20|EVT:E4|LEVEL:WARNING
1.0,EVT:E18|EVT:E4|LEVEL:WARNING
1.0,EVT:E19|EVT:E4|LEVEL:WARNING
1.0,EVT:E17|EVT:E4|LEVEL:WARNING
1.0,EVT:E16|EVT:E4|LEVEL:WARNING
1.0,COMP:wsgi_server|EVT:E4|LEVEL:WARNING
1.0,EVT:E15|EVT:E4|LEVEL:WARNING
1.0,EVT:E14|EVT:E4|LEVEL:WARNING
1.0,EVT:E13|EVT:E4|LEVEL:WARNING
1.0,EVT:E12|EVT:E4|LEVEL:WARNING
1.0,EVT:E11|EVT:E4|LEVEL:WARNING
1.0,EVT:E10|EVT:E4|LEVEL:WARNING
1.0,EVT:E1|EVT:E4|LEVEL:WARNING
1.0,COMP:compute_server_external_events|EVT:E4|LEVEL:WARNING
1.0,COMP:openstack_wsgi|EVT:E4|LEVEL:WARNING
1.0,COMP:libvirt_imagecache|EVT:E4|LEVEL:WARNING
1.0,COMP:libvirt_driver|EVT:E4|LEVEL:WARNING
1.0,COMP:compute_manager|EVT:E4|LEVEL:WARNING
1.0,COMP:compute_resource_tracker|EVT:E4|LEVEL:WARNING
1.0,COMP:compute_claims|EVT:E4|LEVEL:WARNING
0.6,EVT:E29|EVT:E4|LEVEL:WARNING
1.0,EVT:E36|EVT:E37|LEVEL:WARNING
1.0,EVT:E35|EVT:E37|LEVEL:WARNING
1.0,EVT:E34|EVT:E37|LEVEL:WARNING
1.0,EVT:E33|EVT:E37|LEVEL:WARNING
1.0,EVT:E32|EVT:E37|LEVEL:WARNING
1.0,EVT:E31|EVT:E37|LEVEL:WARNING
1.0,EVT:E30|EVT:E37|LEVEL:WARNING
1.0,EVT:E3|EVT:E37|LEVEL:WARNING
1.0,EVT:E28|EVT:E37|LEVEL:WARNING
1.0,EVT:E27|EVT:E37|LEVEL:WARNING
1.0,EVT:E25|EVT:E37|LEVEL:WARNING
1.0,EVT:E26|EVT:E37|LEVEL:WARNING
1.0,EVT:E24|EVT:E37|LEVEL:WARNING
1.0,EVT:E23|EVT:E37|LEVEL:WARNING
1.0,EVT:E2|EVT:E37|LEVEL:WARNING
1.0,EVT:E22|EVT:E37|LEVEL:WARNING
1.0,EVT:E21|EVT:E37|LEVEL:WARNING
1.0,EVT:E20|EVT:E37|LEVEL:WARNING
1.0,EVT:E18|EVT:E37|LEVEL:WARNING
1.0,EVT:E19|EVT:E37|LEVEL:WARNING
1.0,EVT:E17|EVT:E37|LEVEL:WARNING
1.0,EVT:E16|EVT:E37|LEVEL:WARNING
1.0,COMP:wsgi_server|EVT:E37|LEVEL:WARNING
1.0,EVT:E15|EVT:E37|LEVEL:WARNING
1.0,EVT:E14|EVT:E37|LEVEL:WARNING
1.0,EVT:E13|EVT:E37|LEVEL:WARNING
1.0,EVT:E12|EVT:E37|LEVEL:WARNING
1.0,EVT:E11|EVT:E37|LEVEL:WARNING
1.0,EVT:E10|EVT:E37|LEVEL:WARNING
1.0,EVT:E1|EVT:E37|LEVEL:WARNING
1.0,COMP:compute_server_external_events|EVT:E37|LEVEL:WARNING
1.0,COMP:openstack_wsgi|EVT:E37|LEVEL:WARNING
1.0,COMP:libvirt_imagecache|EVT:E37|LEVEL:WARNING
1.0,COMP:libvirt_driver|EVT:E37|LEVEL:WARNING
1.0,COMP:compute_manager|EVT:E37|LEVEL:WARNING
1.0,COMP:compute_resource_tracker|EVT:E37|LEVEL:WARNING
1.0,COMP:compute_claims|EVT:E37|LEVEL:WARNING
0.6,EVT:E29|EVT:E37|LEVEL:WARNING
1.0,EVT:E35|EVT:E36|LEVEL:WARNING
1.0,EVT:E34|EVT:E36|LEVEL:WARNING
1.0,EVT:E33|EVT:E36|LEVEL:WARNING
1.0,EVT:E32|EVT:E36|LEVEL:WARNING
1.0,EVT:E31|EVT:E36|LEVEL:WARNING
1.0,EVT:E30|EVT:E36|LEVEL:WARNING
1.0,EVT:E3|EVT:E36|LEVEL:WARNING
1.0,EVT:E28|EVT:E36|LEVEL:WARNING
1.0,EVT:E27|EVT:E36|LEVEL:WARNING
1.0,EVT:E25|EVT:E36|LEVEL:WARNING
1.0,EVT:E26|EVT:E36|LEVEL:WARNING
1.0,EVT:E24|EVT:E36|LEVEL:WARNING
1.0,EVT:E23|EVT:E36|LEVEL:WARNING
1.0,EVT:E2|EVT:E36|LEVEL:WARNING
1.0,EVT:E22|EVT:E36|LEVEL:WARNING
1.0,EVT:E21|EVT:E36|LEVEL:WARNING
1.0,EVT:E20|EVT:E36|LEVEL:WARNING
1.0,EVT:E18|EVT:E36|LEVEL:WARNING
1.0,EVT:E19|EVT:E36|LEVEL:WARNING
1.0,EVT:E17|EVT:E36|LEVEL:WARNING
1.0,EVT:E16|EVT:E36|LEVEL:WARNING
1.0,COMP:wsgi_server|EVT:E36|LEVEL:WARNING
1.0,EVT:E15|EVT:E36|LEVEL:WARNING
1.0,EVT:E14|EVT:E36|LEVEL:WARNING
1.0,EVT:E13|EVT:E36|LEVEL:WARNING
1.0,EVT:E12|EVT:E36|LEVEL:WARNING
1.0,EVT:E11|EVT:E36|LEVEL:WARNING
1.0,EVT:E10|EVT:E36|LEVEL:WARNING
1.0,EVT:E1|EVT:E36|LEVEL:WARNING
1.0,COMP:compute_server_external_events|EVT:E36|LEVEL:WARNING
1.0,COMP:openstack_wsgi|EVT:E36|LEVEL:WARNING
1.0,COMP:libvirt_imagecache|EVT:E36|LEVEL:WARNING
1.0,COMP:libvirt_driver|EVT:E36|LEVEL:WARNING
1.0,COMP:compute_manager|EVT:E36|LEVEL:WARNING
1.0,COMP:compute_resource_tracker|EVT:E36|LEVEL:WARNING
1.0,COMP:compute_claims|EVT:E36|LEVEL:WARNING
0.6,EVT:E29|EVT:E36|LEVEL:WARNING
1.0,EVT:E34|EVT:E35|LEVEL:WARNING
1.0,EVT:E33|EVT:E35|LEVEL:WARNING
1.0,EVT:E32|EVT:E35|LEVEL:WARNING
1.0,EVT:E31|EVT:E35|LEVEL:WARNING
1.0,EVT:E30|EVT:E35|LEVEL:WARNING
1.0,EVT:E3|EVT:E35|LEVEL:WARNING
1.0,EVT:E28|EVT:E35|LEVEL:WARNING
1.0,EVT:E27|EVT:E35|LEVEL:WARNING
1.0,EVT:E25|EVT:E35|LEVEL:WARNING
1.0,EVT:E26|EVT:E35|LEVEL:WARNING
1.0,EVT:E24|EVT:E35|LEVEL:WARNING
1.0,EVT:E23|EVT:E35|LEVEL:WARNING
1.0,EVT:E2|EVT:E35|LEVEL:WARNING
1.0,EVT:E22|EVT:E35|LEVEL:WARNING
1.0,EVT:E21|EVT:E35|LEVEL:WARNING
1.0,EVT:E20|EVT:E35|LEVEL:WARNING
1.0,EVT:E18|EVT:E35|LEVEL:WARNING
1.0,EVT:E19|EVT:E35|LEVEL:WARNING
1.0,EVT:E17|EVT:E35|LEVEL:WARNING
1.0,EVT:E16|EVT:E35|LEVEL:WARNING
1.0,COMP:wsgi_server|EVT:E35|LEVEL:WARNING
1.0,EVT:E15|EVT:E35|LEVEL:WARNING
1.0,EVT:E14|EVT:E35|LEVEL:WARNING
1.0,EVT:E13|EVT:E35|LEVEL:WARNING
1.0,EVT:E12|EVT:E35|LEVEL:WARNING
1.0,EVT:E11|EVT:E35|LEVEL:WARNING
1.0,EVT:E10|EVT:E35|LEVEL:WARNING
1.0,EVT:E1|EVT:E35|LEVEL:WARNING
1.0,COMP:compute_server_external_events|EVT:E35|LEVEL:WARNING
1.0,COMP:openstack_wsgi|EVT:E35|LEVEL:WARNING
1.0,COMP:libvirt_imagecache|EVT:E35|LEVEL:WARNING
1.0,COMP:libvirt_driver|EVT:E35|LEVEL:WARNING
1.0,COMP:compute_manager|EVT:E35|LEVEL:WARNING
1.0,COMP:compute_resource_tracker|EVT:E35|LEVEL:WARNING
1.0,COMP:compute_claims|EVT:E35|LEVEL:WARNING
0.6,EVT:E29|EVT:E35|LEVEL:WARNING
1.0,EVT:E33|EVT:E34|LEVEL:WARNING
1.0,EVT:E32|EVT:E34|LEVEL:WARNING
1.0,EVT:E31|EVT:E34|LEVEL:WARNING
1.0,EVT:E30|EVT:E34|LEVEL:WARNING
1.0,EVT:E3|EVT:E34|LEVEL:WARNING
1.0,EVT:E28|EVT:E34|LEVEL:WARNING
1.0,EVT:E27|EVT:E34|LEVEL:WARNING
1.0,EVT:E25|EVT:E34|LEVEL:WARNING
1.0,EVT:E26|EVT:E34|LEVEL:WARNING
1.0,EVT:E24|EVT:E34|LEVEL:WARNING
1.0,EVT:E23|EVT:E34|LEVEL:WARNING
1.0,EVT:E2|EVT:E34|LEVEL:WARNING
1.0,EVT:E22|EVT:E34|LEVEL:WARNING
1.0,EVT:E21|EVT:E34|LEVEL:WARNING
1.0,EVT:E20|EVT:E34|LEVEL:WARNING
1.0,EVT:E18|EVT:E34|LEVEL:WARNING
1.0,EVT:E19|EVT:E34|LEVEL:WARNING
1.0,EVT:E17|EVT:E34|LEVEL:WARNING
1.0,EVT:E16|EVT:E34|LEVEL:WARNING
1.0,COMP:wsgi_server|EVT:E34|LEVEL:WARNING
1.0,EVT:E15|EVT:E34|LEVEL:WARNING
1.0,EVT:E14|EVT:E34|LEVEL:WARNING
1.0,EVT:E13|EVT:E34|LEVEL:WARNING
1.0,EVT:E12|EVT:E34|LEVEL:WARNING
1.0,EVT:E11|EVT:E34|LEVEL:WARNING
1.0,EVT:E10|EVT:E34|LEVEL:WARNING
1.0,EVT:E1|EVT:E34|LEVEL:WARNING
1.0,COMP:compute_server_external_events|EVT:E34|LEVEL:WARNING
1.0,COMP:openstack_wsgi|EVT:E34|LEVEL:WARNING
1.0,COMP:libvirt_imagecache|EVT:E34|LEVEL:WARNING
1.0,COMP:libvirt_driver|EVT:E34|LEVEL:WARNING
1.0,COMP:compute_manager|EVT:E34|LEVEL:WARNING
1.0,COMP:compute_resource_tracker|EVT:E34|LEVEL:WARNING
1.0,COMP:compute_claims|EVT:E34|LEVEL:WARNING
0.6,EVT:E29|EVT:E34|LEVEL:WARNING
1.0,EVT:E32|EVT:E33|LEVEL:WARNING
1.0,EVT:E31|EVT:E33|LEVEL:WARNING
1.0,EVT:E30|EVT:E33|LEVEL:WARNING
1.0,EVT:E3|EVT:E33|LEVEL:WARNING
1.0,EVT:E28|EVT:E33|LEVEL:WARNING
1.0,EVT:E27|EVT:E33|LEVEL:WARNING
1.0,EVT:E25|EVT:E33|LEVEL:WARNING
1.0,EVT:E26|EVT:E33|LEVEL:WARNING
1.0,EVT:E24|EVT:E33|LEVEL:WARNING
1.0,EVT:E23|EVT:E33|LEVEL:WARNING
1.0,EVT:E2|EVT:E33|LEVEL:WARNING
1.0,EVT:E22|EVT:E33|LEVEL:WARNING
1.0,EVT:E21|EVT:E33|LEVEL:WARNING
1.0,EVT:E20|EVT:E33|LEVEL:WARNING
1.0,EVT:E18|EVT:E33|LEVEL:WARNING
1.0,EVT:E19|EVT:E33|LEVEL:WARNING
1.0,EVT:E17|EVT:E33|LEVEL:WARNING
1.0,EVT:E16|EVT:E33|LEVEL:WARNING
1.0,COMP:wsgi_server|EVT:E33|LEVEL:WARNING
1.0,EVT:E15|EVT:E33|LEVEL:WARNING
1.0,EVT:E14|EVT:E33|LEVEL:WARNING
1.0,EVT:E13|EVT:E33|LEVEL:WARNING
1.0,EVT:E12|EVT:E33|LEVEL:WARNING
1.0,EVT:E11|EVT:E33|LEVEL:WARNING
1.0,EVT:E10|EVT:E33|LEVEL:WARNING
1.0,EVT:E1|EVT:E33|LEVEL:WARNING
1.0,COMP:compute_server_external_events|EVT:E33|LEVEL:WARNING
1.0,COMP:openstack_wsgi|EVT:E33|LEVEL:WARNING
1.0,COMP:libvirt_imagecache|EVT:E33|LEVEL:WARNING
1.0,COMP:libvirt_driver|EVT:E33|LEVEL:WARNING
1.0,COMP:compute_manager|EVT:E33|LEVEL:WARNING
1.0,COMP:compute_resource_tracker|EVT:E33|LEVEL:WARNING
1.0,COMP:compute_claims|EVT:E33|LEVEL:WARNING
0.6,EVT:E29|EVT:E33|LEVEL:WARNING
1.0,EVT:E31|EVT:E32|LEVEL:WARNING
1.0,EVT:E30|EVT:E32|LEVEL:WARNING
1.0,EVT:E3|EVT:E32|LEVEL:WARNING
1.0,EVT:E28|EVT:E32|LEVEL:WARNING
1.0,EVT:E27|EVT:E32|LEVEL:WARNING
1.0,EVT:E25|EVT:E32|LEVEL:WARNING
1.0,EVT:E26|EVT:E32|LEVEL:WARNING
1.0,EVT:E24|EVT:E32|LEVEL:WARNING
1.0,EVT:E23|EVT:E32|LEVEL:WARNING
1.0,EVT:E2|EVT:E32|LEVEL:WARNING
1.0,EVT:E22|EVT:E32|LEVEL:WARNING
1.0,EVT:E21|EVT:E32|LEVEL:WARNING
1.0,EVT:E20|EVT:E32|LEVEL:WARNING
1.0,EVT:E18|EVT:E32|LEVEL:WARNING
1.0,EVT:E19|EVT:E32|LEVEL:WARNING
1.0,EVT:E17|EVT:E32|LEVEL:WARNING
1.0,EVT:E16|EVT:E32|LEVEL:WARNING
1.0,COMP:wsgi_server|EVT:E32|LEVEL:WARNING
1.0,EVT:E15|EVT:E32|LEVEL:WARNING
1.0,EVT:E14|EVT:E32|LEVEL:WARNING
1.0,EVT:E13|EVT:E32|LEVEL:WARNING
1.0,EVT:E12|EVT:E32|LEVEL:WARNING
1.0,EVT:E11|EVT:E32|LEVEL:WARNING
1.0,EVT:E10|EVT:E32|LEVEL:WARNING
1.0,EVT:E1|EVT:E32|LEVEL:WARNING
1.0,COMP:compute_server_external_events|EVT:E32|LEVEL:WARNING
1.0,COMP:openstack_wsgi|EVT:E32|LEVEL:WARNING
1.0,COMP:libvirt_imagecache|EVT:E32|LEVEL:WARNING
1.0,COMP:libvirt_driver|EVT:E32|LEVEL:WARNING
1.0,COMP:compute_manager|EVT:E32|LEVEL:WARNING
1.0,COMP:compute_resource_tracker|EVT:E32|LEVEL:WARNING
1.0,COMP:compute_claims|EVT:E32|LEVEL:WARNING
0.6,EVT:E29|EVT:E32|LEVEL:WARNING
1.0,EVT:E30|EVT:E31|LEVEL:WARNING
1.0,EVT:E3|EVT:E31|LEVEL:WARNING
1.0,EVT:E28|EVT:E31|LEVEL:WARNING
1.0,EVT:E27|EVT:E31|LEVEL:WARNING
1.0,EVT:E25|EVT:E31|LEVEL:WARNING
1.0,EVT:E26|EVT:E31|LEVEL:WARNING
1.0,EVT:E24|EVT:E31|LEVEL:WARNING
1.0,EVT:E23|EVT:E31|LEVEL:WARNING
1.0,EVT:E2|EVT:E31|LEVEL:WARNING
1.0,EVT:E22|EVT:E31|LEVEL:WARNING
1.0,EVT:E21|EVT:E31|LEVEL:WARNING
1.0,EVT:E20|EVT:E31|LEVEL:WARNING
1.0,EVT:E18|EVT:E31|LEVEL:WARNING
1.0,EVT:E19|EVT:E31|LEVEL:WARNING
1.0,EVT:E17|EVT:E31|LEVEL:WARNING
1.0,EVT:E16|EVT:E31|LEVEL:WARNING
1.0,COMP:wsgi_server|EVT:E31|LEVEL:WARNING
1.0,EVT:E15|EVT:E31|LEVEL:WARNING
1.0,EVT:E14|EVT:E31|LEVEL:WARNING
1.0,EVT:E13|EVT:E31|LEVEL:WARNING
1.0,EVT:E12|EVT:E31|LEVEL:WARNING
1.0,EVT:E11|EVT:E31|LEVEL:WARNING
1.0,EVT:E10|EVT:E31|LEVEL:WARNING
1.0,EVT:E1|EVT:E31|LEVEL:WARNING
1.0,COMP:compute_server_external_events|EVT:E31|LEVEL:WARNING
1.0,COMP:openstack_wsgi|EVT:E31|LEVEL:WARNING
1.0,COMP:libvirt_imagecache|EVT:E31|LEVEL:WARNING
1.0,COMP:libvirt_driver|EVT:E31|LEVEL:WARNING
1.0,COMP:compute_manager|EVT:E31|LEVEL:WARNING
1.0,COMP:compute_resource_tracker|EVT:E31|LEVEL:WARNING
1.0,COMP:compute_claims|EVT:E31|LEVEL:WARNING
0.6,EVT:E29|EVT:E31|LEVEL:WARNING
1.0,EVT:E3|EVT:E30|LEVEL:WARNING
1.0,EVT:E28|EVT:E30|LEVEL:WARNING
1.0,EVT:E27|EVT:E30|LEVEL:WARNING
1.0,EVT:E25|EVT:E30|LEVEL:WARNING
1.0,EVT:E26|EVT:E30|LEVEL:WARNING
1.0,EVT:E24|EVT:E30|LEVEL:WARNING
1.0,EVT:E23|EVT:E30|LEVEL:WARNING
1.0,EVT:E2|EVT:E30|LEVEL:WARNING
1.0,EVT:E22|EVT:E30|LEVEL:WARNING
1.0,EVT:E21|EVT:E30|LEVEL:WARNING
1.0,EVT:E20|EVT:E30|LEVEL:WARNING
1.0,EVT:E18|EVT:E30|LEVEL:WARNING
1.0,EVT:E19|EVT:E30|LEVEL:WARNING
1.0,EVT:E17|EVT:E30|LEVEL:WARNING
1.0,EVT:E16|EVT:E30|LEVEL:WARNING
1.0,COMP:wsgi_server|EVT:E30|LEVEL:WARNING
1.0,EVT:E15|EVT:E30|LEVEL:WARNING
1.0,EVT:E14|EVT:E30|LEVEL:WARNING
1.0,EVT:E13|EVT:E30|LEVEL:WARNING
1.0,EVT:E12|EVT:E30|LEVEL:WARNING
1.0,EVT:E11|EVT:E30|LEVEL:WARNING
1.0,EVT:E10|EVT:E30|LEVEL:WARNING
1.0,EVT:E1|EVT:E30|LEVEL:WARNING
1.0,COMP:compute_server_external_events|EVT:E30|LEVEL:WARNING
1.0,COMP:openstack_wsgi|EVT:E30|LEVEL:WARNING
1.0,COMP:libvirt_imagecache|EVT:E30|LEVEL:WARNING
1.0,COMP:libvirt_driver|EVT:E30|LEVEL:WARNING
1.0,COMP:compute_manager|EVT:E30|LEVEL:WARNING
1.0,COMP:compute_resource_tracker|EVT:E30|LEVEL:WARNING
1.0,COMP:compute_claims|EVT:E30|LEVEL:WARNING
0.6,EVT:E29|EVT:E30|LEVEL:WARNING
1.0,EVT:E28|EVT:E3|LEVEL:WARNING
1.0,EVT:E27|EVT:E3|LEVEL:WARNING
1.0,EVT:E25|EVT:E3|LEVEL:WARNING
1.0,EVT:E26|EVT:E3|LEVEL:WARNING
1.0,EVT:E24|EVT:E3|LEVEL:WARNING
1.0,EVT:E23|EVT:E3|LEVEL:WARNING
1.0,EVT:E2|EVT:E3|LEVEL:WARNING
1.0,EVT:E22|EVT:E3|LEVEL:WARNING
1.0,EVT:E21|EVT:E3|LEVEL:WARNING
1.0,EVT:E20|EVT:E3|LEVEL:WARNING
1.0,EVT:E18|EVT:E3|LEVEL:WARNING
1.0,EVT:E19|EVT:E3|LEVEL:WARNING
1.0,EVT:E17|EVT:E3|LEVEL:WARNING
1.0,EVT:E16|EVT:E3|LEVEL:WARNING
1.0,COMP:wsgi_server|EVT:E3|LEVEL:WARNING
1.0,EVT:E15|EVT:E3|LEVEL:WARNING
1.0,EVT:E14|EVT:E3|LEVEL:WARNING
1.0,EVT:E13|EVT:E3|LEVEL:WARNING
1.0,EVT:E12|EVT:E3|LEVEL:WARNING
1.0,EVT:E11|EVT:E3|LEVEL:WARNING
1.0,EVT:E10|EVT:E3|LEVEL:WARNING
1.0,EVT:E1|EVT:E3|LEVEL:WARNING
1.0,COMP:compute_server_external_events|EVT:E3|LEVEL:WARNING
1.0,COMP:openstack_wsgi|EVT:E3|LEVEL:WARNING
1.0,COMP:libvirt_imagecache|EVT:E3|LEVEL:WARNING
1.0,COMP:libvirt_driver|EVT:E3|LEVEL:WARNING
1.0,COMP:compute_manager|EVT:E3|LEVEL:WARNING
1.0,COMP:compute_resource_tracker|EVT:E3|LEVEL:WARNING
1.0,COMP:compute_claims|EVT:E3|LEVEL:WARNING
0.6,EVT:E29|EVT:E3|LEVEL:WARNING
1.0,EVT:E27|EVT:E28|LEVEL:WARNING
1.0,EVT:E25|EVT:E28|LEVEL:WARNING
1.0,EVT:E26|EVT:E28|LEVEL:WARNING
1.0,EVT:E24|EVT:E28|LEVEL:WARNING
1.0,EVT:E23|EVT:E28|LEVEL:WARNING
1.0,EVT:E2|EVT:E28|LEVEL:WARNING
1.0,EVT:E22|EVT:E28|LEVEL:WARNING
1.0,EVT:E21|EVT:E28|LEVEL:WARNING
1.0,EVT:E20|EVT:E28|LEVEL:WARNING
1.0,EVT:E18|EVT:E28|LEVEL:WARNING
1.0,EVT:E19|EVT:E28|LEVEL:WARNING
1.0,EVT:E17|EVT:E28|LEVEL:WARNING
1.0,EVT:E16|EVT:E28|LEVEL:WARNING
1.0,COMP:wsgi_server|EVT:E28|LEVEL:WARNING
1.0,EVT:E15|EVT:E28|LEVEL:WARNING
1.0,EVT:E14|EVT:E28|LEVEL:WARNING
1.0,EVT:E13|EVT:E28|LEVEL:WARNING
1.0,EVT:E12|EVT:E28|LEVEL:WARNING
1.0,EVT:E11|EVT:E28|LEVEL:WARNING
1.0,EVT:E10|EVT:E28|LEVEL:WARNING
1.0,EVT:E1|EVT:E28|LEVEL:WARNING
1.0,COMP:compute_server_external_events|EVT:E28|LEVEL:WARNING
1.0,COMP:openstack_wsgi|EVT:E28|LEVEL:WARNING
1.0,COMP:libvirt_imagecache|EVT:E28|LEVEL:WARNING
1.0,COMP:libvirt_driver|EVT:E28|LEVEL:WARNING
1.0,COMP:compute_manager|EVT:E28|LEVEL:WARNING
1.0,COMP:compute_resource_tracker|EVT:E28|LEVEL:WARNING
1.0,COMP:compute_claims|EVT:E28|LEVEL:WARNING
0.6,EVT:E28|EVT:E29|LEVEL:WARNING
1.0,EVT:E25|EVT:E27|LEVEL:WARNING
1.0,EVT:E26|EVT:E27|LEVEL:WARNING
1.0,EVT:E24|EVT:E27|LEVEL:WARNING
1.0,EVT:E23|EVT:E27|LEVEL:WARNING
1.0,EVT:E2|EVT:E27|LEVEL:WARNING
1.0,EVT:E22|EVT:E27|LEVEL:WARNING
1.0,EVT:E21|EVT:E27|LEVEL:WARNING
1.0,EVT:E20|EVT:E27|LEVEL:WARNING
1.0,EVT:E18|EVT:E27|LEVEL:WARNING
1.0,EVT:E19|EVT:E27|LEVEL:WARNING
1.0,EVT:E17|EVT:E27|LEVEL:WARNING
1.0,EVT:E16|EVT:E27|LEVEL:WARNING
1.0,COMP:wsgi_server|EVT:E27|LEVEL:WARNING
1.0,EVT:E15|EVT:E27|LEVEL:WARNING
1.0,EVT:E14|EVT:E27|LEVEL:WARNING
1.0,EVT:E13|EVT:E27|LEVEL:WARNING
1.0,EVT:E12|EVT:E27|LEVEL:WARNING
1.0,EVT:E11|EVT:E27|LEVEL:WARNING
1.0,EVT:E10|EVT:E27|LEVEL:WARNING
1.0,EVT:E1|EVT:E27|LEVEL:WARNING
1.0,COMP:compute_server_external_events|EVT:E27|LEVEL:WARNING
1.0,COMP:openstack_wsgi|EVT:E27|LEVEL:WARNING
1.0,COMP:libvirt_imagecache|EVT:E27|LEVEL:WARNING
1.0,COMP:libvirt_driver|EVT:E27|LEVEL:WARNING
1.0,COMP:compute_manager|EVT:E27|LEVEL:WARNING
1.0,COMP:compute_resource_tracker|EVT:E27|LEVEL:WARNING
1.0,COMP:compute_claims|EVT:E27|LEVEL:WARNING
0.6,EVT:E27|EVT:E29|LEVEL:WARNING
1.0,EVT:E25|EVT:E26|LEVEL:WARNING
1.0,EVT:E24|EVT:E25|LEVEL:WARNING
1.0,EVT:E23|EVT:E25|LEVEL:WARNING
1.0,EVT:E2|EVT:E25|LEVEL:WARNING
1.0,EVT:E22|EVT:E25|LEVEL:WARNING
1.0,EVT:E21|EVT:E25|LEVEL:WARNING
1.0,EVT:E20|EVT:E25|LEVEL:WARNING
1.0,EVT:E18|EVT:E25|LEVEL:WARNING
1.0,EVT:E19|EVT:E25|LEVEL:WARNING
1.0,EVT:E17|EVT:E25|LEVEL:WARNING
1.0,EVT:E16|EVT:E25|LEVEL:WARNING
1.0,COMP:wsgi_server|EVT:E25|LEVEL:WARNING
1.0,EVT:E15|EVT:E25|LEVEL:WARNING
1.0,EVT:E14|EVT:E25|LEVEL:WARNING
1.0,EVT:E13|EVT:E25|LEVEL:WARNING
1.0,EVT:E12|EVT:E25|LEVEL:WARNING
1.0,EVT:E11|EVT:E25|LEVEL:WARNING
1.0,EVT:E10|EVT:E25|LEVEL:WARNING
1.0,EVT:E1|EVT:E25|LEVEL:WARNING
1.0,COMP:compute_server_external_events|EVT:E25|LEVEL:WARNING
1.0,COMP:openstack_wsgi|EVT:E25|LEVEL:WARNING
1.0,COMP:libvirt_imagecache|EVT:E25|LEVEL:WARNING
1.0,COMP:libvirt_driver|EVT:E25|LEVEL:WARNING
1.0,COMP:compute_manager|EVT:E25|LEVEL:WARNING
1.0,COMP:compute_resource_tracker|EVT:E25|LEVEL:WARNING
1.0,COMP:compute_claims|EVT:E25|LEVEL:WARNING
0.6,EVT:E25|EVT:E29|LEVEL:WARNING
1.0,EVT:E24|EVT:E26|LEVEL:WARNING
1.0,EVT:E23|EVT:E26|LEVEL:WARNING
1.0,EVT:E2|EVT:E26|LEVEL:WARNING
1.0,EVT:E22|EVT:E26|LEVEL:WARNING
1.0,EVT:E21|EVT:E26|LEVEL:WARNING
1.0,EVT:E20|EVT:E26|LEVEL:WARNING
1.0,EVT:E18|EVT:E26|LEVEL:WARNING
1.0,EVT:E19|EVT:E26|LEVEL:WARNING
1.0,EVT:E17|EVT:E26|LEVEL:WARNING
1.0,EVT:E16|EVT:E26|LEVEL:WARNING
1.0,COMP:wsgi_server|EVT:E26|LEVEL:WARNING
1.0,EVT:E15|EVT:E26|LEVEL:WARNING
1.0,EVT:E14|EVT:E26|LEVEL:WARNING
1.0,EVT:E13|EVT:E26|LEVEL:WARNING
1.0,EVT:E12|EVT:E26|LEVEL:WARNING
1.0,EVT:E11|EVT:E26|LEVEL:WARNING
1.0,EVT:E10|EVT:E26|LEVEL:WARNING
1.0,EVT:E1|EVT:E26|LEVEL:WARNING
1.0,COMP:compute_server_external_events|EVT:E26|LEVEL:WARNING
1.0,COMP:openstack_wsgi|EVT:E26|LEVEL:WARNING
1.0,COMP:libvirt_imagecache|EVT:E26|LEVEL:WARNING
1.0,COMP:libvirt_driver|EVT:E26|LEVEL:WARNING
1.0,COMP:compute_manager|EVT:E26|LEVEL:WARNING
1.0,COMP:compute_resource_tracker|EVT:E26|LEVEL:WARNING
1.0,COMP:compute_claims|EVT:E26|LEVEL:WARNING
0.6,EVT:E26|EVT:E29|LEVEL:WARNING
1.0,EVT:E23|EVT:E24|LEVEL:WARNING
1.0,EVT:E2|EVT:E24|LEVEL:WARNING
1.0,EVT:E22|EVT:E24|LEVEL:WARNING
1.0,EVT:E21|EVT:E24|LEVEL:WARNING
1.0,EVT:E20|EVT:E24|LEVEL:WARNING
1.0,EVT:E18|EVT:E24|LEVEL:WARNING
1.0,EVT:E19|EVT:E24|LEVEL:WARNING
1.0,EVT:E17|EVT:E24|LEVEL:WARNING
1.0,EVT:E16|EVT:E24|LEVEL:WARNING
1.0,COMP:wsgi_server|EVT:E24|LEVEL:WARNING
1.0,EVT:E15|EVT:E24|LEVEL:WARNING
1.0,EVT:E14|EVT:E24|LEVEL:WARNING
1.0,EVT:E13|EVT:E24|LEVEL:WARNING
1.0,EVT:E12|EVT:E24|LEVEL:WARNING
1.0,EVT:E11|EVT:E24|LEVEL:WARNING
1.0,EVT:E10|EVT:E24|LEVEL:WARNING
1.0,EVT:E1|EVT:E24|LEVEL:WARNING
1.0,COMP:compute_server_external_events|EVT:E24|LEVEL:WARNING
1.0,COMP:openstack_wsgi|EVT:E24|LEVEL:WARNING
1.0,COMP:libvirt_imagecache|EVT:E24|LEVEL:WARNING
1.0,COMP:libvirt_driver|EVT:E24|LEVEL:WARNING
1.0,COMP:compute_manager|EVT:E24|LEVEL:WARNING
1.0,COMP:compute_resource_tracker|EVT:E24|LEVEL:WARNING
1.0,COMP:compute_claims|EVT:E24|LEVEL:WARNING
0.6,EVT:E24|EVT:E29|LEVEL:WARNING
1.0,EVT:E2|EVT:E23|LEVEL:WARNING
1.0,EVT:E22|EVT:E23|LEVEL:WARNING
1.0,EVT:E21|EVT:E23|LEVEL:WARNING
1.0,EVT:E20|EVT:E23|LEVEL:WARNING
1.0,EVT:E18|EVT:E23|LEVEL:WARNING
1.0,EVT:E19|EVT:E23|LEVEL:WARNING
1.0,EVT:E17|EVT:E23|LEVEL:WARNING
1.0,EVT:E16|EVT:E23|LEVEL:WARNING
1.0,COMP:wsgi_server|EVT:E23|LEVEL:WARNING
1.0,EVT:E15|EVT:E23|LEVEL:WARNING
1.0,EVT:E14|EVT:E23|LEVEL:WARNING
1.0,EVT:E13|EVT:E23|LEVEL:WARNING
1.0,EVT:E12|EVT:E23|LEVEL:WARNING
1.0,EVT:E11|EVT:E23|LEVEL:WARNING
1.0,EVT:E10|EVT:E23|LEVEL:WARNING
1.0,EVT:E1|EVT:E23|LEVEL:WARNING
1.0,COMP:compute_server_external_events|EVT:E23|LEVEL:WARNING
1.0,COMP:openstack_wsgi|EVT:E23|LEVEL:WARNING
1.0,COMP:libvirt_imagecache|EVT:E23|LEVEL:WARNING
1.0,COMP:libvirt_driver|EVT:E23|LEVEL:WARNING
1.0,COMP:compute_manager|EVT:E23|LEVEL:WARNING
1.0,COMP:compute_resource_tracker|EVT:E23|LEVEL:WARNING
1.0,COMP:compute_claims|EVT:E23|LEVEL:WARNING
0.6,EVT:E23|EVT:E29|LEVEL:WARNING
1.0,EVT:E2|EVT:E22|LEVEL:WARNING
1.0,EVT:E2|EVT:E21|LEVEL:WARNING
1.0,EVT:E2|EVT:E20|LEVEL:WARNING
1.0,EVT:E18|EVT:E2|LEVEL:WARNING
1.0,EVT:E19|EVT:E2|LEVEL:WARNING
1.0,EVT:E17|EVT:E2|LEVEL:WARNING
1.0,EVT:E16|EVT:E2|LEVEL:WARNING
1.0,COMP:wsgi_server|EVT:E2|LEVEL:WARNING
1.0,EVT:E15|EVT:E2|LEVEL:WARNING
1.0,EVT:E14|EVT:E2|LEVEL:WARNING
1.0,EVT:E13|EVT:E2|LEVEL:WARNING
1.0,EVT:E12|EVT:E2|LEVEL:WARNING
1.0,EVT:E11|EVT:E2|LEVEL:WARNING
1.0,EVT:E10|EVT:E2|LEVEL:WARNING
1.0,EVT:E1|EVT:E2|LEVEL:WARNING
1.0,COMP:compute_server_external_events|EVT:E2|LEVEL:WARNING
1.0,COMP:openstack_wsgi|EVT:E2|LEVEL:WARNING
1.0,COMP:libvirt_imagecache|EVT:E2|LEVEL:WARNING
1.0,COMP:libvirt_driver|EVT:E2|LEVEL:WARNING
1.0,COMP:compute_manager|EVT:E2|LEVEL:WARNING
1.0,COMP:compute_resource_tracker|EVT:E2|LEVEL:WARNING
1.0,COMP:compute_claims|EVT:E2|LEVEL:WARNING
0.6,EVT:E2|EVT:E29|LEVEL:WARNING
1.0,EVT:E21|EVT:E22|LEVEL:WARNING
1.0,EVT:E20|EVT:E22|LEVEL:WARNING
1.0,EVT:E18|EVT:E22|LEVEL:WARNING
1.0,EVT:E19|EVT:E22|LEVEL:WARNING
1.0,EVT:E17|EVT:E22|LEVEL:WARNING
1.0,EVT:E16|EVT:E22|LEVEL:WARNING
1.0,COMP:wsgi_server|EVT:E22|LEVEL:WARNING
1.0,EVT:E15|EVT:E22|LEVEL:WARNING
1.0,EVT:E14|EVT:E22|LEVEL:WARNING
1.0,EVT:E13|EVT:E22|LEVEL:WARNING
1.0,EVT:E12|EVT:E22|LEVEL:WARNING
1.0,EVT:E11|EVT:E22|LEVEL:WARNING
1.0,EVT:E10|EVT:E22|LEVEL:WARNING
1.0,EVT:E1|EVT:E22|LEVEL:WARNING
1.0,COMP:compute_server_external_events|EVT:E22|LEVEL:WARNING
1.0,COMP:openstack_wsgi|EVT:E22|LEVEL:WARNING
1.0,COMP:libvirt_imagecache|EVT:E22|LEVEL:WARNING
1.0,COMP:libvirt_driver|EVT:E22|LEVEL:WARNING
1.0,COMP:compute_manager|EVT:E22|LEVEL:WARNING
1.0,COMP:compute_resource_tracker|EVT:E22|LEVEL:WARNING
1.0,COMP:compute_claims|EVT:E22|LEVEL:WARNING
0.6,EVT:E22|EVT:E29|LEVEL:WARNING
1.0,EVT:E20|EVT:E21|LEVEL:WARNING
1.0,EVT:E18|EVT:E21|LEVEL:WARNING
1.0,EVT:E19|EVT:E21|LEVEL:WARNING
1.0,EVT:E17|EVT:E21|LEVEL:WARNING
1.0,EVT:E16|EVT:E21|LEVEL:WARNING
1.0,COMP:wsgi_server|EVT:E21|LEVEL:WARNING
1.0,EVT:E15|EVT:E21|LEVEL:WARNING
1.0,EVT:E14|EVT:E21|LEVEL:WARNING
1.0,EVT:E13|EVT:E21|LEVEL:WARNING
1.0,EVT:E12|EVT:E21|LEVEL:WARNING
1.0,EVT:E11|EVT:E21|LEVEL:WARNING
1.0,EVT:E10|EVT:E21|LEVEL:WARNING
1.0,EVT:E1|EVT:E21|LEVEL:WARNING
1.0,COMP:compute_server_external_events|EVT:E21|LEVEL:WARNING
1.0,COMP:openstack_wsgi|EVT:E21|LEVEL:WARNING
1.0,COMP:libvirt_imagecache|EVT:E21|LEVEL:WARNING
1.0,COMP:libvirt_driver|EVT:E21|LEVEL:WARNING
1.0,COMP:compute_manager|EVT:E21|LEVEL:WARNING
1.0,COMP:compute_resource_tracker|EVT:E21|LEVEL:WARNING
1.0,COMP:compute_claims|EVT:E21|LEVEL:WARNING
0.6,EVT:E21|EVT:E29|LEVEL:WARNING
1.0,EVT:E18|EVT:E20|LEVEL:WARNING
1.0,EVT:E19|EVT:E20|LEVEL:WARNING
1.0,EVT:E17|EVT:E20|LEVEL:WARNING
1.0,EVT:E16|EVT:E20|LEVEL:WARNING
1.0,COMP:wsgi_server|EVT:E20|LEVEL:WARNING
1.0,EVT:E15|EVT:E20|LEVEL:WARNING
1.0,EVT:E14|EVT:E20|LEVEL:WARNING
1.0,EVT:E13|EVT:E20|LEVEL:WARNING
1.0,EVT:E12|EVT:E20|LEVEL:WARNING
1.0,EVT:E11|EVT:E20|LEVEL:WARNING
1.0,EVT:E10|EVT:E20|LEVEL:WARNING
1.0,EVT:E1|EVT:E20|LEVEL:WARNING
1.0,COMP:compute_server_external_events|EVT:E20|LEVEL:WARNING
1.0,COMP:openstack_wsgi|EVT:E20|LEVEL:WARNING
1.0,COMP:libvirt_imagecache|EVT:E20|LEVEL:WARNING
1.0,COMP:libvirt_driver|EVT:E20|LEVEL:WARNING
1.0,COMP:compute_manager|EVT:E20|LEVEL:WARNING
1.0,COMP:compute_resource_tracker|EVT:E20|LEVEL:WARNING
1.0,COMP:compute_claims|EVT:E20|LEVEL:WARNING
0.6,EVT:E20|EVT:E29|LEVEL:WARNING
1.0,EVT:E18|EVT:E19|LEVEL:WARNING
1.0,EVT:E17|EVT:E18|LEVEL:WARNING
1.0,EVT:E16|EVT:E18|LEVEL:WARNING
1.0,COMP:wsgi_server|EVT:E18|LEVEL:WARNING
1.0,EVT:E15|EVT:E18|LEVEL:WARNING
1.0,EVT:E14|EVT:E18|LEVEL:WARNING
1.0,EVT:E13|EVT:E18|LEVEL:WARNING
1.0,EVT:E12|EVT:E18|LEVEL:WARNING
1.0,EVT:E11|EVT:E18|LEVEL:WARNING
1.0,EVT:E10|EVT:E18|LEVEL:WARNING
1.0,EVT:E1|EVT:E18|LEVEL:WARNING
1.0,COMP:compute_server_external_events|EVT:E18|LEVEL:WARNING
1.0,COMP:openstack_wsgi|EVT:E18|LEVEL:WARNING
1.0,COMP:libvirt_imagecache|EVT:E18|LEVEL:WARNING
1.0,COMP:libvirt_driver|EVT:E18|LEVEL:WARNING
1.0,COMP:compute_manager|EVT:E18|LEVEL:WARNING
1.0,COMP:compute_resource_tracker|EVT:E18|LEVEL:WARNING
1.0,COMP:compute_claims|EVT:E18|LEVEL:WARNING
0.6,EVT:E18|EVT:E29|LEVEL:WARNING
1.0,EVT:E17|EVT:E19|LEVEL:WARNING
1.0,EVT:E16|EVT:E19|LEVEL:WARNING
1.0,COMP:wsgi_server|EVT:E19|LEVEL:WARNING
1.0,EVT:E15|EVT:E19|LEVEL:WARNING
1.0,EVT:E14|EVT:E19|LEVEL:WARNING
1.0,EVT:E13|EVT:E19|LEVEL:WARNING
1.0,EVT:E12|EVT:E19|LEVEL:WARNING
1.0,EVT:E11|EVT:E19|LEVEL:WARNING
1.0,EVT:E10|EVT:E19|LEVEL:WARNING
1.0,EVT:E1|EVT:E19|LEVEL:WARNING
1.0,COMP:compute_server_external_events|EVT:E19|LEVEL:WARNING
1.0,COMP:openstack_wsgi|EVT:E19|LEVEL:WARNING
1.0,COMP:libvirt_imagecache|EVT:E19|LEVEL:WARNING
1.0,COMP:libvirt_driver|EVT:E19|LEVEL:WARNING
1.0,COMP:compute_manager|EVT:E19|LEVEL:WARNING
1.0,COMP:compute_resource_tracker|EVT:E19|LEVEL:WARNING
1.0,COMP:compute_claims|EVT:E19|LEVEL:WARNING
0.6,EVT:E19|EVT:E29|LEVEL:WARNING
1.0,EVT:E16|EVT:E17|LEVEL:WARNING
1.0,COMP:wsgi_server|EVT:E17|LEVEL:WARNING
1.0,EVT:E15|EVT:E17|LEVEL:WARNING
1.0,EVT:E14|EVT:E17|LEVEL:WARNING
1.0,EVT:E13|EVT:E17|LEVEL:WARNING
1.0,EVT:E12|EVT:E17|LEVEL:WARNING
1.0,EVT:E11|EVT:E17|LEVEL:WARNING
1.0,EVT:E10|EVT:E17|LEVEL:WARNING
1.0,EVT:E1|EVT:E17|LEVEL:WARNING
1.0,COMP:compute_server_external_events|EVT:E17|LEVEL:WARNING
1.0,COMP:openstack_wsgi|EVT:E17|LEVEL:WARNING
1.0,COMP:libvirt_imagecache|EVT:E17|LEVEL:WARNING
1.0,COMP:libvirt_driver|EVT:E17|LEVEL:WARNING
1.0,COMP:compute_manager|EVT:E17|LEVEL:WARNING
1.0,COMP:compute_resource_tracker|EVT:E17|LEVEL:WARNING
1.0,COMP:compute_claims|EVT:E17|LEVEL:WARNING
0.6,EVT:E17|EVT:E29|LEVEL:WARNING
1.0,COMP:wsgi_server|EVT:E16|LEVEL:WARNING
1.0,EVT:E15|EVT:E16|LEVEL:WARNING
1.0,EVT:E14|EVT:E16|LEVEL:WARNING
1.0,EVT:E13|EVT:E16|LEVEL:WARNING
1.0,EVT:E12|EVT:E16|LEVEL:WARNING
1.0,EVT:E11|EVT:E16|LEVEL:WARNING
1.0,EVT:E10|EVT:E16|LEVEL:WARNING
1.0,EVT:E1|EVT:E16|LEVEL:WARNING
1.0,COMP:compute_server_external_events|EVT:E16|LEVEL:WARNING
1.0,COMP:openstack_wsgi|EVT:E16|LEVEL:WARNING
1.0,COMP:libvirt_imagecache|EVT:E16|LEVEL:WARNING
1.0,COMP:libvirt_driver|EVT:E16|LEVEL:WARNING
1.0,COMP:compute_manager|EVT:E16|LEVEL:WARNING
1.0,COMP:compute_resource_tracker|EVT:E16|LEVEL:WARNING
1.0,COMP:compute_claims|EVT:E16|LEVEL:WARNING
0.6,EVT:E16|EVT:E29|LEVEL:WARNING
1.0,COMP:wsgi_server|EVT:E15|LEVEL:WARNING
1.0,COMP:wsgi_server|EVT:E14|LEVEL:WARNING
1.0,COMP:wsgi_server|EVT:E13|LEVEL:WARNING
1.0,COMP:wsgi_server|EVT:E12|LEVEL:WARNING
1.0,COMP:wsgi_server|EVT:E11|LEVEL:WARNING
1.0,COMP:wsgi_server|EVT:E10|LEVEL:WARNING
1.0,COMP:wsgi_server|EVT:E1|LEVEL:WARNING
1.0,COMP:compute_server_external_events|COMP:wsgi_server|LEVEL:WARNING
1.0,COMP:openstack_wsgi|COMP:wsgi_server|LEVEL:WARNING
1.0,COMP:libvirt_imagecache|COMP:wsgi_server|LEVEL:WARNING
1.0,COMP:libvirt_driver|COMP:wsgi_server|LEVEL:WARNING
1.0,COMP:compute_manager|COMP:wsgi_server|LEVEL:WARNING
1.0,COMP:compute_resource_tracker|COMP:wsgi_server|LEVEL:WARNING
1.0,COMP:compute_claims|COMP:wsgi_server|LEVEL:WARNING
0.6,COMP:wsgi_server|EVT:E29|LEVEL:WARNING
1.0,EVT:E14|EVT:E15|LEVEL:WARNING
1.0,EVT:E13|EVT:E15|LEVEL:WARNING
1.0,EVT:E12|EVT:E15|LEVEL:WARNING
1.0,EVT:E11|EVT:E15|LEVEL:WARNING
1.0,EVT:E10|EVT:E15|LEVEL:WARNING
1.0,EVT:E1|EVT:E15|LEVEL:WARNING
1.0,COMP:compute_server_external_events|EVT:E15|LEVEL:WARNING
1.0,COMP:openstack_wsgi|EVT:E15|LEVEL:WARNING
1.0,COMP:libvirt_imagecache|EVT:E15|LEVEL:WARNING
1.0,COMP:libvirt_driver|EVT:E15|LEVEL:WARNING
1.0,COMP:compute_manager|EVT:E15|LEVEL:WARNING
1.0,COMP:compute_resource_tracker|EVT:E15|LEVEL:WARNING
1.0,COMP:compute_claims|EVT:E15|LEVEL:WARNING
0.6,EVT:E15|EVT:E29|LEVEL:WARNING
1.0,EVT:E13|EVT:E14|LEVEL:WARNING
1.0,EVT:E12|EVT:E14|LEVEL:WARNING
1.0,EVT:E11|EVT:E14|LEVEL:WARNING
1.0,EVT:E10|EVT:E14|LEVEL:WARNING
1.0,EVT:E1|EVT:E14|LEVEL:WARNING
1.0,COMP:compute_server_external_events|EVT:E14|LEVEL:WARNING
1.0,COMP:openstack_wsgi|EVT:E14|LEVEL:WARNING
1.0,COMP:libvirt_imagecache|EVT:E14|LEVEL:WARNING
1.0,COMP:libvirt_driver|EVT:E14|LEVEL:WARNING
1.0,COMP:compute_manager|EVT:E14|LEVEL:WARNING
1.0,COMP:compute_resource_tracker|EVT:E14|LEVEL:WARNING
1.0,COMP:compute_claims|EVT:E14|LEVEL:WARNING
0.6,EVT:E14|EVT:E29|LEVEL:WARNING
1.0,EVT:E12|EVT:E13|LEVEL:WARNING
1.0,EVT:E11|EVT:E13|LEVEL:WARNING
1.0,EVT:E10|EVT:E13|LEVEL:WARNING
1.0,EVT:E1|EVT:E13|LEVEL:WARNING
1.0,COMP:compute_server_external_events|EVT:E13|LEVEL:WARNING
1.0,COMP:openstack_wsgi|EVT:E13|LEVEL:WARNING
1.0,COMP:libvirt_imagecache|EVT:E13|LEVEL:WARNING
1.0,COMP:libvirt_driver|EVT:E13|LEVEL:WARNING
1.0,COMP:compute_manager|EVT:E13|LEVEL:WARNING
1.0,COMP:compute_resource_tracker|EVT:E13|LEVEL:WARNING
1.0,COMP:compute_claims|EVT:E13|LEVEL:WARNING
0.6,EVT:E13|EVT:E29|LEVEL:WARNING
1.0,EVT:E11|EVT:E12|LEVEL:WARNING
1.0,EVT:E10|EVT:E12|LEVEL:WARNING
1.0,EVT:E1|EVT:E12|LEVEL:WARNING
1.0,COMP:compute_server_external_events|EVT:E12|LEVEL:WARNING
1.0,COMP:openstack_wsgi|EVT:E12|LEVEL:WARNING
1.0,COMP:libvirt_imagecache|EVT:E12|LEVEL:WARNING
1.0,COMP:libvirt_driver|EVT:E12|LEVEL:WARNING
1.0,COMP:compute_manager|EVT:E12|LEVEL:WARNING
1.0,COMP:compute_resource_tracker|EVT:E12|LEVEL:WARNING
1.0,COMP:compute_claims|EVT:E12|LEVEL:WARNING
0.6,EVT:E12|EVT:E29|LEVEL:WARNING
1.0,EVT:E10|EVT:E11|LEVEL:WARNING
1.0,EVT:E1|EVT:E11|LEVEL:WARNING
1.0,COMP:compute_server_external_events|EVT:E11|LEVEL:WARNING
1.0,COMP:openstack_wsgi|EVT:E11|LEVEL:WARNING
1.0,COMP:libvirt_imagecache|EVT:E11|LEVEL:WARNING
1.0,COMP:libvirt_driver|EVT:E11|LEVEL:WARNING
1.0,COMP:compute_manager|EVT:E11|LEVEL:WARNING
1.0,COMP:compute_resource_tracker|EVT:E11|LEVEL:WARNING
1.0,COMP:compute_claims|EVT:E11|LEVEL:WARNING
0.6,EVT:E11|EVT:E29|LEVEL:WARNING
1.0,EVT:E1|EVT:E10|LEVEL:WARNING
1.0,COMP:compute_server_external_events|EVT:E10|LEVEL:WARNING
1.0,COMP:openstack_wsgi|EVT:E10|LEVEL:WARNING
1.0,COMP:libvirt_imagecache|EVT:E10|LEVEL:WARNING
1.0,COMP:libvirt_driver|EVT:E10|LEVEL:WARNING
1.0,COMP:compute_manager|EVT:E10|LEVEL:WARNING
1.0,COMP:compute_resource_tracker|EVT:E10|LEVEL:WARNING
1.0,COMP:compute_claims|EVT:E10|LEVEL:WARNING
0.6,EVT:E10|EVT:E29|LEVEL:WARNING
1.0,COMP:compute_server_external_events|EVT:E1|LEVEL:WARNING
1.0,COMP:openstack_wsgi|EVT:E1|LEVEL:WARNING
1.0,COMP:libvirt_imagecache|EVT:E1|LEVEL:WARNING
1.0,COMP:libvirt_driver|EVT:E1|LEVEL:WARNING
1.0,COMP:compute_manager|EVT:E1|LEVEL:WARNING
1.0,COMP:compute_resource_tracker|EVT:E1|LEVEL:WARNING
1.0,COMP:compute_claims|EVT:E1|LEVEL:WARNING
0.6,EVT:E1|EVT:E29|LEVEL:WARNING
1.0,COMP:compute_server_external_events|COMP:openstack_wsgi|LEVEL:WARNING
1.0,COMP:compute_server_external_events|COMP:libvirt_imagecache|LEVEL:WARNING
1.0,COMP:compute_server_external_events|COMP:libvirt_driver|LEVEL:WARNING
1.0,COMP:compute_manager|COMP:compute_server_external_events|LEVEL:WARNING
1.0,COMP:compute_resource_tracker|COMP:compute_server_external_events|LEVEL:WARNING
1.0,COMP:compute_claims|COMP:compute_server_external_events|LEVEL:WARNING
0.6,COMP:compute_server_external_events|EVT:E29|LEVEL:WARNING
1.0,COMP:libvirt_imagecache|COMP:openstack_wsgi|LEVEL:WARNING
1.0,COMP:libvirt_driver|COMP:openstack_wsgi|LEVEL:WARNING
1.0,COMP:compute_manager|COMP:openstack_wsgi|LEVEL:WARNING
1.0,COMP:compute_resource_tracker|COMP:openstack_wsgi|LEVEL:WARNING
1.0,COMP:compute_claims|COMP:openstack_wsgi|LEVEL:WARNING
0.6,COMP:openstack_wsgi|EVT:E29|LEVEL:WARNING
1.0,COMP:libvirt_driver|COMP:libvirt_imagecache|LEVEL:WARNING
1.0,COMP:compute_manager|COMP:libvirt_imagecache|LEVEL:WARNING
1.0,COMP:compute_resource_tracker|COMP:libvirt_imagecache|LEVEL:WARNING
1.0,COMP:compute_claims|COMP:libvirt_imagecache|LEVEL:WARNING
0.6,COMP:libvirt_imagecache|EVT:E29|LEVEL:WARNING
1.0,COMP:compute_manager|COMP:libvirt_driver|LEVEL:WARNING
1.0,COMP:compute_resource_tracker|COMP:libvirt_driver|LEVEL:WARNING
1.0,COMP:compute_claims|COMP:libvirt_driver|LEVEL:WARNING
0.6,COMP:libvirt_driver|EVT:E29|LEVEL:WARNING
1.0,COMP:compute_manager|COMP:compute_resource_tracker|LEVEL:WARNING
1.0,COMP:compute_claims|COMP:compute_manager|LEVEL:WARNING
0.6,COMP:compute_manager|EVT:E29|LEVEL:WARNING
1.0,COMP:compute_claims|COMP:compute_resource_tracker|LEVEL:WARNING
0.6,COMP:compute_resource_tracker|EVT:E29|LEVEL:WARNING
0.6,COMP:compute_claims|EVT:E29|LEVEL:WARNING
1.0,KW:exception|KW:spawn|LEVEL:INFO
1.0,KW:delete|KW:spawn|LEVEL:INFO
1.0,KW:build|KW:spawn|LEVEL:INFO
1.0,HOUR:00|KW:spawn|LEVEL:INFO
1.0,FLAG:FAILURE|KW:spawn|LEVEL:INFO
1.0,EVT:E9|KW:spawn|LEVEL:INFO
1.0,EVT:E8|KW:spawn|LEVEL:INFO
1.0,EVT:E7|KW:spawn|LEVEL:INFO
1.0,EVT:E6|KW:spawn|LEVEL:INFO
1.0,EVT:E5|KW:spawn|LEVEL:INFO
1.0,EVT:E42|KW:spawn|LEVEL:INFO
1.0,EVT:E41|KW:spawn|LEVEL:INFO
1.0,EVT:E4|KW:spawn|LEVEL:INFO
1.0,EVT:E37|KW:spawn|LEVEL:INFO
1.0,EVT:E36|KW:spawn|LEVEL:INFO
1.0,EVT:E35|KW:spawn|LEVEL:INFO
1.0,EVT:E34|KW:spawn|LEVEL:INFO
1.0,EVT:E33|KW:spawn|LEVEL:INFO
1.0,EVT:E32|KW:spawn|LEVEL:INFO
1.0,EVT:E31|KW:spawn|LEVEL:INFO
1.0,EVT:E30|KW:spawn|LEVEL:INFO
1.0,EVT:E3|KW:spawn|LEVEL:INFO
1.0,EVT:E28|KW:spawn|LEVEL:INFO
1.0,EVT:E27|KW:spawn|LEVEL:INFO
1.0,EVT:E25|KW:spawn|LEVEL:INFO
1.0,EVT:E26|KW:spawn|LEVEL:INFO
1.0,EVT:E24|KW:spawn|LEVEL:INFO
1.0,EVT:E23|KW:spawn|LEVEL:INFO
1.0,EVT:E2|KW:spawn|LEVEL:INFO
1.0,EVT:E22|KW:spawn|LEVEL:INFO
1.0,EVT:E21|KW:spawn|LEVEL:INFO
1.0,EVT:E20|KW:spawn|LEVEL:INFO
1.0,EVT:E18|KW:spawn|LEVEL:INFO
1.0,EVT:E19|KW:spawn|LEVEL:INFO
1.0,EVT:E17|KW:spawn|LEVEL:INFO
1.0,EVT:E16|KW:spawn|LEVEL:INFO
1.0,COMP:wsgi_server|KW:spawn|LEVEL:INFO
1.0,EVT:E15|KW:spawn|LEVEL:INFO
1.0,EVT:E14|KW:spawn|LEVEL:INFO
1.0,EVT:E13|KW:spawn|LEVEL:INFO
1.0,EVT:E12|KW:spawn|LEVEL:INFO
1.0,EVT:E11|KW:spawn|LEVEL:INFO
1.0,EVT:E10|KW:spawn|LEVEL:INFO
1.0,EVT:E1|KW:spawn|LEVEL:INFO
1.0,COMP:compute_server_external_events|KW:spawn|LEVEL:INFO
1.0,COMP:openstack_wsgi|KW:spawn|LEVEL:INFO
1.0,COMP:libvirt_imagecache|KW:spawn|LEVEL:INFO
1.0,COMP:libvirt_driver|KW:spawn|LEVEL:INFO
1.0,COMP:compute_manager|KW:spawn|LEVEL:INFO
1.0,COMP:compute_resource_tracker|KW:spawn|LEVEL:INFO
1.0,COMP:compute_claims|KW:spawn|LEVEL:INFO
0.6,EVT:E29|KW:spawn|LEVEL:INFO
1.0,KW:delete|KW:exception|LEVEL:INFO
1.0,KW:build|KW:exception|LEVEL:INFO
1.0,HOUR:00|KW:exception|LEVEL:INFO
1.0,FLAG:FAILURE|KW:exception|LEVEL:INFO
1.0,EVT:E9|KW:exception|LEVEL:INFO
1.0,EVT:E8|KW:exception|LEVEL:INFO
1.0,EVT:E7|KW:exception|LEVEL:INFO
1.0,EVT:E6|KW:exception|LEVEL:INFO
1.0,EVT:E5|KW:exception|LEVEL:INFO
1.0,EVT:E42|KW:exception|LEVEL:INFO
1.0,EVT:E41|KW:exception|LEVEL:INFO
1.0,EVT:E4|KW:exception|LEVEL:INFO
1.0,EVT:E37|KW:exception|LEVEL:INFO
1.0,EVT:E36|KW:exception|LEVEL:INFO
1.0,EVT:E35|KW:exception|LEVEL:INFO
1.0,EVT:E34|KW:exception|LEVEL:INFO
1.0,EVT:E33|KW:exception|LEVEL:INFO
1.0,EVT:E32|KW:exception|LEVEL:INFO
1.0,EVT:E31|KW:exception|LEVEL:INFO
1.0,EVT:E30|KW:exception|LEVEL:INFO
1.0,EVT:E3|KW:exception|LEVEL:INFO
1.0,EVT:E28|KW:exception|LEVEL:INFO
1.0,EVT:E27|KW:exception|LEVEL:INFO
1.0,EVT:E25|KW:exception|LEVEL:INFO
1.0,EVT:E26|KW:exception|LEVEL:INFO
1.0,EVT:E24|KW:exception|LEVEL:INFO
1.0,EVT:E23|KW:exception|LEVEL:INFO
1.0,EVT:E2|KW:exception|LEVEL:INFO
1.0,EVT:E22|KW:exception|LEVEL:INFO
1.0,EVT:E21|KW:exception|LEVEL:INFO
1.0,EVT:E20|KW:exception|LEVEL:INFO
1.0,EVT:E18|KW:exception|LEVEL:INFO
1.0,EVT:E19|KW:exception|LEVEL:INFO
1.0,EVT:E17|KW:exception|LEVEL:INFO
1.0,EVT:E16|KW:exception|LEVEL:INFO
1.0,COMP:wsgi_server|KW:exception|LEVEL:INFO
1.0,EVT:E15|KW:exception|LEVEL:INFO
1.0,EVT:E14|KW:exception|LEVEL:INFO
1.0,EVT:E13|KW:exception|LEVEL:INFO
1.0,EVT:E12|KW:exception|LEVEL:INFO
1.0,EVT:E11|KW:exception|LEVEL:INFO
1.0,EVT:E10|KW:exception|LEVEL:INFO
1.0,EVT:E1|KW:exception|LEVEL:INFO
1.0,COMP:compute_server_external_events|KW:exception|LEVEL:INFO
1.0,COMP:openstack_wsgi|KW:exception|LEVEL:INFO
1.0,COMP:libvirt_imagecache|KW:exception|LEVEL:INFO
1.0,COMP:libvirt_driver|KW:exception|LEVEL:INFO
1.0,COMP:compute_manager|KW:exception|LEVEL:INFO
1.0,COMP:compute_resource_tracker|KW:exception|LEVEL:INFO
1.0,COMP:compute_claims|KW:exception|LEVEL:INFO
0.6,EVT:E29|KW:exception|LEVEL:INFO
1.0,KW:build|KW:delete|LEVEL:INFO
1.0,HOUR:00|KW:delete|LEVEL:INFO
1.0,FLAG:FAILURE|KW:delete|LEVEL:INFO
1.0,EVT:E9|KW:delete|LEVEL:INFO
1.0,EVT:E8|KW:delete|LEVEL:INFO
1.0,EVT:E7|KW:delete|LEVEL:INFO
1.0,EVT:E6|KW:delete|LEVEL:INFO
1.0,EVT:E5|KW:delete|LEVEL:INFO
1.0,EVT:E42|KW:delete|LEVEL:INFO
1.0,EVT:E41|KW:delete|LEVEL:INFO
1.0,EVT:E4|KW:delete|LEVEL:INFO
1.0,EVT:E37|KW:delete|LEVEL:INFO
1.0,EVT:E36|KW:delete|LEVEL:INFO
1.0,EVT:E35|KW:delete|LEVEL:INFO
1.0,EVT:E34|KW:delete|LEVEL:INFO
1.0,EVT:E33|KW:delete|LEVEL:INFO
1.0,EVT:E32|KW:delete|LEVEL:INFO
1.0,EVT:E31|KW:delete|LEVEL:INFO
1.0,EVT:E30|KW:delete|LEVEL:INFO
1.0,EVT:E3|KW:delete|LEVEL:INFO
1.0,EVT:E28|KW:delete|LEVEL:INFO
1.0,EVT:E27|KW:delete|LEVEL:INFO
1.0,EVT:E25|KW:delete|LEVEL:INFO
1.0,EVT:E26|KW:delete|LEVEL:INFO
1.0,EVT:E24|KW:delete|LEVEL:INFO
1.0,EVT:E23|KW:delete|LEVEL:INFO
1.0,EVT:E2|KW:delete|LEVEL:INFO
1.0,EVT:E22|KW:delete|LEVEL:INFO
1.0,EVT:E21|KW:delete|LEVEL:INFO
1.0,EVT:E20|KW:delete|LEVEL:INFO
1.0,EVT:E18|KW:delete|LEVEL:INFO
1.0,EVT:E19|KW:delete|LEVEL:INFO
1.0,EVT:E17|KW:delete|LEVEL:INFO
1.0,EVT:E16|KW:delete|LEVEL:INFO
1.0,COMP:wsgi_server|KW:delete|LEVEL:INFO
1.0,EVT:E15|KW:delete|LEVEL:INFO
1.0,EVT:E14|KW:delete|LEVEL:INFO
1.0,EVT:E13|KW:delete|LEVEL:INFO
1.0,EVT:E12|KW:delete|LEVEL:INFO
1.0,EVT:E11|KW:delete|LEVEL:INFO
1.0,EVT:E10|KW:delete|LEVEL:INFO
1.0,EVT:E1|KW:delete|LEVEL:INFO
1.0,COMP:compute_server_external_events|KW:delete|LEVEL:INFO
1.0,COMP:openstack_wsgi|KW:delete|LEVEL:INFO
1.0,COMP:libvirt_imagecache|KW:delete|LEVEL:INFO
1.0,COMP:libvirt_driver|KW:delete|LEVEL:INFO
1.0,COMP:compute_manager|KW:delete|LEVEL:INFO
1.0,COMP:compute_resource_tracker|KW:delete|LEVEL:INFO
1.0,COMP:compute_claims|KW:delete|LEVEL:INFO
0.6,EVT:E29|KW:delete|LEVEL:INFO
1.0,HOUR:00|KW:build|LEVEL:INFO
1.0,FLAG:FAILURE|KW:build|LEVEL:INFO
1.0,EVT:E9|KW:build|LEVEL:INFO
1.0,EVT:E8|KW:build|LEVEL:INFO
1.0,EVT:E7|KW:build|LEVEL:INFO
1.0,EVT:E6|KW:build|LEVEL:INFO
1.0,EVT:E5|KW:build|LEVEL:INFO
1.0,EVT:E42|KW:build|LEVEL:INFO
1.0,EVT:E41|KW:build|LEVEL:INFO
1.0,EVT:E4|KW:build|LEVEL:INFO
1.0,EVT:E37|KW:build|LEVEL:INFO
1.0,EVT:E36|KW:build|LEVEL:INFO
1.0,EVT:E35|KW:build|LEVEL:INFO
1.0,EVT:E34|KW:build|LEVEL:INFO
1.0,EVT:E33|KW:build|LEVEL:INFO
1.0,EVT:E32|KW:build|LEVEL:INFO
1.0,EVT:E31|KW:build|LEVEL:INFO
1.0,EVT:E30|KW:build|LEVEL:INFO
1.0,EVT:E3|KW:build|LEVEL:INFO
1.0,EVT:E28|KW:build|LEVEL:INFO
1.0,EVT:E27|KW:build|LEVEL:INFO
1.0,EVT:E25|KW:build|LEVEL:INFO
1.0,EVT:E26|KW:build|LEVEL:INFO
1.0,EVT:E24|KW:build|LEVEL:INFO
1.0,EVT:E23|KW:build|LEVEL:INFO
1.0,EVT:E2|KW:build|LEVEL:INFO
1.0,EVT:E22|KW:build|LEVEL:INFO
1.0,EVT:E21|KW:build|LEVEL:INFO
1.0,EVT:E20|KW:build|LEVEL:INFO
1.0,EVT:E18|KW:build|LEVEL:INFO
1.0,EVT:E19|KW:build|LEVEL:INFO
1.0,EVT:E17|KW:build|LEVEL:INFO
1.0,EVT:E16|KW:build|LEVEL:INFO
1.0,COMP:wsgi_server|KW:build|LEVEL:INFO
1.0,EVT:E15|KW:build|LEVEL:INFO
1.0,EVT:E14|KW:build|LEVEL:INFO
1.0,EVT:E13|KW:build|LEVEL:INFO
1.0,EVT:E12|KW:build|LEVEL:INFO
1.0,EVT:E11|KW:build|LEVEL:INFO
1.0,EVT:E10|KW:build|LEVEL:INFO
1.0,EVT:E1|KW:build|LEVEL:INFO
1.0,COMP:compute_server_external_events|KW:build|LEVEL:INFO
1.0,COMP:openstack_wsgi|KW:build|LEVEL:INFO
1.0,COMP:libvirt_imagecache|KW:build|LEVEL:INFO
1.0,COMP:libvirt_driver|KW:build|LEVEL:INFO
1.0,COMP:compute_manager|KW:build|LEVEL:INFO
1.0,COMP:compute_resource_tracker|KW:build|LEVEL:INFO
1.0,COMP:compute_claims|KW:build|LEVEL:INFO
0.6,EVT:E29|KW:build|LEVEL:INFO
1.0,FLAG:FAILURE|HOUR:00|LEVEL:INFO
1.0,EVT:E9|HOUR:00|LEVEL:INFO
1.0,EVT:E8|HOUR:00|LEVEL:INFO
1.0,EVT:E7|HOUR:00|LEVEL:INFO
1.0,EVT:E6|HOUR:00|LEVEL:INFO
1.0,EVT:E5|HOUR:00|LEVEL:INFO
1.0,EVT:E42|HOUR:00|LEVEL:INFO
1.0,EVT:E41|HOUR:00|LEVEL:INFO
1.0,EVT:E4|HOUR:00|LEVEL:INFO
1.0,EVT:E37|HOUR:00|LEVEL:INFO
1.0,EVT:E36|HOUR:00|LEVEL:INFO
1.0,EVT:E35|HOUR:00|LEVEL:INFO
1.0,EVT:E34|HOUR:00|LEVEL:INFO
1.0,EVT:E33|HOUR:00|LEVEL:INFO
1.0,EVT:E32|HOUR:00|LEVEL:INFO
1.0,EVT:E31|HOUR:00|LEVEL:INFO
1.0,EVT:E30|HOUR:00|LEVEL:INFO
1.0,EVT:E3|HOUR:00|LEVEL:INFO
1.0,EVT:E28|HOUR:00|LEVEL:INFO
1.0,EVT:E27|HOUR:00|LEVEL:INFO
1.0,EVT:E25|HOUR:00|LEVEL:INFO
1.0,EVT:E26|HOUR:00|LEVEL:INFO
1.0,EVT:E24|HOUR:00|LEVEL:INFO
1.0,EVT:E23|HOUR:00|LEVEL:INFO
1.0,EVT:E2|HOUR:00|LEVEL:INFO
1.0,EVT:E22|HOUR:00|LEVEL:INFO
1.0,EVT:E21|HOUR:00|LEVEL:INFO
1.0,EVT:E20|HOUR:00|LEVEL:INFO
1.0,EVT:E18|HOUR:00|LEVEL:INFO
1.0,EVT:E19|HOUR:00|LEVEL:INFO
1.0,EVT:E17|HOUR:00|LEVEL:INFO
1.0,EVT:E16|HOUR:00|LEVEL:INFO
1.0,COMP:wsgi_server|HOUR:00|LEVEL:INFO
1.0,EVT:E15|HOUR:00|LEVEL:INFO
1.0,EVT:E14|HOUR:00|LEVEL:INFO
1.0,EVT:E13|HOUR:00|LEVEL:INFO
1.0,EVT:E12|HOUR:00|LEVEL:INFO
1.0,EVT:E11|HOUR:00|LEVEL:INFO
1.0,EVT:E10|HOUR:00|LEVEL:INFO
1.0,EVT:E1|HOUR:00|LEVEL:INFO
1.0,COMP:compute_server_external_events|HOUR:00|LEVEL:INFO
1.0,COMP:openstack_wsgi|HOUR:00|LEVEL:INFO
1.0,COMP:libvirt_imagecache|HOUR:00|LEVEL:INFO
1.0,COMP:libvirt_driver|HOUR:00|LEVEL:INFO
1.0,COMP:compute_manager|HOUR:00|LEVEL:INFO
1.0,COMP:compute_resource_tracker|HOUR:00|LEVEL:INFO
1.0,COMP:compute_claims|HOUR:00|LEVEL:INFO
0.6,EVT:E29|HOUR:00|LEVEL:INFO
1.0,EVT:E9|FLAG:FAILURE|LEVEL:INFO
1.0,EVT:E8|FLAG:FAILURE|LEVEL:INFO
1.0,EVT:E7|FLAG:FAILURE|LEVEL:INFO
1.0,EVT:E6|FLAG:FAILURE|LEVEL:INFO
1.0,EVT:E5|FLAG:FAILURE|LEVEL:INFO
1.0,EVT:E42|FLAG:FAILURE|LEVEL:INFO
1.0,EVT:E41|FLAG:FAILURE|LEVEL:INFO
1.0,EVT:E4|FLAG:FAILURE|LEVEL:INFO
1.0,EVT:E37|FLAG:FAILURE|LEVEL:INFO
1.0,EVT:E36|FLAG:FAILURE|LEVEL:INFO
1.0,EVT:E35|FLAG:FAILURE|LEVEL:INFO
1.0,EVT:E34|FLAG:FAILURE|LEVEL:INFO
1.0,EVT:E33|FLAG:FAILURE|LEVEL:INFO
1.0,EVT:E32|FLAG:FAILURE|LEVEL:INFO
1.0,EVT:E31|FLAG:FAILURE|LEVEL:INFO
1.0,EVT:E30|FLAG:FAILURE|LEVEL:INFO
1.0,EVT:E3|FLAG:FAILURE|LEVEL:INFO
1.0,EVT:E28|FLAG:FAILURE|LEVEL:INFO
1.0,EVT:E27|FLAG:FAILURE|LEVEL:INFO
1.0,EVT:E25|FLAG:FAILURE|LEVEL:INFO
1.0,EVT:E26|FLAG:FAILURE|LEVEL:INFO
1.0,EVT:E24|FLAG:FAILURE|LEVEL:INFO
1.0,EVT:E23|FLAG:FAILURE|LEVEL:INFO
1.0,EVT:E2|FLAG:FAILURE|LEVEL:INFO
1.0,EVT:E22|FLAG:FAILURE|LEVEL:INFO
1.0,EVT:E21|FLAG:FAILURE|LEVEL:INFO
1.0,EVT:E20|FLAG:FAILURE|LEVEL:INFO
1.0,EVT:E18|FLAG:FAILURE|LEVEL:INFO
1.0,EVT:E19|FLAG:FAILURE|LEVEL:INFO
1.0,EVT:E17|FLAG:FAILURE|LEVEL:INFO
1.0,EVT:E16|FLAG:FAILURE|LEVEL:INFO
1.0,COMP:wsgi_server|FLAG:FAILURE|LEVEL:INFO
1.0,EVT:E15|FLAG:FAILURE|LEVEL:INFO
1.0,EVT:E14|FLAG:FAILURE|LEVEL:INFO
1.0,EVT:E13|FLAG:FAILURE|LEVEL:INFO
1.0,EVT:E12|FLAG:FAILURE|LEVEL:INFO
1.0,EVT:E11|FLAG:FAILURE|LEVEL:INFO
1.0,EVT:E10|FLAG:FAILURE|LEVEL:INFO
1.0,EVT:E1|FLAG:FAILURE|LEVEL:INFO
1.0,COMP:compute_server_external_events|FLAG:FAILURE|LEVEL:INFO
1.0,COMP:openstack_wsgi|FLAG:FAILURE|LEVEL:INFO
1.0,COMP:libvirt_imagecache|FLAG:FAILURE|LEVEL:INFO
1.0,COMP:libvirt_driver|FLAG:FAILURE|LEVEL:INFO
1.0,COMP:compute_manager|FLAG:FAILURE|LEVEL:INFO
1.0,COMP:compute_resource_tracker|FLAG:FAILURE|LEVEL:INFO
1.0,COMP:compute_claims|FLAG:FAILURE|LEVEL:INFO
0.6,EVT:E29|FLAG:FAILURE|LEVEL:INFO
1.0,EVT:E8|EVT:E9|LEVEL:INFO
1.0,EVT:E7|EVT:E9|LEVEL:INFO
1.0,EVT:E6|EVT:E9|LEVEL:INFO
1.0,EVT:E5|EVT:E9|LEVEL:INFO
1.0,EVT:E42|EVT:E9|LEVEL:INFO
1.0,EVT:E41|EVT:E9|LEVEL:INFO
1.0,EVT:E4|EVT:E9|LEVEL:INFO
1.0,EVT:E37|EVT:E9|LEVEL:INFO
1.0,EVT:E36|EVT:E9|LEVEL:INFO
1.0,EVT:E35|EVT:E9|LEVEL:INFO
1.0,EVT:E34|EVT:E9|LEVEL:INFO
1.0,EVT:E33|EVT:E9|LEVEL:INFO
1.0,EVT:E32|EVT:E9|LEVEL:INFO
1.0,EVT:E31|EVT:E9|LEVEL:INFO
1.0,EVT:E30|EVT:E9|LEVEL:INFO
1.0,EVT:E3|EVT:E9|LEVEL:INFO
1.0,EVT:E28|EVT:E9|LEVEL:INFO
1.0,EVT:E27|EVT:E9|LEVEL:INFO
1.0,EVT:E25|EVT:E9|LEVEL:INFO
1.0,EVT:E26|EVT:E9|LEVEL:INFO
1.0,EVT:E24|EVT:E9|LEVEL:INFO
1.0,EVT:E23|EVT:E9|LEVEL:INFO
1.0,EVT:E2|EVT:E9|LEVEL:INFO
1.0,EVT:E22|EVT:E9|LEVEL:INFO
1.0,EVT:E21|EVT:E9|LEVEL:INFO
1.0,EVT:E20|EVT:E9|LEVEL:INFO
1.0,EVT:E18|EVT:E9|LEVEL:INFO
1.0,EVT:E19|EVT:E9|LEVEL:INFO
1.0,EVT:E17|EVT:E9|LEVEL:INFO
1.0,EVT:E16|EVT:E9|LEVEL:INFO
1.0,COMP:wsgi_server|EVT:E9|LEVEL:INFO
1.0,EVT:E15|EVT:E9|LEVEL:INFO
1.0,EVT:E14|EVT:E9|LEVEL:INFO
1.0,EVT:E13|EVT:E9|LEVEL:INFO
1.0,EVT:E12|EVT:E9|LEVEL:INFO
1.0,EVT:E11|EVT:E9|LEVEL:INFO
1.0,EVT:E10|EVT:E9|LEVEL:INFO
1.0,EVT:E1|EVT:E9|LEVEL:INFO
1.0,COMP:compute_server_external_events|EVT:E9|LEVEL:INFO
1.0,COMP:openstack_wsgi|EVT:E9|LEVEL:INFO
1.0,COMP:libvirt_imagecache|EVT:E9|LEVEL:INFO
1.0,COMP:libvirt_driver|EVT:E9|LEVEL:INFO
1.0,COMP:compute_manager|EVT:E9|LEVEL:INFO
1.0,COMP:compute_resource_tracker|EVT:E9|LEVEL:INFO
1.0,COMP:compute_claims|EVT:E9|LEVEL:INFO
0.6,EVT:E29|EVT:E9|LEVEL:INFO
1.0,EVT:E7|EVT:E8|LEVEL:INFO
1.0,EVT:E6|EVT:E8|LEVEL:INFO
1.0,EVT:E5|EVT:E8|LEVEL:INFO
1.0,EVT:E42|EVT:E8|LEVEL:INFO
1.0,EVT:E41|EVT:E8|LEVEL:INFO
1.0,EVT:E4|EVT:E8|LEVEL:INFO
1.0,EVT:E37|EVT:E8|LEVEL:INFO
1.0,EVT:E36|EVT:E8|LEVEL:INFO
1.0,EVT:E35|EVT:E8|LEVEL:INFO
1.0,EVT:E34|EVT:E8|LEVEL:INFO
1.0,EVT:E33|EVT:E8|LEVEL:INFO
1.0,EVT:E32|EVT:E8|LEVEL:INFO
1.0,EVT:E31|EVT:E8|LEVEL:INFO
1.0,EVT:E30|EVT:E8|LEVEL:INFO
1.0,EVT:E3|EVT:E8|LEVEL:INFO
1.0,EVT:E28|EVT:E8|LEVEL:INFO
1.0,EVT:E27|EVT:E8|LEVEL:INFO
1.0,EVT:E25|EVT:E8|LEVEL:INFO
1.0,EVT:E26|EVT:E8|LEVEL:INFO
1.0,EVT:E24|EVT:E8|LEVEL:INFO
1.0,EVT:E23|EVT:E8|LEVEL:INFO
1.0,EVT:E2|EVT:E8|LEVEL:INFO
1.0,EVT:E22|EVT:E8|LEVEL:INFO
1.0,EVT:E21|EVT:E8|LEVEL:INFO
1.0,EVT:E20|EVT:E8|LEVEL:INFO
1.0,EVT:E18|EVT:E8|LEVEL:INFO
1.0,EVT:E19|EVT:E8|LEVEL:INFO
1.0,EVT:E17|EVT:E8|LEVEL:INFO
1.0,EVT:E16|EVT:E8|LEVEL:INFO
1.0,COMP:wsgi_server|EVT:E8|LEVEL:INFO
1.0,EVT:E15|EVT:E8|LEVEL:INFO
1.0,EVT:E14|EVT:E8|LEVEL:INFO
1.0,EVT:E13|EVT:E8|LEVEL:INFO
1.0,EVT:E12|EVT:E8|LEVEL:INFO
1.0,EVT:E11|EVT:E8|LEVEL:INFO
1.0,EVT:E10|EVT:E8|LEVEL:INFO
1.0,EVT:E1|EVT:E8|LEVEL:INFO
1.0,COMP:compute_server_external_events|EVT:E8|LEVEL:INFO
1.0,COMP:openstack_wsgi|EVT:E8|LEVEL:INFO
1.0,COMP:libvirt_imagecache|EVT:E8|LEVEL:INFO
1.0,COMP:libvirt_driver|EVT:E8|LEVEL:INFO
1.0,COMP:compute_manager|EVT:E8|LEVEL:INFO
1.0,COMP:compute_resource_tracker|EVT:E8|LEVEL:INFO
1.0,COMP:compute_claims|EVT:E8|LEVEL:INFO
0.6,EVT:E29|EVT:E8|LEVEL:INFO
1.0,EVT:E6|EVT:E7|LEVEL:INFO
1.0,EVT:E5|EVT:E7|LEVEL:INFO
1.0,EVT:E42|EVT:E7|LEVEL:INFO
1.0,EVT:E41|EVT:E7|LEVEL:INFO
1.0,EVT:E4|EVT:E7|LEVEL:INFO
1.0,EVT:E37|EVT:E7|LEVEL:INFO
1.0,EVT:E36|EVT:E7|LEVEL:INFO
1.0,EVT:E35|EVT:E7|LEVEL:INFO
1.0,EVT:E34|EVT:E7|LEVEL:INFO
1.0,EVT:E33|EVT:E7|LEVEL:INFO
1.0,EVT:E32|EVT:E7|LEVEL:INFO
1.0,EVT:E31|EVT:E7|LEVEL:INFO
1.0,EVT:E30|EVT:E7|LEVEL:INFO
1.0,EVT:E3|EVT:E7|LEVEL:INFO
1.0,EVT:E28|EVT:E7|LEVEL:INFO
1.0,EVT:E27|EVT:E7|LEVEL:INFO
1.0,EVT:E25|EVT:E7|LEVEL:INFO
1.0,EVT:E26|EVT:E7|LEVEL:INFO
1.0,EVT:E24|EVT:E7|LEVEL:INFO
1.0,EVT:E23|EVT:E7|LEVEL:INFO
1.0,EVT:E2|EVT:E7|LEVEL:INFO
1.0,EVT:E22|EVT:E7|LEVEL:INFO
1.0,EVT:E21|EVT:E7|LEVEL:INFO
1.0,EVT:E20|EVT:E7|LEVEL:INFO
1.0,EVT:E18|EVT:E7|LEVEL:INFO
1.0,EVT:E19|EVT:E7|LEVEL:INFO
1.0,EVT:E17|EVT:E7|LEVEL:INFO
1.0,EVT:E16|EVT:E7|LEVEL:INFO
1.0,COMP:wsgi_server|EVT:E7|LEVEL:INFO
1.0,EVT:E15|EVT:E7|LEVEL:INFO
1.0,EVT:E14|EVT:E7|LEVEL:INFO
1.0,EVT:E13|EVT:E7|LEVEL:INFO
1.0,EVT:E12|EVT:E7|LEVEL:INFO
1.0,EVT:E11|EVT:E7|LEVEL:INFO
1.0,EVT:E10|EVT:E7|LEVEL:INFO
1.0,EVT:E1|EVT:E7|LEVEL:INFO
1.0,COMP:compute_server_external_events|EVT:E7|LEVEL:INFO
1.0,COMP:openstack_wsgi|EVT:E7|LEVEL:INFO
1.0,COMP:libvirt_imagecache|EVT:E7|LEVEL:INFO
1.0,COMP:libvirt_driver|EVT:E7|LEVEL:INFO
1.0,COMP:compute_manager|EVT:E7|LEVEL:INFO
1.0,COMP:compute_resource_tracker|EVT:E7|LEVEL:INFO
1.0,COMP:compute_claims|EVT:E7|LEVEL:INFO
0.6,EVT:E29|EVT:E7|LEVEL:INFO
1.0,EVT:E5|EVT:E6|LEVEL:INFO
1.0,EVT:E42|EVT:E6|LEVEL:INFO
1.0,EVT:E41|EVT:E6|LEVEL:INFO
1.0,EVT:E4|EVT:E6|LEVEL:INFO
1.0,EVT:E37|EVT:E6|LEVEL:INFO
1.0,EVT:E36|EVT:E6|LEVEL:INFO
1.0,EVT:E35|EVT:E6|LEVEL:INFO
1.0,EVT:E34|EVT:E6|LEVEL:INFO
1.0,EVT:E33|EVT:E6|LEVEL:INFO
1.0,EVT:E32|EVT:E6|LEVEL:INFO
1.0,EVT:E31|EVT:E6|LEVEL:INFO
1.0,EVT:E30|EVT:E6|LEVEL:INFO
1.0,EVT:E3|EVT:E6|LEVEL:INFO
1.0,EVT:E28|EVT:E6|LEVEL:INFO
1.0,EVT:E27|EVT:E6|LEVEL:INFO
1.0,EVT:E25|EVT:E6|LEVEL:INFO
1.0,EVT:E26|EVT:E6|LEVEL:INFO
1.0,EVT:E24|EVT:E6|LEVEL:INFO
1.0,EVT:E23|EVT:E6|LEVEL:INFO
1.0,EVT:E2|EVT:E6|LEVEL:INFO
1.0,EVT:E22|EVT:E6|LEVEL:INFO
1.0,EVT:E21|EVT:E6|LEVEL:INFO
1.0,EVT:E20|EVT:E6|LEVEL:INFO
1.0,EVT:E18|EVT:E6|LEVEL:INFO
1.0,EVT:E19|EVT:E6|LEVEL:INFO
1.0,EVT:E17|EVT:E6|LEVEL:INFO
1.0,EVT:E16|EVT:E6|LEVEL:INFO
1.0,COMP:wsgi_server|EVT:E6|LEVEL:INFO
1.0,EVT:E15|EVT:E6|LEVEL:INFO
1.0,EVT:E14|EVT:E6|LEVEL:INFO
1.0,EVT:E13|EVT:E6|LEVEL:INFO
1.0,EVT:E12|EVT:E6|LEVEL:INFO
1.0,EVT:E11|EVT:E6|LEVEL:INFO
1.0,EVT:E10|EVT:E6|LEVEL:INFO
1.0,EVT:E1|EVT:E6|LEVEL:INFO
1.0,COMP:compute_server_external_events|EVT:E6|LEVEL:INFO
1.0,COMP:openstack_wsgi|EVT:E6|LEVEL:INFO
1.0,COMP:libvirt_imagecache|EVT:E6|LEVEL:INFO
1.0,COMP:libvirt_driver|EVT:E6|LEVEL:INFO
1.0,COMP:compute_manager|EVT:E6|LEVEL:INFO
1.0,COMP:compute_resource_tracker|EVT:E6|LEVEL:INFO
1.0,COMP:compute_claims|EVT:E6|LEVEL:INFO
0.6,EVT:E29|EVT:E6|LEVEL:INFO
1.0,EVT:E42|EVT:E5|LEVEL:INFO
1.0,EVT:E41|EVT:E5|LEVEL:INFO
1.0,EVT:E4|EVT:E5|LEVEL:INFO
1.0,EVT:E37|EVT:E5|LEVEL:INFO
1.0,EVT:E36|EVT:E5|LEVEL:INFO
1.0,EVT:E35|EVT:E5|LEVEL:INFO
1.0,EVT:E34|EVT:E5|LEVEL:INFO
1.0,EVT:E33|EVT:E5|LEVEL:INFO
1.0,EVT:E32|EVT:E5|LEVEL:INFO
1.0,EVT:E31|EVT:E5|LEVEL:INFO
1.0,EVT:E30|EVT:E5|LEVEL:INFO
1.0,EVT:E3|EVT:E5|LEVEL:INFO
1.0,EVT:E28|EVT:E5|LEVEL:INFO
1.0,EVT:E27|EVT:E5|LEVEL:INFO
1.0,EVT:E25|EVT:E5|LEVEL:INFO
1.0,EVT:E26|EVT:E5|LEVEL:INFO
1.0,EVT:E24|EVT:E5|LEVEL:INFO
1.0,EVT:E23|EVT:E5|LEVEL:INFO
1.0,EVT:E2|EVT:E5|LEVEL:INFO
1.0,EVT:E22|EVT:E5|LEVEL:INFO
1.0,EVT:E21|EVT:E5|LEVEL:INFO
1.0,EVT:E20|EVT:E5|LEVEL:INFO
1.0,EVT:E18|EVT:E5|LEVEL:INFO
1.0,EVT:E19|EVT:E5|LEVEL:INFO
1.0,EVT:E17|EVT:E5|LEVEL:INFO
1.0,EVT:E16|EVT:E5|LEVEL:INFO
1.0,COMP:wsgi_server|EVT:E5|LEVEL:INFO
1.0,EVT:E15|EVT:E5|LEVEL:INFO
1.0,EVT:E14|EVT:E5|LEVEL:INFO
1.0,EVT:E13|EVT:E5|LEVEL:INFO
1.0,EVT:E12|EVT:E5|LEVEL:INFO
1.0,EVT:E11|EVT:E5|LEVEL:INFO
1.0,EVT:E10|EVT:E5|LEVEL:INFO
1.0,EVT:E1|EVT:E5|LEVEL:INFO
1.0,COMP:compute_server_external_events|EVT:E5|LEVEL:INFO
1.0,COMP:openstack_wsgi|EVT:E5|LEVEL:INFO
1.0,COMP:libvirt_imagecache|EVT:E5|LEVEL:INFO
1.0,COMP:libvirt_driver|EVT:E5|LEVEL:INFO
1.0,COMP:compute_manager|EVT:E5|LEVEL:INFO
1.0,COMP:compute_resource_tracker|EVT:E5|LEVEL:INFO
1.0,COMP:compute_claims|EVT:E5|LEVEL:INFO
0.6,EVT:E29|EVT:E5|LEVEL:INFO
1.0,EVT:E41|EVT:E42|LEVEL:INFO
1.0,EVT:E4|EVT:E42|LEVEL:INFO
1.0,EVT:E37|EVT:E42|LEVEL:INFO
1.0,EVT:E36|EVT:E42|LEVEL:INFO
1.0,EVT:E35|EVT:E42|LEVEL:INFO
1.0,EVT:E34|EVT:E42|LEVEL:INFO
1.0,EVT:E33|EVT:E42|LEVEL:INFO
1.0,EVT:E32|EVT:E42|LEVEL:INFO
1.0,EVT:E31|EVT:E42|LEVEL:INFO
1.0,EVT:E30|EVT:E42|LEVEL:INFO
1.0,EVT:E3|EVT:E42|LEVEL:INFO
1.0,EVT:E28|EVT:E42|LEVEL:INFO
1.0,EVT:E27|EVT:E42|LEVEL:INFO
1.0,EVT:E25|EVT:E42|LEVEL:INFO
1.0,EVT:E26|EVT:E42|LEVEL:INFO
1.0,EVT:E24|EVT:E42|LEVEL:INFO
1.0,EVT:E23|EVT:E42|LEVEL:INFO
1.0,EVT:E2|EVT:E42|LEVEL:INFO
1.0,EVT:E22|EVT:E42|LEVEL:INFO
1.0,EVT:E21|EVT:E42|LEVEL:INFO
1.0,EVT:E20|EVT:E42|LEVEL:INFO
1.0,EVT:E18|EVT:E42|LEVEL:INFO
1.0,EVT:E19|EVT:E42|LEVEL:INFO
1.0,EVT:E17|EVT:E42|LEVEL:INFO
1.0,EVT:E16|EVT:E42|LEVEL:INFO
1.0,COMP:wsgi_server|EVT:E42|LEVEL:INFO
1.0,EVT:E15|EVT:E42|LEVEL:INFO
1.0,EVT:E14|EVT:E42|LEVEL:INFO
1.0,EVT:E13|EVT:E42|LEVEL:INFO
1.0,EVT:E12|EVT:E42|LEVEL:INFO
1.0,EVT:E11|EVT:E42|LEVEL:INFO
1.0,EVT:E10|EVT:E42|LEVEL:INFO
1.0,EVT:E1|EVT:E42|LEVEL:INFO
1.0,COMP:compute_server_external_events|EVT:E42|LEVEL:INFO
1.0,COMP:openstack_wsgi|EVT:E42|LEVEL:INFO
1.0,COMP:libvirt_imagecache|EVT:E42|LEVEL:INFO
1.0,COMP:libvirt_driver|EVT:E42|LEVEL:INFO
1.0,COMP:compute_manager|EVT:E42|LEVEL:INFO
1.0,COMP:compute_resource_tracker|EVT:E42|LEVEL:INFO
1.0,COMP:compute_claims|EVT:E42|LEVEL:INFO
0.6,EVT:E29|EVT:E42|LEVEL:INFO
1.0,EVT:E4|EVT:E41|LEVEL:INFO
1.0,EVT:E37|EVT:E41|LEVEL:INFO
1.0,EVT:E36|EVT:E41|LEVEL:INFO
1.0,EVT:E35|EVT:E41|LEVEL:INFO
1.0,EVT:E34|EVT:E41|LEVEL:INFO
1.0,EVT:E33|EVT:E41|LEVEL:INFO
1.0,EVT:E32|EVT:E41|LEVEL:INFO
1.0,EVT:E31|EVT:E41|LEVEL:INFO
1.0,EVT:E30|EVT:E41|LEVEL:INFO
1.0,EVT:E3|EVT:E41|LEVEL:INFO
1.0,EVT:E28|EVT:E41|LEVEL:INFO
1.0,EVT:E27|EVT:E41|LEVEL:INFO
1.0,EVT:E25|EVT:E41|LEVEL:INFO
1.0,EVT:E26|EVT:E41|LEVEL:INFO
1.0,EVT:E24|EVT:E41|LEVEL:INFO
1.0,EVT:E23|EVT:E41|LEVEL:INFO
1.0,EVT:E2|EVT:E41|LEVEL:INFO
1.0,EVT:E22|EVT:E41|LEVEL:INFO
1.0,EVT:E21|EVT:E41|LEVEL:INFO
1.0,EVT:E20|EVT:E41|LEVEL:INFO
1.0,EVT:E18|EVT:E41|LEVEL:INFO
1.0,EVT:E19|EVT:E41|LEVEL:INFO
1.0,EVT:E17|EVT:E41|LEVEL:INFO
1.0,EVT:E16|EVT:E41|LEVEL:INFO
1.0,COMP:wsgi_server|EVT:E41|LEVEL:INFO
1.0,EVT:E15|EVT:E41|LEVEL:INFO
1.0,EVT:E14|EVT:E41|LEVEL:INFO
1.0,EVT:E13|EVT:E41|LEVEL:INFO
1.0,EVT:E12|EVT:E41|LEVEL:INFO
1.0,EVT:E11|EVT:E41|LEVEL:INFO
1.0,EVT:E10|EVT:E41|LEVEL:INFO
1.0,EVT:E1|EVT:E41|LEVEL:INFO
1.0,COMP:compute_server_external_events|EVT:E41|LEVEL:INFO
1.0,COMP:openstack_wsgi|EVT:E41|LEVEL:INFO
1.0,COMP:libvirt_imagecache|EVT:E41|LEVEL:INFO
1.0,COMP:libvirt_driver|EVT:E41|LEVEL:INFO
1.0,COMP:compute_manager|EVT:E41|LEVEL:INFO
1.0,COMP:compute_resource_tracker|EVT:E41|LEVEL:INFO
1.0,COMP:compute_claims|EVT:E41|LEVEL:INFO
0.6,EVT:E29|EVT:E41|LEVEL:INFO
1.0,EVT:E37|EVT:E4|LEVEL:INFO
1.0,EVT:E36|EVT:E4|LEVEL:INFO
1.0,EVT:E35|EVT:E4|LEVEL:INFO
1.0,EVT:E34|EVT:E4|LEVEL:INFO
1.0,EVT:E33|EVT:E4|LEVEL:INFO
1.0,EVT:E32|EVT:E4|LEVEL:INFO
1.0,EVT:E31|EVT:E4|LEVEL:INFO
1.0,EVT:E30|EVT:E4|LEVEL:INFO
1.0,EVT:E3|EVT:E4|LEVEL:INFO
1.0,EVT:E28|EVT:E4|LEVEL:INFO
1.0,EVT:E27|EVT:E4|LEVEL:INFO
1.0,EVT:E25|EVT:E4|LEVEL:INFO
1.0,EVT:E26|EVT:E4|LEVEL:INFO
1.0,EVT:E24|EVT:E4|LEVEL:INFO
1.0,EVT:E23|EVT:E4|LEVEL:INFO
1.0,EVT:E2|EVT:E4|LEVEL:INFO
1.0,EVT:E22|EVT:E4|LEVEL:INFO
1.0,EVT:E21|EVT:E4|LEVEL:INFO
1.0,EVT:E20|EVT:E4|LEVEL:INFO
1.0,EVT:E18|EVT:E4|LEVEL:INFO
1.0,EVT:E19|EVT:E4|LEVEL:INFO
1.0,EVT:E17|EVT:E4|LEVEL:INFO
1.0,EVT:E16|EVT:E4|LEVEL:INFO
1.0,COMP:wsgi_server|EVT:E4|LEVEL:INFO
1.0,EVT:E15|EVT:E4|LEVEL:INFO
1.0,EVT:E14|EVT:E4|LEVEL:INFO
1.0,EVT:E13|EVT:E4|LEVEL:INFO
1.0,EVT:E12|EVT:E4|LEVEL:INFO
1.0,EVT:E11|EVT:E4|LEVEL:INFO
1.0,EVT:E10|EVT:E4|LEVEL:INFO
1.0,EVT:E1|EVT:E4|LEVEL:INFO
1.0,COMP:compute_server_external_events|EVT:E4|LEVEL:INFO
1.0,COMP:openstack_wsgi|EVT:E4|LEVEL:INFO
1.0,COMP:libvirt_imagecache|EVT:E4|LEVEL:INFO
1.0,COMP:libvirt_driver|EVT:E4|LEVEL:INFO
1.0,COMP:compute_manager|EVT:E4|LEVEL:INFO
1.0,COMP:compute_resource_tracker|EVT:E4|LEVEL:INFO
1.0,COMP:compute_claims|EVT:E4|LEVEL:INFO
0.6,EVT:E29|EVT:E4|LEVEL:INFO
1.0,EVT:E36|EVT:E37|LEVEL:INFO
1.0,EVT:E35|EVT:E37|LEVEL:INFO
1.0,EVT:E34|EVT:E37|LEVEL:INFO
1.0,EVT:E33|EVT:E37|LEVEL:INFO
1.0,EVT:E32|EVT:E37|LEVEL:INFO
1.0,EVT:E31|EVT:E37|LEVEL:INFO
1.0,EVT:E30|EVT:E37|LEVEL:INFO
1.0,EVT:E3|EVT:E37|LEVEL:INFO
1.0,EVT:E28|EVT:E37|LEVEL:INFO
1.0,EVT:E27|EVT:E37|LEVEL:INFO
1.0,EVT:E25|EVT:E37|LEVEL:INFO
1.0,EVT:E26|EVT:E37|LEVEL:INFO
1.0,EVT:E24|EVT:E37|LEVEL:INFO
1.0,EVT:E23|EVT:E37|LEVEL:INFO
1.0,EVT:E2|EVT:E37|LEVEL:INFO
1.0,EVT:E22|EVT:E37|LEVEL:INFO
1.0,EVT:E21|EVT:E37|LEVEL:INFO
1.0,EVT:E20|EVT:E37|LEVEL:INFO
1.0,EVT:E18|EVT:E37|LEVEL:INFO
1.0,EVT:E19|EVT:E37|LEVEL:INFO
1.0,EVT:E17|EVT:E37|LEVEL:INFO
1.0,EVT:E16|EVT:E37|LEVEL:INFO
1.0,COMP:wsgi_server|EVT:E37|LEVEL:INFO
1.0,EVT:E15|EVT:E37|LEVEL:INFO
1.0,EVT:E14|EVT:E37|LEVEL:INFO
1.0,EVT:E13|EVT:E37|LEVEL:INFO
1.0,EVT:E12|EVT:E37|LEVEL:INFO
1.0,EVT:E11|EVT:E37|LEVEL:INFO
1.0,EVT:E10|EVT:E37|LEVEL:INFO
1.0,EVT:E1|EVT:E37|LEVEL:INFO
1.0,COMP:compute_server_external_events|EVT:E37|LEVEL:INFO
1.0,COMP:openstack_wsgi|EVT:E37|LEVEL:INFO
1.0,COMP:libvirt_imagecache|EVT:E37|LEVEL:INFO
1.0,COMP:libvirt_driver|EVT:E37|LEVEL:INFO
1.0,COMP:compute_manager|EVT:E37|LEVEL:INFO
1.0,COMP:compute_resource_tracker|EVT:E37|LEVEL:INFO
1.0,COMP:compute_claims|EVT:E37|LEVEL:INFO
0.6,EVT:E29|EVT:E37|LEVEL:INFO
1.0,EVT:E35|EVT:E36|LEVEL:INFO
1.0,EVT:E34|EVT:E36|LEVEL:INFO
1.0,EVT:E33|EVT:E36|LEVEL:INFO
1.0,EVT:E32|EVT:E36|LEVEL:INFO
1.0,EVT:E31|EVT:E36|LEVEL:INFO
1.0,EVT:E30|EVT:E36|LEVEL:INFO
1.0,EVT:E3|EVT:E36|LEVEL:INFO
1.0,EVT:E28|EVT:E36|LEVEL:INFO
1.0,EVT:E27|EVT:E36|LEVEL:INFO
1.0,EVT:E25|EVT:E36|LEVEL:INFO
1.0,EVT:E26|EVT:E36|LEVEL:INFO
1.0,EVT:E24|EVT:E36|LEVEL:INFO
1.0,EVT:E23|EVT:E36|LEVEL:INFO
1.0,EVT:E2|EVT:E36|LEVEL:INFO
1.0,EVT:E22|EVT:E36|LEVEL:INFO
1.0,EVT:E21|EVT:E36|LEVEL:INFO
1.0,EVT:E20|EVT:E36|LEVEL:INFO
1.0,EVT:E18|EVT:E36|LEVEL:INFO
1.0,EVT:E19|EVT:E36|LEVEL:INFO
1.0,EVT:E17|EVT:E36|LEVEL:INFO
1.0,EVT:E16|EVT:E36|LEVEL:INFO
1.0,COMP:wsgi_server|EVT:E36|LEVEL:INFO
1.0,EVT:E15|EVT:E36|LEVEL:INFO
1.0,EVT:E14|EVT:E36|LEVEL:INFO
1.0,EVT:E13|EVT:E36|LEVEL:INFO
1.0,EVT:E12|EVT:E36|LEVEL:INFO
1.0,EVT:E11|EVT:E36|LEVEL:INFO
1.0,EVT:E10|EVT:E36|LEVEL:INFO
1.0,EVT:E1|EVT:E36|LEVEL:INFO
1.0,COMP:compute_server_external_events|EVT:E36|LEVEL:INFO
1.0,COMP:openstack_wsgi|EVT:E36|LEVEL:INFO
1.0,COMP:libvirt_imagecache|EVT:E36|LEVEL:INFO
1.0,COMP:libvirt_driver|EVT:E36|LEVEL:INFO
1.0,COMP:compute_manager|EVT:E36|LEVEL:INFO
1.0,COMP:compute_resource_tracker|EVT:E36|LEVEL:INFO
1.0,COMP:compute_claims|EVT:E36|LEVEL:INFO
0.6,EVT:E29|EVT:E36|LEVEL:INFO
1.0,EVT:E34|EVT:E35|LEVEL:INFO
1.0,EVT:E33|EVT:E35|LEVEL:INFO
1.0,EVT:E32|EVT:E35|LEVEL:INFO
1.0,EVT:E31|EVT:E35|LEVEL:INFO
1.0,EVT:E30|EVT:E35|LEVEL:INFO
1.0,EVT:E3|EVT:E35|LEVEL:INFO
1.0,EVT:E28|EVT:E35|LEVEL:INFO
1.0,EVT:E27|EVT:E35|LEVEL:INFO
1.0,EVT:E25|EVT:E35|LEVEL:INFO
1.0,EVT:E26|EVT:E35|LEVEL:INFO
1.0,EVT:E24|EVT:E35|LEVEL:INFO
1.0,EVT:E23|EVT:E35|LEVEL:INFO
1.0,EVT:E2|EVT:E35|LEVEL:INFO
1.0,EVT:E22|EVT:E35|LEVEL:INFO
1.0,EVT:E21|EVT:E35|LEVEL:INFO
1.0,EVT:E20|EVT:E35|LEVEL:INFO
1.0,EVT:E18|EVT:E35|LEVEL:INFO
1.0,EVT:E19|EVT:E35|LEVEL:INFO
1.0,EVT:E17|EVT:E35|LEVEL:INFO
1.0,EVT:E16|EVT:E35|LEVEL:INFO
1.0,COMP:wsgi_server|EVT:E35|LEVEL:INFO
1.0,EVT:E15|EVT:E35|LEVEL:INFO
1.0,EVT:E14|EVT:E35|LEVEL:INFO
1.0,EVT:E13|EVT:E35|LEVEL:INFO
1.0,EVT:E12|EVT:E35|LEVEL:INFO
1.0,EVT:E11|EVT:E35|LEVEL:INFO
1.0,EVT:E10|EVT:E35|LEVEL:INFO
1.0,EVT:E1|EVT:E35|LEVEL:INFO
1.0,COMP:compute_server_external_events|EVT:E35|LEVEL:INFO
1.0,COMP:openstack_wsgi|EVT:E35|LEVEL:INFO
1.0,COMP:libvirt_imagecache|EVT:E35|LEVEL:INFO
1.0,COMP:libvirt_driver|EVT:E35|LEVEL:INFO
1.0,COMP:compute_manager|EVT:E35|LEVEL:INFO
1.0,COMP:compute_resource_tracker|EVT:E35|LEVEL:INFO
1.0,COMP:compute_claims|EVT:E35|LEVEL:INFO
0.6,EVT:E29|EVT:E35|LEVEL:INFO
1.0,EVT:E33|EVT:E34|LEVEL:INFO
1.0,EVT:E32|EVT:E34|LEVEL:INFO
1.0,EVT:E31|EVT:E34|LEVEL:INFO
1.0,EVT:E30|EVT:E34|LEVEL:INFO
1.0,EVT:E3|EVT:E34|LEVEL:INFO
1.0,EVT:E28|EVT:E34|LEVEL:INFO
1.0,EVT:E27|EVT:E34|LEVEL:INFO
1.0,EVT:E25|EVT:E34|LEVEL:INFO
1.0,EVT:E26|EVT:E34|LEVEL:INFO
1.0,EVT:E24|EVT:E34|LEVEL:INFO
1.0,EVT:E23|EVT:E34|LEVEL:INFO
1.0,EVT:E2|EVT:E34|LEVEL:INFO
1.0,EVT:E22|EVT:E34|LEVEL:INFO
1.0,EVT:E21|EVT:E34|LEVEL:INFO
1.0,EVT:E20|EVT:E34|LEVEL:INFO
1.0,EVT:E18|EVT:E34|LEVEL:INFO
1.0,EVT:E19|EVT:E34|LEVEL:INFO
1.0,EVT:E17|EVT:E34|LEVEL:INFO
1.0,EVT:E16|EVT:E34|LEVEL:INFO
1.0,COMP:wsgi_server|EVT:E34|LEVEL:INFO
1.0,EVT:E15|EVT:E34|LEVEL:INFO
1.0,EVT:E14|EVT:E34|LEVEL:INFO
1.0,EVT:E13|EVT:E34|LEVEL:INFO
1.0,EVT:E12|EVT:E34|LEVEL:INFO
1.0,EVT:E11|EVT:E34|LEVEL:INFO
1.0,EVT:E10|EVT:E34|LEVEL:INFO
1.0,EVT:E1|EVT:E34|LEVEL:INFO
1.0,COMP:compute_server_external_events|EVT:E34|LEVEL:INFO
1.0,COMP:openstack_wsgi|EVT:E34|LEVEL:INFO
1.0,COMP:libvirt_imagecache|EVT:E34|LEVEL:INFO
1.0,COMP:libvirt_driver|EVT:E34|LEVEL:INFO
1.0,COMP:compute_manager|EVT:E34|LEVEL:INFO
1.0,COMP:compute_resource_tracker|EVT:E34|LEVEL:INFO
1.0,COMP:compute_claims|EVT:E34|LEVEL:INFO
0.6,EVT:E29|EVT:E34|LEVEL:INFO
1.0,EVT:E32|EVT:E33|LEVEL:INFO
1.0,EVT:E31|EVT:E33|LEVEL:INFO
1.0,EVT:E30|EVT:E33|LEVEL:INFO
1.0,EVT:E3|EVT:E33|LEVEL:INFO
1.0,EVT:E28|EVT:E33|LEVEL:INFO
1.0,EVT:E27|EVT:E33|LEVEL:INFO
1.0,EVT:E25|EVT:E33|LEVEL:INFO
1.0,EVT:E26|EVT:E33|LEVEL:INFO
1.0,EVT:E24|EVT:E33|LEVEL:INFO
1.0,EVT:E23|EVT:E33|LEVEL:INFO
1.0,EVT:E2|EVT:E33|LEVEL:INFO
1.0,EVT:E22|EVT:E33|LEVEL:INFO
1.0,EVT:E21|EVT:E33|LEVEL:INFO
1.0,EVT:E20|EVT:E33|LEVEL:INFO
1.0,EVT:E18|EVT:E33|LEVEL:INFO
1.0,EVT:E19|EVT:E33|LEVEL:INFO
1.0,EVT:E17|EVT:E33|LEVEL:INFO
1.0,EVT:E16|EVT:E33|LEVEL:INFO
1.0,COMP:wsgi_server|EVT:E33|LEVEL:INFO
1.0,EVT:E15|EVT:E33|LEVEL:INFO
1.0,EVT:E14|EVT:E33|LEVEL:INFO
1.0,EVT:E13|EVT:E33|LEVEL:INFO
1.0,EVT:E12|EVT:E33|LEVEL:INFO
1.0,EVT:E11|EVT:E33|LEVEL:INFO
1.0,EVT:E10|EVT:E33|LEVEL:INFO
1.0,EVT:E1|EVT:E33|LEVEL:INFO
1.0,COMP:compute_server_external_events|EVT:E33|LEVEL:INFO
1.0,COMP:openstack_wsgi|EVT:E33|LEVEL:INFO
1.0,COMP:libvirt_imagecache|EVT:E33|LEVEL:INFO
1.0,COMP:libvirt_driver|EVT:E33|LEVEL:INFO
1.0,COMP:compute_manager|EVT:E33|LEVEL:INFO
1.0,COMP:compute_resource_tracker|EVT:E33|LEVEL:INFO
1.0,COMP:compute_claims|EVT:E33|LEVEL:INFO
0.6,EVT:E29|EVT:E33|LEVEL:INFO
1.0,EVT:E31|EVT:E32|LEVEL:INFO
1.0,EVT:E30|EVT:E32|LEVEL:INFO
1.0,EVT:E3|EVT:E32|LEVEL:INFO
1.0,EVT:E28|EVT:E32|LEVEL:INFO
1.0,EVT:E27|EVT:E32|LEVEL:INFO
1.0,EVT:E25|EVT:E32|LEVEL:INFO
1.0,EVT:E26|EVT:E32|LEVEL:INFO
1.0,EVT:E24|EVT:E32|LEVEL:INFO
1.0,EVT:E23|EVT:E32|LEVEL:INFO
1.0,EVT:E2|EVT:E32|LEVEL:INFO
1.0,EVT:E22|EVT:E32|LEVEL:INFO
1.0,EVT:E21|EVT:E32|LEVEL:INFO
1.0,EVT:E20|EVT:E32|LEVEL:INFO
1.0,EVT:E18|EVT:E32|LEVEL:INFO
1.0,EVT:E19|EVT:E32|LEVEL:INFO
1.0,EVT:E17|EVT:E32|LEVEL:INFO
1.0,EVT:E16|EVT:E32|LEVEL:INFO
1.0,COMP:wsgi_server|EVT:E32|LEVEL:INFO
1.0,EVT:E15|EVT:E32|LEVEL:INFO
1.0,EVT:E14|EVT:E32|LEVEL:INFO
1.0,EVT:E13|EVT:E32|LEVEL:INFO
1.0,EVT:E12|EVT:E32|LEVEL:INFO
1.0,EVT:E11|EVT:E32|LEVEL:INFO
1.0,EVT:E10|EVT:E32|LEVEL:INFO
1.0,EVT:E1|EVT:E32|LEVEL:INFO
1.0,COMP:compute_server_external_events|EVT:E32|LEVEL:INFO
1.0,COMP:openstack_wsgi|EVT:E32|LEVEL:INFO
1.0,COMP:libvirt_imagecache|EVT:E32|LEVEL:INFO
1.0,COMP:libvirt_driver|EVT:E32|LEVEL:INFO
1.0,COMP:compute_manager|EVT:E32|LEVEL:INFO
1.0,COMP:compute_resource_tracker|EVT:E32|LEVEL:INFO
1.0,COMP:compute_claims|EVT:E32|LEVEL:INFO
0.6,EVT:E29|EVT:E32|LEVEL:INFO
1.0,EVT:E30|EVT:E31|LEVEL:INFO
1.0,EVT:E3|EVT:E31|LEVEL:INFO
1.0,EVT:E28|EVT:E31|LEVEL:INFO
1.0,EVT:E27|EVT:E31|LEVEL:INFO
1.0,EVT:E25|EVT:E31|LEVEL:INFO
1.0,EVT:E26|EVT:E31|LEVEL:INFO
1.0,EVT:E24|EVT:E31|LEVEL:INFO
1.0,EVT:E23|EVT:E31|LEVEL:INFO
1.0,EVT:E2|EVT:E31|LEVEL:INFO
1.0,EVT:E22|EVT:E31|LEVEL:INFO
1.0,EVT:E21|EVT:E31|LEVEL:INFO
1.0,EVT:E20|EVT:E31|LEVEL:INFO
1.0,EVT:E18|EVT:E31|LEVEL:INFO
1.0,EVT:E19|EVT:E31|LEVEL:INFO
1.0,EVT:E17|EVT:E31|LEVEL:INFO
1.0,EVT:E16|EVT:E31|LEVEL:INFO
1.0,COMP:wsgi_server|EVT:E31|LEVEL:INFO
1.0,EVT:E15|EVT:E31|LEVEL:INFO
1.0,EVT:E14|EVT:E31|LEVEL:INFO
1.0,EVT:E13|EVT:E31|LEVEL:INFO
1.0,EVT:E12|EVT:E31|LEVEL:INFO
1.0,EVT:E11|EVT:E31|LEVEL:INFO
1.0,EVT:E10|EVT:E31|LEVEL:INFO
1.0,EVT:E1|EVT:E31|LEVEL:INFO
1.0,COMP:compute_server_external_events|EVT:E31|LEVEL:INFO
1.0,COMP:openstack_wsgi|EVT:E31|LEVEL:INFO
1.0,COMP:libvirt_imagecache|EVT:E31|LEVEL:INFO
1.0,COMP:libvirt_driver|EVT:E31|LEVEL:INFO
1.0,COMP:compute_manager|EVT:E31|LEVEL:INFO
1.0,COMP:compute_resource_tracker|EVT:E31|LEVEL:INFO
1.0,COMP:compute_claims|EVT:E31|LEVEL:INFO
0.6,EVT:E29|EVT:E31|LEVEL:INFO
1.0,EVT:E3|EVT:E30|LEVEL:INFO
1.0,EVT:E28|EVT:E30|LEVEL:INFO
1.0,EVT:E27|EVT:E30|LEVEL:INFO
1.0,EVT:E25|EVT:E30|LEVEL:INFO
1.0,EVT:E26|EVT:E30|LEVEL:INFO
1.0,EVT:E24|EVT:E30|LEVEL:INFO
1.0,EVT:E23|EVT:E30|LEVEL:INFO
1.0,EVT:E2|EVT:E30|LEVEL:INFO
1.0,EVT:E22|EVT:E30|LEVEL:INFO
1.0,EVT:E21|EVT:E30|LEVEL:INFO
1.0,EVT:E20|EVT:E30|LEVEL:INFO
1.0,EVT:E18|EVT:E30|LEVEL:INFO
1.0,EVT:E19|EVT:E30|LEVEL:INFO
1.0,EVT:E17|EVT:E30|LEVEL:INFO
1.0,EVT:E16|EVT:E30|LEVEL:INFO
1.0,COMP:wsgi_server|EVT:E30|LEVEL:INFO
1.0,EVT:E15|EVT:E30|LEVEL:INFO
1.0,EVT:E14|EVT:E30|LEVEL:INFO
1.0,EVT:E13|EVT:E30|LEVEL:INFO
1.0,EVT:E12|EVT:E30|LEVEL:INFO
1.0,EVT:E11|EVT:E30|LEVEL:INFO
1.0,EVT:E10|EVT:E30|LEVEL:INFO
1.0,EVT:E1|EVT:E30|LEVEL:INFO
1.0,COMP:compute_server_external_events|EVT:E30|LEVEL:INFO
1.0,COMP:openstack_wsgi|EVT:E30|LEVEL:INFO
1.0,COMP:libvirt_imagecache|EVT:E30|LEVEL:INFO
1.0,COMP:libvirt_driver|EVT:E30|LEVEL:INFO
1.0,COMP:compute_manager|EVT:E30|LEVEL:INFO
1.0,COMP:compute_resource_tracker|EVT:E30|LEVEL:INFO
1.0,COMP:compute_claims|EVT:E30|LEVEL:INFO
0.6,EVT:E29|EVT:E30|LEVEL:INFO
1.0,EVT:E28|EVT:E3|LEVEL:INFO
1.0,EVT:E27|EVT:E3|LEVEL:INFO
1.0,EVT:E25|EVT:E3|LEVEL:INFO
1.0,EVT:E26|EVT:E3|LEVEL:INFO
1.0,EVT:E24|EVT:E3|LEVEL:INFO
1.0,EVT:E23|EVT:E3|LEVEL:INFO
1.0,EVT:E2|EVT:E3|LEVEL:INFO
1.0,EVT:E22|EVT:E3|LEVEL:INFO
1.0,EVT:E21|EVT:E3|LEVEL:INFO
1.0,EVT:E20|EVT:E3|LEVEL:INFO
1.0,EVT:E18|EVT:E3|LEVEL:INFO
1.0,EVT:E19|EVT:E3|LEVEL:INFO
1.0,EVT:E17|EVT:E3|LEVEL:INFO
1.0,EVT:E16|EVT:E3|LEVEL:INFO
1.0,COMP:wsgi_server|EVT:E3|LEVEL:INFO
1.0,EVT:E15|EVT:E3|LEVEL:INFO
1.0,EVT:E14|EVT:E3|LEVEL:INFO
1.0,EVT:E13|EVT:E3|LEVEL:INFO
1.0,EVT:E12|EVT:E3|LEVEL:INFO
1.0,EVT:E11|EVT:E3|LEVEL:INFO
1.0,EVT:E10|EVT:E3|LEVEL:INFO
1.0,EVT:E1|EVT:E3|LEVEL:INFO
1.0,COMP:compute_server_external_events|EVT:E3|LEVEL:INFO
1.0,COMP:openstack_wsgi|EVT:E3|LEVEL:INFO
1.0,COMP:libvirt_imagecache|EVT:E3|LEVEL:INFO
1.0,COMP:libvirt_driver|EVT:E3|LEVEL:INFO
1.0,COMP:compute_manager|EVT:E3|LEVEL:INFO
1.0,COMP:compute_resource_tracker|EVT:E3|LEVEL:INFO
1.0,COMP:compute_claims|EVT:E3|LEVEL:INFO
0.6,EVT:E29|EVT:E3|LEVEL:INFO
1.0,EVT:E27|EVT:E28|LEVEL:INFO
1.0,EVT:E25|EVT:E28|LEVEL:INFO
1.0,EVT:E26|EVT:E28|LEVEL:INFO
1.0,EVT:E24|EVT:E28|LEVEL:INFO
1.0,EVT:E23|EVT:E28|LEVEL:INFO
1.0,EVT:E2|EVT:E28|LEVEL:INFO
1.0,EVT:E22|EVT:E28|LEVEL:INFO
1.0,EVT:E21|EVT:E28|LEVEL:INFO
1.0,EVT:E20|EVT:E28|LEVEL:INFO
1.0,EVT:E18|EVT:E28|LEVEL:INFO
1.0,EVT:E19|EVT:E28|LEVEL:INFO
1.0,EVT:E17|EVT:E28|LEVEL:INFO
1.0,EVT:E16|EVT:E28|LEVEL:INFO
1.0,COMP:wsgi_server|EVT:E28|LEVEL:INFO
1.0,EVT:E15|EVT:E28|LEVEL:INFO
1.0,EVT:E14|EVT:E28|LEVEL:INFO
1.0,EVT:E13|EVT:E28|LEVEL:INFO
1.0,EVT:E12|EVT:E28|LEVEL:INFO
1.0,EVT:E11|EVT:E28|LEVEL:INFO
1.0,EVT:E10|EVT:E28|LEVEL:INFO
1.0,EVT:E1|EVT:E28|LEVEL:INFO
1.0,COMP:compute_server_external_events|EVT:E28|LEVEL:INFO
1.0,COMP:openstack_wsgi|EVT:E28|LEVEL:INFO
1.0,COMP:libvirt_imagecache|EVT:E28|LEVEL:INFO
1.0,COMP:libvirt_driver|EVT:E28|LEVEL:INFO
1.0,COMP:compute_manager|EVT:E28|LEVEL:INFO
1.0,COMP:compute_resource_tracker|EVT:E28|LEVEL:INFO
1.0,COMP:compute_claims|EVT:E28|LEVEL:INFO
0.6,EVT:E28|EVT:E29|LEVEL:INFO
1.0,EVT:E25|EVT:E27|LEVEL:INFO
1.0,EVT:E26|EVT:E27|LEVEL:INFO
1.0,EVT:E24|EVT:E27|LEVEL:INFO
1.0,EVT:E23|EVT:E27|LEVEL:INFO
1.0,EVT:E2|EVT:E27|LEVEL:INFO
1.0,EVT:E22|EVT:E27|LEVEL:INFO
1.0,EVT:E21|EVT:E27|LEVEL:INFO
1.0,EVT:E20|EVT:E27|LEVEL:INFO
1.0,EVT:E18|EVT:E27|LEVEL:INFO
1.0,EVT:E19|EVT:E27|LEVEL:INFO
1.0,EVT:E17|EVT:E27|LEVEL:INFO
1.0,EVT:E16|EVT:E27|LEVEL:INFO
1.0,COMP:wsgi_server|EVT:E27|LEVEL:INFO
1.0,EVT:E15|EVT:E27|LEVEL:INFO
1.0,EVT:E14|EVT:E27|LEVEL:INFO
1.0,EVT:E13|EVT:E27|LEVEL:INFO
1.0,EVT:E12|EVT:E27|LEVEL:INFO
1.0,EVT:E11|EVT:E27|LEVEL:INFO
1.0,EVT:E10|EVT:E27|LEVEL:INFO
1.0,EVT:E1|EVT:E27|LEVEL:INFO
1.0,COMP:compute_server_external_events|EVT:E27|LEVEL:INFO
1.0,COMP:openstack_wsgi|EVT:E27|LEVEL:INFO
1.0,COMP:libvirt_imagecache|EVT:E27|LEVEL:INFO
1.0,COMP:libvirt_driver|EVT:E27|LEVEL:INFO
1.0,COMP:compute_manager|EVT:E27|LEVEL:INFO
1.0,COMP:compute_resource_tracker|EVT:E27|LEVEL:INFO
1.0,COMP:compute_claims|EVT:E27|LEVEL:INFO
0.6,EVT:E27|EVT:E29|LEVEL:INFO
1.0,EVT:E25|EVT:E26|LEVEL:INFO
1.0,EVT:E24|EVT:E25|LEVEL:INFO
1.0,EVT:E23|EVT:E25|LEVEL:INFO
1.0,EVT:E2|EVT:E25|LEVEL:INFO
1.0,EVT:E22|EVT:E25|LEVEL:INFO
1.0,EVT:E21|EVT:E25|LEVEL:INFO
1.0,EVT:E20|EVT:E25|LEVEL:INFO
1.0,EVT:E18|EVT:E25|LEVEL:INFO
1.0,EVT:E19|EVT:E25|LEVEL:INFO
1.0,EVT:E17|EVT:E25|LEVEL:INFO
1.0,EVT:E16|EVT:E25|LEVEL:INFO
1.0,COMP:wsgi_server|EVT:E25|LEVEL:INFO
1.0,EVT:E15|EVT:E25|LEVEL:INFO
1.0,EVT:E14|EVT:E25|LEVEL:INFO
1.0,EVT:E13|EVT:E25|LEVEL:INFO
1.0,EVT:E12|EVT:E25|LEVEL:INFO
1.0,EVT:E11|EVT:E25|LEVEL:INFO
1.0,EVT:E10|EVT:E25|LEVEL:INFO
1.0,EVT:E1|EVT:E25|LEVEL:INFO
1.0,COMP:compute_server_external_events|EVT:E25|LEVEL:INFO
1.0,COMP:openstack_wsgi|EVT:E25|LEVEL:INFO
1.0,COMP:libvirt_imagecache|EVT:E25|LEVEL:INFO
1.0,COMP:libvirt_driver|EVT:E25|LEVEL:INFO
1.0,COMP:compute_manager|EVT:E25|LEVEL:INFO
1.0,COMP:compute_resource_tracker|EVT:E25|LEVEL:INFO
1.0,COMP:compute_claims|EVT:E25|LEVEL:INFO
0.6,EVT:E25|EVT:E29|LEVEL:INFO
1.0,EVT:E24|EVT:E26|LEVEL:INFO
1.0,EVT:E23|EVT:E26|LEVEL:INFO
1.0,EVT:E2|EVT:E26|LEVEL:INFO
1.0,EVT:E22|EVT:E26|LEVEL:INFO
1.0,EVT:E21|EVT:E26|LEVEL:INFO
1.0,EVT:E20|EVT:E26|LEVEL:INFO
1.0,EVT:E18|EVT:E26|LEVEL:INFO
1.0,EVT:E19|EVT:E26|LEVEL:INFO
1.0,EVT:E17|EVT:E26|LEVEL:INFO
1.0,EVT:E16|EVT:E26|LEVEL:INFO
1.0,COMP:wsgi_server|EVT:E26|LEVEL:INFO
1.0,EVT:E15|EVT:E26|LEVEL:INFO
1.0,EVT:E14|EVT:E26|LEVEL:INFO
1.0,EVT:E13|EVT:E26|LEVEL:INFO
1.0,EVT:E12|EVT:E26|LEVEL:INFO
1.0,EVT:E11|EVT:E26|LEVEL:INFO
1.0,EVT:E10|EVT:E26|LEVEL:INFO
1.0,EVT:E1|EVT:E26|LEVEL:INFO
1.0,COMP:compute_server_external_events|EVT:E26|LEVEL:INFO
1.0,COMP:openstack_wsgi|EVT:E26|LEVEL:INFO
1.0,COMP:libvirt_imagecache|EVT:E26|LEVEL:INFO
1.0,COMP:libvirt_driver|EVT:E26|LEVEL:INFO
1.0,COMP:compute_manager|EVT:E26|LEVEL:INFO
1.0,COMP:compute_resource_tracker|EVT:E26|LEVEL:INFO
1.0,COMP:compute_claims|EVT:E26|LEVEL:INFO
0.6,EVT:E26|EVT:E29|LEVEL:INFO
1.0,EVT:E23|EVT:E24|LEVEL:INFO
1.0,EVT:E2|EVT:E24|LEVEL:INFO
1.0,EVT:E22|EVT:E24|LEVEL:INFO
1.0,EVT:E21|EVT:E24|LEVEL:INFO
1.0,EVT:E20|EVT:E24|LEVEL:INFO
1.0,EVT:E18|EVT:E24|LEVEL:INFO
1.0,EVT:E19|EVT:E24|LEVEL:INFO
1.0,EVT:E17|EVT:E24|LEVEL:INFO
1.0,EVT:E16|EVT:E24|LEVEL:INFO
1.0,COMP:wsgi_server|EVT:E24|LEVEL:INFO
1.0,EVT:E15|EVT:E24|LEVEL:INFO
1.0,EVT:E14|EVT:E24|LEVEL:INFO
1.0,EVT:E13|EVT:E24|LEVEL:INFO
1.0,EVT:E12|EVT:E24|LEVEL:INFO
1.0,EVT:E11|EVT:E24|LEVEL:INFO
1.0,EVT:E10|EVT:E24|LEVEL:INFO
1.0,EVT:E1|EVT:E24|LEVEL:INFO
1.0,COMP:compute_server_external_events|EVT:E24|LEVEL:INFO
1.0,COMP:openstack_wsgi|EVT:E24|LEVEL:INFO
1.0,COMP:libvirt_imagecache|EVT:E24|LEVEL:INFO
1.0,COMP:libvirt_driver|EVT:E24|LEVEL:INFO
1.0,COMP:compute_manager|EVT:E24|LEVEL:INFO
1.0,COMP:compute_resource_tracker|EVT:E24|LEVEL:INFO
1.0,COMP:compute_claims|EVT:E24|LEVEL:INFO
0.6,EVT:E24|EVT:E29|LEVEL:INFO
1.0,EVT:E2|EVT:E23|LEVEL:INFO
1.0,EVT:E22|EVT:E23|LEVEL:INFO
1.0,EVT:E21|EVT:E23|LEVEL:INFO
1.0,EVT:E20|EVT:E23|LEVEL:INFO
1.0,EVT:E18|EVT:E23|LEVEL:INFO
1.0,EVT:E19|EVT:E23|LEVEL:INFO
1.0,EVT:E17|EVT:E23|LEVEL:INFO
1.0,EVT:E16|EVT:E23|LEVEL:INFO
1.0,COMP:wsgi_server|EVT:E23|LEVEL:INFO
1.0,EVT:E15|EVT:E23|LEVEL:INFO
1.0,EVT:E14|EVT:E23|LEVEL:INFO
1.0,EVT:E13|EVT:E23|LEVEL:INFO
1.0,EVT:E12|EVT:E23|LEVEL:INFO
1.0,EVT:E11|EVT:E23|LEVEL:INFO
1.0,EVT:E10|EVT:E23|LEVEL:INFO
1.0,EVT:E1|EVT:E23|LEVEL:INFO
1.0,COMP:compute_server_external_events|EVT:E23|LEVEL:INFO
1.0,COMP:openstack_wsgi|EVT:E23|LEVEL:INFO
1.0,COMP:libvirt_imagecache|EVT:E23|LEVEL:INFO
1.0,COMP:libvirt_driver|EVT:E23|LEVEL:INFO
1.0,COMP:compute_manager|EVT:E23|LEVEL:INFO
1.0,COMP:compute_resource_tracker|EVT:E23|LEVEL:INFO
1.0,COMP:compute_claims|EVT:E23|LEVEL:INFO
0.6,EVT:E23|EVT:E29|LEVEL:INFO
1.0,EVT:E2|EVT:E22|LEVEL:INFO
1.0,EVT:E2|EVT:E21|LEVEL:INFO
1.0,EVT:E2|EVT:E20|LEVEL:INFO
1.0,EVT:E18|EVT:E2|LEVEL:INFO
1.0,EVT:E19|EVT:E2|LEVEL:INFO
1.0,EVT:E17|EVT:E2|LEVEL:INFO
1.0,EVT:E16|EVT:E2|LEVEL:INFO
1.0,COMP:wsgi_server|EVT:E2|LEVEL:INFO
1.0,EVT:E15|EVT:E2|LEVEL:INFO
1.0,EVT:E14|EVT:E2|LEVEL:INFO
1.0,EVT:E13|EVT:E2|LEVEL:INFO
1.0,EVT:E12|EVT:E2|LEVEL:INFO
1.0,EVT:E11|EVT:E2|LEVEL:INFO
1.0,EVT:E10|EVT:E2|LEVEL:INFO
1.0,EVT:E1|EVT:E2|LEVEL:INFO
1.0,COMP:compute_server_external_events|EVT:E2|LEVEL:INFO
1.0,COMP:openstack_wsgi|EVT:E2|LEVEL:INFO
1.0,COMP:libvirt_imagecache|EVT:E2|LEVEL:INFO
1.0,COMP:libvirt_driver|EVT:E2|LEVEL:INFO
1.0,COMP:compute_manager|EVT:E2|LEVEL:INFO
1.0,COMP:compute_resource_tracker|EVT:E2|LEVEL:INFO
1.0,COMP:compute_claims|EVT:E2|LEVEL:INFO
0.6,EVT:E2|EVT:E29|LEVEL:INFO
1.0,EVT:E21|EVT:E22|LEVEL:INFO
1.0,EVT:E20|EVT:E22|LEVEL:INFO
1.0,EVT:E18|EVT:E22|LEVEL:INFO
1.0,EVT:E19|EVT:E22|LEVEL:INFO
1.0,EVT:E17|EVT:E22|LEVEL:INFO
1.0,EVT:E16|EVT:E22|LEVEL:INFO
1.0,COMP:wsgi_server|EVT:E22|LEVEL:INFO
1.0,EVT:E15|EVT:E22|LEVEL:INFO
1.0,EVT:E14|EVT:E22|LEVEL:INFO
1.0,EVT:E13|EVT:E22|LEVEL:INFO
1.0,EVT:E12|EVT:E22|LEVEL:INFO
1.0,EVT:E11|EVT:E22|LEVEL:INFO
1.0,EVT:E10|EVT:E22|LEVEL:INFO
1.0,EVT:E1|EVT:E22|LEVEL:INFO
1.0,COMP:compute_server_external_events|EVT:E22|LEVEL:INFO
1.0,COMP:openstack_wsgi|EVT:E22|LEVEL:INFO
1.0,COMP:libvirt_imagecache|EVT:E22|LEVEL:INFO
1.0,COMP:libvirt_driver|EVT:E22|LEVEL:INFO
1.0,COMP:compute_manager|EVT:E22|LEVEL:INFO
1.0,COMP:compute_resource_tracker|EVT:E22|LEVEL:INFO
1.0,COMP:compute_claims|EVT:E22|LEVEL:INFO
0.6,EVT:E22|EVT:E29|LEVEL:INFO
1.0,EVT:E20|EVT:E21|LEVEL:INFO
1.0,EVT:E18|EVT:E21|LEVEL:INFO
1.0,EVT:E19|EVT:E21|LEVEL:INFO
1.0,EVT:E17|EVT:E21|LEVEL:INFO
1.0,EVT:E16|EVT:E21|LEVEL:INFO
1.0,COMP:wsgi_server|EVT:E21|LEVEL:INFO
1.0,EVT:E15|EVT:E21|LEVEL:INFO
1.0,EVT:E14|EVT:E21|LEVEL:INFO
1.0,EVT:E13|EVT:E21|LEVEL:INFO
1.0,EVT:E12|EVT:E21|LEVEL:INFO
1.0,EVT:E11|EVT:E21|LEVEL:INFO
1.0,EVT:E10|EVT:E21|LEVEL:INFO
1.0,EVT:E1|EVT:E21|LEVEL:INFO
1.0,COMP:compute_server_external_events|EVT:E21|LEVEL:INFO
1.0,COMP:openstack_wsgi|EVT:E21|LEVEL:INFO
1.0,COMP:libvirt_imagecache|EVT:E21|LEVEL:INFO
1.0,COMP:libvirt_driver|EVT:E21|LEVEL:INFO
1.0,COMP:compute_manager|EVT:E21|LEVEL:INFO
1.0,COMP:compute_resource_tracker|EVT:E21|LEVEL:INFO
1.0,COMP:compute_claims|EVT:E21|LEVEL:INFO
0.6,EVT:E21|EVT:E29|LEVEL:INFO
1.0,EVT:E18|EVT:E20|LEVEL:INFO
1.0,EVT:E19|EVT:E20|LEVEL:INFO
1.0,EVT:E17|EVT:E20|LEVEL:INFO
1.0,EVT:E16|EVT:E20|LEVEL:INFO
1.0,COMP:wsgi_server|EVT:E20|LEVEL:INFO
1.0,EVT:E15|EVT:E20|LEVEL:INFO
1.0,EVT:E14|EVT:E20|LEVEL:INFO
1.0,EVT:E13|EVT:E20|LEVEL:INFO
1.0,EVT:E12|EVT:E20|LEVEL:INFO
1.0,EVT:E11|EVT:E20|LEVEL:INFO
1.0,EVT:E10|EVT:E20|LEVEL:INFO
1.0,EVT:E1|EVT:E20|LEVEL:INFO
1.0,COMP:compute_server_external_events|EVT:E20|LEVEL:INFO
1.0,COMP:openstack_wsgi|EVT:E20|LEVEL:INFO
1.0,COMP:libvirt_imagecache|EVT:E20|LEVEL:INFO
1.0,COMP:libvirt_driver|EVT:E20|LEVEL:INFO
1.0,COMP:compute_manager|EVT:E20|LEVEL:INFO
1.0,COMP:compute_resource_tracker|EVT:E20|LEVEL:INFO
1.0,COMP:compute_claims|EVT:E20|LEVEL:INFO
0.6,EVT:E20|EVT:E29|LEVEL:INFO
1.0,EVT:E18|EVT:E19|LEVEL:INFO
1.0,EVT:E17|EVT:E18|LEVEL:INFO
1.0,EVT:E16|EVT:E18|LEVEL:INFO
1.0,COMP:wsgi_server|EVT:E18|LEVEL:INFO
1.0,EVT:E15|EVT:E18|LEVEL:INFO
1.0,EVT:E14|EVT:E18|LEVEL:INFO
1.0,EVT:E13|EVT:E18|LEVEL:INFO
1.0,EVT:E12|EVT:E18|LEVEL:INFO
1.0,EVT:E11|EVT:E18|LEVEL:INFO
1.0,EVT:E10|EVT:E18|LEVEL:INFO
1.0,EVT:E1|EVT:E18|LEVEL:INFO
1.0,COMP:compute_server_external_events|EVT:E18|LEVEL:INFO
1.0,COMP:openstack_wsgi|EVT:E18|LEVEL:INFO
1.0,COMP:libvirt_imagecache|EVT:E18|LEVEL:INFO
1.0,COMP:libvirt_driver|EVT:E18|LEVEL:INFO
1.0,COMP:compute_manager|EVT:E18|LEVEL:INFO
1.0,COMP:compute_resource_tracker|EVT:E18|LEVEL:INFO
1.0,COMP:compute_claims|EVT:E18|LEVEL:INFO
0.6,EVT:E18|EVT:E29|LEVEL:INFO
1.0,EVT:E17|EVT:E19|LEVEL:INFO
1.0,EVT:E16|EVT:E19|LEVEL:INFO
1.0,COMP:wsgi_server|EVT:E19|LEVEL:INFO
1.0,EVT:E15|EVT:E19|LEVEL:INFO
1.0,EVT:E14|EVT:E19|LEVEL:INFO
1.0,EVT:E13|EVT:E19|LEVEL:INFO
1.0,EVT:E12|EVT:E19|LEVEL:INFO
1.0,EVT:E11|EVT:E19|LEVEL:INFO
1.0,EVT:E10|EVT:E19|LEVEL:INFO
1.0,EVT:E1|EVT:E19|LEVEL:INFO
1.0,COMP:compute_server_external_events|EVT:E19|LEVEL:INFO
1.0,COMP:openstack_wsgi|EVT:E19|LEVEL:INFO
1.0,COMP:libvirt_imagecache|EVT:E19|LEVEL:INFO
1.0,COMP:libvirt_driver|EVT:E19|LEVEL:INFO
1.0,COMP:compute_manager|EVT:E19|LEVEL:INFO
1.0,COMP:compute_resource_tracker|EVT:E19|LEVEL:INFO
1.0,COMP:compute_claims|EVT:E19|LEVEL:INFO
0.6,EVT:E19|EVT:E29|LEVEL:INFO
1.0,EVT:E16|EVT:E17|LEVEL:INFO
1.0,COMP:wsgi_server|EVT:E17|LEVEL:INFO
1.0,EVT:E15|EVT:E17|LEVEL:INFO
1.0,EVT:E14|EVT:E17|LEVEL:INFO
1.0,EVT:E13|EVT:E17|LEVEL:INFO
1.0,EVT:E12|EVT:E17|LEVEL:INFO
1.0,EVT:E11|EVT:E17|LEVEL:INFO
1.0,EVT:E10|EVT:E17|LEVEL:INFO
1.0,EVT:E1|EVT:E17|LEVEL:INFO
1.0,COMP:compute_server_external_events|EVT:E17|LEVEL:INFO
1.0,COMP:openstack_wsgi|EVT:E17|LEVEL:INFO
1.0,COMP:libvirt_imagecache|EVT:E17|LEVEL:INFO
1.0,COMP:libvirt_driver|EVT:E17|LEVEL:INFO
1.0,COMP:compute_manager|EVT:E17|LEVEL:INFO
1.0,COMP:compute_resource_tracker|EVT:E17|LEVEL:INFO
1.0,COMP:compute_claims|EVT:E17|LEVEL:INFO
0.6,EVT:E17|EVT:E29|LEVEL:INFO
1.0,COMP:wsgi_server|EVT:E16|LEVEL:INFO
1.0,EVT:E15|EVT:E16|LEVEL:INFO
1.0,EVT:E14|EVT:E16|LEVEL:INFO
1.0,EVT:E13|EVT:E16|LEVEL:INFO
1.0,EVT:E12|EVT:E16|LEVEL:INFO
1.0,EVT:E11|EVT:E16|LEVEL:INFO
1.0,EVT:E10|EVT:E16|LEVEL:INFO
1.0,EVT:E1|EVT:E16|LEVEL:INFO
1.0,COMP:compute_server_external_events|EVT:E16|LEVEL:INFO
1.0,COMP:openstack_wsgi|EVT:E16|LEVEL:INFO
1.0,COMP:libvirt_imagecache|EVT:E16|LEVEL:INFO
1.0,COMP:libvirt_driver|EVT:E16|LEVEL:INFO
1.0,COMP:compute_manager|EVT:E16|LEVEL:INFO
1.0,COMP:compute_resource_tracker|EVT:E16|LEVEL:INFO
1.0,COMP:compute_claims|EVT:E16|LEVEL:INFO
0.6,EVT:E16|EVT:E29|LEVEL:INFO
1.0,COMP:wsgi_server|EVT:E15|LEVEL:INFO
1.0,COMP:wsgi_server|EVT:E14|LEVEL:INFO
1.0,COMP:wsgi_server|EVT:E13|LEVEL:INFO
1.0,COMP:wsgi_server|EVT:E12|LEVEL:INFO
1.0,COMP:wsgi_server|EVT:E11|LEVEL:INFO
1.0,COMP:wsgi_server|EVT:E10|LEVEL:INFO
1.0,COMP:wsgi_server|EVT:E1|LEVEL:INFO
1.0,COMP:compute_server_external_events|COMP:wsgi_server|LEVEL:INFO
1.0,COMP:openstack_wsgi|COMP:wsgi_server|LEVEL:INFO
1.0,COMP:libvirt_imagecache|COMP:wsgi_server|LEVEL:INFO
1.0,COMP:libvirt_driver|COMP:wsgi_server|LEVEL:INFO
1.0,COMP:compute_manager|COMP:wsgi_server|LEVEL:INFO
1.0,COMP:compute_resource_tracker|COMP:wsgi_server|LEVEL:INFO
1.0,COMP:compute_claims|COMP:wsgi_server|LEVEL:INFO
0.6,COMP:wsgi_server|EVT:E29|LEVEL:INFO
1.0,EVT:E14|EVT:E15|LEVEL:INFO
1.0,EVT:E13|EVT:E15|LEVEL:INFO
1.0,EVT:E12|EVT:E15|LEVEL:INFO
1.0,EVT:E11|EVT:E15|LEVEL:INFO
1.0,EVT:E10|EVT:E15|LEVEL:INFO
1.0,EVT:E1|EVT:E15|LEVEL:INFO
1.0,COMP:compute_server_external_events|EVT:E15|LEVEL:INFO
1.0,COMP:openstack_wsgi|EVT:E15|LEVEL:INFO
1.0,COMP:libvirt_imagecache|EVT:E15|LEVEL:INFO
1.0,COMP:libvirt_driver|EVT:E15|LEVEL:INFO
1.0,COMP:compute_manager|EVT:E15|LEVEL:INFO
1.0,COMP:compute_resource_tracker|EVT:E15|LEVEL:INFO
1.0,COMP:compute_claims|EVT:E15|LEVEL:INFO
0.6,EVT:E15|EVT:E29|LEVEL:INFO
1.0,EVT:E13|EVT:E14|LEVEL:INFO
1.0,EVT:E12|EVT:E14|LEVEL:INFO
1.0,EVT:E11|EVT:E14|LEVEL:INFO
1.0,EVT:E10|EVT:E14|LEVEL:INFO
1.0,EVT:E1|EVT:E14|LEVEL:INFO
1.0,COMP:compute_server_external_events|EVT:E14|LEVEL:INFO
1.0,COMP:openstack_wsgi|EVT:E14|LEVEL:INFO
1.0,COMP:libvirt_imagecache|EVT:E14|LEVEL:INFO
1.0,COMP:libvirt_driver|EVT:E14|LEVEL:INFO
1.0,COMP:compute_manager|EVT:E14|LEVEL:INFO
1.0,COMP:compute_resource_tracker|EVT:E14|LEVEL:INFO
1.0,COMP:compute_claims|EVT:E14|LEVEL:INFO
0.6,EVT:E14|EVT:E29|LEVEL:INFO
1.0,EVT:E12|EVT:E13|LEVEL:INFO
1.0,EVT:E11|EVT:E13|LEVEL:INFO
1.0,EVT:E10|EVT:E13|LEVEL:INFO
1.0,EVT:E1|EVT:E13|LEVEL:INFO
1.0,COMP:compute_server_external_events|EVT:E13|LEVEL:INFO
1.0,COMP:openstack_wsgi|EVT:E13|LEVEL:INFO
1.0,COMP:libvirt_imagecache|EVT:E13|LEVEL:INFO
1.0,COMP:libvirt_driver|EVT:E13|LEVEL:INFO
1.0,COMP:compute_manager|EVT:E13|LEVEL:INFO
1.0,COMP:compute_resource_tracker|EVT:E13|LEVEL:INFO
1.0,COMP:compute_claims|EVT:E13|LEVEL:INFO
0.6,EVT:E13|EVT:E29|LEVEL:INFO
1.0,EVT:E11|EVT:E12|LEVEL:INFO
1.0,EVT:E10|EVT:E12|LEVEL:INFO
1.0,EVT:E1|EVT:E12|LEVEL:INFO
1.0,COMP:compute_server_external_events|EVT:E12|LEVEL:INFO
1.0,COMP:openstack_wsgi|EVT:E12|LEVEL:INFO
1.0,COMP:libvirt_imagecache|EVT:E12|LEVEL:INFO
1.0,COMP:libvirt_driver|EVT:E12|LEVEL:INFO
1.0,COMP:compute_manager|EVT:E12|LEVEL:INFO
1.0,COMP:compute_resource_tracker|EVT:E12|LEVEL:INFO
1.0,COMP:compute_claims|EVT:E12|LEVEL:INFO
0.6,EVT:E12|EVT:E29|LEVEL:INFO
1.0,EVT:E10|EVT:E11|LEVEL:INFO
1.0,EVT:E1|EVT:E11|LEVEL:INFO
1.0,COMP:compute_server_external_events|EVT:E11|LEVEL:INFO
1.0,COMP:openstack_wsgi|EVT:E11|LEVEL:INFO
1.0,COMP:libvirt_imagecache|EVT:E11|LEVEL:INFO
1.0,COMP:libvirt_driver|EVT:E11|LEVEL:INFO
1.0,COMP:compute_manager|EVT:E11|LEVEL:INFO
1.0,COMP:compute_resource_tracker|EVT:E11|LEVEL:INFO
1.0,COMP:compute_claims|EVT:E11|LEVEL:INFO
0.6,EVT:E11|EVT:E29|LEVEL:INFO
1.0,EVT:E1|EVT:E10|LEVEL:INFO
1.0,COMP:compute_server_external_events|EVT:E10|LEVEL:INFO
1.0,COMP:openstack_wsgi|EVT:E10|LEVEL:INFO
1.0,COMP:libvirt_imagecache|EVT:E10|LEVEL:INFO
1.0,COMP:libvirt_driver|EVT:E10|LEVEL:INFO
1.0,COMP:compute_manager|EVT:E10|LEVEL:INFO
1.0,COMP:compute_resource_tracker|EVT:E10|LEVEL:INFO
1.0,COMP:compute_claims|EVT:E10|LEVEL:INFO
0.6,EVT:E10|EVT:E29|LEVEL:INFO
1.0,COMP:compute_server_external_events|EVT:E1|LEVEL:INFO
1.0,COMP:openstack_wsgi|EVT:E1|LEVEL:INFO
1.0,COMP:libvirt_imagecache|EVT:E1|LEVEL:INFO
1.0,COMP:libvirt_driver|EVT:E1|LEVEL:INFO
1.0,COMP:compute_manager|EVT:E1|LEVEL:INFO
1.0,COMP:compute_resource_tracker|EVT:E1|LEVEL:INFO
1.0,COMP:compute_claims|EVT:E1|LEVEL:INFO
0.6,EVT:E1|EVT:E29|LEVEL:INFO
1.0,COMP:compute_server_external_events|COMP:openstack_wsgi|LEVEL:INFO
1.0,COMP:compute_server_external_events|COMP:libvirt_imagecache|LEVEL:INFO
1.0,COMP:compute_server_external_events|COMP:libvirt_driver|LEVEL:INFO
1.0,COMP:compute_manager|COMP:compute_server_external_events|LEVEL:INFO
1.0,COMP:compute_resource_tracker|COMP:compute_server_external_events|LEVEL:INFO
1.0,COMP:compute_claims|COMP:compute_server_external_events|LEVEL:INFO
0.6,COMP:compute_server_external_events|EVT:E29|LEVEL:INFO
1.0,COMP:libvirt_imagecache|COMP:openstack_wsgi|LEVEL:INFO
1.0,COMP:libvirt_driver|COMP:openstack_wsgi|LEVEL:INFO
1.0,COMP:compute_manager|COMP:openstack_wsgi|LEVEL:INFO
1.0,COMP:compute_resource_tracker|COMP:openstack_wsgi|LEVEL:INFO
1.0,COMP:compute_claims|COMP:openstack_wsgi|LEVEL:INFO
0.6,COMP:openstack_wsgi|EVT:E29|LEVEL:INFO
1.0,COMP:libvirt_driver|COMP:libvirt_imagecache|LEVEL:INFO
1.0,COMP:compute_manager|COMP:libvirt_imagecache|LEVEL:INFO
1.0,COMP:compute_resource_tracker|COMP:libvirt_imagecache|LEVEL:INFO
1.0,COMP:compute_claims|COMP:libvirt_imagecache|LEVEL:INFO
0.6,COMP:libvirt_imagecache|EVT:E29|LEVEL:INFO
1.0,COMP:compute_manager|COMP:libvirt_driver|LEVEL:INFO
1.0,COMP:compute_resource_tracker|COMP:libvirt_driver|LEVEL:INFO
1.0,COMP:compute_claims|COMP:libvirt_driver|LEVEL:INFO
0.6,COMP:libvirt_driver|EVT:E29|LEVEL:INFO
1.0,COMP:compute_manager|COMP:compute_resource_tracker|LEVEL:INFO
1.0,COMP:compute_claims|COMP:compute_manager|LEVEL:INFO
0.6,COMP:compute_manager|EVT:E29|LEVEL:INFO
1.0,COMP:compute_claims|COMP:compute_resource_tracker|LEVEL:INFO
0.6,COMP:compute_resource_tracker|EVT:E29|LEVEL:INFO
0.6,COMP:compute_claims|EVT:E29|LEVEL:INFO
1.0,KW:delete|KW:exception|KW:spawn
1.0,KW:build|KW:exception|KW:spawn
1.0,HOUR:00|KW:exception|KW:spawn
1.0,FLAG:FAILURE|KW:exception|KW:spawn
1.0,EVT:E9|KW:exception|KW:spawn
1.0,EVT:E8|KW:exception|KW:spawn
1.0,EVT:E7|KW:exception|KW:spawn
1.0,EVT:E6|KW:exception|KW:spawn
1.0,EVT:E5|KW:exception|KW:spawn
1.0,EVT:E42|KW:exception|KW:spawn
1.0,EVT:E41|KW:exception|KW:spawn
1.0,EVT:E4|KW:exception|KW:spawn
1.0,EVT:E37|KW:exception|KW:spawn
1.0,EVT:E36|KW:exception|KW:spawn
1.0,EVT:E35|KW:exception|KW:spawn
1.0,EVT:E34|KW:exception|KW:spawn
1.0,EVT:E33|KW:exception|KW:spawn
1.0,EVT:E32|KW:exception|KW:spawn
1.0,EVT:E31|KW:exception|KW:spawn
1.0,EVT:E30|KW:exception|KW:spawn
1.0,EVT:E3|KW:exception|KW:spawn
1.0,EVT:E28|KW:exception|KW:spawn
1.0,EVT:E27|KW:exception|KW:spawn
1.0,EVT:E25|KW:exception|KW:spawn
1.0,EVT:E26|KW:exception|KW:spawn
1.0,EVT:E24|KW:exception|KW:spawn
1.0,EVT:E23|KW:exception|KW:spawn
1.0,EVT:E2|KW:exception|KW:spawn
1.0,EVT:E22|KW:exception|KW:spawn
1.0,EVT:E21|KW:exception|KW:spawn
1.0,EVT:E20|KW:exception|KW:spawn
1.0,EVT:E18|KW:exception|KW:spawn
1.0,EVT:E19|KW:exception|KW:spawn
1.0,EVT:E17|KW:exception|KW:spawn
1.0,EVT:E16|KW:exception|KW:spawn
1.0,COMP:wsgi_server|KW:exception|KW:spawn
1.0,EVT:E15|KW:exception|KW:spawn
1.0,EVT:E14|KW:exception|KW:spawn
1.0,EVT:E13|KW:exception|KW:spawn
1.0,EVT:E12|KW:exception|KW:spawn
1.0,EVT:E11|KW:exception|KW:spawn
1.0,EVT:E10|KW:exception|KW:spawn
1.0,EVT:E1|KW:exception|KW:spawn
1.0,COMP:compute_server_external_events|KW:exception|KW:spawn
1.0,COMP:openstack_wsgi|KW:exception|KW:spawn
1.0,COMP:libvirt_imagecache|KW:exception|KW:spawn
1.0,COMP:libvirt_driver|KW:exception|KW:spawn
1.0,COMP:compute_manager|KW:exception|KW:spawn
1.0,COMP:compute_resource_tracker|KW:exception|KW:spawn
1.0,COMP:compute_claims|KW:exception|KW:spawn
0.6,EVT:E29|KW:exception|KW:spawn
1.0,KW:build|KW:delete|KW:spawn
1.0,HOUR:00|KW:delete|KW:spawn
1.0,FLAG:FAILURE|KW:delete|KW:spawn
1.0,EVT:E9|KW:delete|KW:spawn
1.0,EVT:E8|KW:delete|KW:spawn
1.0,EVT:E7|KW:delete|KW:spawn
1.0,EVT:E6|KW:delete|KW:spawn
1.0,EVT:E5|KW:delete|KW:spawn
1.0,EVT:E42|KW:delete|KW:spawn
1.0,EVT:E41|KW:delete|KW:spawn
1.0,EVT:E4|KW:delete|KW:spawn
1.0,EVT:E37|KW:delete|KW:spawn
1.0,EVT:E36|KW:delete|KW:spawn
1.0,EVT:E35|KW:delete|KW:spawn
1.0,EVT:E34|KW:delete|KW:spawn
1.0,EVT:E33|KW:delete|KW:spawn
1.0,EVT:E32|KW:delete|KW:spawn
1.0,EVT:E31|KW:delete|KW:spawn
1.0,EVT:E30|KW:delete|KW:spawn
1.0,EVT:E3|KW:delete|KW:spawn
1.0,EVT:E28|KW:delete|KW:spawn
1.0,EVT:E27|KW:delete|KW:spawn
1.0,EVT:E25|KW:delete|KW:spawn
1.0,EVT:E26|KW:delete|KW:spawn
1.0,EVT:E24|KW:delete|KW:spawn
1.0,EVT:E23|KW:delete|KW:spawn
1.0,EVT:E2|KW:delete|KW:spawn
1.0,EVT:E22|KW:delete|KW:spawn
1.0,EVT:E21|KW:delete|KW:spawn
1.0,EVT:E20|KW:delete|KW:spawn
1.0,EVT:E18|KW:delete|KW:spawn
1.0,EVT:E19|KW:delete|KW:spawn
1.0,EVT:E17|KW:delete|KW:spawn
1.0,EVT:E16|KW:delete|KW:spawn
1.0,COMP:wsgi_server|KW:delete|KW:spawn
1.0,EVT:E15|KW:delete|KW:spawn
1.0,EVT:E14|KW:delete|KW:spawn
1.0,EVT:E13|KW:delete|KW:spawn
1.0,EVT:E12|KW:delete|KW:spawn
1.0,EVT:E11|KW:delete|KW:spawn
1.0,EVT:E10|KW:delete|KW:spawn
1.0,EVT:E1|KW:delete|KW:spawn
1.0,COMP:compute_server_external_events|KW:delete|KW:spawn
1.0,COMP:openstack_wsgi|KW:delete|KW:spawn
1.0,COMP:libvirt_imagecache|KW:delete|KW:spawn
1.0,COMP:libvirt_driver|KW:delete|KW:spawn
1.0,COMP:compute_manager|KW:delete|KW:spawn
1.0,COMP:compute_resource_tracker|KW:delete|KW:spawn
1.0,COMP:compute_claims|KW:delete|KW:spawn
0.6,EVT:E29|KW:delete|KW:spawn
1.0,HOUR:00|KW:build|KW:spawn
1.0,FLAG:FAILURE|KW:build|KW:spawn
1.0,EVT:E9|KW:build|KW:spawn
1.0,EVT:E8|KW:build|KW:spawn
1.0,EVT:E7|KW:build|KW:spawn
1.0,EVT:E6|KW:build|KW:spawn
1.0,EVT:E5|KW:build|KW:spawn
1.0,EVT:E42|KW:build|KW:spawn
1.0,EVT:E41|KW:build|KW:spawn
1.0,EVT:E4|KW:build|KW:spawn
1.0,EVT:E37|KW:build|KW:spawn
1.0,EVT:E36|KW:build|KW:spawn
1.0,EVT:E35|KW:build|KW:spawn
1.0,EVT:E34|KW:build|KW:spawn
1.0,EVT:E33|KW:build|KW:spawn
1.0,EVT:E32|KW:build|KW:spawn
1.0,EVT:E31|KW:build|KW:spawn
1.0,EVT:E30|KW:build|KW:spawn
1.0,EVT:E3|KW:build|KW:spawn
1.0,EVT:E28|KW:build|KW:spawn
1.0,EVT:E27|KW:build|KW:spawn
1.0,EVT:E25|KW:build|KW:spawn
1.0,EVT:E26|KW:build|KW:spawn
1.0,EVT:E24|KW:build|KW:spawn
1.0,EVT:E23|KW:build|KW:spawn
1.0,EVT:E2|KW:build|KW:spawn
1.0,EVT:E22|KW:build|KW:spawn
1.0,EVT:E21|KW:build|KW:spawn
1.0,EVT:E20|KW:build|KW:spawn
1.0,EVT:E18|KW:build|KW:spawn
1.0,EVT:E19|KW:build|KW:spawn
1.0,EVT:E17|KW:build|KW:spawn
1.0,EVT:E16|KW:build|KW:spawn
1.0,COMP:wsgi_server|KW:build|KW:spawn
1.0,EVT:E15|KW:build|KW:spawn
1.0,EVT:E14|KW:build|KW:spawn
1.0,EVT:E13|KW:build|KW:spawn
1.0,EVT:E12|KW:build|KW:spawn
1.0,EVT:E11|KW:build|KW:spawn
1.0,EVT:E10|KW:build|KW:spawn
1.0,EVT:E1|KW:build|KW:spawn
1.0,COMP:compute_server_external_events|KW:build|KW:spawn
1.0,COMP:openstack_wsgi|KW:build|KW:spawn
1.0,COMP:libvirt_imagecache|KW:build|KW:spawn
1.0,COMP:libvirt_driver|KW:build|KW:spawn
1.0,COMP:compute_manager|KW:build|KW:spawn
1.0,COMP:compute_resource_tracker|KW:build|KW:spawn
1.0,COMP:compute_claims|KW:build|KW:spawn
0.6,EVT:E29|KW:build|KW:spawn
1.0,FLAG:FAILURE|HOUR:00|KW:spawn
1.0,EVT:E9|HOUR:00|KW:spawn
1.0,EVT:E8|HOUR:00|KW:spawn
1.0,EVT:E7|HOUR:00|KW:spawn
1.0,EVT:E6|HOUR:00|KW:spawn
1.0,EVT:E5|HOUR:00|KW:spawn
1.0,EVT:E42|HOUR:00|KW:spawn
1.0,EVT:E41|HOUR:00|KW:spawn
1.0,EVT:E4|HOUR:00|KW:spawn
1.0,EVT:E37|HOUR:00|KW:spawn
1.0,EVT:E36|HOUR:00|KW:spawn
1.0,EVT:E35|HOUR:00|KW:spawn
1.0,EVT:E34|HOUR:00|KW:spawn
1.0,EVT:E33|HOUR:00|KW:spawn
1.0,EVT:E32|HOUR:00|KW:spawn
1.0,EVT:E31|HOUR:00|KW:spawn
1.0,EVT:E30|HOUR:00|KW:spawn
1.0,EVT:E3|HOUR:00|KW:spawn
1.0,EVT:E28|HOUR:00|KW:spawn
1.0,EVT:E27|HOUR:00|KW:spawn
1.0,EVT:E25|HOUR:00|KW:spawn
1.0,EVT:E26|HOUR:00|KW:spawn
1.0,EVT:E24|HOUR:00|KW:spawn
1.0,EVT:E23|HOUR:00|KW:spawn
1.0,EVT:E2|HOUR:00|KW:spawn
1.0,EVT:E22|HOUR:00|KW:spawn
1.0,EVT:E21|HOUR:00|KW:spawn
1.0,EVT:E20|HOUR:00|KW:spawn
1.0,EVT:E18|HOUR:00|KW:spawn
1.0,EVT:E19|HOUR:00|KW:spawn
1.0,EVT:E17|HOUR:00|KW:spawn
1.0,EVT:E16|HOUR:00|KW:spawn
1.0,COMP:wsgi_server|HOUR:00|KW:spawn
1.0,EVT:E15|HOUR:00|KW:spawn
1.0,EVT:E14|HOUR:00|KW:spawn
1.0,EVT:E13|HOUR:00|KW:spawn
1.0,EVT:E12|HOUR:00|KW:spawn
1.0,EVT:E11|HOUR:00|KW:spawn
1.0,EVT:E10|HOUR:00|KW:spawn
1.0,EVT:E1|HOUR:00|KW:spawn
1.0,COMP:compute_server_external_events|HOUR:00|KW:spawn
1.0,COMP:openstack_wsgi|HOUR:00|KW:spawn
1.0,COMP:libvirt_imagecache|HOUR:00|KW:spawn
1.0,COMP:libvirt_driver|HOUR:00|KW:spawn
1.0,COMP:compute_manager|HOUR:00|KW:spawn
1.0,COMP:compute_resource_tracker|HOUR:00|KW:spawn
1.0,COMP:compute_claims|HOUR:00|KW:spawn
0.6,EVT:E29|HOUR:00|KW:spawn
1.0,EVT:E9|FLAG:FAILURE|KW:spawn
1.0,EVT:E8|FLAG:FAILURE|KW:spawn
1.0,EVT:E7|FLAG:FAILURE|KW:spawn
1.0,EVT:E6|FLAG:FAILURE|KW:spawn
1.0,EVT:E5|FLAG:FAILURE|KW:spawn
1.0,EVT:E42|FLAG:FAILURE|KW:spawn
1.0,EVT:E41|FLAG:FAILURE|KW:spawn
1.0,EVT:E4|FLAG:FAILURE|KW:spawn
1.0,EVT:E37|FLAG:FAILURE|KW:spawn
1.0,EVT:E36|FLAG:FAILURE|KW:spawn
1.0,EVT:E35|FLAG:FAILURE|KW:spawn
1.0,EVT:E34|FLAG:FAILURE|KW:spawn
1.0,EVT:E33|FLAG:FAILURE|KW:spawn
1.0,EVT:E32|FLAG:FAILURE|KW:spawn
1.0,EVT:E31|FLAG:FAILURE|KW:spawn
1.0,EVT:E30|FLAG:FAILURE|KW:spawn
1.0,EVT:E3|FLAG:FAILURE|KW:spawn
1.0,EVT:E28|FLAG:FAILURE|KW:spawn
1.0,EVT:E27|FLAG:FAILURE|KW:spawn
1.0,EVT:E25|FLAG:FAILURE|KW:spawn
1.0,EVT:E26|FLAG:FAILURE|KW:spawn
1.0,EVT:E24|FLAG:FAILURE|KW:spawn
1.0,EVT:E23|FLAG:FAILURE|KW:spawn
1.0,EVT:E2|FLAG:FAILURE|KW:spawn
1.0,EVT:E22|FLAG:FAILURE|KW:spawn
1.0,EVT:E21|FLAG:FAILURE|KW:spawn
1.0,EVT:E20|FLAG:FAILURE|KW:spawn
1.0,EVT:E18|FLAG:FAILURE|KW:spawn
1.0,EVT:E19|FLAG:FAILURE|KW:spawn
1.0,EVT:E17|FLAG:FAILURE|KW:spawn
1.0,EVT:E16|FLAG:FAILURE|KW:spawn
1.0,COMP:wsgi_server|FLAG:FAILURE|KW:spawn
1.0,EVT:E15|FLAG:FAILURE|KW:spawn
1.0,EVT:E14|FLAG:FAILURE|KW:spawn
1.0,EVT:E13|FLAG:FAILURE|KW:spawn
1.0,EVT:E12|FLAG:FAILURE|KW:spawn
1.0,EVT:E11|FLAG:FAILURE|KW:spawn
1.0,EVT:E10|FLAG:FAILURE|KW:spawn
1.0,EVT:E1|FLAG:FAILURE|KW:spawn
1.0,COMP:compute_server_external_events|FLAG:FAILURE|KW:spawn
1.0,COMP:openstack_wsgi|FLAG:FAILURE|KW:spawn
1.0,COMP:libvirt_imagecache|FLAG:FAILURE|KW:spawn
1.0,COMP:libvirt_driver|FLAG:FAILURE|KW:spawn
1.0,COMP:compute_manager|FLAG:FAILURE|KW:spawn
1.0,COMP:compute_resource_tracker|FLAG:FAILURE|KW:spawn
1.0,COMP:compute_claims|FLAG:FAILURE|KW:spawn
0.6,EVT:E29|FLAG:FAILURE|KW:spawn
1.0,EVT:E8|EVT:E9|KW:spawn
1.0,EVT:E7|EVT:E9|KW:spawn
1.0,EVT:E6|EVT:E9|KW:spawn
1.0,EVT:E5|EVT:E9|KW:spawn
1.0,EVT:E42|EVT:E9|KW:spawn
1.0,EVT:E41|EVT:E9|KW:spawn
1.0,EVT:E4|EVT:E9|KW:spawn
1.0,EVT:E37|EVT:E9|KW:spawn
1.0,EVT:E36|EVT:E9|KW:spawn
1.0,EVT:E35|EVT:E9|KW:spawn
1.0,EVT:E34|EVT:E9|KW:spawn
1.0,EVT:E33|EVT:E9|KW:spawn
1.0,EVT:E32|EVT:E9|KW:spawn
1.0,EVT:E31|EVT:E9|KW:spawn
1.0,EVT:E30|EVT:E9|KW:spawn
1.0,EVT:E3|EVT:E9|KW:spawn
1.0,EVT:E28|EVT:E9|KW:spawn
1.0,EVT:E27|EVT:E9|KW:spawn
1.0,EVT:E25|EVT:E9|KW:spawn
1.0,EVT:E26|EVT:E9|KW:spawn
1.0,EVT:E24|EVT:E9|KW:spawn
1.0,EVT:E23|EVT:E9|KW:spawn
1.0,EVT:E2|EVT:E9|KW:spawn
1.0,EVT:E22|EVT:E9|KW:spawn
1.0,EVT:E21|EVT:E9|KW:spawn
1.0,EVT:E20|EVT:E9|KW:spawn
1.0,EVT:E18|EVT:E9|KW:spawn
1.0,EVT:E19|EVT:E9|KW:spawn
1.0,EVT:E17|EVT:E9|KW:spawn
1.0,EVT:E16|EVT:E9|KW:spawn
1.0,COMP:wsgi_server|EVT:E9|KW:spawn
1.0,EVT:E15|EVT:E9|KW:spawn
1.0,EVT:E14|EVT:E9|KW:spawn
1.0,EVT:E13|EVT:E9|KW:spawn
1.0,EVT:E12|EVT:E9|KW:spawn
1.0,EVT:E11|EVT:E9|KW:spawn
1.0,EVT:E10|EVT:E9|KW:spawn
1.0,EVT:E1|EVT:E9|KW:spawn
1.0,COMP:compute_server_external_events|EVT:E9|KW:spawn
1.0,COMP:openstack_wsgi|EVT:E9|KW:spawn
1.0,COMP:libvirt_imagecache|EVT:E9|KW:spawn
1.0,COMP:libvirt_driver|EVT:E9|KW:spawn
1.0,COMP:compute_manager|EVT:E9|KW:spawn
1.0,COMP:compute_resource_tracker|EVT:E9|KW:spawn
1.0,COMP:compute_claims|EVT:E9|KW:spawn
0.6,EVT:E29|EVT:E9|KW:spawn
1.0,EVT:E7|EVT:E8|KW:spawn
1.0,EVT:E6|EVT:E8|KW:spawn
1.0,EVT:E5|EVT:E8|KW:spawn
1.0,EVT:E42|EVT:E8|KW:spawn
1.0,EVT:E41|EVT:E8|KW:spawn
1.0,EVT:E4|EVT:E8|KW:spawn
1.0,EVT:E37|EVT:E8|KW:spawn
1.0,EVT:E36|EVT:E8|KW:spawn
1.0,EVT:E35|EVT:E8|KW:spawn
1.0,EVT:E34|EVT:E8|KW:spawn
1.0,EVT:E33|EVT:E8|KW:spawn
1.0,EVT:E32|EVT:E8|KW:spawn
1.0,EVT:E31|EVT:E8|KW:spawn
1.0,EVT:E30|EVT:E8|KW:spawn
1.0,EVT:E3|EVT:E8|KW:spawn
1.0,EVT:E28|EVT:E8|KW:spawn
1.0,EVT:E27|EVT:E8|KW:spawn
1.0,EVT:E25|EVT:E8|KW:spawn
1.0,EVT:E26|EVT:E8|KW:spawn
1.0,EVT:E24|EVT:E8|KW:spawn
1.0,EVT:E23|EVT:E8|KW:spawn
1.0,EVT:E2|EVT:E8|KW:spawn
1.0,EVT:E22|EVT:E8|KW:spawn
1.0,EVT:E21|EVT:E8|KW:spawn
1.0,EVT:E20|EVT:E8|KW:spawn
1.0,EVT:E18|EVT:E8|KW:spawn
1.0,EVT:E19|EVT:E8|KW:spawn
1.0,EVT:E17|EVT:E8|KW:spawn
1.0,EVT:E16|EVT:E8|KW:spawn
1.0,COMP:wsgi_server|EVT:E8|KW:spawn
1.0,EVT:E15|EVT:E8|KW:spawn
1.0,EVT:E14|EVT:E8|KW:spawn
1.0,EVT:E13|EVT:E8|KW:spawn
1.0,EVT:E12|EVT:E8|KW:spawn
1.0,EVT:E11|EVT:E8|KW:spawn
1.0,EVT:E10|EVT:E8|KW:spawn
1.0,EVT:E1|EVT:E8|KW:spawn
1.0,COMP:compute_server_external_events|EVT:E8|KW:spawn
1.0,COMP:openstack_wsgi|EVT:E8|KW:spawn
1.0,COMP:libvirt_imagecache|EVT:E8|KW:spawn
1.0,COMP:libvirt_driver|EVT:E8|KW:spawn
1.0,COMP:compute_manager|EVT:E8|KW:spawn
1.0,COMP:compute_resource_tracker|EVT:E8|KW:spawn
1.0,COMP:compute_claims|EVT:E8|KW:spawn
0.6,EVT:E29|EVT:E8|KW:spawn
1.0,EVT:E6|EVT:E7|KW:spawn
1.0,EVT:E5|EVT:E7|KW:spawn
1.0,EVT:E42|EVT:E7|KW:spawn
1.0,EVT:E41|EVT:E7|KW:spawn
1.0,EVT:E4|EVT:E7|KW:spawn
1.0,EVT:E37|EVT:E7|KW:spawn
1.0,EVT:E36|EVT:E7|KW:spawn
1.0,EVT:E35|EVT:E7|KW:spawn
1.0,EVT:E34|EVT:E7|KW:spawn
1.0,EVT:E33|EVT:E7|KW:spawn
1.0,EVT:E32|EVT:E7|KW:spawn
1.0,EVT:E31|EVT:E7|KW:spawn
1.0,EVT:E30|EVT:E7|KW:spawn
1.0,EVT:E3|EVT:E7|KW:spawn
1.0,EVT:E28|EVT:E7|KW:spawn
1.0,EVT:E27|EVT:E7|KW:spawn
1.0,EVT:E25|EVT:E7|KW:spawn
1.0,EVT:E26|EVT:E7|KW:spawn
1.0,EVT:E24|EVT:E7|KW:spawn
1.0,EVT:E23|EVT:E7|KW:spawn
1.0,EVT:E2|EVT:E7|KW:spawn
1.0,EVT:E22|EVT:E7|KW:spawn
1.0,EVT:E21|EVT:E7|KW:spawn
1.0,EVT:E20|EVT:E7|KW:spawn
1.0,EVT:E18|EVT:E7|KW:spawn
1.0,EVT:E19|EVT:E7|KW:spawn
1.0,EVT:E17|EVT:E7|KW:spawn
1.0,EVT:E16|EVT:E7|KW:spawn
1.0,COMP:wsgi_server|EVT:E7|KW:spawn
1.0,EVT:E15|EVT:E7|KW:spawn
1.0,EVT:E14|EVT:E7|KW:spawn
1.0,EVT:E13|EVT:E7|KW:spawn
1.0,EVT:E12|EVT:E7|KW:spawn
1.0,EVT:E11|EVT:E7|KW:spawn
1.0,EVT:E10|EVT:E7|KW:spawn
1.0,EVT:E1|EVT:E7|KW:spawn
1.0,COMP:compute_server_external_events|EVT:E7|KW:spawn
1.0,COMP:openstack_wsgi|EVT:E7|KW:spawn
1.0,COMP:libvirt_imagecache|EVT:E7|KW:spawn
1.0,COMP:libvirt_driver|EVT:E7|KW:spawn
1.0,COMP:compute_manager|EVT:E7|KW:spawn
1.0,COMP:compute_resource_tracker|EVT:E7|KW:spawn
1.0,COMP:compute_claims|EVT:E7|KW:spawn
0.6,EVT:E29|EVT:E7|KW:spawn
1.0,EVT:E5|EVT:E6|KW:spawn
1.0,EVT:E42|EVT:E6|KW:spawn
1.0,EVT:E41|EVT:E6|KW:spawn
1.0,EVT:E4|EVT:E6|KW:spawn
1.0,EVT:E37|EVT:E6|KW:spawn
1.0,EVT:E36|EVT:E6|KW:spawn
1.0,EVT:E35|EVT:E6|KW:spawn
1.0,EVT:E34|EVT:E6|KW:spawn
1.0,EVT:E33|EVT:E6|KW:spawn
1.0,EVT:E32|EVT:E6|KW:spawn
1.0,EVT:E31|EVT:E6|KW:spawn
1.0,EVT:E30|EVT:E6|KW:spawn
1.0,EVT:E3|EVT:E6|KW:spawn
1.0,EVT:E28|EVT:E6|KW:spawn
1.0,EVT:E27|EVT:E6|KW:spawn
1.0,EVT:E25|EVT:E6|KW:spawn
1.0,EVT:E26|EVT:E6|KW:spawn
1.0,EVT:E24|EVT:E6|KW:spawn
1.0,EVT:E23|EVT:E6|KW:spawn
1.0,EVT:E2|EVT:E6|KW:spawn
1.0,EVT:E22|EVT:E6|KW:spawn
1.0,EVT:E21|EVT:E6|KW:spawn
1.0,EVT:E20|EVT:E6|KW:spawn
1.0,EVT:E18|EVT:E6|KW:spawn
1.0,EVT:E19|EVT:E6|KW:spawn
1.0,EVT:E17|EVT:E6|KW:spawn
1.0,EVT:E16|EVT:E6|KW:spawn
1.0,COMP:wsgi_server|EVT:E6|KW:spawn
1.0,EVT:E15|EVT:E6|KW:spawn
1.0,EVT:E14|EVT:E6|KW:spawn
1.0,EVT:E13|EVT:E6|KW:spawn
1.0,EVT:E12|EVT:E6|KW:spawn
1.0,EVT:E11|EVT:E6|KW:spawn
1.0,EVT:E10|EVT:E6|KW:spawn
1.0,EVT:E1|EVT:E6|KW:spawn
1.0,COMP:compute_server_external_events|EVT:E6|KW:spawn
1.0,COMP:openstack_wsgi|EVT:E6|KW:spawn
1.0,COMP:libvirt_imagecache|EVT:E6|KW:spawn
1.0,COMP:libvirt_driver|EVT:E6|KW:spawn
1.0,COMP:compute_manager|EVT:E6|KW:spawn
1.0,COMP:compute_resource_tracker|EVT:E6|KW:spawn
1.0,COMP:compute_claims|EVT:E6|KW:spawn
0.6,EVT:E29|EVT:E6|KW:spawn
1.0,EVT:E42|EVT:E5|KW:spawn
1.0,EVT:E41|EVT:E5|KW:spawn
1.0,EVT:E4|EVT:E5|KW:spawn
1.0,EVT:E37|EVT:E5|KW:spawn
1.0,EVT:E36|EVT:E5|KW:spawn
1.0,EVT:E35|EVT:E5|KW:spawn
1.0,EVT:E34|EVT:E5|KW:spawn
1.0,EVT:E33|EVT:E5|KW:spawn
1.0,EVT:E32|EVT:E5|KW:spawn
1.0,EVT:E31|EVT:E5|KW:spawn
1.0,EVT:E30|EVT:E5|KW:spawn
1.0,EVT:E3|EVT:E5|KW:spawn
1.0,EVT:E28|EVT:E5|KW:spawn
1.0,EVT:E27|EVT:E5|KW:spawn
1.0,EVT:E25|EVT:E5|KW:spawn
1.0,EVT:E26|EVT:E5|KW:spawn
1.0,EVT:E24|EVT:E5|KW:spawn
1.0,EVT:E23|EVT:E5|KW:spawn
1.0,EVT:E2|EVT:E5|KW:spawn
1.0,EVT:E22|EVT:E5|KW:spawn
1.0,EVT:E21|EVT:E5|KW:spawn
1.0,EVT:E20|EVT:E5|KW:spawn
1.0,EVT:E18|EVT:E5|KW:spawn
1.0,EVT:E19|EVT:E5|KW:spawn
1.0,EVT:E17|EVT:E5|KW:spawn
1.0,EVT:E16|EVT:E5|KW:spawn
1.0,COMP:wsgi_server|EVT:E5|KW:spawn
1.0,EVT:E15|EVT:E5|KW:spawn
1.0,EVT:E14|EVT:E5|KW:spawn
1.0,EVT:E13|EVT:E5|KW:spawn
1.0,EVT:E12|EVT:E5|KW:spawn
1.0,EVT:E11|EVT:E5|KW:spawn
1.0,EVT:E10|EVT:E5|KW:spawn
1.0,EVT:E1|EVT:E5|KW:spawn
1.0,COMP:compute_server_external_events|EVT:E5|KW:spawn
1.0,COMP:openstack_wsgi|EVT:E5|KW:spawn
1.0,COMP:libvirt_imagecache|EVT:E5|KW:spawn
1.0,COMP:libvirt_driver|EVT:E5|KW:spawn
1.0,COMP:compute_manager|EVT:E5|KW:spawn
1.0,COMP:compute_resource_tracker|EVT:E5|KW:spawn
1.0,COMP:compute_claims|EVT:E5|KW:spawn
0.6,EVT:E29|EVT:E5|KW:spawn
1.0,EVT:E41|EVT:E42|KW:spawn
1.0,EVT:E4|EVT:E42|KW:spawn
1.0,EVT:E37|EVT:E42|KW:spawn
1.0,EVT:E36|EVT:E42|KW:spawn
1.0,EVT:E35|EVT:E42|KW:spawn
1.0,EVT:E34|EVT:E42|KW:spawn
1.0,EVT:E33|EVT:E42|KW:spawn
1.0,EVT:E32|EVT:E42|KW:spawn
1.0,EVT:E31|EVT:E42|KW:spawn
1.0,EVT:E30|EVT:E42|KW:spawn
1.0,EVT:E3|EVT:E42|KW:spawn
1.0,EVT:E28|EVT:E42|KW:spawn
1.0,EVT:E27|EVT:E42|KW:spawn
1.0,EVT:E25|EVT:E42|KW:spawn
1.0,EVT:E26|EVT:E42|KW:spawn
1.0,EVT:E24|EVT:E42|KW:spawn
1.0,EVT:E23|EVT:E42|KW:spawn
1.0,EVT:E2|EVT:E42|KW:spawn
1.0,EVT:E22|EVT:E42|KW:spawn
1.0,EVT:E21|EVT:E42|KW:spawn
1.0,EVT:E20|EVT:E42|KW:spawn
1.0,EVT:E18|EVT:E42|KW:spawn
1.0,EVT:E19|EVT:E42|KW:spawn
1.0,EVT:E17|EVT:E42|KW:spawn
1.0,EVT:E16|EVT:E42|KW:spawn
1.0,COMP:wsgi_server|EVT:E42|KW:spawn
1.0,EVT:E15|EVT:E42|KW:spawn
1.0,EVT:E14|EVT:E42|KW:spawn
1.0,EVT:E13|EVT:E42|KW:spawn
1.0,EVT:E12|EVT:E42|KW:spawn
1.0,EVT:E11|EVT:E42|KW:spawn
1.0,EVT:E10|EVT:E42|KW:spawn
1.0,EVT:E1|EVT:E42|KW:spawn
1.0,COMP:compute_server_external_events|EVT:E42|KW:spawn
1.0,COMP:openstack_wsgi|EVT:E42|KW:spawn
1.0,COMP:libvirt_imagecache|EVT:E42|KW:spawn
1.0,COMP:libvirt_driver|EVT:E42|KW:spawn
1.0,COMP:compute_manager|EVT:E42|KW:spawn
1.0,COMP:compute_resource_tracker|EVT:E42|KW:spawn
1.0,COMP:compute_claims|EVT:E42|KW:spawn
0.6,EVT:E29|EVT:E42|KW:spawn
1.0,EVT:E4|EVT:E41|KW:spawn
1.0,EVT:E37|EVT:E41|KW:spawn
1.0,EVT:E36|EVT:E41|KW:spawn
1.0,EVT:E35|EVT:E41|KW:spawn
1.0,EVT:E34|EVT:E41|KW:spawn
1.0,EVT:E33|EVT:E41|KW:spawn
1.0,EVT:E32|EVT:E41|KW:spawn
1.0,EVT:E31|EVT:E41|KW:spawn
1.0,EVT:E30|EVT:E41|KW:spawn
1.0,EVT:E3|EVT:E41|KW:spawn
1.0,EVT:E28|EVT:E41|KW:spawn
1.0,EVT:E27|EVT:E41|KW:spawn
1.0,EVT:E25|EVT:E41|KW:spawn
1.0,EVT:E26|EVT:E41|KW:spawn
1.0,EVT:E24|EVT:E41|KW:spawn
1.0,EVT:E23|EVT:E41|KW:spawn
1.0,EVT:E2|EVT:E41|KW:spawn
1.0,EVT:E22|EVT:E41|KW:spawn
1.0,EVT:E21|EVT:E41|KW:spawn
1.0,EVT:E20|EVT:E41|KW:spawn
1.0,EVT:E18|EVT:E41|KW:spawn
1.0,EVT:E19|EVT:E41|KW:spawn
1.0,EVT:E17|EVT:E41|KW:spawn
1.0,EVT:E16|EVT:E41|KW:spawn
1.0,COMP:wsgi_server|EVT:E41|KW:spawn
1.0,EVT:E15|EVT:E41|KW:spawn
1.0,EVT:E14|EVT:E41|KW:spawn
1.0,EVT:E13|EVT:E41|KW:spawn
1.0,EVT:E12|EVT:E41|KW:spawn
1.0,EVT:E11|EVT:E41|KW:spawn
1.0,EVT:E10|EVT:E41|KW:spawn
1.0,EVT:E1|EVT:E41|KW:spawn
1.0,COMP:compute_server_external_events|EVT:E41|KW:spawn
1.0,COMP:openstack_wsgi|EVT:E41|KW:spawn
1.0,COMP:libvirt_imagecache|EVT:E41|KW:spawn
1.0,COMP:libvirt_driver|EVT:E41|KW:spawn
1.0,COMP:compute_manager|EVT:E41|KW:spawn
1.0,COMP:compute_resource_tracker|EVT:E41|KW:spawn
1.0,COMP:compute_claims|EVT:E41|KW:spawn
0.6,EVT:E29|EVT:E41|KW:spawn
1.0,EVT:E37|EVT:E4|KW:spawn
1.0,EVT:E36|EVT:E4|KW:spawn
1.0,EVT:E35|EVT:E4|KW:spawn
1.0,EVT:E34|EVT:E4|KW:spawn
1.0,EVT:E33|EVT:E4|KW:spawn
1.0,EVT:E32|EVT:E4|KW:spawn
1.0,EVT:E31|EVT:E4|KW:spawn
1.0,EVT:E30|EVT:E4|KW:spawn
1.0,EVT:E3|EVT:E4|KW:spawn
1.0,EVT:E28|EVT:E4|KW:spawn
1.0,EVT:E27|EVT:E4|KW:spawn
1.0,EVT:E25|EVT:E4|KW:spawn
1.0,EVT:E26|EVT:E4|KW:spawn
1.0,EVT:E24|EVT:E4|KW:spawn
1.0,EVT:E23|EVT:E4|KW:spawn
1.0,EVT:E2|EVT:E4|KW:spawn
1.0,EVT:E22|EVT:E4|KW:spawn
1.0,EVT:E21|EVT:E4|KW:spawn
1.0,EVT:E20|EVT:E4|KW:spawn
1.0,EVT:E18|EVT:E4|KW:spawn
1.0,EVT:E19|EVT:E4|KW:spawn
1.0,EVT:E17|EVT:E4|KW:spawn
1.0,EVT:E16|EVT:E4|KW:spawn
1.0,COMP:wsgi_server|EVT:E4|KW:spawn
1.0,EVT:E15|EVT:E4|KW:spawn
1.0,EVT:E14|EVT:E4|KW:spawn
1.0,EVT:E13|EVT:E4|KW:spawn
1.0,EVT:E12|EVT:E4|KW:spawn
1.0,EVT:E11|EVT:E4|KW:spawn
1.0,EVT:E10|EVT:E4|KW:spawn
1.0,EVT:E1|EVT:E4|KW:spawn
1.0,COMP:compute_server_external_events|EVT:E4|KW:spawn
1.0,COMP:openstack_wsgi|EVT:E4|KW:spawn
1.0,COMP:libvirt_imagecache|EVT:E4|KW:spawn
1.0,COMP:libvirt_driver|EVT:E4|KW:spawn
1.0,COMP:compute_manager|EVT:E4|KW:spawn
1.0,COMP:compute_resource_tracker|EVT:E4|KW:spawn
1.0,COMP:compute_claims|EVT:E4|KW:spawn
0.6,EVT:E29|EVT:E4|KW:spawn
1.0,EVT:E36|EVT:E37|KW:spawn
1.0,EVT:E35|EVT:E37|KW:spawn
1.0,EVT:E34|EVT:E37|KW:spawn
1.0,EVT:E33|EVT:E37|KW:spawn
1.0,EVT:E32|EVT:E37|KW:spawn
1.0,EVT:E31|EVT:E37|KW:spawn
1.0,EVT:E30|EVT:E37|KW:spawn
1.0,EVT:E3|EVT:E37|KW:spawn
1.0,EVT:E28|EVT:E37|KW:spawn
1.0,EVT:E27|EVT:E37|KW:spawn
1.0,EVT:E25|EVT:E37|KW:spawn
1.0,EVT:E26|EVT:E37|KW:spawn
1.0,EVT:E24|EVT:E37|KW:spawn
1.0,EVT:E23|EVT:E37|KW:spawn
1.0,EVT:E2|EVT:E37|KW:spawn
1.0,EVT:E22|EVT:E37|KW:spawn
1.0,EVT:E21|EVT:E37|KW:spawn
1.0,EVT:E20|EVT:E37|KW:spawn
1.0,EVT:E18|EVT:E37|KW:spawn
1.0,EVT:E19|EVT:E37|KW:spawn
1.0,EVT:E17|EVT:E37|KW:spawn
1.0,EVT:E16|EVT:E37|KW:spawn
1.0,COMP:wsgi_server|EVT:E37|KW:spawn
1.0,EVT:E15|EVT:E37|KW:spawn
1.0,EVT:E14|EVT:E37|KW:spawn
1.0,EVT:E13|EVT:E37|KW:spawn
1.0,EVT:E12|EVT:E37|KW:spawn
1.0,EVT:E11|EVT:E37|KW:spawn
1.0,EVT:E10|EVT:E37|KW:spawn
1.0,EVT:E1|EVT:E37|KW:spawn
1.0,COMP:compute_server_external_events|EVT:E37|KW:spawn
1.0,COMP:openstack_wsgi|EVT:E37|KW:spawn
1.0,COMP:libvirt_imagecache|EVT:E37|KW:spawn
1.0,COMP:libvirt_driver|EVT:E37|KW:spawn
1.0,COMP:compute_manager|EVT:E37|KW:spawn
1.0,COMP:compute_resource_tracker|EVT:E37|KW:spawn
1.0,COMP:compute_claims|EVT:E37|KW:spawn
0.6,EVT:E29|EVT:E37|KW:spawn
1.0,EVT:E35|EVT:E36|KW:spawn
1.0,EVT:E34|EVT:E36|KW:spawn
1.0,EVT:E33|EVT:E36|KW:spawn
1.0,EVT:E32|EVT:E36|KW:spawn
1.0,EVT:E31|EVT:E36|KW:spawn
1.0,EVT:E30|EVT:E36|KW:spawn
1.0,EVT:E3|EVT:E36|KW:spawn
1.0,EVT:E28|EVT:E36|KW:spawn
1.0,EVT:E27|EVT:E36|KW:spawn
1.0,EVT:E25|EVT:E36|KW:spawn
1.0,EVT:E26|EVT:E36|KW:spawn
1.0,EVT:E24|EVT:E36|KW:spawn
1.0,EVT:E23|EVT:E36|KW:spawn
1.0,EVT:E2|EVT:E36|KW:spawn
1.0,EVT:E22|EVT:E36|KW:spawn
1.0,EVT:E21|EVT:E36|KW:spawn
1.0,EVT:E20|EVT:E36|KW:spawn
1.0,EVT:E18|EVT:E36|KW:spawn
1.0,EVT:E19|EVT:E36|KW:spawn
1.0,EVT:E17|EVT:E36|KW:spawn
1.0,EVT:E16|EVT:E36|KW:spawn
1.0,COMP:wsgi_server|EVT:E36|KW:spawn
1.0,EVT:E15|EVT:E36|KW:spawn
1.0,EVT:E14|EVT:E36|KW:spawn
1.0,EVT:E13|EVT:E36|KW:spawn
1.0,EVT:E12|EVT:E36|KW:spawn
1.0,EVT:E11|EVT:E36|KW:spawn
1.0,EVT:E10|EVT:E36|KW:spawn
1.0,EVT:E1|EVT:E36|KW:spawn
1.0,COMP:compute_server_external_events|EVT:E36|KW:spawn
1.0,COMP:openstack_wsgi|EVT:E36|KW:spawn
1.0,COMP:libvirt_imagecache|EVT:E36|KW:spawn
1.0,COMP:libvirt_driver|EVT:E36|KW:spawn
1.0,COMP:compute_manager|EVT:E36|KW:spawn
1.0,COMP:compute_resource_tracker|EVT:E36|KW:spawn
1.0,COMP:compute_claims|EVT:E36|KW:spawn
0.6,EVT:E29|EVT:E36|KW:spawn
1.0,EVT:E34|EVT:E35|KW:spawn
1.0,EVT:E33|EVT:E35|KW:spawn
1.0,EVT:E32|EVT:E35|KW:spawn
1.0,EVT:E31|EVT:E35|KW:spawn
1.0,EVT:E30|EVT:E35|KW:spawn
1.0,EVT:E3|EVT:E35|KW:spawn
1.0,EVT:E28|EVT:E35|KW:spawn
1.0,EVT:E27|EVT:E35|KW:spawn
1.0,EVT:E25|EVT:E35|KW:spawn
1.0,EVT:E26|EVT:E35|KW:spawn
1.0,EVT:E24|EVT:E35|KW:spawn
1.0,EVT:E23|EVT:E35|KW:spawn
1.0,EVT:E2|EVT:E35|KW:spawn
1.0,EVT:E22|EVT:E35|KW:spawn
1.0,EVT:E21|EVT:E35|KW:spawn
1.0,EVT:E20|EVT:E35|KW:spawn
1.0,EVT:E18|EVT:E35|KW:spawn
1.0,EVT:E19|EVT:E35|KW:spawn
1.0,EVT:E17|EVT:E35|KW:spawn
1.0,EVT:E16|EVT:E35|KW:spawn
1.0,COMP:wsgi_server|EVT:E35|KW:spawn
1.0,EVT:E15|EVT:E35|KW:spawn
1.0,EVT:E14|EVT:E35|KW:spawn
1.0,EVT:E13|EVT:E35|KW:spawn
1.0,EVT:E12|EVT:E35|KW:spawn
1.0,EVT:E11|EVT:E35|KW:spawn
1.0,EVT:E10|EVT:E35|KW:spawn
1.0,EVT:E1|EVT:E35|KW:spawn
1.0,COMP:compute_server_external_events|EVT:E35|KW:spawn
1.0,COMP:openstack_wsgi|EVT:E35|KW:spawn
1.0,COMP:libvirt_imagecache|EVT:E35|KW:spawn
1.0,COMP:libvirt_driver|EVT:E35|KW:spawn
1.0,COMP:compute_manager|EVT:E35|KW:spawn
1.0,COMP:compute_resource_tracker|EVT:E35|KW:spawn
1.0,COMP:compute_claims|EVT:E35|KW:spawn
0.6,EVT:E29|EVT:E35|KW:spawn
1.0,EVT:E33|EVT:E34|KW:spawn
1.0,EVT:E32|EVT:E34|KW:spawn
1.0,EVT:E31|EVT:E34|KW:spawn
1.0,EVT:E30|EVT:E34|KW:spawn
1.0,EVT:E3|EVT:E34|KW:spawn
1.0,EVT:E28|EVT:E34|KW:spawn
1.0,EVT:E27|EVT:E34|KW:spawn
1.0,EVT:E25|EVT:E34|KW:spawn
1.0,EVT:E26|EVT:E34|KW:spawn
1.0,EVT:E24|EVT:E34|KW:spawn
1.0,EVT:E23|EVT:E34|KW:spawn
1.0,EVT:E2|EVT:E34|KW:spawn
1.0,EVT:E22|EVT:E34|KW:spawn
1.0,EVT:E21|EVT:E34|KW:spawn
1.0,EVT:E20|EVT:E34|KW:spawn
1.0,EVT:E18|EVT:E34|KW:spawn
1.0,EVT:E19|EVT:E34|KW:spawn
1.0,EVT:E17|EVT:E34|KW:spawn
1.0,EVT:E16|EVT:E34|KW:spawn
1.0,COMP:wsgi_server|EVT:E34|KW:spawn
1.0,EVT:E15|EVT:E34|KW:spawn
1.0,EVT:E14|EVT:E34|KW:spawn
1.0,EVT:E13|EVT:E34|KW:spawn
1.0,EVT:E12|EVT:E34|KW:spawn
1.0,EVT:E11|EVT:E34|KW:spawn
1.0,EVT:E10|EVT:E34|KW:spawn
1.0,EVT:E1|EVT:E34|KW:spawn
1.0,COMP:compute_server_external_events|EVT:E34|KW:spawn
1.0,COMP:openstack_wsgi|EVT:E34|KW:spawn
1.0,COMP:libvirt_imagecache|EVT:E34|KW:spawn
1.0,COMP:libvirt_driver|EVT:E34|KW:spawn
1.0,COMP:compute_manager|EVT:E34|KW:spawn
1.0,COMP:compute_resource_tracker|EVT:E34|KW:spawn
1.0,COMP:compute_claims|EVT:E34|KW:spawn
0.6,EVT:E29|EVT:E34|KW:spawn
1.0,EVT:E32|EVT:E33|KW:spawn
1.0,EVT:E31|EVT:E33|KW:spawn
1.0,EVT:E30|EVT:E33|KW:spawn
1.0,EVT:E3|EVT:E33|KW:spawn
1.0,EVT:E28|EVT:E33|KW:spawn
1.0,EVT:E27|EVT:E33|KW:spawn
1.0,EVT:E25|EVT:E33|KW:spawn
1.0,EVT:E26|EVT:E33|KW:spawn
1.0,EVT:E24|EVT:E33|KW:spawn
1.0,EVT:E23|EVT:E33|KW:spawn
1.0,EVT:E2|EVT:E33|KW:spawn
1.0,EVT:E22|EVT:E33|KW:spawn
1.0,EVT:E21|EVT:E33|KW:spawn
1.0,EVT:E20|EVT:E33|KW:spawn
1.0,EVT:E18|EVT:E33|KW:spawn
1.0,EVT:E19|EVT:E33|KW:spawn
1.0,EVT:E17|EVT:E33|KW:spawn
1.0,EVT:E16|EVT:E33|KW:spawn
1.0,COMP:wsgi_server|EVT:E33|KW:spawn
1.0,EVT:E15|EVT:E33|KW:spawn
1.0,EVT:E14|EVT:E33|KW:spawn
1.0,EVT:E13|EVT:E33|KW:spawn
1.0,EVT:E12|EVT:E33|KW:spawn
1.0,EVT:E11|EVT:E33|KW:spawn
1.0,EVT:E10|EVT:E33|KW:spawn
1.0,EVT:E1|EVT:E33|KW:spawn
1.0,COMP:compute_server_external_events|EVT:E33|KW:spawn
1.0,COMP:openstack_wsgi|EVT:E33|KW:spawn
1.0,COMP:libvirt_imagecache|EVT:E33|KW:spawn
1.0,COMP:libvirt_driver|EVT:E33|KW:spawn
1.0,COMP:compute_manager|EVT:E33|KW:spawn
1.0,COMP:compute_resource_tracker|EVT:E33|KW:spawn
1.0,COMP:compute_claims|EVT:E33|KW:spawn
0.6,EVT:E29|EVT:E33|KW:spawn
1.0,EVT:E31|EVT:E32|KW:spawn
1.0,EVT:E30|EVT:E32|KW:spawn
1.0,EVT:E3|EVT:E32|KW:spawn
1.0,EVT:E28|EVT:E32|KW:spawn
1.0,EVT:E27|EVT:E32|KW:spawn
1.0,EVT:E25|EVT:E32|KW:spawn
1.0,EVT:E26|EVT:E32|KW:spawn
1.0,EVT:E24|EVT:E32|KW:spawn
1.0,EVT:E23|EVT:E32|KW:spawn
1.0,EVT:E2|EVT:E32|KW:spawn
1.0,EVT:E22|EVT:E32|KW:spawn
1.0,EVT:E21|EVT:E32|KW:spawn
1.0,EVT:E20|EVT:E32|KW:spawn
1.0,EVT:E18|EVT:E32|KW:spawn
1.0,EVT:E19|EVT:E32|KW:spawn
1.0,EVT:E17|EVT:E32|KW:spawn
1.0,EVT:E16|EVT:E32|KW:spawn
1.0,COMP:wsgi_server|EVT:E32|KW:spawn
1.0,EVT:E15|EVT:E32|KW:spawn
1.0,EVT:E14|EVT:E32|KW:spawn
1.0,EVT:E13|EVT:E32|KW:spawn
1.0,EVT:E12|EVT:E32|KW:spawn
1.0,EVT:E11|EVT:E32|KW:spawn
1.0,EVT:E10|EVT:E32|KW:spawn
1.0,EVT:E1|EVT:E32|KW:spawn
1.0,COMP:compute_server_external_events|EVT:E32|KW:spawn
1.0,COMP:openstack_wsgi|EVT:E32|KW:spawn
1.0,COMP:libvirt_imagecache|EVT:E32|KW:spawn
1.0,COMP:libvirt_driver|EVT:E32|KW:spawn
1.0,COMP:compute_manager|EVT:E32|KW:spawn
1.0,COMP:compute_resource_tracker|EVT:E32|KW:spawn
1.0,COMP:compute_claims|EVT:E32|KW:spawn
0.6,EVT:E29|EVT:E32|KW:spawn
1.0,EVT:E30|EVT:E31|KW:spawn
1.0,EVT:E3|EVT:E31|KW:spawn
1.0,EVT:E28|EVT:E31|KW:spawn
1.0,EVT:E27|EVT:E31|KW:spawn
1.0,EVT:E25|EVT:E31|KW:spawn
1.0,EVT:E26|EVT:E31|KW:spawn
1.0,EVT:E24|EVT:E31|KW:spawn
1.0,EVT:E23|EVT:E31|KW:spawn
1.0,EVT:E2|EVT:E31|KW:spawn
1.0,EVT:E22|EVT:E31|KW:spawn
1.0,EVT:E21|EVT:E31|KW:spawn
1.0,EVT:E20|EVT:E31|KW:spawn
1.0,EVT:E18|EVT:E31|KW:spawn
1.0,EVT:E19|EVT:E31|KW:spawn
1.0,EVT:E17|EVT:E31|KW:spawn
1.0,EVT:E16|EVT:E31|KW:spawn
1.0,COMP:wsgi_server|EVT:E31|KW:spawn
1.0,EVT:E15|EVT:E31|KW:spawn
1.0,EVT:E14|EVT:E31|KW:spawn
1.0,EVT:E13|EVT:E31|KW:spawn
1.0,EVT:E12|EVT:E31|KW:spawn
1.0,EVT:E11|EVT:E31|KW:spawn
1.0,EVT:E10|EVT:E31|KW:spawn
1.0,EVT:E1|EVT:E31|KW:spawn
1.0,COMP:compute_server_external_events|EVT:E31|KW:spawn
1.0,COMP:openstack_wsgi|EVT:E31|KW:spawn
1.0,COMP:libvirt_imagecache|EVT:E31|KW:spawn
1.0,COMP:libvirt_driver|EVT:E31|KW:spawn
1.0,COMP:compute_manager|EVT:E31|KW:spawn
1.0,COMP:compute_resource_tracker|EVT:E31|KW:spawn
1.0,COMP:compute_claims|EVT:E31|KW:spawn
0.6,EVT:E29|EVT:E31|KW:spawn
1.0,EVT:E3|EVT:E30|KW:spawn
1.0,EVT:E28|EVT:E30|KW:spawn
1.0,EVT:E27|EVT:E30|KW:spawn
1.0,EVT:E25|EVT:E30|KW:spawn
1.0,EVT:E26|EVT:E30|KW:spawn
1.0,EVT:E24|EVT:E30|KW:spawn
1.0,EVT:E23|EVT:E30|KW:spawn
1.0,EVT:E2|EVT:E30|KW:spawn
1.0,EVT:E22|EVT:E30|KW:spawn
1.0,EVT:E21|EVT:E30|KW:spawn
1.0,EVT:E20|EVT:E30|KW:spawn
1.0,EVT:E18|EVT:E30|KW:spawn
1.0,EVT:E19|EVT:E30|KW:spawn
1.0,EVT:E17|EVT:E30|KW:spawn
1.0,EVT:E16|EVT:E30|KW:spawn
1.0,COMP:wsgi_server|EVT:E30|KW:spawn
1.0,EVT:E15|EVT:E30|KW:spawn
1.0,EVT:E14|EVT:E30|KW:spawn
1.0,EVT:E13|EVT:E30|KW:spawn
1.0,EVT:E12|EVT:E30|KW:spawn
1.0,EVT:E11|EVT:E30|KW:spawn
1.0,EVT:E10|EVT:E30|KW:spawn
1.0,EVT:E1|EVT:E30|KW:spawn
1.0,COMP:compute_server_external_events|EVT:E30|KW:spawn
1.0,COMP:openstack_wsgi|EVT:E30|KW:spawn
1.0,COMP:libvirt_imagecache|EVT:E30|KW:spawn
1.0,COMP:libvirt_driver|EVT:E30|KW:spawn
1.0,COMP:compute_manager|EVT:E30|KW:spawn
1.0,COMP:compute_resource_tracker|EVT:E30|KW:spawn
1.0,COMP:compute_claims|EVT:E30|KW:spawn
0.6,EVT:E29|EVT:E30|KW:spawn
1.0,EVT:E28|EVT:E3|KW:spawn
1.0,EVT:E27|EVT:E3|KW:spawn
1.0,EVT:E25|EVT:E3|KW:spawn
1.0,EVT:E26|EVT:E3|KW:spawn
1.0,EVT:E24|EVT:E3|KW:spawn
1.0,EVT:E23|EVT:E3|KW:spawn
1.0,EVT:E2|EVT:E3|KW:spawn
1.0,EVT:E22|EVT:E3|KW:spawn
1.0,EVT:E21|EVT:E3|KW:spawn
1.0,EVT:E20|EVT:E3|KW:spawn
1.0,EVT:E18|EVT:E3|KW:spawn
1.0,EVT:E19|EVT:E3|KW:spawn
1.0,EVT:E17|EVT:E3|KW:spawn
1.0,EVT:E16|EVT:E3|KW:spawn
1.0,COMP:wsgi_server|EVT:E3|KW:spawn
1.0,EVT:E15|EVT:E3|KW:spawn
1.0,EVT:E14|EVT:E3|KW:spawn
1.0,EVT:E13|EVT:E3|KW:spawn
1.0,EVT:E12|EVT:E3|KW:spawn
1.0,EVT:E11|EVT:E3|KW:spawn
1.0,EVT:E10|EVT:E3|KW:spawn
1.0,EVT:E1|EVT:E3|KW:spawn
1.0,COMP:compute_server_external_events|EVT:E3|KW:spawn
1.0,COMP:openstack_wsgi|EVT:E3|KW:spawn
1.0,COMP:libvirt_imagecache|EVT:E3|KW:spawn
1.0,COMP:libvirt_driver|EVT:E3|KW:spawn
1.0,COMP:compute_manager|EVT:E3|KW:spawn
1.0,COMP:compute_resource_tracker|EVT:E3|KW:spawn
1.0,COMP:compute_claims|EVT:E3|KW:spawn
0.6,EVT:E29|EVT:E3|KW:spawn
1.0,EVT:E27|EVT:E28|KW:spawn
1.0,EVT:E25|EVT:E28|KW:spawn
1.0,EVT:E26|EVT:E28|KW:spawn
1.0,EVT:E24|EVT:E28|KW:spawn
1.0,EVT:E23|EVT:E28|KW:spawn
1.0,EVT:E2|EVT:E28|KW:spawn
1.0,EVT:E22|EVT:E28|KW:spawn
1.0,EVT:E21|EVT:E28|KW:spawn
1.0,EVT:E20|EVT:E28|KW:spawn
1.0,EVT:E18|EVT:E28|KW:spawn
1.0,EVT:E19|EVT:E28|KW:spawn
1.0,EVT:E17|EVT:E28|KW:spawn
1.0,EVT:E16|EVT:E28|KW:spawn
1.0,COMP:wsgi_server|EVT:E28|KW:spawn
1.0,EVT:E15|EVT:E28|KW:spawn
1.0,EVT:E14|EVT:E28|KW:spawn
1.0,EVT:E13|EVT:E28|KW:spawn
1.0,EVT:E12|EVT:E28|KW:spawn
1.0,EVT:E11|EVT:E28|KW:spawn
1.0,EVT:E10|EVT:E28|KW:spawn
1.0,EVT:E1|EVT:E28|KW:spawn
1.0,COMP:compute_server_external_events|EVT:E28|KW:spawn
1.0,COMP:openstack_wsgi|EVT:E28|KW:spawn
1.0,COMP:libvirt_imagecache|EVT:E28|KW:spawn
1.0,COMP:libvirt_driver|EVT:E28|KW:spawn
1.0,COMP:compute_manager|EVT:E28|KW:spawn
1.0,COMP:compute_resource_tracker|EVT:E28|KW:spawn
1.0,COMP:compute_claims|EVT:E28|KW:spawn
0.6,EVT:E28|EVT:E29|KW:spawn
1.0,EVT:E25|EVT:E27|KW:spawn
1.0,EVT:E26|EVT:E27|KW:spawn
1.0,EVT:E24|EVT:E27|KW:spawn
1.0,EVT:E23|EVT:E27|KW:spawn
1.0,EVT:E2|EVT:E27|KW:spawn
1.0,EVT:E22|EVT:E27|KW:spawn
1.0,EVT:E21|EVT:E27|KW:spawn
1.0,EVT:E20|EVT:E27|KW:spawn
1.0,EVT:E18|EVT:E27|KW:spawn
1.0,EVT:E19|EVT:E27|KW:spawn
1.0,EVT:E17|EVT:E27|KW:spawn
1.0,EVT:E16|EVT:E27|KW:spawn
1.0,COMP:wsgi_server|EVT:E27|KW:spawn
1.0,EVT:E15|EVT:E27|KW:spawn
1.0,EVT:E14|EVT:E27|KW:spawn
1.0,EVT:E13|EVT:E27|KW:spawn
1.0,EVT:E12|EVT:E27|KW:spawn
1.0,EVT:E11|EVT:E27|KW:spawn
1.0,EVT:E10|EVT:E27|KW:spawn
1.0,EVT:E1|EVT:E27|KW:spawn
1.0,COMP:compute_server_external_events|EVT:E27|KW:spawn
1.0,COMP:openstack_wsgi|EVT:E27|KW:spawn
1.0,COMP:libvirt_imagecache|EVT:E27|KW:spawn
1.0,COMP:libvirt_driver|EVT:E27|KW:spawn
1.0,COMP:compute_manager|EVT:E27|KW:spawn
1.0,COMP:compute_resource_tracker|EVT:E27|KW:spawn
1.0,COMP:compute_claims|EVT:E27|KW:spawn
0.6,EVT:E27|EVT:E29|KW:spawn
1.0,EVT:E25|EVT:E26|KW:spawn
1.0,EVT:E24|EVT:E25|KW:spawn
1.0,EVT:E23|EVT:E25|KW:spawn
1.0,EVT:E2|EVT:E25|KW:spawn
1.0,EVT:E22|EVT:E25|KW:spawn
1.0,EVT:E21|EVT:E25|KW:spawn
1.0,EVT:E20|EVT:E25|KW:spawn
1.0,EVT:E18|EVT:E25|KW:spawn
1.0,EVT:E19|EVT:E25|KW:spawn
1.0,EVT:E17|EVT:E25|KW:spawn
1.0,EVT:E16|EVT:E25|KW:spawn
1.0,COMP:wsgi_server|EVT:E25|KW:spawn
1.0,EVT:E15|EVT:E25|KW:spawn
1.0,EVT:E14|EVT:E25|KW:spawn
1.0,EVT:E13|EVT:E25|KW:spawn
1.0,EVT:E12|EVT:E25|KW:spawn
1.0,EVT:E11|EVT:E25|KW:spawn
1.0,EVT:E10|EVT:E25|KW:spawn
1.0,EVT:E1|EVT:E25|KW:spawn
1.0,COMP:compute_server_external_events|EVT:E25|KW:spawn
1.0,COMP:openstack_wsgi|EVT:E25|KW:spawn
1.0,COMP:libvirt_imagecache|EVT:E25|KW:spawn
1.0,COMP:libvirt_driver|EVT:E25|KW:spawn
1.0,COMP:compute_manager|EVT:E25|KW:spawn
1.0,COMP:compute_resource_tracker|EVT:E25|KW:spawn
1.0,COMP:compute_claims|EVT:E25|KW:spawn
0.6,EVT:E25|EVT:E29|KW:spawn
1.0,EVT:E24|EVT:E26|KW:spawn
1.0,EVT:E23|EVT:E26|KW:spawn
1.0,EVT:E2|EVT:E26|KW:spawn
1.0,EVT:E22|EVT:E26|KW:spawn
1.0,EVT:E21|EVT:E26|KW:spawn
1.0,EVT:E20|EVT:E26|KW:spawn
1.0,EVT:E18|EVT:E26|KW:spawn
1.0,EVT:E19|EVT:E26|KW:spawn
1.0,EVT:E17|EVT:E26|KW:spawn
1.0,EVT:E16|EVT:E26|KW:spawn
1.0,COMP:wsgi_server|EVT:E26|KW:spawn
1.0,EVT:E15|EVT:E26|KW:spawn
1.0,EVT:E14|EVT:E26|KW:spawn
1.0,EVT:E13|EVT:E26|KW:spawn
1.0,EVT:E12|EVT:E26|KW:spawn
1.0,EVT:E11|EVT:E26|KW:spawn
1.0,EVT:E10|EVT:E26|KW:spawn
1.0,EVT:E1|EVT:E26|KW:spawn
1.0,COMP:compute_server_external_events|EVT:E26|KW:spawn
1.0,COMP:openstack_wsgi|EVT:E26|KW:spawn
1.0,COMP:libvirt_imagecache|EVT:E26|KW:spawn
1.0,COMP:libvirt_driver|EVT:E26|KW:spawn
1.0,COMP:compute_manager|EVT:E26|KW:spawn
1.0,COMP:compute_resource_tracker|EVT:E26|KW:spawn
1.0,COMP:compute_claims|EVT:E26|KW:spawn
0.6,EVT:E26|EVT:E29|KW:spawn
1.0,EVT:E23|EVT:E24|KW:spawn
1.0,EVT:E2|EVT:E24|KW:spawn
1.0,EVT:E22|EVT:E24|KW:spawn
1.0,EVT:E21|EVT:E24|KW:spawn
1.0,EVT:E20|EVT:E24|KW:spawn
1.0,EVT:E18|EVT:E24|KW:spawn
1.0,EVT:E19|EVT:E24|KW:spawn
1.0,EVT:E17|EVT:E24|KW:spawn
1.0,EVT:E16|EVT:E24|KW:spawn
1.0,COMP:wsgi_server|EVT:E24|KW:spawn
1.0,EVT:E15|EVT:E24|KW:spawn
1.0,EVT:E14|EVT:E24|KW:spawn
1.0,EVT:E13|EVT:E24|KW:spawn
1.0,EVT:E12|EVT:E24|KW:spawn
1.0,EVT:E11|EVT:E24|KW:spawn
1.0,EVT:E10|EVT:E24|KW:spawn
1.0,EVT:E1|EVT:E24|KW:spawn
1.0,COMP:compute_server_external_events|EVT:E24|KW:spawn
1.0,COMP:openstack_wsgi|EVT:E24|KW:spawn
1.0,COMP:libvirt_imagecache|EVT:E24|KW:spawn
1.0,COMP:libvirt_driver|EVT:E24|KW:spawn
1.0,COMP:compute_manager|EVT:E24|KW:spawn
1.0,COMP:compute_resource_tracker|EVT:E24|KW:spawn
1.0,COMP:compute_claims|EVT:E24|KW:spawn
0.6,EVT:E24|EVT:E29|KW:spawn
1.0,EVT:E2|EVT:E23|KW:spawn
1.0,EVT:E22|EVT:E23|KW:spawn
1.0,EVT:E21|EVT:E23|KW:spawn
1.0,EVT:E20|EVT:E23|KW:spawn
1.0,EVT:E18|EVT:E23|KW:spawn
1.0,EVT:E19|EVT:E23|KW:spawn
1.0,EVT:E17|EVT:E23|KW:spawn
1.0,EVT:E16|EVT:E23|KW:spawn
1.0,COMP:wsgi_server|EVT:E23|KW:spawn
1.0,EVT:E15|EVT:E23|KW:spawn
1.0,EVT:E14|EVT:E23|KW:spawn
1.0,EVT:E13|EVT:E23|KW:spawn
1.0,EVT:E12|EVT:E23|KW:spawn
1.0,EVT:E11|EVT:E23|KW:spawn
1.0,EVT:E10|EVT:E23|KW:spawn
1.0,EVT:E1|EVT:E23|KW:spawn
1.0,COMP:compute_server_external_events|EVT:E23|KW:spawn
1.0,COMP:openstack_wsgi|EVT:E23|KW:spawn
1.0,COMP:libvirt_imagecache|EVT:E23|KW:spawn
1.0,COMP:libvirt_driver|EVT:E23|KW:spawn
1.0,COMP:compute_manager|EVT:E23|KW:spawn
1.0,COMP:compute_resource_tracker|EVT:E23|KW:spawn
1.0,COMP:compute_claims|EVT:E23|KW:spawn
0.6,EVT:E23|EVT:E29|KW:spawn
1.0,EVT:E2|EVT:E22|KW:spawn
1.0,EVT:E2|EVT:E21|KW:spawn
1.0,EVT:E2|EVT:E20|KW:spawn
1.0,EVT:E18|EVT:E2|KW:spawn
1.0,EVT:E19|EVT:E2|KW:spawn
1.0,EVT:E17|EVT:E2|KW:spawn
1.0,EVT:E16|EVT:E2|KW:spawn
1.0,COMP:wsgi_server|EVT:E2|KW:spawn
1.0,EVT:E15|EVT:E2|KW:spawn
1.0,EVT:E14|EVT:E2|KW:spawn
1.0,EVT:E13|EVT:E2|KW:spawn
1.0,EVT:E12|EVT:E2|KW:spawn
1.0,EVT:E11|EVT:E2|KW:spawn
1.0,EVT:E10|EVT:E2|KW:spawn
1.0,EVT:E1|EVT:E2|KW:spawn
1.0,COMP:compute_server_external_events|EVT:E2|KW:spawn
1.0,COMP:openstack_wsgi|EVT:E2|KW:spawn
1.0,COMP:libvirt_imagecache|EVT:E2|KW:spawn
1.0,COMP:libvirt_driver|EVT:E2|KW:spawn
1.0,COMP:compute_manager|EVT:E2|KW:spawn
1.0,COMP:compute_resource_tracker|EVT:E2|KW:spawn
1.0,COMP:compute_claims|EVT:E2|KW:spawn
0.6,EVT:E2|EVT:E29|KW:spawn
1.0,EVT:E21|EVT:E22|KW:spawn
1.0,EVT:E20|EVT:E22|KW:spawn
1.0,EVT:E18|EVT:E22|KW:spawn
1.0,EVT:E19|EVT:E22|KW:spawn
1.0,EVT:E17|EVT:E22|KW:spawn
1.0,EVT:E16|EVT:E22|KW:spawn
1.0,COMP:wsgi_server|EVT:E22|KW:spawn
1.0,EVT:E15|EVT:E22|KW:spawn
1.0,EVT:E14|EVT:E22|KW:spawn
1.0,EVT:E13|EVT:E22|KW:spawn
1.0,EVT:E12|EVT:E22|KW:spawn
1.0,EVT:E11|EVT:E22|KW:spawn
1.0,EVT:E10|EVT:E22|KW:spawn
1.0,EVT:E1|EVT:E22|KW:spawn
1.0,COMP:compute_server_external_events|EVT:E22|KW:spawn
1.0,COMP:openstack_wsgi|EVT:E22|KW:spawn
1.0,COMP:libvirt_imagecache|EVT:E22|KW:spawn
1.0,COMP:libvirt_driver|EVT:E22|KW:spawn
1.0,COMP:compute_manager|EVT:E22|KW:spawn
1.0,COMP:compute_resource_tracker|EVT:E22|KW:spawn
1.0,COMP:compute_claims|EVT:E22|KW:spawn
0.6,EVT:E22|EVT:E29|KW:spawn
1.0,EVT:E20|EVT:E21|KW:spawn
1.0,EVT:E18|EVT:E21|KW:spawn
1.0,EVT:E19|EVT:E21|KW:spawn
1.0,EVT:E17|EVT:E21|KW:spawn
1.0,EVT:E16|EVT:E21|KW:spawn
1.0,COMP:wsgi_server|EVT:E21|KW:spawn
1.0,EVT:E15|EVT:E21|KW:spawn
1.0,EVT:E14|EVT:E21|KW:spawn
1.0,EVT:E13|EVT:E21|KW:spawn
1.0,EVT:E12|EVT:E21|KW:spawn
1.0,EVT:E11|EVT:E21|KW:spawn
1.0,EVT:E10|EVT:E21|KW:spawn
1.0,EVT:E1|EVT:E21|KW:spawn
1.0,COMP:compute_server_external_events|EVT:E21|KW:spawn
1.0,COMP:openstack_wsgi|EVT:E21|KW:spawn
1.0,COMP:libvirt_imagecache|EVT:E21|KW:spawn
1.0,COMP:libvirt_driver|EVT:E21|KW:spawn
1.0,COMP:compute_manager|EVT:E21|KW:spawn
1.0,COMP:compute_resource_tracker|EVT:E21|KW:spawn
1.0,COMP:compute_claims|EVT:E21|KW:spawn
0.6,EVT:E21|EVT:E29|KW:spawn
1.0,EVT:E18|EVT:E20|KW:spawn
1.0,EVT:E19|EVT:E20|KW:spawn
1.0,EVT:E17|EVT:E20|KW:spawn
1.0,EVT:E16|EVT:E20|KW:spawn
1.0,COMP:wsgi_server|EVT:E20|KW:spawn
1.0,EVT:E15|EVT:E20|KW:spawn
1.0,EVT:E14|EVT:E20|KW:spawn
1.0,EVT:E13|EVT:E20|KW:spawn
1.0,EVT:E12|EVT:E20|KW:spawn
1.0,EVT:E11|EVT:E20|KW:spawn
1.0,EVT:E10|EVT:E20|KW:spawn
1.0,EVT:E1|EVT:E20|KW:spawn
1.0,COMP:compute_server_external_events|EVT:E20|KW:spawn
1.0,COMP:openstack_wsgi|EVT:E20|KW:spawn
1.0,COMP:libvirt_imagecache|EVT:E20|KW:spawn
1.0,COMP:libvirt_driver|EVT:E20|KW:spawn
1.0,COMP:compute_manager|EVT:E20|KW:spawn
1.0,COMP:compute_resource_tracker|EVT:E20|KW:spawn
1.0,COMP:compute_claims|EVT:E20|KW:spawn
0.6,EVT:E20|EVT:E29|KW:spawn
1.0,EVT:E18|EVT:E19|KW:spawn
1.0,EVT:E17|EVT:E18|KW:spawn
1.0,EVT:E16|EVT:E18|KW:spawn
1.0,COMP:wsgi_server|EVT:E18|KW:spawn
1.0,EVT:E15|EVT:E18|KW:spawn
1.0,EVT:E14|EVT:E18|KW:spawn
1.0,EVT:E13|EVT:E18|KW:spawn
1.0,EVT:E12|EVT:E18|KW:spawn
1.0,EVT:E11|EVT:E18|KW:spawn
1.0,EVT:E10|EVT:E18|KW:spawn
1.0,EVT:E1|EVT:E18|KW:spawn
1.0,COMP:compute_server_external_events|EVT:E18|KW:spawn
1.0,COMP:openstack_wsgi|EVT:E18|KW:spawn
1.0,COMP:libvirt_imagecache|EVT:E18|KW:spawn
1.0,COMP:libvirt_driver|EVT:E18|KW:spawn
1.0,COMP:compute_manager|EVT:E18|KW:spawn
1.0,COMP:compute_resource_tracker|EVT:E18|KW:spawn
1.0,COMP:compute_claims|EVT:E18|KW:spawn
0.6,EVT:E18|EVT:E29|KW:spawn
1.0,EVT:E17|EVT:E19|KW:spawn
1.0,EVT:E16|EVT:E19|KW:spawn
1.0,COMP:wsgi_server|EVT:E19|KW:spawn
1.0,EVT:E15|EVT:E19|KW:spawn
1.0,EVT:E14|EVT:E19|KW:spawn
1.0,EVT:E13|EVT:E19|KW:spawn
1.0,EVT:E12|EVT:E19|KW:spawn
1.0,EVT:E11|EVT:E19|KW:spawn
1.0,EVT:E10|EVT:E19|KW:spawn
1.0,EVT:E1|EVT:E19|KW:spawn
1.0,COMP:compute_server_external_events|EVT:E19|KW:spawn
1.0,COMP:openstack_wsgi|EVT:E19|KW:spawn
1.0,COMP:libvirt_imagecache|EVT:E19|KW:spawn
1.0,COMP:libvirt_driver|EVT:E19|KW:spawn
1.0,COMP:compute_manager|EVT:E19|KW:spawn
1.0,COMP:compute_resource_tracker|EVT:E19|KW:spawn
1.0,COMP:compute_claims|EVT:E19|KW:spawn
0.6,EVT:E19|EVT:E29|KW:spawn
1.0,EVT:E16|EVT:E17|KW:spawn
1.0,COMP:wsgi_server|EVT:E17|KW:spawn
1.0,EVT:E15|EVT:E17|KW:spawn
1.0,EVT:E14|EVT:E17|KW:spawn
1.0,EVT:E13|EVT:E17|KW:spawn
1.0,EVT:E12|EVT:E17|KW:spawn
1.0,EVT:E11|EVT:E17|KW:spawn
1.0,EVT:E10|EVT:E17|KW:spawn
1.0,EVT:E1|EVT:E17|KW:spawn
1.0,COMP:compute_server_external_events|EVT:E17|KW:spawn
1.0,COMP:openstack_wsgi|EVT:E17|KW:spawn
1.0,COMP:libvirt_imagecache|EVT:E17|KW:spawn
1.0,COMP:libvirt_driver|EVT:E17|KW:spawn
1.0,COMP:compute_manager|EVT:E17|KW:spawn
1.0,COMP:compute_resource_tracker|EVT:E17|KW:spawn
1.0,COMP:compute_claims|EVT:E17|KW:spawn
0.6,EVT:E17|EVT:E29|KW:spawn
1.0,COMP:wsgi_server|EVT:E16|KW:spawn
1.0,EVT:E15|EVT:E16|KW:spawn
1.0,EVT:E14|EVT:E16|KW:spawn
1.0,EVT:E13|EVT:E16|KW:spawn
1.0,EVT:E12|EVT:E16|KW:spawn
1.0,EVT:E11|EVT:E16|KW:spawn
1.0,EVT:E10|EVT:E16|KW:spawn
1.0,EVT:E1|EVT:E16|KW:spawn
1.0,COMP:compute_server_external_events|EVT:E16|KW:spawn
1.0,COMP:openstack_wsgi|EVT:E16|KW:spawn
1.0,COMP:libvirt_imagecache|EVT:E16|KW:spawn
1.0,COMP:libvirt_driver|EVT:E16|KW:spawn
1.0,COMP:compute_manager|EVT:E16|KW:spawn
1.0,COMP:compute_resource_tracker|EVT:E16|KW:spawn
1.0,COMP:compute_claims|EVT:E16|KW:spawn
0.6,EVT:E16|EVT:E29|KW:spawn
1.0,COMP:wsgi_server|EVT:E15|KW:spawn
1.0,COMP:wsgi_server|EVT:E14|KW:spawn
1.0,COMP:wsgi_server|EVT:E13|KW:spawn
1.0,COMP:wsgi_server|EVT:E12|KW:spawn
1.0,COMP:wsgi_server|EVT:E11|KW:spawn
1.0,COMP:wsgi_server|EVT:E10|KW:spawn
1.0,COMP:wsgi_server|EVT:E1|KW:spawn
1.0,COMP:compute_server_external_events|COMP:wsgi_server|KW:spawn
1.0,COMP:openstack_wsgi|COMP:wsgi_server|KW:spawn
1.0,COMP:libvirt_imagecache|COMP:wsgi_server|KW:spawn
1.0,COMP:libvirt_driver|COMP:wsgi_server|KW:spawn
1.0,COMP:compute_manager|COMP:wsgi_server|KW:spawn
1.0,COMP:compute_resource_tracker|COMP:wsgi_server|KW:spawn
1.0,COMP:compute_claims|COMP:wsgi_server|KW:spawn
0.6,COMP:wsgi_server|EVT:E29|KW:spawn
1.0,EVT:E14|EVT:E15|KW:spawn
1.0,EVT:E13|EVT:E15|KW:spawn
1.0,EVT:E12|EVT:E15|KW:spawn
1.0,EVT:E11|EVT:E15|KW:spawn
1.0,EVT:E10|EVT:E15|KW:spawn
1.0,EVT:E1|EVT:E15|KW:spawn
1.0,COMP:compute_server_external_events|EVT:E15|KW:spawn
1.0,COMP:openstack_wsgi|EVT:E15|KW:spawn
1.0,COMP:libvirt_imagecache|EVT:E15|KW:spawn
1.0,COMP:libvirt_driver|EVT:E15|KW:spawn
1.0,COMP:compute_manager|EVT:E15|KW:spawn
1.0,COMP:compute_resource_tracker|EVT:E15|KW:spawn
1.0,COMP:compute_claims|EVT:E15|KW:spawn
0.6,EVT:E15|EVT:E29|KW:spawn
1.0,EVT:E13|EVT:E14|KW:spawn
1.0,EVT:E12|EVT:E14|KW:spawn
1.0,EVT:E11|EVT:E14|KW:spawn
1.0,EVT:E10|EVT:E14|KW:spawn
1.0,EVT:E1|EVT:E14|KW:spawn
1.0,COMP:compute_server_external_events|EVT:E14|KW:spawn
1.0,COMP:openstack_wsgi|EVT:E14|KW:spawn
1.0,COMP:libvirt_imagecache|EVT:E14|KW:spawn
1.0,COMP:libvirt_driver|EVT:E14|KW:spawn
1.0,COMP:compute_manager|EVT:E14|KW:spawn
1.0,COMP:compute_resource_tracker|EVT:E14|KW:spawn
1.0,COMP:compute_claims|EVT:E14|KW:spawn
0.6,EVT:E14|EVT:E29|KW:spawn
1.0,EVT:E12|EVT:E13|KW:spawn
1.0,EVT:E11|EVT:E13|KW:spawn
1.0,EVT:E10|EVT:E13|KW:spawn
1.0,EVT:E1|EVT:E13|KW:spawn
1.0,COMP:compute_server_external_events|EVT:E13|KW:spawn
1.0,COMP:openstack_wsgi|EVT:E13|KW:spawn
1.0,COMP:libvirt_imagecache|EVT:E13|KW:spawn
1.0,COMP:libvirt_driver|EVT:E13|KW:spawn
1.0,COMP:compute_manager|EVT:E13|KW:spawn
1.0,COMP:compute_resource_tracker|EVT:E13|KW:spawn
1.0,COMP:compute_claims|EVT:E13|KW:spawn
0.6,EVT:E13|EVT:E29|KW:spawn
1.0,EVT:E11|EVT:E12|KW:spawn
1.0,EVT:E10|EVT:E12|KW:spawn
1.0,EVT:E1|EVT:E12|KW:spawn
1.0,COMP:compute_server_external_events|EVT:E12|KW:spawn
1.0,COMP:openstack_wsgi|EVT:E12|KW:spawn
1.0,COMP:libvirt_imagecache|EVT:E12|KW:spawn
1.0,COMP:libvirt_driver|EVT:E12|KW:spawn
1.0,COMP:compute_manager|EVT:E12|KW:spawn
1.0,COMP:compute_resource_tracker|EVT:E12|KW:spawn
1.0,COMP:compute_claims|EVT:E12|KW:spawn
0.6,EVT:E12|EVT:E29|KW:spawn
1.0,EVT:E10|EVT:E11|KW:spawn
1.0,EVT:E1|EVT:E11|KW:spawn
1.0,COMP:compute_server_external_events|EVT:E11|KW:spawn
1.0,COMP:openstack_wsgi|EVT:E11|KW:spawn
1.0,COMP:libvirt_imagecache|EVT:E11|KW:spawn
1.0,COMP:libvirt_driver|EVT:E11|KW:spawn
1.0,COMP:compute_manager|EVT:E11|KW:spawn
1.0,COMP:compute_resource_tracker|EVT:E11|KW:spawn
1.0,COMP:compute_claims|EVT:E11|KW:spawn
0.6,EVT:E11|EVT:E29|KW:spawn
1.0,EVT:E1|EVT:E10|KW:spawn
1.0,COMP:compute_server_external_events|EVT:E10|KW:spawn
1.0,COMP:openstack_wsgi|EVT:E10|KW:spawn
1.0,COMP:libvirt_imagecache|EVT:E10|KW:spawn
1.0,COMP:libvirt_driver|EVT:E10|KW:spawn
1.0,COMP:compute_manager|EVT:E10|KW:spawn
1.0,COMP:compute_resource_tracker|EVT:E10|KW:spawn
1.0,COMP:compute_claims|EVT:E10|KW:spawn
0.6,EVT:E10|EVT:E29|KW:spawn
1.0,COMP:compute_server_external_events|EVT:E1|KW:spawn
1.0,COMP:openstack_wsgi|EVT:E1|KW:spawn
1.0,COMP:libvirt_imagecache|EVT:E1|KW:spawn
1.0,COMP:libvirt_driver|EVT:E1|KW:spawn
1.0,COMP:compute_manager|EVT:E1|KW:spawn
1.0,COMP:compute_resource_tracker|EVT:E1|KW:spawn
1.0,COMP:compute_claims|EVT:E1|KW:spawn
0.6,EVT:E1|EVT:E29|KW:spawn
1.0,COMP:compute_server_external_events|COMP:openstack_wsgi|KW:spawn
1.0,COMP:compute_server_external_events|COMP:libvirt_imagecache|KW:spawn
1.0,COMP:compute_server_external_events|COMP:libvirt_driver|KW:spawn
1.0,COMP:compute_manager|COMP:compute_server_external_events|KW:spawn
1.0,COMP:compute_resource_tracker|COMP:compute_server_external_events|KW:spawn
1.0,COMP:compute_claims|COMP:compute_server_external_events|KW:spawn
0.6,COMP:compute_server_external_events|EVT:E29|KW:spawn
1.0,COMP:libvirt_imagecache|COMP:openstack_wsgi|KW:spawn
1.0,COMP:libvirt_driver|COMP:openstack_wsgi|KW:spawn
1.0,COMP:compute_manager|COMP:openstack_wsgi|KW:spawn
1.0,COMP:compute_resource_tracker|COMP:openstack_wsgi|KW:spawn
1.0,COMP:compute_claims|COMP:openstack_wsgi|KW:spawn
0.6,COMP:openstack_wsgi|EVT:E29|KW:spawn
1.0,COMP:libvirt_driver|COMP:libvirt_imagecache|KW:spawn
1.0,COMP:compute_manager|COMP:libvirt_imagecache|KW:spawn
1.0,COMP:compute_resource_tracker|COMP:libvirt_imagecache|KW:spawn
1.0,COMP:compute_claims|COMP:libvirt_imagecache|KW:spawn
0.6,COMP:libvirt_imagecache|EVT:E29|KW:spawn
1.0,COMP:compute_manager|COMP:libvirt_driver|KW:spawn
1.0,COMP:compute_resource_tracker|COMP:libvirt_driver|KW:spawn
1.0,COMP:compute_claims|COMP:libvirt_driver|KW:spawn
0.6,COMP:libvirt_driver|EVT:E29|KW:spawn
1.0,COMP:compute_manager|COMP:compute_resource_tracker|KW:spawn
1.0,COMP:compute_claims|COMP:compute_manager|KW:spawn
0.6,COMP:compute_manager|EVT:E29|KW:spawn
1.0,COMP:compute_claims|COMP:compute_resource_tracker|KW:spawn
0.6,COMP:compute_resource_tracker|EVT:E29|KW:spawn
0.6,COMP:compute_claims|EVT:E29|KW:spawn
1.0,KW:build|KW:delete|KW:exception
1.0,HOUR:00|KW:delete|KW:exception
1.0,FLAG:FAILURE|KW:delete|KW:exception
1.0,EVT:E9|KW:delete|KW:exception
1.0,EVT:E8|KW:delete|KW:exception
1.0,EVT:E7|KW:delete|KW:exception
1.0,EVT:E6|KW:delete|KW:exception
1.0,EVT:E5|KW:delete|KW:exception
1.0,EVT:E42|KW:delete|KW:exception
1.0,EVT:E41|KW:delete|KW:exception
1.0,EVT:E4|KW:delete|KW:exception
1.0,EVT:E37|KW:delete|KW:exception
1.0,EVT:E36|KW:delete|KW:exception
1.0,EVT:E35|KW:delete|KW:exception
1.0,EVT:E34|KW:delete|KW:exception
1.0,EVT:E33|KW:delete|KW:exception
1.0,EVT:E32|KW:delete|KW:exception
1.0,EVT:E31|KW:delete|KW:exception
1.0,EVT:E30|KW:delete|KW:exception
1.0,EVT:E3|KW:delete|KW:exception
1.0,EVT:E28|KW:delete|KW:exception
1.0,EVT:E27|KW:delete|KW:exception
1.0,EVT:E25|KW:delete|KW:exception
1.0,EVT:E26|KW:delete|KW:exception
1.0,EVT:E24|KW:delete|KW:exception
1.0,EVT:E23|KW:delete|KW:exception
1.0,EVT:E2|KW:delete|KW:exception
1.0,EVT:E22|KW:delete|KW:exception
1.0,EVT:E21|KW:delete|KW:exception
1.0,EVT:E20|KW:delete|KW:exception
1.0,EVT:E18|KW:delete|KW:exception
1.0,EVT:E19|KW:delete|KW:exception
1.0,EVT:E17|KW:delete|KW:exception
1.0,EVT:E16|KW:delete|KW:exception
1.0,COMP:wsgi_server|KW:delete|KW:exception
1.0,EVT:E15|KW:delete|KW:exception
1.0,EVT:E14|KW:delete|KW:exception
1.0,EVT:E13|KW:delete|KW:exception
1.0,EVT:E12|KW:delete|KW:exception
1.0,EVT:E11|KW:delete|KW:exception
1.0,EVT:E10|KW:delete|KW:exception
1.0,EVT:E1|KW:delete|KW:exception
1.0,COMP:compute_server_external_events|KW:delete|KW:exception
1.0,COMP:openstack_wsgi|KW:delete|KW:exception
1.0,COMP:libvirt_imagecache|KW:delete|KW:exception
1.0,COMP:libvirt_driver|KW:delete|KW:exception
1.0,COMP:compute_manager|KW:delete|KW:exception
1.0,COMP:compute_resource_tracker|KW:delete|KW:exception
1.0,COMP:compute_claims|KW:delete|KW:exception
0.6,EVT:E29|KW:delete|KW:exception
1.0,HOUR:00|KW:build|KW:exception
1.0,FLAG:FAILURE|KW:build|KW:exception
1.0,EVT:E9|KW:build|KW:exception
1.0,EVT:E8|KW:build|KW:exception
1.0,EVT:E7|KW:build|KW:exception
1.0,EVT:E6|KW:build|KW:exception
1.0,EVT:E5|KW:build|KW:exception
1.0,EVT:E42|KW:build|KW:exception
1.0,EVT:E41|KW:build|KW:exception
1.0,EVT:E4|KW:build|KW:exception
1.0,EVT:E37|KW:build|KW:exception
1.0,EVT:E36|KW:build|KW:exception
1.0,EVT:E35|KW:build|KW:exception
1.0,EVT:E34|KW:build|KW:exception
1.0,EVT:E33|KW:build|KW:exception
1.0,EVT:E32|KW:build|KW:exception
1.0,EVT:E31|KW:build|KW:exception
1.0,EVT:E30|KW:build|KW:exception
1.0,EVT:E3|KW:build|KW:exception
1.0,EVT:E28|KW:build|KW:exception
1.0,EVT:E27|KW:build|KW:exception
1.0,EVT:E25|KW:build|KW:exception
1.0,EVT:E26|KW:build|KW:exception
1.0,EVT:E24|KW:build|KW:exception
1.0,EVT:E23|KW:build|KW:exception
1.0,EVT:E2|KW:build|KW:exception
1.0,EVT:E22|KW:build|KW:exception
1.0,EVT:E21|KW:build|KW:exception
1.0,EVT:E20|KW:build|KW:exception
1.0,EVT:E18|KW:build|KW:exception
1.0,EVT:E19|KW:build|KW:exception
1.0,EVT:E17|KW:build|KW:exception
1.0,EVT:E16|KW:build|KW:exception
1.0,COMP:wsgi_server|KW:build|KW:exception
1.0,EVT:E15|KW:build|KW:exception
1.0,EVT:E14|KW:build|KW:exception
1.0,EVT:E13|KW:build|KW:exception
1.0,EVT:E12|KW:build|KW:exception
1.0,EVT:E11|KW:build|KW:exception
1.0,EVT:E10|KW:build|KW:exception
1.0,EVT:E1|KW:build|KW:exception
1.0,COMP:compute_server_external_events|KW:build|KW:exception
1.0,COMP:openstack_wsgi|KW:build|KW:exception
1.0,COMP:libvirt_imagecache|KW:build|KW:exception
1.0,COMP:libvirt_driver|KW:build|KW:exception
1.0,COMP:compute_manager|KW:build|KW:exception
1.0,COMP:compute_resource_tracker|KW:build|KW:exception
1.0,COMP:compute_claims|KW:build|KW:exception
0.6,EVT:E29|KW:build|KW:exception
1.0,FLAG:FAILURE|HOUR:00|KW:exception
1.0,EVT:E9|HOUR:00|KW:exception
1.0,EVT:E8|HOUR:00|KW:exception
1.0,EVT:E7|HOUR:00|KW:exception
1.0,EVT:E6|HOUR:00|KW:exception
1.0,EVT:E5|HOUR:00|KW:exception
1.0,EVT:E42|HOUR:00|KW:exception
1.0,EVT:E41|HOUR:00|KW:exception
1.0,EVT:E4|HOUR:00|KW:exception
1.0,EVT:E37|HOUR:00|KW:exception
1.0,EVT:E36|HOUR:00|KW:exception
1.0,EVT:E35|HOUR:00|KW:exception
1.0,EVT:E34|HOUR:00|KW:exception
1.0,EVT:E33|HOUR:00|KW:exception
1.0,EVT:E32|HOUR:00|KW:exception
1.0,EVT:E31|HOUR:00|KW:exception
1.0,EVT:E30|HOUR:00|KW:exception
1.0,EVT:E3|HOUR:00|KW:exception
1.0,EVT:E28|HOUR:00|KW:exception
1.0,EVT:E27|HOUR:00|KW:exception
1.0,EVT:E25|HOUR:00|KW:exception
1.0,EVT:E26|HOUR:00|KW:exception
1.0,EVT:E24|HOUR:00|KW:exception
1.0,EVT:E23|HOUR:00|KW:exception
1.0,EVT:E2|HOUR:00|KW:exception
1.0,EVT:E22|HOUR:00|KW:exception
1.0,EVT:E21|HOUR:00|KW:exception
1.0,EVT:E20|HOUR:00|KW:exception
1.0,EVT:E18|HOUR:00|KW:exception
1.0,EVT:E19|HOUR:00|KW:exception
1.0,EVT:E17|HOUR:00|KW:exception
1.0,EVT:E16|HOUR:00|KW:exception
1.0,COMP:wsgi_server|HOUR:00|KW:exception
1.0,EVT:E15|HOUR:00|KW:exception
1.0,EVT:E14|HOUR:00|KW:exception
1.0,EVT:E13|HOUR:00|KW:exception
1.0,EVT:E12|HOUR:00|KW:exception
1.0,EVT:E11|HOUR:00|KW:exception
1.0,EVT:E10|HOUR:00|KW:exception
1.0,EVT:E1|HOUR:00|KW:exception
1.0,COMP:compute_server_external_events|HOUR:00|KW:exception
1.0,COMP:openstack_wsgi|HOUR:00|KW:exception
1.0,COMP:libvirt_imagecache|HOUR:00|KW:exception
1.0,COMP:libvirt_driver|HOUR:00|KW:exception
1.0,COMP:compute_manager|HOUR:00|KW:exception
1.0,COMP:compute_resource_tracker|HOUR:00|KW:exception
1.0,COMP:compute_claims|HOUR:00|KW:exception
0.6,EVT:E29|HOUR:00|KW:exception
1.0,EVT:E9|FLAG:FAILURE|KW:exception
1.0,EVT:E8|FLAG:FAILURE|KW:exception
1.0,EVT:E7|FLAG:FAILURE|KW:exception
1.0,EVT:E6|FLAG:FAILURE|KW:exception
1.0,EVT:E5|FLAG:FAILURE|KW:exception
1.0,EVT:E42|FLAG:FAILURE|KW:exception
1.0,EVT:E41|FLAG:FAILURE|KW:exception
1.0,EVT:E4|FLAG:FAILURE|KW:exception
1.0,EVT:E37|FLAG:FAILURE|KW:exception
1.0,EVT:E36|FLAG:FAILURE|KW:exception
1.0,EVT:E35|FLAG:FAILURE|KW:exception
1.0,EVT:E34|FLAG:FAILURE|KW:exception
1.0,EVT:E33|FLAG:FAILURE|KW:exception
1.0,EVT:E32|FLAG:FAILURE|KW:exception
1.0,EVT:E31|FLAG:FAILURE|KW:exception
1.0,EVT:E30|FLAG:FAILURE|KW:exception
1.0,EVT:E3|FLAG:FAILURE|KW:exception
1.0,EVT:E28|FLAG:FAILURE|KW:exception
1.0,EVT:E27|FLAG:FAILURE|KW:exception
1.0,EVT:E25|FLAG:FAILURE|KW:exception
1.0,EVT:E26|FLAG:FAILURE|KW:exception
1.0,EVT:E24|FLAG:FAILURE|KW:exception
1.0,EVT:E23|FLAG:FAILURE|KW:exception
1.0,EVT:E2|FLAG:FAILURE|KW:exception
1.0,EVT:E22|FLAG:FAILURE|KW:exception
1.0,EVT:E21|FLAG:FAILURE|KW:exception
1.0,EVT:E20|FLAG:FAILURE|KW:exception
1.0,EVT:E18|FLAG:FAILURE|KW:exception
1.0,EVT:E19|FLAG:FAILURE|KW:exception
1.0,EVT:E17|FLAG:FAILURE|KW:exception
1.0,EVT:E16|FLAG:FAILURE|KW:exception
1.0,COMP:wsgi_server|FLAG:FAILURE|KW:exception
1.0,EVT:E15|FLAG:FAILURE|KW:exception
1.0,EVT:E14|FLAG:FAILURE|KW:exception
1.0,EVT:E13|FLAG:FAILURE|KW:exception
1.0,EVT:E12|FLAG:FAILURE|KW:exception
1.0,EVT:E11|FLAG:FAILURE|KW:exception
1.0,EVT:E10|FLAG:FAILURE|KW:exception
1.0,EVT:E1|FLAG:FAILURE|KW:exception
1.0,COMP:compute_server_external_events|FLAG:FAILURE|KW:exception
1.0,COMP:openstack_wsgi|FLAG:FAILURE|KW:exception
1.0,COMP:libvirt_imagecache|FLAG:FAILURE|KW:exception
1.0,COMP:libvirt_driver|FLAG:FAILURE|KW:exception
1.0,COMP:compute_manager|FLAG:FAILURE|KW:exception
1.0,COMP:compute_resource_tracker|FLAG:FAILURE|KW:exception
1.0,COMP:compute_claims|FLAG:FAILURE|KW:exception
0.6,EVT:E29|FLAG:FAILURE|KW:exception
1.0,EVT:E8|EVT:E9|KW:exception
1.0,EVT:E7|EVT:E9|KW:exception
1.0,EVT:E6|EVT:E9|KW:exception
1.0,EVT:E5|EVT:E9|KW:exception
1.0,EVT:E42|EVT:E9|KW:exception
1.0,EVT:E41|EVT:E9|KW:exception
1.0,EVT:E4|EVT:E9|KW:exception
1.0,EVT:E37|EVT:E9|KW:exception
1.0,EVT:E36|EVT:E9|KW:exception
1.0,EVT:E35|EVT:E9|KW:exception
1.0,EVT:E34|EVT:E9|KW:exception
1.0,EVT:E33|EVT:E9|KW:exception
1.0,EVT:E32|EVT:E9|KW:exception
1.0,EVT:E31|EVT:E9|KW:exception
1.0,EVT:E30|EVT:E9|KW:exception
1.0,EVT:E3|EVT:E9|KW:exception
1.0,EVT:E28|EVT:E9|KW:exception
1.0,EVT:E27|EVT:E9|KW:exception
1.0,EVT:E25|EVT:E9|KW:exception
1.0,EVT:E26|EVT:E9|KW:exception
1.0,EVT:E24|EVT:E9|KW:exception
1.0,EVT:E23|EVT:E9|KW:exception
1.0,EVT:E2|EVT:E9|KW:exception
1.0,EVT:E22|EVT:E9|KW:exception
1.0,EVT:E21|EVT:E9|KW:exception
1.0,EVT:E20|EVT:E9|KW:exception
1.0,EVT:E18|EVT:E9|KW:exception
1.0,EVT:E19|EVT:E9|KW:exception
1.0,EVT:E17|EVT:E9|KW:exception
1.0,EVT:E16|EVT:E9|KW:exception
1.0,COMP:wsgi_server|EVT:E9|KW:exception
1.0,EVT:E15|EVT:E9|KW:exception
1.0,EVT:E14|EVT:E9|KW:exception
1.0,EVT:E13|EVT:E9|KW:exception
1.0,EVT:E12|EVT:E9|KW:exception
1.0,EVT:E11|EVT:E9|KW:exception
1.0,EVT:E10|EVT:E9|KW:exception
1.0,EVT:E1|EVT:E9|KW:exception
1.0,COMP:compute_server_external_events|EVT:E9|KW:exception
1.0,COMP:openstack_wsgi|EVT:E9|KW:exception
1.0,COMP:libvirt_imagecache|EVT:E9|KW:exception
1.0,COMP:libvirt_driver|EVT:E9|KW:exception
1.0,COMP:compute_manager|EVT:E9|KW:exception
1.0,COMP:compute_resource_tracker|EVT:E9|KW:exception
1.0,COMP:compute_claims|EVT:E9|KW:exception
0.6,EVT:E29|EVT:E9|KW:exception
1.0,EVT:E7|EVT:E8|KW:exception
1.0,EVT:E6|EVT:E8|KW:exception
1.0,EVT:E5|EVT:E8|KW:exception
1.0,EVT:E42|EVT:E8|KW:exception
1.0,EVT:E41|EVT:E8|KW:exception
1.0,EVT:E4|EVT:E8|KW:exception
1.0,EVT:E37|EVT:E8|KW:exception
1.0,EVT:E36|EVT:E8|KW:exception
1.0,EVT:E35|EVT:E8|KW:exception
1.0,EVT:E34|EVT:E8|KW:exception
1.0,EVT:E33|EVT:E8|KW:exception
1.0,EVT:E32|EVT:E8|KW:exception
1.0,EVT:E31|EVT:E8|KW:exception
1.0,EVT:E30|EVT:E8|KW:exception
1.0,EVT:E3|EVT:E8|KW:exception
1.0,EVT:E28|EVT:E8|KW:exception
1.0,EVT:E27|EVT:E8|KW:exception
1.0,EVT:E25|EVT:E8|KW:exception
1.0,EVT:E26|EVT:E8|KW:exception
1.0,EVT:E24|EVT:E8|KW:exception
1.0,EVT:E23|EVT:E8|KW:exception
1.0,EVT:E2|EVT:E8|KW:exception
1.0,EVT:E22|EVT:E8|KW:exception
1.0,EVT:E21|EVT:E8|KW:exception
1.0,EVT:E20|EVT:E8|KW:exception
1.0,EVT:E18|EVT:E8|KW:exception
1.0,EVT:E19|EVT:E8|KW:exception
1.0,EVT:E17|EVT:E8|KW:exception
1.0,EVT:E16|EVT:E8|KW:exception
1.0,COMP:wsgi_server|EVT:E8|KW:exception
1.0,EVT:E15|EVT:E8|KW:exception
1.0,EVT:E14|EVT:E8|KW:exception
1.0,EVT:E13|EVT:E8|KW:exception
1.0,EVT:E12|EVT:E8|KW:exception
1.0,EVT:E11|EVT:E8|KW:exception
1.0,EVT:E10|EVT:E8|KW:exception
1.0,EVT:E1|EVT:E8|KW:exception
1.0,COMP:compute_server_external_events|EVT:E8|KW:exception
1.0,COMP:openstack_wsgi|EVT:E8|KW:exception
1.0,COMP:libvirt_imagecache|EVT:E8|KW:exception
1.0,COMP:libvirt_driver|EVT:E8|KW:exception
1.0,COMP:compute_manager|EVT:E8|KW:exception
1.0,COMP:compute_resource_tracker|EVT:E8|KW:exception
1.0,COMP:compute_claims|EVT:E8|KW:exception
0.6,EVT:E29|EVT:E8|KW:exception
1.0,EVT:E6|EVT:E7|KW:exception
1.0,EVT:E5|EVT:E7|KW:exception
1.0,EVT:E42|EVT:E7|KW:exception
1.0,EVT:E41|EVT:E7|KW:exception
1.0,EVT:E4|EVT:E7|KW:exception
1.0,EVT:E37|EVT:E7|KW:exception
1.0,EVT:E36|EVT:E7|KW:exception
1.0,EVT:E35|EVT:E7|KW:exception
1.0,EVT:E34|EVT:E7|KW:exception
1.0,EVT:E33|EVT:E7|KW:exception
1.0,EVT:E32|EVT:E7|KW:exception
1.0,EVT:E31|EVT:E7|KW:exception
1.0,EVT:E30|EVT:E7|KW:exception
1.0,EVT:E3|EVT:E7|KW:exception
1.0,EVT:E28|EVT:E7|KW:exception
1.0,EVT:E27|EVT:E7|KW:exception
1.0,EVT:E25|EVT:E7|KW:exception
1.0,EVT:E26|EVT:E7|KW:exception
1.0,EVT:E24|EVT:E7|KW:exception
1.0,EVT:E23|EVT:E7|KW:exception
1.0,EVT:E2|EVT:E7|KW:exception
1.0,EVT:E22|EVT:E7|KW:exception
1.0,EVT:E21|EVT:E7|KW:exception
1.0,EVT:E20|EVT:E7|KW:exception
1.0,EVT:E18|EVT:E7|KW:exception
1.0,EVT:E19|EVT:E7|KW:exception
1.0,EVT:E17|EVT:E7|KW:exception
1.0,EVT:E16|EVT:E7|KW:exception
1.0,COMP:wsgi_server|EVT:E7|KW:exception
1.0,EVT:E15|EVT:E7|KW:exception
1.0,EVT:E14|EVT:E7|KW:exception
1.0,EVT:E13|EVT:E7|KW:exception
1.0,EVT:E12|EVT:E7|KW:exception
1.0,EVT:E11|EVT:E7|KW:exception
1.0,EVT:E10|EVT:E7|KW:exception
1.0,EVT:E1|EVT:E7|KW:exception
1.0,COMP:compute_server_external_events|EVT:E7|KW:exception
1.0,COMP:openstack_wsgi|EVT:E7|KW:exception
1.0,COMP:libvirt_imagecache|EVT:E7|KW:exception
1.0,COMP:libvirt_driver|EVT:E7|KW:exception
1.0,COMP:compute_manager|EVT:E7|KW:exception
1.0,COMP:compute_resource_tracker|EVT:E7|KW:exception
1.0,COMP:compute_claims|EVT:E7|KW:exception
0.6,EVT:E29|EVT:E7|KW:exception
1.0,EVT:E5|EVT:E6|KW:exception
1.0,EVT:E42|EVT:E6|KW:exception
1.0,EVT:E41|EVT:E6|KW:exception
1.0,EVT:E4|EVT:E6|KW:exception
1.0,EVT:E37|EVT:E6|KW:exception
1.0,EVT:E36|EVT:E6|KW:exception
1.0,EVT:E35|EVT:E6|KW:exception
1.0,EVT:E34|EVT:E6|KW:exception
1.0,EVT:E33|EVT:E6|KW:exception
1.0,EVT:E32|EVT:E6|KW:exception
1.0,EVT:E31|EVT:E6|KW:exception
1.0,EVT:E30|EVT:E6|KW:exception
1.0,EVT:E3|EVT:E6|KW:exception
1.0,EVT:E28|EVT:E6|KW:exception
1.0,EVT:E27|EVT:E6|KW:exception
1.0,EVT:E25|EVT:E6|KW:exception
1.0,EVT:E26|EVT:E6|KW:exception
1.0,EVT:E24|EVT:E6|KW:exception
1.0,EVT:E23|EVT:E6|KW:exception
1.0,EVT:E2|EVT:E6|KW:exception
1.0,EVT:E22|EVT:E6|KW:exception
1.0,EVT:E21|EVT:E6|KW:exception
1.0,EVT:E20|EVT:E6|KW:exception
1.0,EVT:E18|EVT:E6|KW:exception
1.0,EVT:E19|EVT:E6|KW:exception
1.0,EVT:E17|EVT:E6|KW:exception
1.0,EVT:E16|EVT:E6|KW:exception
1.0,COMP:wsgi_server|EVT:E6|KW:exception
1.0,EVT:E15|EVT:E6|KW:exception
1.0,EVT:E14|EVT:E6|KW:exception
1.0,EVT:E13|EVT:E6|KW:exception
1.0,EVT:E12|EVT:E6|KW:exception
1.0,EVT:E11|EVT:E6|KW:exception
1.0,EVT:E10|EVT:E6|KW:exception
1.0,EVT:E1|EVT:E6|KW:exception
1.0,COMP:compute_server_external_events|EVT:E6|KW:exception
1.0,COMP:openstack_wsgi|EVT:E6|KW:exception
1.0,COMP:libvirt_imagecache|EVT:E6|KW:exception
1.0,COMP:libvirt_driver|EVT:E6|KW:exception
1.0,COMP:compute_manager|EVT:E6|KW:exception
1.0,COMP:compute_resource_tracker|EVT:E6|KW:exception
1.0,COMP:compute_claims|EVT:E6|KW:exception
0.6,EVT:E29|EVT:E6|KW:exception
1.0,EVT:E42|EVT:E5|KW:exception
1.0,EVT:E41|EVT:E5|KW:exception
1.0,EVT:E4|EVT:E5|KW:exception
1.0,EVT:E37|EVT:E5|KW:exception
1.0,EVT:E36|EVT:E5|KW:exception
1.0,EVT:E35|EVT:E5|KW:exception
1.0,EVT:E34|EVT:E5|KW:exception
1.0,EVT:E33|EVT:E5|KW:exception
1.0,EVT:E32|EVT:E5|KW:exception
1.0,EVT:E31|EVT:E5|KW:exception
1.0,EVT:E30|EVT:E5|KW:exception
1.0,EVT:E3|EVT:E5|KW:exception
1.0,EVT:E28|EVT:E5|KW:exception
1.0,EVT:E27|EVT:E5|KW:exception
1.0,EVT:E25|EVT:E5|KW:exception
1.0,EVT:E26|EVT:E5|KW:exception
1.0,EVT:E24|EVT:E5|KW:exception
1.0,EVT:E23|EVT:E5|KW:exception
1.0,EVT:E2|EVT:E5|KW:exception
1.0,EVT:E22|EVT:E5|KW:exception
1.0,EVT:E21|EVT:E5|KW:exception
1.0,EVT:E20|EVT:E5|KW:exception
1.0,EVT:E18|EVT:E5|KW:exception
1.0,EVT:E19|EVT:E5|KW:exception
1.0,EVT:E17|EVT:E5|KW:exception
1.0,EVT:E16|EVT:E5|KW:exception
1.0,COMP:wsgi_server|EVT:E5|KW:exception
1.0,EVT:E15|EVT:E5|KW:exception
1.0,EVT:E14|EVT:E5|KW:exception
1.0,EVT:E13|EVT:E5|KW:exception
1.0,EVT:E12|EVT:E5|KW:exception
1.0,EVT:E11|EVT:E5|KW:exception
1.0,EVT:E10|EVT:E5|KW:exception
1.0,EVT:E1|EVT:E5|KW:exception
1.0,COMP:compute_server_external_events|EVT:E5|KW:exception
1.0,COMP:openstack_wsgi|EVT:E5|KW:exception
1.0,COMP:libvirt_imagecache|EVT:E5|KW:exception
1.0,COMP:libvirt_driver|EVT:E5|KW:exception
1.0,COMP:compute_manager|EVT:E5|KW:exception
1.0,COMP:compute_resource_tracker|EVT:E5|KW:exception
1.0,COMP:compute_claims|EVT:E5|KW:exception
0.6,EVT:E29|EVT:E5|KW:exception
1.0,EVT:E41|EVT:E42|KW:exception
1.0,EVT:E4|EVT:E42|KW:exception
1.0,EVT:E37|EVT:E42|KW:exception
1.0,EVT:E36|EVT:E42|KW:exception
1.0,EVT:E35|EVT:E42|KW:exception
1.0,EVT:E34|EVT:E42|KW:exception
1.0,EVT:E33|EVT:E42|KW:exception
1.0,EVT:E32|EVT:E42|KW:exception
1.0,EVT:E31|EVT:E42|KW:exception
1.0,EVT:E30|EVT:E42|KW:exception
1.0,EVT:E3|EVT:E42|KW:exception
1.0,EVT:E28|EVT:E42|KW:exception
1.0,EVT:E27|EVT:E42|KW:exception
1.0,EVT:E25|EVT:E42|KW:exception
1.0,EVT:E26|EVT:E42|KW:exception
1.0,EVT:E24|EVT:E42|KW:exception
1.0,EVT:E23|EVT:E42|KW:exception
1.0,EVT:E2|EVT:E42|KW:exception
1.0,EVT:E22|EVT:E42|KW:exception
1.0,EVT:E21|EVT:E42|KW:exception
1.0,EVT:E20|EVT:E42|KW:exception
1.0,EVT:E18|EVT:E42|KW:exception
1.0,EVT:E19|EVT:E42|KW:exception
1.0,EVT:E17|EVT:E42|KW:exception
1.0,EVT:E16|EVT:E42|KW:exception
1.0,COMP:wsgi_server|EVT:E42|KW:exception
1.0,EVT:E15|EVT:E42|KW:exception
1.0,EVT:E14|EVT:E42|KW:exception
1.0,EVT:E13|EVT:E42|KW:exception
1.0,EVT:E12|EVT:E42|KW:exception
1.0,EVT:E11|EVT:E42|KW:exception
1.0,EVT:E10|EVT:E42|KW:exception
1.0,EVT:E1|EVT:E42|KW:exception
1.0,COMP:compute_server_external_events|EVT:E42|KW:exception
1.0,COMP:openstack_wsgi|EVT:E42|KW:exception
1.0,COMP:libvirt_imagecache|EVT:E42|KW:exception
1.0,COMP:libvirt_driver|EVT:E42|KW:exception
1.0,COMP:compute_manager|EVT:E42|KW:exception
1.0,COMP:compute_resource_tracker|EVT:E42|KW:exception
1.0,COMP:compute_claims|EVT:E42|KW:exception
0.6,EVT:E29|EVT:E42|KW:exception
1.0,EVT:E4|EVT:E41|KW:exception
1.0,EVT:E37|EVT:E41|KW:exception
1.0,EVT:E36|EVT:E41|KW:exception
1.0,EVT:E35|EVT:E41|KW:exception
1.0,EVT:E34|EVT:E41|KW:exception
1.0,EVT:E33|EVT:E41|KW:exception
1.0,EVT:E32|EVT:E41|KW:exception
1.0,EVT:E31|EVT:E41|KW:exception
1.0,EVT:E30|EVT:E41|KW:exception
1.0,EVT:E3|EVT:E41|KW:exception
1.0,EVT:E28|EVT:E41|KW:exception
1.0,EVT:E27|EVT:E41|KW:exception
1.0,EVT:E25|EVT:E41|KW:exception
1.0,EVT:E26|EVT:E41|KW:exception
1.0,EVT:E24|EVT:E41|KW:exception
1.0,EVT:E23|EVT:E41|KW:exception
1.0,EVT:E2|EVT:E41|KW:exception
1.0,EVT:E22|EVT:E41|KW:exception
1.0,EVT:E21|EVT:E41|KW:exception
1.0,EVT:E20|EVT:E41|KW:exception
1.0,EVT:E18|EVT:E41|KW:exception
1.0,EVT:E19|EVT:E41|KW:exception
1.0,EVT:E17|EVT:E41|KW:exception
1.0,EVT:E16|EVT:E41|KW:exception
1.0,COMP:wsgi_server|EVT:E41|KW:exception
1.0,EVT:E15|EVT:E41|KW:exception
1.0,EVT:E14|EVT:E41|KW:exception
1.0,EVT:E13|EVT:E41|KW:exception
1.0,EVT:E12|EVT:E41|KW:exception
1.0,EVT:E11|EVT:E41|KW:exception
1.0,EVT:E10|EVT:E41|KW:exception
1.0,EVT:E1|EVT:E41|KW:exception
1.0,COMP:compute_server_external_events|EVT:E41|KW:exception
1.0,COMP:openstack_wsgi|EVT:E41|KW:exception
1.0,COMP:libvirt_imagecache|EVT:E41|KW:exception
1.0,COMP:libvirt_driver|EVT:E41|KW:exception
1.0,COMP:compute_manager|EVT:E41|KW:exception
1.0,COMP:compute_resource_tracker|EVT:E41|KW:exception
1.0,COMP:compute_claims|EVT:E41|KW:exception
0.6,EVT:E29|EVT:E41|KW:exception
1.0,EVT:E37|EVT:E4|KW:exception
1.0,EVT:E36|EVT:E4|KW:exception
1.0,EVT:E35|EVT:E4|KW:exception
1.0,EVT:E34|EVT:E4|KW:exception
1.0,EVT:E33|EVT:E4|KW:exception
1.0,EVT:E32|EVT:E4|KW:exception
1.0,EVT:E31|EVT:E4|KW:exception
1.0,EVT:E30|EVT:E4|KW:exception
1.0,EVT:E3|EVT:E4|KW:exception
1.0,EVT:E28|EVT:E4|KW:exception
1.0,EVT:E27|EVT:E4|KW:exception
1.0,EVT:E25|EVT:E4|KW:exception
1.0,EVT:E26|EVT:E4|KW:exception
1.0,EVT:E24|EVT:E4|KW:exception
1.0,EVT:E23|EVT:E4|KW:exception
1.0,EVT:E2|EVT:E4|KW:exception
1.0,EVT:E22|EVT:E4|KW:exception
1.0,EVT:E21|EVT:E4|KW:exception
1.0,EVT:E20|EVT:E4|KW:exception
1.0,EVT:E18|EVT:E4|KW:exception
1.0,EVT:E19|EVT:E4|KW:exception
1.0,EVT:E17|EVT:E4|KW:exception
1.0,EVT:E16|EVT:E4|KW:exception
1.0,COMP:wsgi_server|EVT:E4|KW:exception
1.0,EVT:E15|EVT:E4|KW:exception
1.0,EVT:E14|EVT:E4|KW:exception
1.0,EVT:E13|EVT:E4|KW:exception
1.0,EVT:E12|EVT:E4|KW:exception
1.0,EVT:E11|EVT:E4|KW:exception
1.0,EVT:E10|EVT:E4|KW:exception
1.0,EVT:E1|EVT:E4|KW:exception
1.0,COMP:compute_server_external_events|EVT:E4|KW:exception
1.0,COMP:openstack_wsgi|EVT:E4|KW:exception
1.0,COMP:libvirt_imagecache|EVT:E4|KW:exception
1.0,COMP:libvirt_driver|EVT:E4|KW:exception
1.0,COMP:compute_manager|EVT:E4|KW:exception
1.0,COMP:compute_resource_tracker|EVT:E4|KW:exception
1.0,COMP:compute_claims|EVT:E4|KW:exception
0.6,EVT:E29|EVT:E4|KW:exception
1.0,EVT:E36|EVT:E37|KW:exception
1.0,EVT:E35|EVT:E37|KW:exception
1.0,EVT:E34|EVT:E37|KW:exception
1.0,EVT:E33|EVT:E37|KW:exception
1.0,EVT:E32|EVT:E37|KW:exception
1.0,EVT:E31|EVT:E37|KW:exception
1.0,EVT:E30|EVT:E37|KW:exception
1.0,EVT:E3|EVT:E37|KW:exception
1.0,EVT:E28|EVT:E37|KW:exception
1.0,EVT:E27|EVT:E37|KW:exception
1.0,EVT:E25|EVT:E37|KW:exception
1.0,EVT:E26|EVT:E37|KW:exception
1.0,EVT:E24|EVT:E37|KW:exception
1.0,EVT:E23|EVT:E37|KW:exception
1.0,EVT:E2|EVT:E37|KW:exception
1.0,EVT:E22|EVT:E37|KW:exception
1.0,EVT:E21|EVT:E37|KW:exception
1.0,EVT:E20|EVT:E37|KW:exception
1.0,EVT:E18|EVT:E37|KW:exception
1.0,EVT:E19|EVT:E37|KW:exception
1.0,EVT:E17|EVT:E37|KW:exception
1.0,EVT:E16|EVT:E37|KW:exception
1.0,COMP:wsgi_server|EVT:E37|KW:exception
1.0,EVT:E15|EVT:E37|KW:exception
1.0,EVT:E14|EVT:E37|KW:exception
1.0,EVT:E13|EVT:E37|KW:exception
1.0,EVT:E12|EVT:E37|KW:exception
1.0,EVT:E11|EVT:E37|KW:exception
1.0,EVT:E10|EVT:E37|KW:exception
1.0,EVT:E1|EVT:E37|KW:exception
1.0,COMP:compute_server_external_events|EVT:E37|KW:exception
1.0,COMP:openstack_wsgi|EVT:E37|KW:exception
1.0,COMP:libvirt_imagecache|EVT:E37|KW:exception
1.0,COMP:libvirt_driver|EVT:E37|KW:exception
1.0,COMP:compute_manager|EVT:E37|KW:exception
1.0,COMP:compute_resource_tracker|EVT:E37|KW:exception
1.0,COMP:compute_claims|EVT:E37|KW:exception
0.6,EVT:E29|EVT:E37|KW:exception
1.0,EVT:E35|EVT:E36|KW:exception
1.0,EVT:E34|EVT:E36|KW:exception
1.0,EVT:E33|EVT:E36|KW:exception
1.0,EVT:E32|EVT:E36|KW:exception
1.0,EVT:E31|EVT:E36|KW:exception
1.0,EVT:E30|EVT:E36|KW:exception
1.0,EVT:E3|EVT:E36|KW:exception
1.0,EVT:E28|EVT:E36|KW:exception
1.0,EVT:E27|EVT:E36|KW:exception
1.0,EVT:E25|EVT:E36|KW:exception
1.0,EVT:E26|EVT:E36|KW:exception
1.0,EVT:E24|EVT:E36|KW:exception
1.0,EVT:E23|EVT:E36|KW:exception
1.0,EVT:E2|EVT:E36|KW:exception
1.0,EVT:E22|EVT:E36|KW:exception
1.0,EVT:E21|EVT:E36|KW:exception
1.0,EVT:E20|EVT:E36|KW:exception
1.0,EVT:E18|EVT:E36|KW:exception
1.0,EVT:E19|EVT:E36|KW:exception
1.0,EVT:E17|EVT:E36|KW:exception
1.0,EVT:E16|EVT:E36|KW:exception
1.0,COMP:wsgi_server|EVT:E36|KW:exception
1.0,EVT:E15|EVT:E36|KW:exception
1.0,EVT:E14|EVT:E36|KW:exception
1.0,EVT:E13|EVT:E36|KW:exception
1.0,EVT:E12|EVT:E36|KW:exception
1.0,EVT:E11|EVT:E36|KW:exception
1.0,EVT:E10|EVT:E36|KW:exception
1.0,EVT:E1|EVT:E36|KW:exception
1.0,COMP:compute_server_external_events|EVT:E36|KW:exception
1.0,COMP:openstack_wsgi|EVT:E36|KW:exception
1.0,COMP:libvirt_imagecache|EVT:E36|KW:exception
1.0,COMP:libvirt_driver|EVT:E36|KW:exception
1.0,COMP:compute_manager|EVT:E36|KW:exception
1.0,COMP:compute_resource_tracker|EVT:E36|KW:exception
1.0,COMP:compute_claims|EVT:E36|KW:exception
0.6,EVT:E29|EVT:E36|KW:exception
1.0,EVT:E34|EVT:E35|KW:exception
1.0,EVT:E33|EVT:E35|KW:exception
1.0,EVT:E32|EVT:E35|KW:exception
1.0,EVT:E31|EVT:E35|KW:exception
1.0,EVT:E30|EVT:E35|KW:exception
1.0,EVT:E3|EVT:E35|KW:exception
1.0,EVT:E28|EVT:E35|KW:exception
1.0,EVT:E27|EVT:E35|KW:exception
1.0,EVT:E25|EVT:E35|KW:exception
1.0,EVT:E26|EVT:E35|KW:exception
1.0,EVT:E24|EVT:E35|KW:exception
1.0,EVT:E23|EVT:E35|KW:exception
1.0,EVT:E2|EVT:E35|KW:exception
1.0,EVT:E22|EVT:E35|KW:exception
1.0,EVT:E21|EVT:E35|KW:exception
1.0,EVT:E20|EVT:E35|KW:exception
1.0,EVT:E18|EVT:E35|KW:exception
1.0,EVT:E19|EVT:E35|KW:exception
1.0,EVT:E17|EVT:E35|KW:exception
1.0,EVT:E16|EVT:E35|KW:exception
1.0,COMP:wsgi_server|EVT:E35|KW:exception
1.0,EVT:E15|EVT:E35|KW:exception
1.0,EVT:E14|EVT:E35|KW:exception
1.0,EVT:E13|EVT:E35|KW:exception
1.0,EVT:E12|EVT:E35|KW:exception
1.0,EVT:E11|EVT:E35|KW:exception
1.0,EVT:E10|EVT:E35|KW:exception
1.0,EVT:E1|EVT:E35|KW:exception
1.0,COMP:compute_server_external_events|EVT:E35|KW:exception
1.0,COMP:openstack_wsgi|EVT:E35|KW:exception
1.0,COMP:libvirt_imagecache|EVT:E35|KW:exception
1.0,COMP:libvirt_driver|EVT:E35|KW:exception
1.0,COMP:compute_manager|EVT:E35|KW:exception
1.0,COMP:compute_resource_tracker|EVT:E35|KW:exception
1.0,COMP:compute_claims|EVT:E35|KW:exception
0.6,EVT:E29|EVT:E35|KW:exception
1.0,EVT:E33|EVT:E34|KW:exception
1.0,EVT:E32|EVT:E34|KW:exception
1.0,EVT:E31|EVT:E34|KW:exception
1.0,EVT:E30|EVT:E34|KW:exception
1.0,EVT:E3|EVT:E34|KW:exception
1.0,EVT:E28|EVT:E34|KW:exception
1.0,EVT:E27|EVT:E34|KW:exception
1.0,EVT:E25|EVT:E34|KW:exception
1.0,EVT:E26|EVT:E34|KW:exception
1.0,EVT:E24|EVT:E34|KW:exception
1.0,EVT:E23|EVT:E34|KW:exception
1.0,EVT:E2|EVT:E34|KW:exception
1.0,EVT:E22|EVT:E34|KW:exception
1.0,EVT:E21|EVT:E34|KW:exception
1.0,EVT:E20|EVT:E34|KW:exception
1.0,EVT:E18|EVT:E34|KW:exception
1.0,EVT:E19|EVT:E34|KW:exception
1.0,EVT:E17|EVT:E34|KW:exception
1.0,EVT:E16|EVT:E34|KW:exception
1.0,COMP:wsgi_server|EVT:E34|KW:exception
1.0,EVT:E15|EVT:E34|KW:exception
1.0,EVT:E14|EVT:E34|KW:exception
1.0,EVT:E13|EVT:E34|KW:exception
1.0,EVT:E12|EVT:E34|KW:exception
1.0,EVT:E11|EVT:E34|KW:exception
1.0,EVT:E10|EVT:E34|KW:exception
1.0,EVT:E1|EVT:E34|KW:exception
1.0,COMP:compute_server_external_events|EVT:E34|KW:exception
1.0,COMP:openstack_wsgi|EVT:E34|KW:exception
1.0,COMP:libvirt_imagecache|EVT:E34|KW:exception
1.0,COMP:libvirt_driver|EVT:E34|KW:exception
1.0,COMP:compute_manager|EVT:E34|KW:exception
1.0,COMP:compute_resource_tracker|EVT:E34|KW:exception
1.0,COMP:compute_claims|EVT:E34|KW:exception
0.6,EVT:E29|EVT:E34|KW:exception
1.0,EVT:E32|EVT:E33|KW:exception
1.0,EVT:E31|EVT:E33|KW:exception
1.0,EVT:E30|EVT:E33|KW:exception
1.0,EVT:E3|EVT:E33|KW:exception
1.0,EVT:E28|EVT:E33|KW:exception
1.0,EVT:E27|EVT:E33|KW:exception
1.0,EVT:E25|EVT:E33|KW:exception
1.0,EVT:E26|EVT:E33|KW:exception
1.0,EVT:E24|EVT:E33|KW:exception
1.0,EVT:E23|EVT:E33|KW:exception
1.0,EVT:E2|EVT:E33|KW:exception
1.0,EVT:E22|EVT:E33|KW:exception
1.0,EVT:E21|EVT:E33|KW:exception
1.0,EVT:E20|EVT:E33|KW:exception
1.0,EVT:E18|EVT:E33|KW:exception
1.0,EVT:E19|EVT:E33|KW:exception
1.0,EVT:E17|EVT:E33|KW:exception
1.0,EVT:E16|EVT:E33|KW:exception
1.0,COMP:wsgi_server|EVT:E33|KW:exception
1.0,EVT:E15|EVT:E33|KW:exception
1.0,EVT:E14|EVT:E33|KW:exception
1.0,EVT:E13|EVT:E33|KW:exception
1.0,EVT:E12|EVT:E33|KW:exception
1.0,EVT:E11|EVT:E33|KW:exception
1.0,EVT:E10|EVT:E33|KW:exception
1.0,EVT:E1|EVT:E33|KW:exception
1.0,COMP:compute_server_external_events|EVT:E33|KW:exception
1.0,COMP:openstack_wsgi|EVT:E33|KW:exception
1.0,COMP:libvirt_imagecache|EVT:E33|KW:exception
1.0,COMP:libvirt_driver|EVT:E33|KW:exception
1.0,COMP:compute_manager|EVT:E33|KW:exception
1.0,COMP:compute_resource_tracker|EVT:E33|KW:exception
1.0,COMP:compute_claims|EVT:E33|KW:exception
0.6,EVT:E29|EVT:E33|KW:exception
1.0,EVT:E31|EVT:E32|KW:exception
1.0,EVT:E30|EVT:E32|KW:exception
1.0,EVT:E3|EVT:E32|KW:exception
1.0,EVT:E28|EVT:E32|KW:exception
1.0,EVT:E27|EVT:E32|KW:exception
1.0,EVT:E25|EVT:E32|KW:exception
1.0,EVT:E26|EVT:E32|KW:exception
1.0,EVT:E24|EVT:E32|KW:exception
1.0,EVT:E23|EVT:E32|KW:exception
1.0,EVT:E2|EVT:E32|KW:exception
1.0,EVT:E22|EVT:E32|KW:exception
1.0,EVT:E21|EVT:E32|KW:exception
1.0,EVT:E20|EVT:E32|KW:exception
1.0,EVT:E18|EVT:E32|KW:exception
1.0,EVT:E19|EVT:E32|KW:exception
1.0,EVT:E17|EVT:E32|KW:exception
1.0,EVT:E16|EVT:E32|KW:exception
1.0,COMP:wsgi_server|EVT:E32|KW:exception
1.0,EVT:E15|EVT:E32|KW:exception
1.0,EVT:E14|EVT:E32|KW:exception
1.0,EVT:E13|EVT:E32|KW:exception
1.0,EVT:E12|EVT:E32|KW:exception
1.0,EVT:E11|EVT:E32|KW:exception
1.0,EVT:E10|EVT:E32|KW:exception
1.0,EVT:E1|EVT:E32|KW:exception
1.0,COMP:compute_server_external_events|EVT:E32|KW:exception
1.0,COMP:openstack_wsgi|EVT:E32|KW:exception
1.0,COMP:libvirt_imagecache|EVT:E32|KW:exception
1.0,COMP:libvirt_driver|EVT:E32|KW:exception
1.0,COMP:compute_manager|EVT:E32|KW:exception
1.0,COMP:compute_resource_tracker|EVT:E32|KW:exception
1.0,COMP:compute_claims|EVT:E32|KW:exception
0.6,EVT:E29|EVT:E32|KW:exception
1.0,EVT:E30|EVT:E31|KW:exception
1.0,EVT:E3|EVT:E31|KW:exception
1.0,EVT:E28|EVT:E31|KW:exception
1.0,EVT:E27|EVT:E31|KW:exception
1.0,EVT:E25|EVT:E31|KW:exception
1.0,EVT:E26|EVT:E31|KW:exception
1.0,EVT:E24|EVT:E31|KW:exception
1.0,EVT:E23|EVT:E31|KW:exception
1.0,EVT:E2|EVT:E31|KW:exception
1.0,EVT:E22|EVT:E31|KW:exception
1.0,EVT:E21|EVT:E31|KW:exception
1.0,EVT:E20|EVT:E31|KW:exception
1.0,EVT:E18|EVT:E31|KW:exception
1.0,EVT:E19|EVT:E31|KW:exception
1.0,EVT:E17|EVT:E31|KW:exception
1.0,EVT:E16|EVT:E31|KW:exception
1.0,COMP:wsgi_server|EVT:E31|KW:exception
1.0,EVT:E15|EVT:E31|KW:exception
1.0,EVT:E14|EVT:E31|KW:exception
1.0,EVT:E13|EVT:E31|KW:exception
1.0,EVT:E12|EVT:E31|KW:exception
1.0,EVT:E11|EVT:E31|KW:exception
1.0,EVT:E10|EVT:E31|KW:exception
1.0,EVT:E1|EVT:E31|KW:exception
1.0,COMP:compute_server_external_events|EVT:E31|KW:exception
1.0,COMP:openstack_wsgi|EVT:E31|KW:exception
1.0,COMP:libvirt_imagecache|EVT:E31|KW:exception
1.0,COMP:libvirt_driver|EVT:E31|KW:exception
1.0,COMP:compute_manager|EVT:E31|KW:exception
1.0,COMP:compute_resource_tracker|EVT:E31|KW:exception
1.0,COMP:compute_claims|EVT:E31|KW:exception
0.6,EVT:E29|EVT:E31|KW:exception
1.0,EVT:E3|EVT:E30|KW:exception
1.0,EVT:E28|EVT:E30|KW:exception
1.0,EVT:E27|EVT:E30|KW:exception
1.0,EVT:E25|EVT:E30|KW:exception
1.0,EVT:E26|EVT:E30|KW:exception
1.0,EVT:E24|EVT:E30|KW:exception
1.0,EVT:E23|EVT:E30|KW:exception
1.0,EVT:E2|EVT:E30|KW:exception
1.0,EVT:E22|EVT:E30|KW:exception
1.0,EVT:E21|EVT:E30|KW:exception
1.0,EVT:E20|EVT:E30|KW:exception
1.0,EVT:E18|EVT:E30|KW:exception
1.0,EVT:E19|EVT:E30|KW:exception
1.0,EVT:E17|EVT:E30|KW:exception
1.0,EVT:E16|EVT:E30|KW:exception
1.0,COMP:wsgi_server|EVT:E30|KW:exception
1.0,EVT:E15|EVT:E30|KW:exception
1.0,EVT:E14|EVT:E30|KW:exception
1.0,EVT:E13|EVT:E30|KW:exception
1.0,EVT:E12|EVT:E30|KW:exception
1.0,EVT:E11|EVT:E30|KW:exception
1.0,EVT:E10|EVT:E30|KW:exception
1.0,EVT:E1|EVT:E30|KW:exception
1.0,COMP:compute_server_external_events|EVT:E30|KW:exception
1.0,COMP:openstack_wsgi|EVT:E30|KW:exception
1.0,COMP:libvirt_imagecache|EVT:E30|KW:exception
1.0,COMP:libvirt_driver|EVT:E30|KW:exception
1.0,COMP:compute_manager|EVT:E30|KW:exception
1.0,COMP:compute_resource_tracker|EVT:E30|KW:exception
1.0,COMP:compute_claims|EVT:E30|KW:exception
0.6,EVT:E29|EVT:E30|KW:exception
1.0,EVT:E28|EVT:E3|KW:exception
1.0,EVT:E27|EVT:E3|KW:exception
1.0,EVT:E25|EVT:E3|KW:exception
1.0,EVT:E26|EVT:E3|KW:exception
1.0,EVT:E24|EVT:E3|KW:exception
1.0,EVT:E23|EVT:E3|KW:exception
1.0,EVT:E2|EVT:E3|KW:exception
1.0,EVT:E22|EVT:E3|KW:exception
1.0,EVT:E21|EVT:E3|KW:exception
1.0,EVT:E20|EVT:E3|KW:exception
1.0,EVT:E18|EVT:E3|KW:exception
1.0,EVT:E19|EVT:E3|KW:exception
1.0,EVT:E17|EVT:E3|KW:exception
1.0,EVT:E16|EVT:E3|KW:exception
1.0,COMP:wsgi_server|EVT:E3|KW:exception
1.0,EVT:E15|EVT:E3|KW:exception
1.0,EVT:E14|EVT:E3|KW:exception
1.0,EVT:E13|EVT:E3|KW:exception
1.0,EVT:E12|EVT:E3|KW:exception
1.0,EVT:E11|EVT:E3|KW:exception
1.0,EVT:E10|EVT:E3|KW:exception
1.0,EVT:E1|EVT:E3|KW:exception
1.0,COMP:compute_server_external_events|EVT:E3|KW:exception
1.0,COMP:openstack_wsgi|EVT:E3|KW:exception
1.0,COMP:libvirt_imagecache|EVT:E3|KW:exception
1.0,COMP:libvirt_driver|EVT:E3|KW:exception
1.0,COMP:compute_manager|EVT:E3|KW:exception
1.0,COMP:compute_resource_tracker|EVT:E3|KW:exception
1.0,COMP:compute_claims|EVT:E3|KW:exception
0.6,EVT:E29|EVT:E3|KW:exception
1.0,EVT:E27|EVT:E28|KW:exception
1.0,EVT:E25|EVT:E28|KW:exception
1.0,EVT:E26|EVT:E28|KW:exception
1.0,EVT:E24|EVT:E28|KW:exception
1.0,EVT:E23|EVT:E28|KW:exception
1.0,EVT:E2|EVT:E28|KW:exception
1.0,EVT:E22|EVT:E28|KW:exception
1.0,EVT:E21|EVT:E28|KW:exception
1.0,EVT:E20|EVT:E28|KW:exception
1.0,EVT:E18|EVT:E28|KW:exception
1.0,EVT:E19|EVT:E28|KW:exception
1.0,EVT:E17|EVT:E28|KW:exception
1.0,EVT:E16|EVT:E28|KW:exception
1.0,COMP:wsgi_server|EVT:E28|KW:exception
1.0,EVT:E15|EVT:E28|KW:exception
1.0,EVT:E14|EVT:E28|KW:exception
1.0,EVT:E13|EVT:E28|KW:exception
1.0,EVT:E12|EVT:E28|KW:exception
1.0,EVT:E11|EVT:E28|KW:exception
1.0,EVT:E10|EVT:E28|KW:exception
1.0,EVT:E1|EVT:E28|KW:exception
1.0,COMP:compute_server_external_events|EVT:E28|KW:exception
1.0,COMP:openstack_wsgi|EVT:E28|KW:exception
1.0,COMP:libvirt_imagecache|EVT:E28|KW:exception
1.0,COMP:libvirt_driver|EVT:E28|KW:exception
1.0,COMP:compute_manager|EVT:E28|KW:exception
1.0,COMP:compute_resource_tracker|EVT:E28|KW:exception
1.0,COMP:compute_claims|EVT:E28|KW:exception
0.6,EVT:E28|EVT:E29|KW:exception
1.0,EVT:E25|EVT:E27|KW:exception
1.0,EVT:E26|EVT:E27|KW:exception
1.0,EVT:E24|EVT:E27|KW:exception
1.0,EVT:E23|EVT:E27|KW:exception
1.0,EVT:E2|EVT:E27|KW:exception
1.0,EVT:E22|EVT:E27|KW:exception
1.0,EVT:E21|EVT:E27|KW:exception
1.0,EVT:E20|EVT:E27|KW:exception
1.0,EVT:E18|EVT:E27|KW:exception
1.0,EVT:E19|EVT:E27|KW:exception
1.0,EVT:E17|EVT:E27|KW:exception
1.0,EVT:E16|EVT:E27|KW:exception
1.0,COMP:wsgi_server|EVT:E27|KW:exception
1.0,EVT:E15|EVT:E27|KW:exception
1.0,EVT:E14|EVT:E27|KW:exception
1.0,EVT:E13|EVT:E27|KW:exception
1.0,EVT:E12|EVT:E27|KW:exception
1.0,EVT:E11|EVT:E27|KW:exception
1.0,EVT:E10|EVT:E27|KW:exception
1.0,EVT:E1|EVT:E27|KW:exception
1.0,COMP:compute_server_external_events|EVT:E27|KW:exception
1.0,COMP:openstack_wsgi|EVT:E27|KW:exception
1.0,COMP:libvirt_imagecache|EVT:E27|KW:exception
1.0,COMP:libvirt_driver|EVT:E27|KW:exception
1.0,COMP:compute_manager|EVT:E27|KW:exception
1.0,COMP:compute_resource_tracker|EVT:E27|KW:exception
1.0,COMP:compute_claims|EVT:E27|KW:exception
0.6,EVT:E27|EVT:E29|KW:exception
1.0,EVT:E25|EVT:E26|KW:exception
1.0,EVT:E24|EVT:E25|KW:exception
1.0,EVT:E23|EVT:E25|KW:exception
1.0,EVT:E2|EVT:E25|KW:exception
1.0,EVT:E22|EVT:E25|KW:exception
1.0,EVT:E21|EVT:E25|KW:exception
1.0,EVT:E20|EVT:E25|KW:exception
1.0,EVT:E18|EVT:E25|KW:exception
1.0,EVT:E19|EVT:E25|KW:exception
1.0,EVT:E17|EVT:E25|KW:exception
1.0,EVT:E16|EVT:E25|KW:exception
1.0,COMP:wsgi_server|EVT:E25|KW:exception
1.0,EVT:E15|EVT:E25|KW:exception
1.0,EVT:E14|EVT:E25|KW:exception
1.0,EVT:E13|EVT:E25|KW:exception
1.0,EVT:E12|EVT:E25|KW:exception
1.0,EVT:E11|EVT:E25|KW:exception
1.0,EVT:E10|EVT:E25|KW:exception
1.0,EVT:E1|EVT:E25|KW:exception
1.0,COMP:compute_server_external_events|EVT:E25|KW:exception
1.0,COMP:openstack_wsgi|EVT:E25|KW:exception
1.0,COMP:libvirt_imagecache|EVT:E25|KW:exception
1.0,COMP:libvirt_driver|EVT:E25|KW:exception
1.0,COMP:compute_manager|EVT:E25|KW:exception
1.0,COMP:compute_resource_tracker|EVT:E25|KW:exception
1.0,COMP:compute_claims|EVT:E25|KW:exception
0.6,EVT:E25|EVT:E29|KW:exception
1.0,EVT:E24|EVT:E26|KW:exception
1.0,EVT:E23|EVT:E26|KW:exception
1.0,EVT:E2|EVT:E26|KW:exception
1.0,EVT:E22|EVT:E26|KW:exception
1.0,EVT:E21|EVT:E26|KW:exception
1.0,EVT:E20|EVT:E26|KW:exception
1.0,EVT:E18|EVT:E26|KW:exception
1.0,EVT:E19|EVT:E26|KW:exception
1.0,EVT:E17|EVT:E26|KW:exception
1.0,EVT:E16|EVT:E26|KW:exception
1.0,COMP:wsgi_server|EVT:E26|KW:exception
1.0,EVT:E15|EVT:E26|KW:exception
1.0,EVT:E14|EVT:E26|KW:exception
1.0,EVT:E13|EVT:E26|KW:exception
1.0,EVT:E12|EVT:E26|KW:exception
1.0,EVT:E11|EVT:E26|KW:exception
1.0,EVT:E10|EVT:E26|KW:exception
1.0,EVT:E1|EVT:E26|KW:exception
1.0,COMP:compute_server_external_events|EVT:E26|KW:exception
1.0,COMP:openstack_wsgi|EVT:E26|KW:exception
1.0,COMP:libvirt_imagecache|EVT:E26|KW:exception
1.0,COMP:libvirt_driver|EVT:E26|KW:exception
1.0,COMP:compute_manager|EVT:E26|KW:exception
1.0,COMP:compute_resource_tracker|EVT:E26|KW:exception
1.0,COMP:compute_claims|EVT:E26|KW:exception
0.6,EVT:E26|EVT:E29|KW:exception
1.0,EVT:E23|EVT:E24|KW:exception
1.0,EVT:E2|EVT:E24|KW:exception
1.0,EVT:E22|EVT:E24|KW:exception
1.0,EVT:E21|EVT:E24|KW:exception
1.0,EVT:E20|EVT:E24|KW:exception
1.0,EVT:E18|EVT:E24|KW:exception
1.0,EVT:E19|EVT:E24|KW:exception
1.0,EVT:E17|EVT:E24|KW:exception
1.0,EVT:E16|EVT:E24|KW:exception
1.0,COMP:wsgi_server|EVT:E24|KW:exception
1.0,EVT:E15|EVT:E24|KW:exception
1.0,EVT:E14|EVT:E24|KW:exception
1.0,EVT:E13|EVT:E24|KW:exception
1.0,EVT:E12|EVT:E24|KW:exception
1.0,EVT:E11|EVT:E24|KW:exception
1.0,EVT:E10|EVT:E24|KW:exception
1.0,EVT:E1|EVT:E24|KW:exception
1.0,COMP:compute_server_external_events|EVT:E24|KW:exception
1.0,COMP:openstack_wsgi|EVT:E24|KW:exception
1.0,COMP:libvirt_imagecache|EVT:E24|KW:exception
1.0,COMP:libvirt_driver|EVT:E24|KW:exception
1.0,COMP:compute_manager|EVT:E24|KW:exception
1.0,COMP:compute_resource_tracker|EVT:E24|KW:exception
1.0,COMP:compute_claims|EVT:E24|KW:exception
0.6,EVT:E24|EVT:E29|KW:exception
1.0,EVT:E2|EVT:E23|KW:exception
1.0,EVT:E22|EVT:E23|KW:exception
1.0,EVT:E21|EVT:E23|KW:exception
1.0,EVT:E20|EVT:E23|KW:exception
1.0,EVT:E18|EVT:E23|KW:exception
1.0,EVT:E19|EVT:E23|KW:exception
1.0,EVT:E17|EVT:E23|KW:exception
1.0,EVT:E16|EVT:E23|KW:exception
1.0,COMP:wsgi_server|EVT:E23|KW:exception
1.0,EVT:E15|EVT:E23|KW:exception
1.0,EVT:E14|EVT:E23|KW:exception
1.0,EVT:E13|EVT:E23|KW:exception
1.0,EVT:E12|EVT:E23|KW:exception
1.0,EVT:E11|EVT:E23|KW:exception
1.0,EVT:E10|EVT:E23|KW:exception
1.0,EVT:E1|EVT:E23|KW:exception
1.0,COMP:compute_server_external_events|EVT:E23|KW:exception
1.0,COMP:openstack_wsgi|EVT:E23|KW:exception
1.0,COMP:libvirt_imagecache|EVT:E23|KW:exception
1.0,COMP:libvirt_driver|EVT:E23|KW:exception
1.0,COMP:compute_manager|EVT:E23|KW:exception
1.0,COMP:compute_resource_tracker|EVT:E23|KW:exception
1.0,COMP:compute_claims|EVT:E23|KW:exception
0.6,EVT:E23|EVT:E29|KW:exception
1.0,EVT:E2|EVT:E22|KW:exception
1.0,EVT:E2|EVT:E21|KW:exception
1.0,EVT:E2|EVT:E20|KW:exception
1.0,EVT:E18|EVT:E2|KW:exception
1.0,EVT:E19|EVT:E2|KW:exception
1.0,EVT:E17|EVT:E2|KW:exception
1.0,EVT:E16|EVT:E2|KW:exception
1.0,COMP:wsgi_server|EVT:E2|KW:exception
1.0,EVT:E15|EVT:E2|KW:exception
1.0,EVT:E14|EVT:E2|KW:exception
1.0,EVT:E13|EVT:E2|KW:exception
1.0,EVT:E12|EVT:E2|KW:exception
1.0,EVT:E11|EVT:E2|KW:exception
1.0,EVT:E10|EVT:E2|KW:exception
1.0,EVT:E1|EVT:E2|KW:exception
1.0,COMP:compute_server_external_events|EVT:E2|KW:exception
1.0,COMP:openstack_wsgi|EVT:E2|KW:exception
1.0,COMP:libvirt_imagecache|EVT:E2|KW:exception
1.0,COMP:libvirt_driver|EVT:E2|KW:exception
1.0,COMP:compute_manager|EVT:E2|KW:exception
1.0,COMP:compute_resource_tracker|EVT:E2|KW:exception
1.0,COMP:compute_claims|EVT:E2|KW:exception
0.6,EVT:E2|EVT:E29|KW:exception
1.0,EVT:E21|EVT:E22|KW:exception
1.0,EVT:E20|EVT:E22|KW:exception
1.0,EVT:E18|EVT:E22|KW:exception
1.0,EVT:E19|EVT:E22|KW:exception
1.0,EVT:E17|EVT:E22|KW:exception
1.0,EVT:E16|EVT:E22|KW:exception
1.0,COMP:wsgi_server|EVT:E22|KW:exception
1.0,EVT:E15|EVT:E22|KW:exception
1.0,EVT:E14|EVT:E22|KW:exception
1.0,EVT:E13|EVT:E22|KW:exception
1.0,EVT:E12|EVT:E22|KW:exception
1.0,EVT:E11|EVT:E22|KW:exception
1.0,EVT:E10|EVT:E22|KW:exception
1.0,EVT:E1|EVT:E22|KW:exception
1.0,COMP:compute_server_external_events|EVT:E22|KW:exception
1.0,COMP:openstack_wsgi|EVT:E22|KW:exception
1.0,COMP:libvirt_imagecache|EVT:E22|KW:exception
1.0,COMP:libvirt_driver|EVT:E22|KW:exception
1.0,COMP:compute_manager|EVT:E22|KW:exception
1.0,COMP:compute_resource_tracker|EVT:E22|KW:exception
1.0,COMP:compute_claims|EVT:E22|KW:exception
0.6,EVT:E22|EVT:E29|KW:exception
1.0,EVT:E20|EVT:E21|KW:exception
1.0,EVT:E18|EVT:E21|KW:exception
1.0,EVT:E19|EVT:E21|KW:exception
1.0,EVT:E17|EVT:E21|KW:exception
1.0,EVT:E16|EVT:E21|KW:exception
1.0,COMP:wsgi_server|EVT:E21|KW:exception
1.0,EVT:E15|EVT:E21|KW:exception
1.0,EVT:E14|EVT:E21|KW:exception
1.0,EVT:E13|EVT:E21|KW:exception
1.0,EVT:E12|EVT:E21|KW:exception
1.0,EVT:E11|EVT:E21|KW:exception
1.0,EVT:E10|EVT:E21|KW:exception
1.0,EVT:E1|EVT:E21|KW:exception
1.0,COMP:compute_server_external_events|EVT:E21|KW:exception
1.0,COMP:openstack_wsgi|EVT:E21|KW:exception
1.0,COMP:libvirt_imagecache|EVT:E21|KW:exception
1.0,COMP:libvirt_driver|EVT:E21|KW:exception
1.0,COMP:compute_manager|EVT:E21|KW:exception
1.0,COMP:compute_resource_tracker|EVT:E21|KW:exception
1.0,COMP:compute_claims|EVT:E21|KW:exception
0.6,EVT:E21|EVT:E29|KW:exception
1.0,EVT:E18|EVT:E20|KW:exception
1.0,EVT:E19|EVT:E20|KW:exception
1.0,EVT:E17|EVT:E20|KW:exception
1.0,EVT:E16|EVT:E20|KW:exception
1.0,COMP:wsgi_server|EVT:E20|KW:exception
1.0,EVT:E15|EVT:E20|KW:exception
1.0,EVT:E14|EVT:E20|KW:exception
1.0,EVT:E13|EVT:E20|KW:exception
1.0,EVT:E12|EVT:E20|KW:exception
1.0,EVT:E11|EVT:E20|KW:exception
1.0,EVT:E10|EVT:E20|KW:exception
1.0,EVT:E1|EVT:E20|KW:exception
1.0,COMP:compute_server_external_events|EVT:E20|KW:exception
1.0,COMP:openstack_wsgi|EVT:E20|KW:exception
1.0,COMP:libvirt_imagecache|EVT:E20|KW:exception
1.0,COMP:libvirt_driver|EVT:E20|KW:exception
1.0,COMP:compute_manager|EVT:E20|KW:exception
1.0,COMP:compute_resource_tracker|EVT:E20|KW:exception
1.0,COMP:compute_claims|EVT:E20|KW:exception
0.6,EVT:E20|EVT:E29|KW:exception
1.0,EVT:E18|EVT:E19|KW:exception
1.0,EVT:E17|EVT:E18|KW:exception
1.0,EVT:E16|EVT:E18|KW:exception
1.0,COMP:wsgi_server|EVT:E18|KW:exception
1.0,EVT:E15|EVT:E18|KW:exception
1.0,EVT:E14|EVT:E18|KW:exception
1.0,EVT:E13|EVT:E18|KW:exception
1.0,EVT:E12|EVT:E18|KW:exception
1.0,EVT:E11|EVT:E18|KW:exception
1.0,EVT:E10|EVT:E18|KW:exception
1.0,EVT:E1|EVT:E18|KW:exception
1.0,COMP:compute_server_external_events|EVT:E18|KW:exception
1.0,COMP:openstack_wsgi|EVT:E18|KW:exception
1.0,COMP:libvirt_imagecache|EVT:E18|KW:exception
1.0,COMP:libvirt_driver|EVT:E18|KW:exception
1.0,COMP:compute_manager|EVT:E18|KW:exception
1.0,COMP:compute_resource_tracker|EVT:E18|KW:exception
1.0,COMP:compute_claims|EVT:E18|KW:exception
0.6,EVT:E18|EVT:E29|KW:exception
1.0,EVT:E17|EVT:E19|KW:exception
1.0,EVT:E16|EVT:E19|KW:exception
1.0,COMP:wsgi_server|EVT:E19|KW:exception
1.0,EVT:E15|EVT:E19|KW:exception
1.0,EVT:E14|EVT:E19|KW:exception
1.0,EVT:E13|EVT:E19|KW:exception
1.0,EVT:E12|EVT:E19|KW:exception
1.0,EVT:E11|EVT:E19|KW:exception
1.0,EVT:E10|EVT:E19|KW:exception
1.0,EVT:E1|EVT:E19|KW:exception
1.0,COMP:compute_server_external_events|EVT:E19|KW:exception
1.0,COMP:openstack_wsgi|EVT:E19|KW:exception
1.0,COMP:libvirt_imagecache|EVT:E19|KW:exception
1.0,COMP:libvirt_driver|EVT:E19|KW:exception
1.0,COMP:compute_manager|EVT:E19|KW:exception
1.0,COMP:compute_resource_tracker|EVT:E19|KW:exception
1.0,COMP:compute_claims|EVT:E19|KW:exception
0.6,EVT:E19|EVT:E29|KW:exception
1.0,EVT:E16|EVT:E17|KW:exception
1.0,COMP:wsgi_server|EVT:E17|KW:exception
1.0,EVT:E15|EVT:E17|KW:exception
1.0,EVT:E14|EVT:E17|KW:exception
1.0,EVT:E13|EVT:E17|KW:exception
1.0,EVT:E12|EVT:E17|KW:exception
1.0,EVT:E11|EVT:E17|KW:exception
1.0,EVT:E10|EVT:E17|KW:exception
1.0,EVT:E1|EVT:E17|KW:exception
1.0,COMP:compute_server_external_events|EVT:E17|KW:exception
1.0,COMP:openstack_wsgi|EVT:E17|KW:exception
1.0,COMP:libvirt_imagecache|EVT:E17|KW:exception
1.0,COMP:libvirt_driver|EVT:E17|KW:exception
1.0,COMP:compute_manager|EVT:E17|KW:exception
1.0,COMP:compute_resource_tracker|EVT:E17|KW:exception
1.0,COMP:compute_claims|EVT:E17|KW:exception
0.6,EVT:E17|EVT:E29|KW:exception
1.0,COMP:wsgi_server|EVT:E16|KW:exception
1.0,EVT:E15|EVT:E16|KW:exception
1.0,EVT:E14|EVT:E16|KW:exception
1.0,EVT:E13|EVT:E16|KW:exception
1.0,EVT:E12|EVT:E16|KW:exception
1.0,EVT:E11|EVT:E16|KW:exception
1.0,EVT:E10|EVT:E16|KW:exception
1.0,EVT:E1|EVT:E16|KW:exception
1.0,COMP:compute_server_external_events|EVT:E16|KW:exception
1.0,COMP:openstack_wsgi|EVT:E16|KW:exception
1.0,COMP:libvirt_imagecache|EVT:E16|KW:exception
1.0,COMP:libvirt_driver|EVT:E16|KW:exception
1.0,COMP:compute_manager|EVT:E16|KW:exception
1.0,COMP:compute_resource_tracker|EVT:E16|KW:exception
1.0,COMP:compute_claims|EVT:E16|KW:exception
0.6,EVT:E16|EVT:E29|KW:exception
1.0,COMP:wsgi_server|EVT:E15|KW:exception
1.0,COMP:wsgi_server|EVT:E14|KW:exception
1.0,COMP:wsgi_server|EVT:E13|KW:exception
1.0,COMP:wsgi_server|EVT:E12|KW:exception
1.0,COMP:wsgi_server|EVT:E11|KW:exception
1.0,COMP:wsgi_server|EVT:E10|KW:exception
1.0,COMP:wsgi_server|EVT:E1|KW:exception
1.0,COMP:compute_server_external_events|COMP:wsgi_server|KW:exception
1.0,COMP:openstack_wsgi|COMP:wsgi_server|KW:exception
1.0,COMP:libvirt_imagecache|COMP:wsgi_server|KW:exception
1.0,COMP:libvirt_driver|COMP:wsgi_server|KW:exception
1.0,COMP:compute_manager|COMP:wsgi_server|KW:exception
1.0,COMP:compute_resource_tracker|COMP:wsgi_server|KW:exception
1.0,COMP:compute_claims|COMP:wsgi_server|KW:exception
0.6,COMP:wsgi_server|EVT:E29|KW:exception
1.0,EVT:E14|EVT:E15|KW:exception
1.0,EVT:E13|EVT:E15|KW:exception
1.0,EVT:E12|EVT:E15|KW:exception
1.0,EVT:E11|EVT:E15|KW:exception
1.0,EVT:E10|EVT:E15|KW:exception
1.0,EVT:E1|EVT:E15|KW:exception
1.0,COMP:compute_server_external_events|EVT:E15|KW:exception
1.0,COMP:openstack_wsgi|EVT:E15|KW:exception
1.0,COMP:libvirt_imagecache|EVT:E15|KW:exception
1.0,COMP:libvirt_driver|EVT:E15|KW:exception
1.0,COMP:compute_manager|EVT:E15|KW:exception
1.0,COMP:compute_resource_tracker|EVT:E15|KW:exception
1.0,COMP:compute_claims|EVT:E15|KW:exception
0.6,EVT:E15|EVT:E29|KW:exception
1.0,EVT:E13|EVT:E14|KW:exception
1.0,EVT:E12|EVT:E14|KW:exception
1.0,EVT:E11|EVT:E14|KW:exception
1.0,EVT:E10|EVT:E14|KW:exception
1.0,EVT:E1|EVT:E14|KW:exception
1.0,COMP:compute_server_external_events|EVT:E14|KW:exception
1.0,COMP:openstack_wsgi|EVT:E14|KW:exception
1.0,COMP:libvirt_imagecache|EVT:E14|KW:exception
1.0,COMP:libvirt_driver|EVT:E14|KW:exception
1.0,COMP:compute_manager|EVT:E14|KW:exception
1.0,COMP:compute_resource_tracker|EVT:E14|KW:exception
1.0,COMP:compute_claims|EVT:E14|KW:exception
0.6,EVT:E14|EVT:E29|KW:exception
1.0,EVT:E12|EVT:E13|KW:exception
1.0,EVT:E11|EVT:E13|KW:exception
1.0,EVT:E10|EVT:E13|KW:exception
1.0,EVT:E1|EVT:E13|KW:exception
1.0,COMP:compute_server_external_events|EVT:E13|KW:exception
1.0,COMP:openstack_wsgi|EVT:E13|KW:exception
1.0,COMP:libvirt_imagecache|EVT:E13|KW:exception
1.0,COMP:libvirt_driver|EVT:E13|KW:exception
1.0,COMP:compute_manager|EVT:E13|KW:exception
1.0,COMP:compute_resource_tracker|EVT:E13|KW:exception
1.0,COMP:compute_claims|EVT:E13|KW:exception
0.6,EVT:E13|EVT:E29|KW:exception
1.0,EVT:E11|EVT:E12|KW:exception
1.0,EVT:E10|EVT:E12|KW:exception
1.0,EVT:E1|EVT:E12|KW:exception
1.0,COMP:compute_server_external_events|EVT:E12|KW:exception
1.0,COMP:openstack_wsgi|EVT:E12|KW:exception
1.0,COMP:libvirt_imagecache|EVT:E12|KW:exception
1.0,COMP:libvirt_driver|EVT:E12|KW:exception
1.0,COMP:compute_manager|EVT:E12|KW:exception
1.0,COMP:compute_resource_tracker|EVT:E12|KW:exception
1.0,COMP:compute_claims|EVT:E12|KW:exception
0.6,EVT:E12|EVT:E29|KW:exception
1.0,EVT:E10|EVT:E11|KW:exception
1.0,EVT:E1|EVT:E11|KW:exception
1.0,COMP:compute_server_external_events|EVT:E11|KW:exception
1.0,COMP:openstack_wsgi|EVT:E11|KW:exception
1.0,COMP:libvirt_imagecache|EVT:E11|KW:exception
1.0,COMP:libvirt_driver|EVT:E11|KW:exception
1.0,COMP:compute_manager|EVT:E11|KW:exception
1.0,COMP:compute_resource_tracker|EVT:E11|KW:exception
1.0,COMP:compute_claims|EVT:E11|KW:exception
0.6,EVT:E11|EVT:E29|KW:exception
1.0,EVT:E1|EVT:E10|KW:exception
1.0,COMP:compute_server_external_events|EVT:E10|KW:exception
1.0,COMP:openstack_wsgi|EVT:E10|KW:exception
1.0,COMP:libvirt_imagecache|EVT:E10|KW:exception
1.0,COMP:libvirt_driver|EVT:E10|KW:exception
1.0,COMP:compute_manager|EVT:E10|KW:exception
1.0,COMP:compute_resource_tracker|EVT:E10|KW:exception
1.0,COMP:compute_claims|EVT:E10|KW:exception
0.6,EVT:E10|EVT:E29|KW:exception
1.0,COMP:compute_server_external_events|EVT:E1|KW:exception
1.0,COMP:openstack_wsgi|EVT:E1|KW:exception
1.0,COMP:libvirt_imagecache|EVT:E1|KW:exception
1.0,COMP:libvirt_driver|EVT:E1|KW:exception
1.0,COMP:compute_manager|EVT:E1|KW:exception
1.0,COMP:compute_resource_tracker|EVT:E1|KW:exception
1.0,COMP:compute_claims|EVT:E1|KW:exception
0.6,EVT:E1|EVT:E29|KW:exception
1.0,COMP:compute_server_external_events|COMP:openstack_wsgi|KW:exception
1.0,COMP:compute_server_external_events|COMP:libvirt_imagecache|KW:exception
1.0,COMP:compute_server_external_events|COMP:libvirt_driver|KW:exception
1.0,COMP:compute_manager|COMP:compute_server_external_events|KW:exception
1.0,COMP:compute_resource_tracker|COMP:compute_server_external_events|KW:exception
1.0,COMP:compute_claims|COMP:compute_server_external_events|KW:exception
0.6,COMP:compute_server_external_events|EVT:E29|KW:exception
1.0,COMP:libvirt_imagecache|COMP:openstack_wsgi|KW:exception
1.0,COMP:libvirt_driver|COMP:openstack_wsgi|KW:exception
1.0,COMP:compute_manager|COMP:openstack_wsgi|KW:exception
1.0,COMP:compute_resource_tracker|COMP:openstack_wsgi|KW:exception
1.0,COMP:compute_claims|COMP:openstack_wsgi|KW:exception
0.6,COMP:openstack_wsgi|EVT:E29|KW:exception
1.0,COMP:libvirt_driver|COMP:libvirt_imagecache|KW:exception
1.0,COMP:compute_manager|COMP:libvirt_imagecache|KW:exception
1.0,COMP:compute_resource_tracker|COMP:libvirt_imagecache|KW:exception
1.0,COMP:compute_claims|COMP:libvirt_imagecache|KW:exception
0.6,COMP:libvirt_imagecache|EVT:E29|KW:exception
1.0,COMP:compute_manager|COMP:libvirt_driver|KW:exception
1.0,COMP:compute_resource_tracker|COMP:libvirt_driver|KW:exception
1.0,COMP:compute_claims|COMP:libvirt_driver|KW:exception
0.6,COMP:libvirt_driver|EVT:E29|KW:exception
1.0,COMP:compute_manager|COMP:compute_resource_tracker|KW:exception
1.0,COMP:compute_claims|COMP:compute_manager|KW:exception
0.6,COMP:compute_manager|EVT:E29|KW:exception
1.0,COMP:compute_claims|COMP:compute_resource_tracker|KW:exception
0.6,COMP:compute_resource_tracker|EVT:E29|KW:exception
0.6,COMP:compute_claims|EVT:E29|KW:exception
1.0,HOUR:00|KW:build|KW:delete
1.0,FLAG:FAILURE|KW:build|KW:delete
1.0,EVT:E9|KW:build|KW:delete
1.0,EVT:E8|KW:build|KW:delete
1.0,EVT:E7|KW:build|KW:delete
1.0,EVT:E6|KW:build|KW:delete
1.0,EVT:E5|KW:build|KW:delete
1.0,EVT:E42|KW:build|KW:delete
1.0,EVT:E41|KW:build|KW:delete
1.0,EVT:E4|KW:build|KW:delete
1.0,EVT:E37|KW:build|KW:delete
1.0,EVT:E36|KW:build|KW:delete
1.0,EVT:E35|KW:build|KW:delete
1.0,EVT:E34|KW:build|KW:delete
1.0,EVT:E33|KW:build|KW:delete
1.0,EVT:E32|KW:build|KW:delete
1.0,EVT:E31|KW:build|KW:delete
1.0,EVT:E30|KW:build|KW:delete
1.0,EVT:E3|KW:build|KW:delete
1.0,EVT:E28|KW:build|KW:delete
1.0,EVT:E27|KW:build|KW:delete
1.0,EVT:E25|KW:build|KW:delete
1.0,EVT:E26|KW:build|KW:delete
1.0,EVT:E24|KW:build|KW:delete
1.0,EVT:E23|KW:build|KW:delete
1.0,EVT:E2|KW:build|KW:delete
1.0,EVT:E22|KW:build|KW:delete
1.0,EVT:E21|KW:build|KW:delete
1.0,EVT:E20|KW:build|KW:delete
1.0,EVT:E18|KW:build|KW:delete
1.0,EVT:E19|KW:build|KW:delete
1.0,EVT:E17|KW:build|KW:delete
1.0,EVT:E16|KW:build|KW:delete
1.0,COMP:wsgi_server|KW:build|KW:delete
1.0,EVT:E15|KW:build|KW:delete
1.0,EVT:E14|KW:build|KW:delete
1.0,EVT:E13|KW:build|KW:delete
1.0,EVT:E12|KW:build|KW:delete
1.0,EVT:E11|KW:build|KW:delete
1.0,EVT:E10|KW:build|KW:delete
1.0,EVT:E1|KW:build|KW:delete
1.0,COMP:compute_server_external_events|KW:build|KW:delete
1.0,COMP:openstack_wsgi|KW:build|KW:delete
1.0,COMP:libvirt_imagecache|KW:build|KW:delete
1.0,COMP:libvirt_driver|KW:build|KW:delete
1.0,COMP:compute_manager|KW:build|KW:delete
1.0,COMP:compute_resource_tracker|KW:build|KW:delete
1.0,COMP:compute_claims|KW:build|KW:delete
0.6,EVT:E29|KW:build|KW:delete
1.0,FLAG:FAILURE|HOUR:00|KW:delete
1.0,EVT:E9|HOUR:00|KW:delete
1.0,EVT:E8|HOUR:00|KW:delete
1.0,EVT:E7|HOUR:00|KW:delete
1.0,EVT:E6|HOUR:00|KW:delete
1.0,EVT:E5|HOUR:00|KW:delete
1.0,EVT:E42|HOUR:00|KW:delete
1.0,EVT:E41|HOUR:00|KW:delete
1.0,EVT:E4|HOUR:00|KW:delete
1.0,EVT:E37|HOUR:00|KW:delete
1.0,EVT:E36|HOUR:00|KW:delete
1.0,EVT:E35|HOUR:00|KW:delete
1.0,EVT:E34|HOUR:00|KW:delete
1.0,EVT:E33|HOUR:00|KW:delete
1.0,EVT:E32|HOUR:00|KW:delete
1.0,EVT:E31|HOUR:00|KW:delete
1.0,EVT:E30|HOUR:00|KW:delete
1.0,EVT:E3|HOUR:00|KW:delete
1.0,EVT:E28|HOUR:00|KW:delete
1.0,EVT:E27|HOUR:00|KW:delete
1.0,EVT:E25|HOUR:00|KW:delete
1.0,EVT:E26|HOUR:00|KW:delete
1.0,EVT:E24|HOUR:00|KW:delete
1.0,EVT:E23|HOUR:00|KW:delete
1.0,EVT:E2|HOUR:00|KW:delete
1.0,EVT:E22|HOUR:00|KW:delete
1.0,EVT:E21|HOUR:00|KW:delete
1.0,EVT:E20|HOUR:00|KW:delete
1.0,EVT:E18|HOUR:00|KW:delete
1.0,EVT:E19|HOUR:00|KW:delete
1.0,EVT:E17|HOUR:00|KW:delete
1.0,EVT:E16|HOUR:00|KW:delete
1.0,COMP:wsgi_server|HOUR:00|KW:delete
1.0,EVT:E15|HOUR:00|KW:delete
1.0,EVT:E14|HOUR:00|KW:delete
1.0,EVT:E13|HOUR:00|KW:delete
1.0,EVT:E12|HOUR:00|KW:delete
1.0,EVT:E11|HOUR:00|KW:delete
1.0,EVT:E10|HOUR:00|KW:delete
1.0,EVT:E1|HOUR:00|KW:delete
1.0,COMP:compute_server_external_events|HOUR:00|KW:delete
1.0,COMP:openstack_wsgi|HOUR:00|KW:delete
1.0,COMP:libvirt_imagecache|HOUR:00|KW:delete
1.0,COMP:libvirt_driver|HOUR:00|KW:delete
1.0,COMP:compute_manager|HOUR:00|KW:delete
1.0,COMP:compute_resource_tracker|HOUR:00|KW:delete
1.0,COMP:compute_claims|HOUR:00|KW:delete
0.6,EVT:E29|HOUR:00|KW:delete
1.0,EVT:E9|FLAG:FAILURE|KW:delete
1.0,EVT:E8|FLAG:FAILURE|KW:delete
1.0,EVT:E7|FLAG:FAILURE|KW:delete
1.0,EVT:E6|FLAG:FAILURE|KW:delete
1.0,EVT:E5|FLAG:FAILURE|KW:delete
1.0,EVT:E42|FLAG:FAILURE|KW:delete
1.0,EVT:E41|FLAG:FAILURE|KW:delete
1.0,EVT:E4|FLAG:FAILURE|KW:delete
1.0,EVT:E37|FLAG:FAILURE|KW:delete
1.0,EVT:E36|FLAG:FAILURE|KW:delete
1.0,EVT:E35|FLAG:FAILURE|KW:delete
1.0,EVT:E34|FLAG:FAILURE|KW:delete
1.0,EVT:E33|FLAG:FAILURE|KW:delete
1.0,EVT:E32|FLAG:FAILURE|KW:delete
1.0,EVT:E31|FLAG:FAILURE|KW:delete
1.0,EVT:E30|FLAG:FAILURE|KW:delete
1.0,EVT:E3|FLAG:FAILURE|KW:delete
1.0,EVT:E28|FLAG:FAILURE|KW:delete
1.0,EVT:E27|FLAG:FAILURE|KW:delete
1.0,EVT:E25|FLAG:FAILURE|KW:delete
1.0,EVT:E26|FLAG:FAILURE|KW:delete
1.0,EVT:E24|FLAG:FAILURE|KW:delete
1.0,EVT:E23|FLAG:FAILURE|KW:delete
1.0,EVT:E2|FLAG:FAILURE|KW:delete
1.0,EVT:E22|FLAG:FAILURE|KW:delete
1.0,EVT:E21|FLAG:FAILURE|KW:delete
1.0,EVT:E20|FLAG:FAILURE|KW:delete
1.0,EVT:E18|FLAG:FAILURE|KW:delete
1.0,EVT:E19|FLAG:FAILURE|KW:delete
1.0,EVT:E17|FLAG:FAILURE|KW:delete
1.0,EVT:E16|FLAG:FAILURE|KW:delete
1.0,COMP:wsgi_server|FLAG:FAILURE|KW:delete
1.0,EVT:E15|FLAG:FAILURE|KW:delete
1.0,EVT:E14|FLAG:FAILURE|KW:delete
1.0,EVT:E13|FLAG:FAILURE|KW:delete
1.0,EVT:E12|FLAG:FAILURE|KW:delete
1.0,EVT:E11|FLAG:FAILURE|KW:delete
1.0,EVT:E10|FLAG:FAILURE|KW:delete
1.0,EVT:E1|FLAG:FAILURE|KW:delete
1.0,COMP:compute_server_external_events|FLAG:FAILURE|KW:delete
1.0,COMP:openstack_wsgi|FLAG:FAILURE|KW:delete
1.0,COMP:libvirt_imagecache|FLAG:FAILURE|KW:delete
1.0,COMP:libvirt_driver|FLAG:FAILURE|KW:delete
1.0,COMP:compute_manager|FLAG:FAILURE|KW:delete
1.0,COMP:compute_resource_tracker|FLAG:FAILURE|KW:delete
1.0,COMP:compute_claims|FLAG:FAILURE|KW:delete
0.6,EVT:E29|FLAG:FAILURE|KW:delete
1.0,EVT:E8|EVT:E9|KW:delete
1.0,EVT:E7|EVT:E9|KW:delete
1.0,EVT:E6|EVT:E9|KW:delete
1.0,EVT:E5|EVT:E9|KW:delete
1.0,EVT:E42|EVT:E9|KW:delete
1.0,EVT:E41|EVT:E9|KW:delete
1.0,EVT:E4|EVT:E9|KW:delete
1.0,EVT:E37|EVT:E9|KW:delete
1.0,EVT:E36|EVT:E9|KW:delete
1.0,EVT:E35|EVT:E9|KW:delete
1.0,EVT:E34|EVT:E9|KW:delete
1.0,EVT:E33|EVT:E9|KW:delete
1.0,EVT:E32|EVT:E9|KW:delete
1.0,EVT:E31|EVT:E9|KW:delete
1.0,EVT:E30|EVT:E9|KW:delete
1.0,EVT:E3|EVT:E9|KW:delete
1.0,EVT:E28|EVT:E9|KW:delete
1.0,EVT:E27|EVT:E9|KW:delete
1.0,EVT:E25|EVT:E9|KW:delete
1.0,EVT:E26|EVT:E9|KW:delete
1.0,EVT:E24|EVT:E9|KW:delete
1.0,EVT:E23|EVT:E9|KW:delete
1.0,EVT:E2|EVT:E9|KW:delete
1.0,EVT:E22|EVT:E9|KW:delete
1.0,EVT:E21|EVT:E9|KW:delete
1.0,EVT:E20|EVT:E9|KW:delete
1.0,EVT:E18|EVT:E9|KW:delete
1.0,EVT:E19|EVT:E9|KW:delete
1.0,EVT:E17|EVT:E9|KW:delete
1.0,EVT:E16|EVT:E9|KW:delete
1.0,COMP:wsgi_server|EVT:E9|KW:delete
1.0,EVT:E15|EVT:E9|KW:delete
1.0,EVT:E14|EVT:E9|KW:delete
1.0,EVT:E13|EVT:E9|KW:delete
1.0,EVT:E12|EVT:E9|KW:delete
1.0,EVT:E11|EVT:E9|KW:delete
1.0,EVT:E10|EVT:E9|KW:delete
1.0,EVT:E1|EVT:E9|KW:delete
1.0,COMP:compute_server_external_events|EVT:E9|KW:delete
1.0,COMP:openstack_wsgi|EVT:E9|KW:delete
1.0,COMP:libvirt_imagecache|EVT:E9|KW:delete
1.0,COMP:libvirt_driver|EVT:E9|KW:delete
1.0,COMP:compute_manager|EVT:E9|KW:delete
1.0,COMP:compute_resource_tracker|EVT:E9|KW:delete
1.0,COMP:compute_claims|EVT:E9|KW:delete
0.6,EVT:E29|EVT:E9|KW:delete
1.0,EVT:E7|EVT:E8|KW:delete
1.0,EVT:E6|EVT:E8|KW:delete
1.0,EVT:E5|EVT:E8|KW:delete
1.0,EVT:E42|EVT:E8|KW:delete
1.0,EVT:E41|EVT:E8|KW:delete
1.0,EVT:E4|EVT:E8|KW:delete
1.0,EVT:E37|EVT:E8|KW:delete
1.0,EVT:E36|EVT:E8|KW:delete
1.0,EVT:E35|EVT:E8|KW:delete
1.0,EVT:E34|EVT:E8|KW:delete
1.0,EVT:E33|EVT:E8|KW:delete
1.0,EVT:E32|EVT:E8|KW:delete
1.0,EVT:E31|EVT:E8|KW:delete
1.0,EVT:E30|EVT:E8|KW:delete
1.0,EVT:E3|EVT:E8|KW:delete
1.0,EVT:E28|EVT:E8|KW:delete
1.0,EVT:E27|EVT:E8|KW:delete
1.0,EVT:E25|EVT:E8|KW:delete
1.0,EVT:E26|EVT:E8|KW:delete
1.0,EVT:E24|EVT:E8|KW:delete
1.0,EVT:E23|EVT:E8|KW:delete
1.0,EVT:E2|EVT:E8|KW:delete
1.0,EVT:E22|EVT:E8|KW:delete
1.0,EVT:E21|EVT:E8|KW:delete
1.0,EVT:E20|EVT:E8|KW:delete
1.0,EVT:E18|EVT:E8|KW:delete
1.0,EVT:E19|EVT:E8|KW:delete
1.0,EVT:E17|EVT:E8|KW:delete
1.0,EVT:E16|EVT:E8|KW:delete
1.0,COMP:wsgi_server|EVT:E8|KW:delete
1.0,EVT:E15|EVT:E8|KW:delete
1.0,EVT:E14|EVT:E8|KW:delete
1.0,EVT:E13|EVT:E8|KW:delete
1.0,EVT:E12|EVT:E8|KW:delete
1.0,EVT:E11|EVT:E8|KW:delete
1.0,EVT:E10|EVT:E8|KW:delete
1.0,EVT:E1|EVT:E8|KW:delete
1.0,COMP:compute_server_external_events|EVT:E8|KW:delete
1.0,COMP:openstack_wsgi|EVT:E8|KW:delete
1.0,COMP:libvirt_imagecache|EVT:E8|KW:delete
1.0,COMP:libvirt_driver|EVT:E8|KW:delete
1.0,COMP:compute_manager|EVT:E8|KW:delete
1.0,COMP:compute_resource_tracker|EVT:E8|KW:delete
1.0,COMP:compute_claims|EVT:E8|KW:delete
0.6,EVT:E29|EVT:E8|KW:delete
1.0,EVT:E6|EVT:E7|KW:delete
1.0,EVT:E5|EVT:E7|KW:delete
1.0,EVT:E42|EVT:E7|KW:delete
1.0,EVT:E41|EVT:E7|KW:delete
1.0,EVT:E4|EVT:E7|KW:delete
1.0,EVT:E37|EVT:E7|KW:delete
1.0,EVT:E36|EVT:E7|KW:delete
1.0,EVT:E35|EVT:E7|KW:delete
1.0,EVT:E34|EVT:E7|KW:delete
1.0,EVT:E33|EVT:E7|KW:delete
1.0,EVT:E32|EVT:E7|KW:delete
1.0,EVT:E31|EVT:E7|KW:delete
1.0,EVT:E30|EVT:E7|KW:delete
1.0,EVT:E3|EVT:E7|KW:delete
1.0,EVT:E28|EVT:E7|KW:delete
1.0,EVT:E27|EVT:E7|KW:delete
1.0,EVT:E25|EVT:E7|KW:delete
1.0,EVT:E26|EVT:E7|KW:delete
1.0,EVT:E24|EVT:E7|KW:delete
1.0,EVT:E23|EVT:E7|KW:delete
1.0,EVT:E2|EVT:E7|KW:delete
1.0,EVT:E22|EVT:E7|KW:delete
1.0,EVT:E21|EVT:E7|KW:delete
1.0,EVT:E20|EVT:E7|KW:delete
1.0,EVT:E18|EVT:E7|KW:delete
1.0,EVT:E19|EVT:E7|KW:delete
1.0,EVT:E17|EVT:E7|KW:delete
1.0,EVT:E16|EVT:E7|KW:delete
1.0,COMP:wsgi_server|EVT:E7|KW:delete
1.0,EVT:E15|EVT:E7|KW:delete
1.0,EVT:E14|EVT:E7|KW:delete
1.0,EVT:E13|EVT:E7|KW:delete
1.0,EVT:E12|EVT:E7|KW:delete
1.0,EVT:E11|EVT:E7|KW:delete
1.0,EVT:E10|EVT:E7|KW:delete
1.0,EVT:E1|EVT:E7|KW:delete
1.0,COMP:compute_server_external_events|EVT:E7|KW:delete
1.0,COMP:openstack_wsgi|EVT:E7|KW:delete
1.0,COMP:libvirt_imagecache|EVT:E7|KW:delete
1.0,COMP:libvirt_driver|EVT:E7|KW:delete
1.0,COMP:compute_manager|EVT:E7|KW:delete
1.0,COMP:compute_resource_tracker|EVT:E7|KW:delete
1.0,COMP:compute_claims|EVT:E7|KW:delete
0.6,EVT:E29|EVT:E7|KW:delete
1.0,EVT:E5|EVT:E6|KW:delete
1.0,EVT:E42|EVT:E6|KW:delete
1.0,EVT:E41|EVT:E6|KW:delete
1.0,EVT:E4|EVT:E6|KW:delete
1.0,EVT:E37|EVT:E6|KW:delete
1.0,EVT:E36|EVT:E6|KW:delete
1.0,EVT:E35|EVT:E6|KW:delete
1.0,EVT:E34|EVT:E6|KW:delete
1.0,EVT:E33|EVT:E6|KW:delete
1.0,EVT:E32|EVT:E6|KW:delete
1.0,EVT:E31|EVT:E6|KW:delete
1.0,EVT:E30|EVT:E6|KW:delete
1.0,EVT:E3|EVT:E6|KW:delete
1.0,EVT:E28|EVT:E6|KW:delete
1.0,EVT:E27|EVT:E6|KW:delete
1.0,EVT:E25|EVT:E6|KW:delete
1.0,EVT:E26|EVT:E6|KW:delete
1.0,EVT:E24|EVT:E6|KW:delete
1.0,EVT:E23|EVT:E6|KW:delete
1.0,EVT:E2|EVT:E6|KW:delete
1.0,EVT:E22|EVT:E6|KW:delete
1.0,EVT:E21|EVT:E6|KW:delete
1.0,EVT:E20|EVT:E6|KW:delete
1.0,EVT:E18|EVT:E6|KW:delete
1.0,EVT:E19|EVT:E6|KW:delete
1.0,EVT:E17|EVT:E6|KW:delete
1.0,EVT:E16|EVT:E6|KW:delete
1.0,COMP:wsgi_server|EVT:E6|KW:delete
1.0,EVT:E15|EVT:E6|KW:delete
1.0,EVT:E14|EVT:E6|KW:delete
1.0,EVT:E13|EVT:E6|KW:delete
1.0,EVT:E12|EVT:E6|KW:delete
1.0,EVT:E11|EVT:E6|KW:delete
1.0,EVT:E10|EVT:E6|KW:delete
1.0,EVT:E1|EVT:E6|KW:delete
1.0,COMP:compute_server_external_events|EVT:E6|KW:delete
1.0,COMP:openstack_wsgi|EVT:E6|KW:delete
1.0,COMP:libvirt_imagecache|EVT:E6|KW:delete
1.0,COMP:libvirt_driver|EVT:E6|KW:delete
1.0,COMP:compute_manager|EVT:E6|KW:delete
1.0,COMP:compute_resource_tracker|EVT:E6|KW:delete
1.0,COMP:compute_claims|EVT:E6|KW:delete
0.6,EVT:E29|EVT:E6|KW:delete
1.0,EVT:E42|EVT:E5|KW:delete
1.0,EVT:E41|EVT:E5|KW:delete
1.0,EVT:E4|EVT:E5|KW:delete
1.0,EVT:E37|EVT:E5|KW:delete
1.0,EVT:E36|EVT:E5|KW:delete
1.0,EVT:E35|EVT:E5|KW:delete
1.0,EVT:E34|EVT:E5|KW:delete
1.0,EVT:E33|EVT:E5|KW:delete
1.0,EVT:E32|EVT:E5|KW:delete
1.0,EVT:E31|EVT:E5|KW:delete
1.0,EVT:E30|EVT:E5|KW:delete
1.0,EVT:E3|EVT:E5|KW:delete
1.0,EVT:E28|EVT:E5|KW:delete
1.0,EVT:E27|EVT:E5|KW:delete
1.0,EVT:E25|EVT:E5|KW:delete
1.0,EVT:E26|EVT:E5|KW:delete
1.0,EVT:E24|EVT:E5|KW:delete
1.0,EVT:E23|EVT:E5|KW:delete
1.0,EVT:E2|EVT:E5|KW:delete
1.0,EVT:E22|EVT:E5|KW:delete
1.0,EVT:E21|EVT:E5|KW:delete
1.0,EVT:E20|EVT:E5|KW:delete
1.0,EVT:E18|EVT:E5|KW:delete
1.0,EVT:E19|EVT:E5|KW:delete
1.0,EVT:E17|EVT:E5|KW:delete
1.0,EVT:E16|EVT:E5|KW:delete
1.0,COMP:wsgi_server|EVT:E5|KW:delete
1.0,EVT:E15|EVT:E5|KW:delete
1.0,EVT:E14|EVT:E5|KW:delete
1.0,EVT:E13|EVT:E5|KW:delete
1.0,EVT:E12|EVT:E5|KW:delete
1.0,EVT:E11|EVT:E5|KW:delete
1.0,EVT:E10|EVT:E5|KW:delete
1.0,EVT:E1|EVT:E5|KW:delete
1.0,COMP:compute_server_external_events|EVT:E5|KW:delete
1.0,COMP:openstack_wsgi|EVT:E5|KW:delete
1.0,COMP:libvirt_imagecache|EVT:E5|KW:delete
1.0,COMP:libvirt_driver|EVT:E5|KW:delete
1.0,COMP:compute_manager|EVT:E5|KW:delete
1.0,COMP:compute_resource_tracker|EVT:E5|KW:delete
1.0,COMP:compute_claims|EVT:E5|KW:delete
0.6,EVT:E29|EVT:E5|KW:delete
1.0,EVT:E41|EVT:E42|KW:delete
1.0,EVT:E4|EVT:E42|KW:delete
1.0,EVT:E37|EVT:E42|KW:delete
1.0,EVT:E36|EVT:E42|KW:delete
1.0,EVT:E35|EVT:E42|KW:delete
1.0,EVT:E34|EVT:E42|KW:delete
1.0,EVT:E33|EVT:E42|KW:delete
1.0,EVT:E32|EVT:E42|KW:delete
1.0,EVT:E31|EVT:E42|KW:delete
1.0,EVT:E30|EVT:E42|KW:delete
1.0,EVT:E3|EVT:E42|KW:delete
1.0,EVT:E28|EVT:E42|KW:delete
1.0,EVT:E27|EVT:E42|KW:delete
1.0,EVT:E25|EVT:E42|KW:delete
1.0,EVT:E26|EVT:E42|KW:delete
1.0,EVT:E24|EVT:E42|KW:delete
1.0,EVT:E23|EVT:E42|KW:delete
1.0,EVT:E2|EVT:E42|KW:delete
1.0,EVT:E22|EVT:E42|KW:delete
1.0,EVT:E21|EVT:E42|KW:delete
1.0,EVT:E20|EVT:E42|KW:delete
1.0,EVT:E18|EVT:E42|KW:delete
1.0,EVT:E19|EVT:E42|KW:delete
1.0,EVT:E17|EVT:E42|KW:delete
1.0,EVT:E16|EVT:E42|KW:delete
1.0,COMP:wsgi_server|EVT:E42|KW:delete
1.0,EVT:E15|EVT:E42|KW:delete
1.0,EVT:E14|EVT:E42|KW:delete
1.0,EVT:E13|EVT:E42|KW:delete
1.0,EVT:E12|EVT:E42|KW:delete
1.0,EVT:E11|EVT:E42|KW:delete
1.0,EVT:E10|EVT:E42|KW:delete
1.0,EVT:E1|EVT:E42|KW:delete
1.0,COMP:compute_server_external_events|EVT:E42|KW:delete
1.0,COMP:openstack_wsgi|EVT:E42|KW:delete
1.0,COMP:libvirt_imagecache|EVT:E42|KW:delete
1.0,COMP:libvirt_driver|EVT:E42|KW:delete
1.0,COMP:compute_manager|EVT:E42|KW:delete
1.0,COMP:compute_resource_tracker|EVT:E42|KW:delete
1.0,COMP:compute_claims|EVT:E42|KW:delete
0.6,EVT:E29|EVT:E42|KW:delete
1.0,EVT:E4|EVT:E41|KW:delete
1.0,EVT:E37|EVT:E41|KW:delete
1.0,EVT:E36|EVT:E41|KW:delete
1.0,EVT:E35|EVT:E41|KW:delete
1.0,EVT:E34|EVT:E41|KW:delete
1.0,EVT:E33|EVT:E41|KW:delete
1.0,EVT:E32|EVT:E41|KW:delete
1.0,EVT:E31|EVT:E41|KW:delete
1.0,EVT:E30|EVT:E41|KW:delete
1.0,EVT:E3|EVT:E41|KW:delete
1.0,EVT:E28|EVT:E41|KW:delete
1.0,EVT:E27|EVT:E41|KW:delete
1.0,EVT:E25|EVT:E41|KW:delete
1.0,EVT:E26|EVT:E41|KW:delete
1.0,EVT:E24|EVT:E41|KW:delete
1.0,EVT:E23|EVT:E41|KW:delete
1.0,EVT:E2|EVT:E41|KW:delete
1.0,EVT:E22|EVT:E41|KW:delete
1.0,EVT:E21|EVT:E41|KW:delete
1.0,EVT:E20|EVT:E41|KW:delete
1.0,EVT:E18|EVT:E41|KW:delete
1.0,EVT:E19|EVT:E41|KW:delete
1.0,EVT:E17|EVT:E41|KW:delete
1.0,EVT:E16|EVT:E41|KW:delete
1.0,COMP:wsgi_server|EVT:E41|KW:delete
1.0,EVT:E15|EVT:E41|KW:delete
1.0,EVT:E14|EVT:E41|KW:delete
1.0,EVT:E13|EVT:E41|KW:delete
1.0,EVT:E12|EVT:E41|KW:delete
1.0,EVT:E11|EVT:E41|KW:delete
1.0,EVT:E10|EVT:E41|KW:delete
1.0,EVT:E1|EVT:E41|KW:delete
1.0,COMP:compute_server_external_events|EVT:E41|KW:delete
1.0,COMP:openstack_wsgi|EVT:E41|KW:delete
1.0,COMP:libvirt_imagecache|EVT:E41|KW:delete
1.0,COMP:libvirt_driver|EVT:E41|KW:delete
1.0,COMP:compute_manager|EVT:E41|KW:delete
1.0,COMP:compute_resource_tracker|EVT:E41|KW:delete
1.0,COMP:compute_claims|EVT:E41|KW:delete
0.6,EVT:E29|EVT:E41|KW:delete
1.0,EVT:E37|EVT:E4|KW:delete
1.0,EVT:E36|EVT:E4|KW:delete
1.0,EVT:E35|EVT:E4|KW:delete
1.0,EVT:E34|EVT:E4|KW:delete
1.0,EVT:E33|EVT:E4|KW:delete
1.0,EVT:E32|EVT:E4|KW:delete
1.0,EVT:E31|EVT:E4|KW:delete
1.0,EVT:E30|EVT:E4|KW:delete
1.0,EVT:E3|EVT:E4|KW:delete
1.0,EVT:E28|EVT:E4|KW:delete
1.0,EVT:E27|EVT:E4|KW:delete
1.0,EVT:E25|EVT:E4|KW:delete
1.0,EVT:E26|EVT:E4|KW:delete
1.0,EVT:E24|EVT:E4|KW:delete
1.0,EVT:E23|EVT:E4|KW:delete
1.0,EVT:E2|EVT:E4|KW:delete
1.0,EVT:E22|EVT:E4|KW:delete
1.0,EVT:E21|EVT:E4|KW:delete
1.0,EVT:E20|EVT:E4|KW:delete
1.0,EVT:E18|EVT:E4|KW:delete
1.0,EVT:E19|EVT:E4|KW:delete
1.0,EVT:E17|EVT:E4|KW:delete
1.0,EVT:E16|EVT:E4|KW:delete
1.0,COMP:wsgi_server|EVT:E4|KW:delete
1.0,EVT:E15|EVT:E4|KW:delete
1.0,EVT:E14|EVT:E4|KW:delete
1.0,EVT:E13|EVT:E4|KW:delete
1.0,EVT:E12|EVT:E4|KW:delete
1.0,EVT:E11|EVT:E4|KW:delete
1.0,EVT:E10|EVT:E4|KW:delete
1.0,EVT:E1|EVT:E4|KW:delete
1.0,COMP:compute_server_external_events|EVT:E4|KW:delete
1.0,COMP:openstack_wsgi|EVT:E4|KW:delete
1.0,COMP:libvirt_imagecache|EVT:E4|KW:delete
1.0,COMP:libvirt_driver|EVT:E4|KW:delete
1.0,COMP:compute_manager|EVT:E4|KW:delete
1.0,COMP:compute_resource_tracker|EVT:E4|KW:delete
1.0,COMP:compute_claims|EVT:E4|KW:delete
0.6,EVT:E29|EVT:E4|KW:delete
1.0,EVT:E36|EVT:E37|KW:delete
1.0,EVT:E35|EVT:E37|KW:delete
1.0,EVT:E34|EVT:E37|KW:delete
1.0,EVT:E33|EVT:E37|KW:delete
1.0,EVT:E32|EVT:E37|KW:delete
1.0,EVT:E31|EVT:E37|KW:delete
1.0,EVT:E30|EVT:E37|KW:delete
1.0,EVT:E3|EVT:E37|KW:delete
1.0,EVT:E28|EVT:E37|KW:delete
1.0,EVT:E27|EVT:E37|KW:delete
1.0,EVT:E25|EVT:E37|KW:delete
1.0,EVT:E26|EVT:E37|KW:delete
1.0,EVT:E24|EVT:E37|KW:delete
1.0,EVT:E23|EVT:E37|KW:delete
1.0,EVT:E2|EVT:E37|KW:delete
1.0,EVT:E22|EVT:E37|KW:delete
1.0,EVT:E21|EVT:E37|KW:delete
1.0,EVT:E20|EVT:E37|KW:delete
1.0,EVT:E18|EVT:E37|KW:delete
1.0,EVT:E19|EVT:E37|KW:delete
1.0,EVT:E17|EVT:E37|KW:delete
1.0,EVT:E16|EVT:E37|KW:delete
1.0,COMP:wsgi_server|EVT:E37|KW:delete
1.0,EVT:E15|EVT:E37|KW:delete
1.0,EVT:E14|EVT:E37|KW:delete
1.0,EVT:E13|EVT:E37|KW:delete
1.0,EVT:E12|EVT:E37|KW:delete
1.0,EVT:E11|EVT:E37|KW:delete
1.0,EVT:E10|EVT:E37|KW:delete
1.0,EVT:E1|EVT:E37|KW:delete
1.0,COMP:compute_server_external_events|EVT:E37|KW:delete
1.0,COMP:openstack_wsgi|EVT:E37|KW:delete
1.0,COMP:libvirt_imagecache|EVT:E37|KW:delete
1.0,COMP:libvirt_driver|EVT:E37|KW:delete
1.0,COMP:compute_manager|EVT:E37|KW:delete
1.0,COMP:compute_resource_tracker|EVT:E37|KW:delete
1.0,COMP:compute_claims|EVT:E37|KW:delete
0.6,EVT:E29|EVT:E37|KW:delete
1.0,EVT:E35|EVT:E36|KW:delete
1.0,EVT:E34|EVT:E36|KW:delete
1.0,EVT:E33|EVT:E36|KW:delete
1.0,EVT:E32|EVT:E36|KW:delete
1.0,EVT:E31|EVT:E36|KW:delete
1.0,EVT:E30|EVT:E36|KW:delete
1.0,EVT:E3|EVT:E36|KW:delete
1.0,EVT:E28|EVT:E36|KW:delete
1.0,EVT:E27|EVT:E36|KW:delete
1.0,EVT:E25|EVT:E36|KW:delete
1.0,EVT:E26|EVT:E36|KW:delete
1.0,EVT:E24|EVT:E36|KW:delete
1.0,EVT:E23|EVT:E36|KW:delete
1.0,EVT:E2|EVT:E36|KW:delete
1.0,EVT:E22|EVT:E36|KW:delete
1.0,EVT:E21|EVT:E36|KW:delete
1.0,EVT:E20|EVT:E36|KW:delete
1.0,EVT:E18|EVT:E36|KW:delete
1.0,EVT:E19|EVT:E36|KW:delete
1.0,EVT:E17|EVT:E36|KW:delete
1.0,EVT:E16|EVT:E36|KW:delete
1.0,COMP:wsgi_server|EVT:E36|KW:delete
1.0,EVT:E15|EVT:E36|KW:delete
1.0,EVT:E14|EVT:E36|KW:delete
1.0,EVT:E13|EVT:E36|KW:delete
1.0,EVT:E12|EVT:E36|KW:delete
1.0,EVT:E11|EVT:E36|KW:delete
1.0,EVT:E10|EVT:E36|KW:delete
1.0,EVT:E1|EVT:E36|KW:delete
1.0,COMP:compute_server_external_events|EVT:E36|KW:delete
1.0,COMP:openstack_wsgi|EVT:E36|KW:delete
1.0,COMP:libvirt_imagecache|EVT:E36|KW:delete
1.0,COMP:libvirt_driver|EVT:E36|KW:delete
1.0,COMP:compute_manager|EVT:E36|KW:delete
1.0,COMP:compute_resource_tracker|EVT:E36|KW:delete
1.0,COMP:compute_claims|EVT:E36|KW:delete
0.6,EVT:E29|EVT:E36|KW:delete
1.0,EVT:E34|EVT:E35|KW:delete
1.0,EVT:E33|EVT:E35|KW:delete
1.0,EVT:E32|EVT:E35|KW:delete
1.0,EVT:E31|EVT:E35|KW:delete
1.0,EVT:E30|EVT:E35|KW:delete
1.0,EVT:E3|EVT:E35|KW:delete
1.0,EVT:E28|EVT:E35|KW:delete
1.0,EVT:E27|EVT:E35|KW:delete
1.0,EVT:E25|EVT:E35|KW:delete
1.0,EVT:E26|EVT:E35|KW:delete
1.0,EVT:E24|EVT:E35|KW:delete
1.0,EVT:E23|EVT:E35|KW:delete
1.0,EVT:E2|EVT:E35|KW:delete
1.0,EVT:E22|EVT:E35|KW:delete
1.0,EVT:E21|EVT:E35|KW:delete
1.0,EVT:E20|EVT:E35|KW:delete
1.0,EVT:E18|EVT:E35|KW:delete
1.0,EVT:E19|EVT:E35|KW:delete
1.0,EVT:E17|EVT:E35|KW:delete
1.0,EVT:E16|EVT:E35|KW:delete
1.0,COMP:wsgi_server|EVT:E35|KW:delete
1.0,EVT:E15|EVT:E35|KW:delete
1.0,EVT:E14|EVT:E35|KW:delete
1.0,EVT:E13|EVT:E35|KW:delete
1.0,EVT:E12|EVT:E35|KW:delete
1.0,EVT:E11|EVT:E35|KW:delete
1.0,EVT:E10|EVT:E35|KW:delete
1.0,EVT:E1|EVT:E35|KW:delete
1.0,COMP:compute_server_external_events|EVT:E35|KW:delete
1.0,COMP:openstack_wsgi|EVT:E35|KW:delete
1.0,COMP:libvirt_imagecache|EVT:E35|KW:delete
1.0,COMP:libvirt_driver|EVT:E35|KW:delete
1.0,COMP:compute_manager|EVT:E35|KW:delete
1.0,COMP:compute_resource_tracker|EVT:E35|KW:delete
1.0,COMP:compute_claims|EVT:E35|KW:delete
0.6,EVT:E29|EVT:E35|KW:delete
1.0,EVT:E33|EVT:E34|KW:delete
1.0,EVT:E32|EVT:E34|KW:delete
1.0,EVT:E31|EVT:E34|KW:delete
1.0,EVT:E30|EVT:E34|KW:delete
1.0,EVT:E3|EVT:E34|KW:delete
1.0,EVT:E28|EVT:E34|KW:delete
1.0,EVT:E27|EVT:E34|KW:delete
1.0,EVT:E25|EVT:E34|KW:delete
1.0,EVT:E26|EVT:E34|KW:delete
1.0,EVT:E24|EVT:E34|KW:delete
1.0,EVT:E23|EVT:E34|KW:delete
1.0,EVT:E2|EVT:E34|KW:delete
1.0,EVT:E22|EVT:E34|KW:delete
1.0,EVT:E21|EVT:E34|KW:delete
1.0,EVT:E20|EVT:E34|KW:delete
1.0,EVT:E18|EVT:E34|KW:delete
1.0,EVT:E19|EVT:E34|KW:delete
1.0,EVT:E17|EVT:E34|KW:delete
1.0,EVT:E16|EVT:E34|KW:delete
1.0,COMP:wsgi_server|EVT:E34|KW:delete
1.0,EVT:E15|EVT:E34|KW:delete
1.0,EVT:E14|EVT:E34|KW:delete
1.0,EVT:E13|EVT:E34|KW:delete
1.0,EVT:E12|EVT:E34|KW:delete
1.0,EVT:E11|EVT:E34|KW:delete
1.0,EVT:E10|EVT:E34|KW:delete
1.0,EVT:E1|EVT:E34|KW:delete
1.0,COMP:compute_server_external_events|EVT:E34|KW:delete
1.0,COMP:openstack_wsgi|EVT:E34|KW:delete
1.0,COMP:libvirt_imagecache|EVT:E34|KW:delete
1.0,COMP:libvirt_driver|EVT:E34|KW:delete
1.0,COMP:compute_manager|EVT:E34|KW:delete
1.0,COMP:compute_resource_tracker|EVT:E34|KW:delete
1.0,COMP:compute_claims|EVT:E34|KW:delete
0.6,EVT:E29|EVT:E34|KW:delete
1.0,EVT:E32|EVT:E33|KW:delete
1.0,EVT:E31|EVT:E33|KW:delete
1.0,EVT:E30|EVT:E33|KW:delete
1.0,EVT:E3|EVT:E33|KW:delete
1.0,EVT:E28|EVT:E33|KW:delete
1.0,EVT:E27|EVT:E33|KW:delete
1.0,EVT:E25|EVT:E33|KW:delete
1.0,EVT:E26|EVT:E33|KW:delete
1.0,EVT:E24|EVT:E33|KW:delete
1.0,EVT:E23|EVT:E33|KW:delete
1.0,EVT:E2|EVT:E33|KW:delete
1.0,EVT:E22|EVT:E33|KW:delete
1.0,EVT:E21|EVT:E33|KW:delete
1.0,EVT:E20|EVT:E33|KW:delete
1.0,EVT:E18|EVT:E33|KW:delete
1.0,EVT:E19|EVT:E33|KW:delete
1.0,EVT:E17|EVT:E33|KW:delete
1.0,EVT:E16|EVT:E33|KW:delete
1.0,COMP:wsgi_server|EVT:E33|KW:delete
1.0,EVT:E15|EVT:E33|KW:delete
1.0,EVT:E14|EVT:E33|KW:delete
1.0,EVT:E13|EVT:E33|KW:delete
1.0,EVT:E12|EVT:E33|KW:delete
1.0,EVT:E11|EVT:E33|KW:delete
1.0,EVT:E10|EVT:E33|KW:delete
1.0,EVT:E1|EVT:E33|KW:delete
1.0,COMP:compute_server_external_events|EVT:E33|KW:delete
1.0,COMP:openstack_wsgi|EVT:E33|KW:delete
1.0,COMP:libvirt_imagecache|EVT:E33|KW:delete
1.0,COMP:libvirt_driver|EVT:E33|KW:delete
1.0,COMP:compute_manager|EVT:E33|KW:delete
1.0,COMP:compute_resource_tracker|EVT:E33|KW:delete
1.0,COMP:compute_claims|EVT:E33|KW:delete
0.6,EVT:E29|EVT:E33|KW:delete
1.0,EVT:E31|EVT:E32|KW:delete
1.0,EVT:E30|EVT:E32|KW:delete
1.0,EVT:E3|EVT:E32|KW:delete
1.0,EVT:E28|EVT:E32|KW:delete
1.0,EVT:E27|EVT:E32|KW:delete
1.0,EVT:E25|EVT:E32|KW:delete
1.0,EVT:E26|EVT:E32|KW:delete
1.0,EVT:E24|EVT:E32|KW:delete
1.0,EVT:E23|EVT:E32|KW:delete
1.0,EVT:E2|EVT:E32|KW:delete
1.0,EVT:E22|EVT:E32|KW:delete
1.0,EVT:E21|EVT:E32|KW:delete
1.0,EVT:E20|EVT:E32|KW:delete
1.0,EVT:E18|EVT:E32|KW:delete
1.0,EVT:E19|EVT:E32|KW:delete
1.0,EVT:E17|EVT:E32|KW:delete
1.0,EVT:E16|EVT:E32|KW:delete
1.0,COMP:wsgi_server|EVT:E32|KW:delete
1.0,EVT:E15|EVT:E32|KW:delete
1.0,EVT:E14|EVT:E32|KW:delete
1.0,EVT:E13|EVT:E32|KW:delete
1.0,EVT:E12|EVT:E32|KW:delete
1.0,EVT:E11|EVT:E32|KW:delete
1.0,EVT:E10|EVT:E32|KW:delete
1.0,EVT:E1|EVT:E32|KW:delete
1.0,COMP:compute_server_external_events|EVT:E32|KW:delete
1.0,COMP:openstack_wsgi|EVT:E32|KW:delete
1.0,COMP:libvirt_imagecache|EVT:E32|KW:delete
1.0,COMP:libvirt_driver|EVT:E32|KW:delete
1.0,COMP:compute_manager|EVT:E32|KW:delete
1.0,COMP:compute_resource_tracker|EVT:E32|KW:delete
1.0,COMP:compute_claims|EVT:E32|KW:delete
0.6,EVT:E29|EVT:E32|KW:delete
1.0,EVT:E30|EVT:E31|KW:delete
1.0,EVT:E3|EVT:E31|KW:delete
1.0,EVT:E28|EVT:E31|KW:delete
1.0,EVT:E27|EVT:E31|KW:delete
1.0,EVT:E25|EVT:E31|KW:delete
1.0,EVT:E26|EVT:E31|KW:delete
1.0,EVT:E24|EVT:E31|KW:delete
1.0,EVT:E23|EVT:E31|KW:delete
1.0,EVT:E2|EVT:E31|KW:delete
1.0,EVT:E22|EVT:E31|KW:delete
1.0,EVT:E21|EVT:E31|KW:delete
1.0,EVT:E20|EVT:E31|KW:delete
1.0,EVT:E18|EVT:E31|KW:delete
1.0,EVT:E19|EVT:E31|KW:delete
1.0,EVT:E17|EVT:E31|KW:delete
1.0,EVT:E16|EVT:E31|KW:delete
1.0,COMP:wsgi_server|EVT:E31|KW:delete
1.0,EVT:E15|EVT:E31|KW:delete
1.0,EVT:E14|EVT:E31|KW:delete
1.0,EVT:E13|EVT:E31|KW:delete
1.0,EVT:E12|EVT:E31|KW:delete
1.0,EVT:E11|EVT:E31|KW:delete
1.0,EVT:E10|EVT:E31|KW:delete
1.0,EVT:E1|EVT:E31|KW:delete
1.0,COMP:compute_server_external_events|EVT:E31|KW:delete
1.0,COMP:openstack_wsgi|EVT:E31|KW:delete
1.0,COMP:libvirt_imagecache|EVT:E31|KW:delete
1.0,COMP:libvirt_driver|EVT:E31|KW:delete
1.0,COMP:compute_manager|EVT:E31|KW:delete
1.0,COMP:compute_resource_tracker|EVT:E31|KW:delete
1.0,COMP:compute_claims|EVT:E31|KW:delete
0.6,EVT:E29|EVT:E31|KW:delete
1.0,EVT:E3|EVT:E30|KW:delete
1.0,EVT:E28|EVT:E30|KW:delete
1.0,EVT:E27|EVT:E30|KW:delete
1.0,EVT:E25|EVT:E30|KW:delete
1.0,EVT:E26|EVT:E30|KW:delete
1.0,EVT:E24|EVT:E30|KW:delete
1.0,EVT:E23|EVT:E30|KW:delete
1.0,EVT:E2|EVT:E30|KW:delete
1.0,EVT:E22|EVT:E30|KW:delete
1.0,EVT:E21|EVT:E30|KW:delete
1.0,EVT:E20|EVT:E30|KW:delete
1.0,EVT:E18|EVT:E30|KW:delete
1.0,EVT:E19|EVT:E30|KW:delete
1.0,EVT:E17|EVT:E30|KW:delete
1.0,EVT:E16|EVT:E30|KW:delete
1.0,COMP:wsgi_server|EVT:E30|KW:delete
1.0,EVT:E15|EVT:E30|KW:delete
1.0,EVT:E14|EVT:E30|KW:delete
1.0,EVT:E13|EVT:E30|KW:delete
1.0,EVT:E12|EVT:E30|KW:delete
1.0,EVT:E11|EVT:E30|KW:delete
1.0,EVT:E10|EVT:E30|KW:delete
1.0,EVT:E1|EVT:E30|KW:delete
1.0,COMP:compute_server_external_events|EVT:E30|KW:delete
1.0,COMP:openstack_wsgi|EVT:E30|KW:delete
1.0,COMP:libvirt_imagecache|EVT:E30|KW:delete
1.0,COMP:libvirt_driver|EVT:E30|KW:delete
1.0,COMP:compute_manager|EVT:E30|KW:delete
1.0,COMP:compute_resource_tracker|EVT:E30|KW:delete
1.0,COMP:compute_claims|EVT:E30|KW:delete
0.6,EVT:E29|EVT:E30|KW:delete
1.0,EVT:E28|EVT:E3|KW:delete
1.0,EVT:E27|EVT:E3|KW:delete
1.0,EVT:E25|EVT:E3|KW:delete
1.0,EVT:E26|EVT:E3|KW:delete
1.0,EVT:E24|EVT:E3|KW:delete
1.0,EVT:E23|EVT:E3|KW:delete
1.0,EVT:E2|EVT:E3|KW:delete
1.0,EVT:E22|EVT:E3|KW:delete
1.0,EVT:E21|EVT:E3|KW:delete
1.0,EVT:E20|EVT:E3|KW:delete
1.0,EVT:E18|EVT:E3|KW:delete
1.0,EVT:E19|EVT:E3|KW:delete
1.0,EVT:E17|EVT:E3|KW:delete
1.0,EVT:E16|EVT:E3|KW:delete
1.0,COMP:wsgi_server|EVT:E3|KW:delete
1.0,EVT:E15|EVT:E3|KW:delete
1.0,EVT:E14|EVT:E3|KW:delete
1.0,EVT:E13|EVT:E3|KW:delete
1.0,EVT:E12|EVT:E3|KW:delete
1.0,EVT:E11|EVT:E3|KW:delete
1.0,EVT:E10|EVT:E3|KW:delete
1.0,EVT:E1|EVT:E3|KW:delete
1.0,COMP:compute_server_external_events|EVT:E3|KW:delete
1.0,COMP:openstack_wsgi|EVT:E3|KW:delete
1.0,COMP:libvirt_imagecache|EVT:E3|KW:delete
1.0,COMP:libvirt_driver|EVT:E3|KW:delete
1.0,COMP:compute_manager|EVT:E3|KW:delete
1.0,COMP:compute_resource_tracker|EVT:E3|KW:delete
1.0,COMP:compute_claims|EVT:E3|KW:delete
0.6,EVT:E29|EVT:E3|KW:delete
1.0,EVT:E27|EVT:E28|KW:delete
1.0,EVT:E25|EVT:E28|KW:delete
1.0,EVT:E26|EVT:E28|KW:delete
1.0,EVT:E24|EVT:E28|KW:delete
1.0,EVT:E23|EVT:E28|KW:delete
1.0,EVT:E2|EVT:E28|KW:delete
1.0,EVT:E22|EVT:E28|KW:delete
1.0,EVT:E21|EVT:E28|KW:delete
1.0,EVT:E20|EVT:E28|KW:delete
1.0,EVT:E18|EVT:E28|KW:delete
1.0,EVT:E19|EVT:E28|KW:delete
1.0,EVT:E17|EVT:E28|KW:delete
1.0,EVT:E16|EVT:E28|KW:delete
1.0,COMP:wsgi_server|EVT:E28|KW:delete
1.0,EVT:E15|EVT:E28|KW:delete
1.0,EVT:E14|EVT:E28|KW:delete
1.0,EVT:E13|EVT:E28|KW:delete
1.0,EVT:E12|EVT:E28|KW:delete
1.0,EVT:E11|EVT:E28|KW:delete
1.0,EVT:E10|EVT:E28|KW:delete
1.0,EVT:E1|EVT:E28|KW:delete
1.0,COMP:compute_server_external_events|EVT:E28|KW:delete
1.0,COMP:openstack_wsgi|EVT:E28|KW:delete
1.0,COMP:libvirt_imagecache|EVT:E28|KW:delete
1.0,COMP:libvirt_driver|EVT:E28|KW:delete
1.0,COMP:compute_manager|EVT:E28|KW:delete
1.0,COMP:compute_resource_tracker|EVT:E28|KW:delete
1.0,COMP:compute_claims|EVT:E28|KW:delete
0.6,EVT:E28|EVT:E29|KW:delete
1.0,EVT:E25|EVT:E27|KW:delete
1.0,EVT:E26|EVT:E27|KW:delete
1.0,EVT:E24|EVT:E27|KW:delete
1.0,EVT:E23|EVT:E27|KW:delete
1.0,EVT:E2|EVT:E27|KW:delete
1.0,EVT:E22|EVT:E27|KW:delete
1.0,EVT:E21|EVT:E27|KW:delete
1.0,EVT:E20|EVT:E27|KW:delete
1.0,EVT:E18|EVT:E27|KW:delete
1.0,EVT:E19|EVT:E27|KW:delete
1.0,EVT:E17|EVT:E27|KW:delete
1.0,EVT:E16|EVT:E27|KW:delete
1.0,COMP:wsgi_server|EVT:E27|KW:delete
1.0,EVT:E15|EVT:E27|KW:delete
1.0,EVT:E14|EVT:E27|KW:delete
1.0,EVT:E13|EVT:E27|KW:delete
1.0,EVT:E12|EVT:E27|KW:delete
1.0,EVT:E11|EVT:E27|KW:delete
1.0,EVT:E10|EVT:E27|KW:delete
1.0,EVT:E1|EVT:E27|KW:delete
1.0,COMP:compute_server_external_events|EVT:E27|KW:delete
1.0,COMP:openstack_wsgi|EVT:E27|KW:delete
1.0,COMP:libvirt_imagecache|EVT:E27|KW:delete
1.0,COMP:libvirt_driver|EVT:E27|KW:delete
1.0,COMP:compute_manager|EVT:E27|KW:delete
1.0,COMP:compute_resource_tracker|EVT:E27|KW:delete
1.0,COMP:compute_claims|EVT:E27|KW:delete
0.6,EVT:E27|EVT:E29|KW:delete
1.0,EVT:E25|EVT:E26|KW:delete
1.0,EVT:E24|EVT:E25|KW:delete
1.0,EVT:E23|EVT:E25|KW:delete
1.0,EVT:E2|EVT:E25|KW:delete
1.0,EVT:E22|EVT:E25|KW:delete
1.0,EVT:E21|EVT:E25|KW:delete
1.0,EVT:E20|EVT:E25|KW:delete
1.0,EVT:E18|EVT:E25|KW:delete
1.0,EVT:E19|EVT:E25|KW:delete
1.0,EVT:E17|EVT:E25|KW:delete
1.0,EVT:E16|EVT:E25|KW:delete
1.0,COMP:wsgi_server|EVT:E25|KW:delete
1.0,EVT:E15|EVT:E25|KW:delete
1.0,EVT:E14|EVT:E25|KW:delete
1.0,EVT:E13|EVT:E25|KW:delete
1.0,EVT:E12|EVT:E25|KW:delete
1.0,EVT:E11|EVT:E25|KW:delete
1.0,EVT:E10|EVT:E25|KW:delete
1.0,EVT:E1|EVT:E25|KW:delete
1.0,COMP:compute_server_external_events|EVT:E25|KW:delete
1.0,COMP:openstack_wsgi|EVT:E25|KW:delete
1.0,COMP:libvirt_imagecache|EVT:E25|KW:delete
1.0,COMP:libvirt_driver|EVT:E25|KW:delete
1.0,COMP:compute_manager|EVT:E25|KW:delete
1.0,COMP:compute_resource_tracker|EVT:E25|KW:delete
1.0,COMP:compute_claims|EVT:E25|KW:delete
0.6,EVT:E25|EVT:E29|KW:delete
1.0,EVT:E24|EVT:E26|KW:delete
1.0,EVT:E23|EVT:E26|KW:delete
1.0,EVT:E2|EVT:E26|KW:delete
1.0,EVT:E22|EVT:E26|KW:delete
1.0,EVT:E21|EVT:E26|KW:delete
1.0,EVT:E20|EVT:E26|KW:delete
1.0,EVT:E18|EVT:E26|KW:delete
1.0,EVT:E19|EVT:E26|KW:delete
1.0,EVT:E17|EVT:E26|KW:delete
1.0,EVT:E16|EVT:E26|KW:delete
1.0,COMP:wsgi_server|EVT:E26|KW:delete
1.0,EVT:E15|EVT:E26|KW:delete
1.0,EVT:E14|EVT:E26|KW:delete
1.0,EVT:E13|EVT:E26|KW:delete
1.0,EVT:E12|EVT:E26|KW:delete
1.0,EVT:E11|EVT:E26|KW:delete
1.0,EVT:E10|EVT:E26|KW:delete
1.0,EVT:E1|EVT:E26|KW:delete
1.0,COMP:compute_server_external_events|EVT:E26|KW:delete
1.0,COMP:openstack_wsgi|EVT:E26|KW:delete
1.0,COMP:libvirt_imagecache|EVT:E26|KW:delete
1.0,COMP:libvirt_driver|EVT:E26|KW:delete
1.0,COMP:compute_manager|EVT:E26|KW:delete
1.0,COMP:compute_resource_tracker|EVT:E26|KW:delete
1.0,COMP:compute_claims|EVT:E26|KW:delete
0.6,EVT:E26|EVT:E29|KW:delete
1.0,EVT:E23|EVT:E24|KW:delete
1.0,EVT:E2|EVT:E24|KW:delete
1.0,EVT:E22|EVT:E24|KW:delete
1.0,EVT:E21|EVT:E24|KW:delete
1.0,EVT:E20|EVT:E24|KW:delete
1.0,EVT:E18|EVT:E24|KW:delete
1.0,EVT:E19|EVT:E24|KW:delete
1.0,EVT:E17|EVT:E24|KW:delete
1.0,EVT:E16|EVT:E24|KW:delete
1.0,COMP:wsgi_server|EVT:E24|KW:delete
1.0,EVT:E15|EVT:E24|KW:delete
1.0,EVT:E14|EVT:E24|KW:delete
1.0,EVT:E13|EVT:E24|KW:delete
1.0,EVT:E12|EVT:E24|KW:delete
1.0,EVT:E11|EVT:E24|KW:delete
1.0,EVT:E10|EVT:E24|KW:delete
1.0,EVT:E1|EVT:E24|KW:delete
1.0,COMP:compute_server_external_events|EVT:E24|KW:delete
1.0,COMP:openstack_wsgi|EVT:E24|KW:delete
1.0,COMP:libvirt_imagecache|EVT:E24|KW:delete
1.0,COMP:libvirt_driver|EVT:E24|KW:delete
1.0,COMP:compute_manager|EVT:E24|KW:delete
1.0,COMP:compute_resource_tracker|EVT:E24|KW:delete
1.0,COMP:compute_claims|EVT:E24|KW:delete
0.6,EVT:E24|EVT:E29|KW:delete
1.0,EVT:E2|EVT:E23|KW:delete
1.0,EVT:E22|EVT:E23|KW:delete
1.0,EVT:E21|EVT:E23|KW:delete
1.0,EVT:E20|EVT:E23|KW:delete
1.0,EVT:E18|EVT:E23|KW:delete
1.0,EVT:E19|EVT:E23|KW:delete
1.0,EVT:E17|EVT:E23|KW:delete
1.0,EVT:E16|EVT:E23|KW:delete
1.0,COMP:wsgi_server|EVT:E23|KW:delete
1.0,EVT:E15|EVT:E23|KW:delete
1.0,EVT:E14|EVT:E23|KW:delete
1.0,EVT:E13|EVT:E23|KW:delete
1.0,EVT:E12|EVT:E23|KW:delete
1.0,EVT:E11|EVT:E23|KW:delete
1.0,EVT:E10|EVT:E23|KW:delete
1.0,EVT:E1|EVT:E23|KW:delete
1.0,COMP:compute_server_external_events|EVT:E23|KW:delete
1.0,COMP:openstack_wsgi|EVT:E23|KW:delete
1.0,COMP:libvirt_imagecache|EVT:E23|KW:delete
1.0,COMP:libvirt_driver|EVT:E23|KW:delete
1.0,COMP:compute_manager|EVT:E23|KW:delete
1.0,COMP:compute_resource_tracker|EVT:E23|KW:delete
1.0,COMP:compute_claims|EVT:E23|KW:delete
0.6,EVT:E23|EVT:E29|KW:delete
1.0,EVT:E2|EVT:E22|KW:delete
1.0,EVT:E2|EVT:E21|KW:delete
1.0,EVT:E2|EVT:E20|KW:delete
1.0,EVT:E18|EVT:E2|KW:delete
1.0,EVT:E19|EVT:E2|KW:delete
1.0,EVT:E17|EVT:E2|KW:delete
1.0,EVT:E16|EVT:E2|KW:delete
1.0,COMP:wsgi_server|EVT:E2|KW:delete
1.0,EVT:E15|EVT:E2|KW:delete
1.0,EVT:E14|EVT:E2|KW:delete
1.0,EVT:E13|EVT:E2|KW:delete
1.0,EVT:E12|EVT:E2|KW:delete
1.0,EVT:E11|EVT:E2|KW:delete
1.0,EVT:E10|EVT:E2|KW:delete
1.0,EVT:E1|EVT:E2|KW:delete
1.0,COMP:compute_server_external_events|EVT:E2|KW:delete
1.0,COMP:openstack_wsgi|EVT:E2|KW:delete
1.0,COMP:libvirt_imagecache|EVT:E2|KW:delete
1.0,COMP:libvirt_driver|EVT:E2|KW:delete
1.0,COMP:compute_manager|EVT:E2|KW:delete
1.0,COMP:compute_resource_tracker|EVT:E2|KW:delete
1.0,COMP:compute_claims|EVT:E2|KW:delete
0.6,EVT:E2|EVT:E29|KW:delete
1.0,EVT:E21|EVT:E22|KW:delete
1.0,EVT:E20|EVT:E22|KW:delete
1.0,EVT:E18|EVT:E22|KW:delete
1.0,EVT:E19|EVT:E22|KW:delete
1.0,EVT:E17|EVT:E22|KW:delete
1.0,EVT:E16|EVT:E22|KW:delete
1.0,COMP:wsgi_server|EVT:E22|KW:delete
1.0,EVT:E15|EVT:E22|KW:delete
1.0,EVT:E14|EVT:E22|KW:delete
1.0,EVT:E13|EVT:E22|KW:delete
1.0,EVT:E12|EVT:E22|KW:delete
1.0,EVT:E11|EVT:E22|KW:delete
1.0,EVT:E10|EVT:E22|KW:delete
1.0,EVT:E1|EVT:E22|KW:delete
1.0,COMP:compute_server_external_events|EVT:E22|KW:delete
1.0,COMP:openstack_wsgi|EVT:E22|KW:delete
1.0,COMP:libvirt_imagecache|EVT:E22|KW:delete
1.0,COMP:libvirt_driver|EVT:E22|KW:delete
1.0,COMP:compute_manager|EVT:E22|KW:delete
1.0,COMP:compute_resource_tracker|EVT:E22|KW:delete
1.0,COMP:compute_claims|EVT:E22|KW:delete
0.6,EVT:E22|EVT:E29|KW:delete
1.0,EVT:E20|EVT:E21|KW:delete
1.0,EVT:E18|EVT:E21|KW:delete
1.0,EVT:E19|EVT:E21|KW:delete
1.0,EVT:E17|EVT:E21|KW:delete
1.0,EVT:E16|EVT:E21|KW:delete
1.0,COMP:wsgi_server|EVT:E21|KW:delete
1.0,EVT:E15|EVT:E21|KW:delete
1.0,EVT:E14|EVT:E21|KW:delete
1.0,EVT:E13|EVT:E21|KW:delete
1.0,EVT:E12|EVT:E21|KW:delete
1.0,EVT:E11|EVT:E21|KW:delete
1.0,EVT:E10|EVT:E21|KW:delete
1.0,EVT:E1|EVT:E21|KW:delete
1.0,COMP:compute_server_external_events|EVT:E21|KW:delete
1.0,COMP:openstack_wsgi|EVT:E21|KW:delete
1.0,COMP:libvirt_imagecache|EVT:E21|KW:delete
1.0,COMP:libvirt_driver|EVT:E21|KW:delete
1.0,COMP:compute_manager|EVT:E21|KW:delete
1.0,COMP:compute_resource_tracker|EVT:E21|KW:delete
1.0,COMP:compute_claims|EVT:E21|KW:delete
0.6,EVT:E21|EVT:E29|KW:delete
1.0,EVT:E18|EVT:E20|KW:delete
1.0,EVT:E19|EVT:E20|KW:delete
1.0,EVT:E17|EVT:E20|KW:delete
1.0,EVT:E16|EVT:E20|KW:delete
1.0,COMP:wsgi_server|EVT:E20|KW:delete
1.0,EVT:E15|EVT:E20|KW:delete
1.0,EVT:E14|EVT:E20|KW:delete
1.0,EVT:E13|EVT:E20|KW:delete
1.0,EVT:E12|EVT:E20|KW:delete
1.0,EVT:E11|EVT:E20|KW:delete
1.0,EVT:E10|EVT:E20|KW:delete
1.0,EVT:E1|EVT:E20|KW:delete
1.0,COMP:compute_server_external_events|EVT:E20|KW:delete
1.0,COMP:openstack_wsgi|EVT:E20|KW:delete
1.0,COMP:libvirt_imagecache|EVT:E20|KW:delete
1.0,COMP:libvirt_driver|EVT:E20|KW:delete
1.0,COMP:compute_manager|EVT:E20|KW:delete
1.0,COMP:compute_resource_tracker|EVT:E20|KW:delete
1.0,COMP:compute_claims|EVT:E20|KW:delete
0.6,EVT:E20|EVT:E29|KW:delete
1.0,EVT:E18|EVT:E19|KW:delete
1.0,EVT:E17|EVT:E18|KW:delete
1.0,EVT:E16|EVT:E18|KW:delete
1.0,COMP:wsgi_server|EVT:E18|KW:delete
1.0,EVT:E15|EVT:E18|KW:delete
1.0,EVT:E14|EVT:E18|KW:delete
1.0,EVT:E13|EVT:E18|KW:delete
1.0,EVT:E12|EVT:E18|KW:delete
1.0,EVT:E11|EVT:E18|KW:delete
1.0,EVT:E10|EVT:E18|KW:delete
1.0,EVT:E1|EVT:E18|KW:delete
1.0,COMP:compute_server_external_events|EVT:E18|KW:delete
1.0,COMP:openstack_wsgi|EVT:E18|KW:delete
1.0,COMP:libvirt_imagecache|EVT:E18|KW:delete
1.0,COMP:libvirt_driver|EVT:E18|KW:delete
1.0,COMP:compute_manager|EVT:E18|KW:delete
1.0,COMP:compute_resource_tracker|EVT:E18|KW:delete
1.0,COMP:compute_claims|EVT:E18|KW:delete
0.6,EVT:E18|EVT:E29|KW:delete
1.0,EVT:E17|EVT:E19|KW:delete
1.0,EVT:E16|EVT:E19|KW:delete
1.0,COMP:wsgi_server|EVT:E19|KW:delete
1.0,EVT:E15|EVT:E19|KW:delete
1.0,EVT:E14|EVT:E19|KW:delete
1.0,EVT:E13|EVT:E19|KW:delete
1.0,EVT:E12|EVT:E19|KW:delete
1.0,EVT:E11|EVT:E19|KW:delete
1.0,EVT:E10|EVT:E19|KW:delete
1.0,EVT:E1|EVT:E19|KW:delete
1.0,COMP:compute_server_external_events|EVT:E19|KW:delete
1.0,COMP:openstack_wsgi|EVT:E19|KW:delete
1.0,COMP:libvirt_imagecache|EVT:E19|KW:delete
1.0,COMP:libvirt_driver|EVT:E19|KW:delete
1.0,COMP:compute_manager|EVT:E19|KW:delete
1.0,COMP:compute_resource_tracker|EVT:E19|KW:delete
1.0,COMP:compute_claims|EVT:E19|KW:delete
0.6,EVT:E19|EVT:E29|KW:delete
1.0,EVT:E16|EVT:E17|KW:delete
1.0,COMP:wsgi_server|EVT:E17|KW:delete
1.0,EVT:E15|EVT:E17|KW:delete
1.0,EVT:E14|EVT:E17|KW:delete
1.0,EVT:E13|EVT:E17|KW:delete
1.0,EVT:E12|EVT:E17|KW:delete
1.0,EVT:E11|EVT:E17|KW:delete
1.0,EVT:E10|EVT:E17|KW:delete
1.0,EVT:E1|EVT:E17|KW:delete
1.0,COMP:compute_server_external_events|EVT:E17|KW:delete
1.0,COMP:openstack_wsgi|EVT:E17|KW:delete
1.0,COMP:libvirt_imagecache|EVT:E17|KW:delete
1.0,COMP:libvirt_driver|EVT:E17|KW:delete
1.0,COMP:compute_manager|EVT:E17|KW:delete
1.0,COMP:compute_resource_tracker|EVT:E17|KW:delete
1.0,COMP:compute_claims|EVT:E17|KW:delete
0.6,EVT:E17|EVT:E29|KW:delete
1.0,COMP:wsgi_server|EVT:E16|KW:delete
1.0,EVT:E15|EVT:E16|KW:delete
1.0,EVT:E14|EVT:E16|KW:delete
1.0,EVT:E13|EVT:E16|KW:delete
1.0,EVT:E12|EVT:E16|KW:delete
1.0,EVT:E11|EVT:E16|KW:delete
1.0,EVT:E10|EVT:E16|KW:delete
1.0,EVT:E1|EVT:E16|KW:delete
1.0,COMP:compute_server_external_events|EVT:E16|KW:delete
1.0,COMP:openstack_wsgi|EVT:E16|KW:delete
1.0,COMP:libvirt_imagecache|EVT:E16|KW:delete
1.0,COMP:libvirt_driver|EVT:E16|KW:delete
1.0,COMP:compute_manager|EVT:E16|KW:delete
1.0,COMP:compute_resource_tracker|EVT:E16|KW:delete
1.0,COMP:compute_claims|EVT:E16|KW:delete
0.6,EVT:E16|EVT:E29|KW:delete
1.0,COMP:wsgi_server|EVT:E15|KW:delete
1.0,COMP:wsgi_server|EVT:E14|KW:delete
1.0,COMP:wsgi_server|EVT:E13|KW:delete
1.0,COMP:wsgi_server|EVT:E12|KW:delete
1.0,COMP:wsgi_server|EVT:E11|KW:delete
1.0,COMP:wsgi_server|EVT:E10|KW:delete
1.0,COMP:wsgi_server|EVT:E1|KW:delete
1.0,COMP:compute_server_external_events|COMP:wsgi_server|KW:delete
1.0,COMP:openstack_wsgi|COMP:wsgi_server|KW:delete
1.0,COMP:libvirt_imagecache|COMP:wsgi_server|KW:delete
1.0,COMP:libvirt_driver|COMP:wsgi_server|KW:delete
1.0,COMP:compute_manager|COMP:wsgi_server|KW:delete
1.0,COMP:compute_resource_tracker|COMP:wsgi_server|KW:delete
1.0,COMP:compute_claims|COMP:wsgi_server|KW:delete
0.6,COMP:wsgi_server|EVT:E29|KW:delete
1.0,EVT:E14|EVT:E15|KW:delete
1.0,EVT:E13|EVT:E15|KW:delete
1.0,EVT:E12|EVT:E15|KW:delete
1.0,EVT:E11|EVT:E15|KW:delete
1.0,EVT:E10|EVT:E15|KW:delete
1.0,EVT:E1|EVT:E15|KW:delete
1.0,COMP:compute_server_external_events|EVT:E15|KW:delete
1.0,COMP:openstack_wsgi|EVT:E15|KW:delete
1.0,COMP:libvirt_imagecache|EVT:E15|KW:delete
1.0,COMP:libvirt_driver|EVT:E15|KW:delete
1.0,COMP:compute_manager|EVT:E15|KW:delete
1.0,COMP:compute_resource_tracker|EVT:E15|KW:delete
1.0,COMP:compute_claims|EVT:E15|KW:delete
0.6,EVT:E15|EVT:E29|KW:delete
1.0,EVT:E13|EVT:E14|KW:delete
1.0,EVT:E12|EVT:E14|KW:delete
1.0,EVT:E11|EVT:E14|KW:delete
1.0,EVT:E10|EVT:E14|KW:delete
1.0,EVT:E1|EVT:E14|KW:delete
1.0,COMP:compute_server_external_events|EVT:E14|KW:delete
1.0,COMP:openstack_wsgi|EVT:E14|KW:delete
1.0,COMP:libvirt_imagecache|EVT:E14|KW:delete
1.0,COMP:libvirt_driver|EVT:E14|KW:delete
1.0,COMP:compute_manager|EVT:E14|KW:delete
1.0,COMP:compute_resource_tracker|EVT:E14|KW:delete
1.0,COMP:compute_claims|EVT:E14|KW:delete
0.6,EVT:E14|EVT:E29|KW:delete
1.0,EVT:E12|EVT:E13|KW:delete
1.0,EVT:E11|EVT:E13|KW:delete
1.0,EVT:E10|EVT:E13|KW:delete
1.0,EVT:E1|EVT:E13|KW:delete
1.0,COMP:compute_server_external_events|EVT:E13|KW:delete
1.0,COMP:openstack_wsgi|EVT:E13|KW:delete
1.0,COMP:libvirt_imagecache|EVT:E13|KW:delete
1.0,COMP:libvirt_driver|EVT:E13|KW:delete
1.0,COMP:compute_manager|EVT:E13|KW:delete
1.0,COMP:compute_resource_tracker|EVT:E13|KW:delete
1.0,COMP:compute_claims|EVT:E13|KW:delete
0.6,EVT:E13|EVT:E29|KW:delete
1.0,EVT:E11|EVT:E12|KW:delete
1.0,EVT:E10|EVT:E12|KW:delete
1.0,EVT:E1|EVT:E12|KW:delete
1.0,COMP:compute_server_external_events|EVT:E12|KW:delete
1.0,COMP:openstack_wsgi|EVT:E12|KW:delete
1.0,COMP:libvirt_imagecache|EVT:E12|KW:delete
1.0,COMP:libvirt_driver|EVT:E12|KW:delete
1.0,COMP:compute_manager|EVT:E12|KW:delete
1.0,COMP:compute_resource_tracker|EVT:E12|KW:delete
1.0,COMP:compute_claims|EVT:E12|KW:delete
0.6,EVT:E12|EVT:E29|KW:delete
1.0,EVT:E10|EVT:E11|KW:delete
1.0,EVT:E1|EVT:E11|KW:delete
1.0,COMP:compute_server_external_events|EVT:E11|KW:delete
1.0,COMP:openstack_wsgi|EVT:E11|KW:delete
1.0,COMP:libvirt_imagecache|EVT:E11|KW:delete
1.0,COMP:libvirt_driver|EVT:E11|KW:delete
1.0,COMP:compute_manager|EVT:E11|KW:delete
1.0,COMP:compute_resource_tracker|EVT:E11|KW:delete
1.0,COMP:compute_claims|EVT:E11|KW:delete
0.6,EVT:E11|EVT:E29|KW:delete
1.0,EVT:E1|EVT:E10|KW:delete
1.0,COMP:compute_server_external_events|EVT:E10|KW:delete
1.0,COMP:openstack_wsgi|EVT:E10|KW:delete
1.0,COMP:libvirt_imagecache|EVT:E10|KW:delete
1.0,COMP:libvirt_driver|EVT:E10|KW:delete
1.0,COMP:compute_manager|EVT:E10|KW:delete
1.0,COMP:compute_resource_tracker|EVT:E10|KW:delete
1.0,COMP:compute_claims|EVT:E10|KW:delete
0.6,EVT:E10|EVT:E29|KW:delete
1.0,COMP:compute_server_external_events|EVT:E1|KW:delete
1.0,COMP:openstack_wsgi|EVT:E1|KW:delete
1.0,COMP:libvirt_imagecache|EVT:E1|KW:delete
1.0,COMP:libvirt_driver|EVT:E1|KW:delete
1.0,COMP:compute_manager|EVT:E1|KW:delete
1.0,COMP:compute_resource_tracker|EVT:E1|KW:delete
1.0,COMP:compute_claims|EVT:E1|KW:delete
0.6,EVT:E1|EVT:E29|KW:delete
1.0,COMP:compute_server_external_events|COMP:openstack_wsgi|KW:delete
1.0,COMP:compute_server_external_events|COMP:libvirt_imagecache|KW:delete
1.0,COMP:compute_server_external_events|COMP:libvirt_driver|KW:delete
1.0,COMP:compute_manager|COMP:compute_server_external_events|KW:delete
1.0,COMP:compute_resource_tracker|COMP:compute_server_external_events|KW:delete
1.0,COMP:compute_claims|COMP:compute_server_external_events|KW:delete
0.6,COMP:compute_server_external_events|EVT:E29|KW:delete
1.0,COMP:libvirt_imagecache|COMP:openstack_wsgi|KW:delete
1.0,COMP:libvirt_driver|COMP:openstack_wsgi|KW:delete
1.0,COMP:compute_manager|COMP:openstack_wsgi|KW:delete
1.0,COMP:compute_resource_tracker|COMP:openstack_wsgi|KW:delete
1.0,COMP:compute_claims|COMP:openstack_wsgi|KW:delete
0.6,COMP:openstack_wsgi|EVT:E29|KW:delete
1.0,COMP:libvirt_driver|COMP:libvirt_imagecache|KW:delete
1.0,COMP:compute_manager|COMP:libvirt_imagecache|KW:delete
1.0,COMP:compute_resource_tracker|COMP:libvirt_imagecache|KW:delete
1.0,COMP:compute_claims|COMP:libvirt_imagecache|KW:delete
0.6,COMP:libvirt_imagecache|EVT:E29|KW:delete
1.0,COMP:compute_manager|COMP:libvirt_driver|KW:delete
1.0,COMP:compute_resource_tracker|COMP:libvirt_driver|KW:delete
1.0,COMP:compute_claims|COMP:libvirt_driver|KW:delete
0.6,COMP:libvirt_driver|EVT:E29|KW:delete
1.0,COMP:compute_manager|COMP:compute_resource_tracker|KW:delete
1.0,COMP:compute_claims|COMP:compute_manager|KW:delete
0.6,COMP:compute_manager|EVT:E29|KW:delete
1.0,COMP:compute_claims|COMP:compute_resource_tracker|KW:delete
0.6,COMP:compute_resource_tracker|EVT:E29|KW:delete
0.6,COMP:compute_claims|EVT:E29|KW:delete
1.0,FLAG:FAILURE|HOUR:00|KW:build
1.0,EVT:E9|HOUR:00|KW:build
1.0,EVT:E8|HOUR:00|KW:build
1.0,EVT:E7|HOUR:00|KW:build
1.0,EVT:E6|HOUR:00|KW:build
1.0,EVT:E5|HOUR:00|KW:build
1.0,EVT:E42|HOUR:00|KW:build
1.0,EVT:E41|HOUR:00|KW:build
1.0,EVT:E4|HOUR:00|KW:build
1.0,EVT:E37|HOUR:00|KW:build
1.0,EVT:E36|HOUR:00|KW:build
1.0,EVT:E35|HOUR:00|KW:build
1.0,EVT:E34|HOUR:00|KW:build
1.0,EVT:E33|HOUR:00|KW:build
1.0,EVT:E32|HOUR:00|KW:build
1.0,EVT:E31|HOUR:00|KW:build
1.0,EVT:E30|HOUR:00|KW:build
1.0,EVT:E3|HOUR:00|KW:build
1.0,EVT:E28|HOUR:00|KW:build
1.0,EVT:E27|HOUR:00|KW:build
1.0,EVT:E25|HOUR:00|KW:build
1.0,EVT:E26|HOUR:00|KW:build
1.0,EVT:E24|HOUR:00|KW:build
1.0,EVT:E23|HOUR:00|KW:build
1.0,EVT:E2|HOUR:00|KW:build
1.0,EVT:E22|HOUR:00|KW:build
1.0,EVT:E21|HOUR:00|KW:build
1.0,EVT:E20|HOUR:00|KW:build
1.0,EVT:E18|HOUR:00|KW:build
1.0,EVT:E19|HOUR:00|KW:build
1.0,EVT:E17|HOUR:00|KW:build
1.0,EVT:E16|HOUR:00|KW:build
1.0,COMP:wsgi_server|HOUR:00|KW:build
1.0,EVT:E15|HOUR:00|KW:build
1.0,EVT:E14|HOUR:00|KW:build
1.0,EVT:E13|HOUR:00|KW:build
1.0,EVT:E12|HOUR:00|KW:build
1.0,EVT:E11|HOUR:00|KW:build
1.0,EVT:E10|HOUR:00|KW:build
1.0,EVT:E1|HOUR:00|KW:build
1.0,COMP:compute_server_external_events|HOUR:00|KW:build
1.0,COMP:openstack_wsgi|HOUR:00|KW:build
1.0,COMP:libvirt_imagecache|HOUR:00|KW:build
1.0,COMP:libvirt_driver|HOUR:00|KW:build
1.0,COMP:compute_manager|HOUR:00|KW:build
1.0,COMP:compute_resource_tracker|HOUR:00|KW:build
1.0,COMP:compute_claims|HOUR:00|KW:build
0.6,EVT:E29|HOUR:00|KW:build
1.0,EVT:E9|FLAG:FAILURE|KW:build
1.0,EVT:E8|FLAG:FAILURE|KW:build
1.0,EVT:E7|FLAG:FAILURE|KW:build
1.0,EVT:E6|FLAG:FAILURE|KW:build
1.0,EVT:E5|FLAG:FAILURE|KW:build
1.0,EVT:E42|FLAG:FAILURE|KW:build
1.0,EVT:E41|FLAG:FAILURE|KW:build
1.0,EVT:E4|FLAG:FAILURE|KW:build
1.0,EVT:E37|FLAG:FAILURE|KW:build
1.0,EVT:E36|FLAG:FAILURE|KW:build
1.0,EVT:E35|FLAG:FAILURE|KW:build
1.0,EVT:E34|FLAG:FAILURE|KW:build
1.0,EVT:E33|FLAG:FAILURE|KW:build
1.0,EVT:E32|FLAG:FAILURE|KW:build
1.0,EVT:E31|FLAG:FAILURE|KW:build
1.0,EVT:E30|FLAG:FAILURE|KW:build
1.0,EVT:E3|FLAG:FAILURE|KW:build
1.0,EVT:E28|FLAG:FAILURE|KW:build
1.0,EVT:E27|FLAG:FAILURE|KW:build
1.0,EVT:E25|FLAG:FAILURE|KW:build
1.0,EVT:E26|FLAG:FAILURE|KW:build
1.0,EVT:E24|FLAG:FAILURE|KW:build
1.0,EVT:E23|FLAG:FAILURE|KW:build
1.0,EVT:E2|FLAG:FAILURE|KW:build
1.0,EVT:E22|FLAG:FAILURE|KW:build
1.0,EVT:E21|FLAG:FAILURE|KW:build
1.0,EVT:E20|FLAG:FAILURE|KW:build
1.0,EVT:E18|FLAG:FAILURE|KW:build
1.0,EVT:E19|FLAG:FAILURE|KW:build
1.0,EVT:E17|FLAG:FAILURE|KW:build
1.0,EVT:E16|FLAG:FAILURE|KW:build
1.0,COMP:wsgi_server|FLAG:FAILURE|KW:build
1.0,EVT:E15|FLAG:FAILURE|KW:build
1.0,EVT:E14|FLAG:FAILURE|KW:build
1.0,EVT:E13|FLAG:FAILURE|KW:build
1.0,EVT:E12|FLAG:FAILURE|KW:build
1.0,EVT:E11|FLAG:FAILURE|KW:build
1.0,EVT:E10|FLAG:FAILURE|KW:build
1.0,EVT:E1|FLAG:FAILURE|KW:build
1.0,COMP:compute_server_external_events|FLAG:FAILURE|KW:build
1.0,COMP:openstack_wsgi|FLAG:FAILURE|KW:build
1.0,COMP:libvirt_imagecache|FLAG:FAILURE|KW:build
1.0,COMP:libvirt_driver|FLAG:FAILURE|KW:build
1.0,COMP:compute_manager|FLAG:FAILURE|KW:build
1.0,COMP:compute_resource_tracker|FLAG:FAILURE|KW:build
1.0,COMP:compute_claims|FLAG:FAILURE|KW:build
0.6,EVT:E29|FLAG:FAILURE|KW:build
1.0,EVT:E8|EVT:E9|KW:build
1.0,EVT:E7|EVT:E9|KW:build
1.0,EVT:E6|EVT:E9|KW:build
1.0,EVT:E5|EVT:E9|KW:build
1.0,EVT:E42|EVT:E9|KW:build
1.0,EVT:E41|EVT:E9|KW:build
1.0,EVT:E4|EVT:E9|KW:build
1.0,EVT:E37|EVT:E9|KW:build
1.0,EVT:E36|EVT:E9|KW:build
1.0,EVT:E35|EVT:E9|KW:build
1.0,EVT:E34|EVT:E9|KW:build
1.0,EVT:E33|EVT:E9|KW:build
1.0,EVT:E32|EVT:E9|KW:build
1.0,EVT:E31|EVT:E9|KW:build
1.0,EVT:E30|EVT:E9|KW:build
1.0,EVT:E3|EVT:E9|KW:build
1.0,EVT:E28|EVT:E9|KW:build
1.0,EVT:E27|EVT:E9|KW:build
1.0,EVT:E25|EVT:E9|KW:build
1.0,EVT:E26|EVT:E9|KW:build
1.0,EVT:E24|EVT:E9|KW:build
1.0,EVT:E23|EVT:E9|KW:build
1.0,EVT:E2|EVT:E9|KW:build
1.0,EVT:E22|EVT:E9|KW:build
1.0,EVT:E21|EVT:E9|KW:build
1.0,EVT:E20|EVT:E9|KW:build
1.0,EVT:E18|EVT:E9|KW:build
1.0,EVT:E19|EVT:E9|KW:build
1.0,EVT:E17|EVT:E9|KW:build
1.0,EVT:E16|EVT:E9|KW:build
1.0,COMP:wsgi_server|EVT:E9|KW:build
1.0,EVT:E15|EVT:E9|KW:build
1.0,EVT:E14|EVT:E9|KW:build
1.0,EVT:E13|EVT:E9|KW:build
1.0,EVT:E12|EVT:E9|KW:build
1.0,EVT:E11|EVT:E9|KW:build
1.0,EVT:E10|EVT:E9|KW:build
1.0,EVT:E1|EVT:E9|KW:build
1.0,COMP:compute_server_external_events|EVT:E9|KW:build
1.0,COMP:openstack_wsgi|EVT:E9|KW:build
1.0,COMP:libvirt_imagecache|EVT:E9|KW:build
1.0,COMP:libvirt_driver|EVT:E9|KW:build
1.0,COMP:compute_manager|EVT:E9|KW:build
1.0,COMP:compute_resource_tracker|EVT:E9|KW:build
1.0,COMP:compute_claims|EVT:E9|KW:build
0.6,EVT:E29|EVT:E9|KW:build
1.0,EVT:E7|EVT:E8|KW:build
1.0,EVT:E6|EVT:E8|KW:build
1.0,EVT:E5|EVT:E8|KW:build
1.0,EVT:E42|EVT:E8|KW:build
1.0,EVT:E41|EVT:E8|KW:build
1.0,EVT:E4|EVT:E8|KW:build
1.0,EVT:E37|EVT:E8|KW:build
1.0,EVT:E36|EVT:E8|KW:build
1.0,EVT:E35|EVT:E8|KW:build
1.0,EVT:E34|EVT:E8|KW:build
1.0,EVT:E33|EVT:E8|KW:build
1.0,EVT:E32|EVT:E8|KW:build
1.0,EVT:E31|EVT:E8|KW:build
1.0,EVT:E30|EVT:E8|KW:build
1.0,EVT:E3|EVT:E8|KW:build
1.0,EVT:E28|EVT:E8|KW:build
1.0,EVT:E27|EVT:E8|KW:build
1.0,EVT:E25|EVT:E8|KW:build
1.0,EVT:E26|EVT:E8|KW:build
1.0,EVT:E24|EVT:E8|KW:build
1.0,EVT:E23|EVT:E8|KW:build
1.0,EVT:E2|EVT:E8|KW:build
1.0,EVT:E22|EVT:E8|KW:build
1.0,EVT:E21|EVT:E8|KW:build
1.0,EVT:E20|EVT:E8|KW:build
1.0,EVT:E18|EVT:E8|KW:build
1.0,EVT:E19|EVT:E8|KW:build
1.0,EVT:E17|EVT:E8|KW:build
1.0,EVT:E16|EVT:E8|KW:build
1.0,COMP:wsgi_server|EVT:E8|KW:build
1.0,EVT:E15|EVT:E8|KW:build
1.0,EVT:E14|EVT:E8|KW:build
1.0,EVT:E13|EVT:E8|KW:build
1.0,EVT:E12|EVT:E8|KW:build
1.0,EVT:E11|EVT:E8|KW:build
1.0,EVT:E10|EVT:E8|KW:build
1.0,EVT:E1|EVT:E8|KW:build
1.0,COMP:compute_server_external_events|EVT:E8|KW:build
1.0,COMP:openstack_wsgi|EVT:E8|KW:build
1.0,COMP:libvirt_imagecache|EVT:E8|KW:build
1.0,COMP:libvirt_driver|EVT:E8|KW:build
1.0,COMP:compute_manager|EVT:E8|KW:build
1.0,COMP:compute_resource_tracker|EVT:E8|KW:build
1.0,COMP:compute_claims|EVT:E8|KW:build
0.6,EVT:E29|EVT:E8|KW:build
1.0,EVT:E6|EVT:E7|KW:build
1.0,EVT:E5|EVT:E7|KW:build
1.0,EVT:E42|EVT:E7|KW:build
1.0,EVT:E41|EVT:E7|KW:build
1.0,EVT:E4|EVT:E7|KW:build
1.0,EVT:E37|EVT:E7|KW:build
1.0,EVT:E36|EVT:E7|KW:build
1.0,EVT:E35|EVT:E7|KW:build
1.0,EVT:E34|EVT:E7|KW:build
1.0,EVT:E33|EVT:E7|KW:build
1.0,EVT:E32|EVT:E7|KW:build
1.0,EVT:E31|EVT:E7|KW:build
1.0,EVT:E30|EVT:E7|KW:build
1.0,EVT:E3|EVT:E7|KW:build
1.0,EVT:E28|EVT:E7|KW:build
1.0,EVT:E27|EVT:E7|KW:build
1.0,EVT:E25|EVT:E7|KW:build
1.0,EVT:E26|EVT:E7|KW:build
1.0,EVT:E24|EVT:E7|KW:build
1.0,EVT:E23|EVT:E7|KW:build
1.0,EVT:E2|EVT:E7|KW:build
1.0,EVT:E22|EVT:E7|KW:build
1.0,EVT:E21|EVT:E7|KW:build
1.0,EVT:E20|EVT:E7|KW:build
1.0,EVT:E18|EVT:E7|KW:build
1.0,EVT:E19|EVT:E7|KW:build
1.0,EVT:E17|EVT:E7|KW:build
1.0,EVT:E16|EVT:E7|KW:build
1.0,COMP:wsgi_server|EVT:E7|KW:build
1.0,EVT:E15|EVT:E7|KW:build
1.0,EVT:E14|EVT:E7|KW:build
1.0,EVT:E13|EVT:E7|KW:build
1.0,EVT:E12|EVT:E7|KW:build
1.0,EVT:E11|EVT:E7|KW:build
1.0,EVT:E10|EVT:E7|KW:build
1.0,EVT:E1|EVT:E7|KW:build
1.0,COMP:compute_server_external_events|EVT:E7|KW:build
1.0,COMP:openstack_wsgi|EVT:E7|KW:build
1.0,COMP:libvirt_imagecache|EVT:E7|KW:build
1.0,COMP:libvirt_driver|EVT:E7|KW:build
1.0,COMP:compute_manager|EVT:E7|KW:build
1.0,COMP:compute_resource_tracker|EVT:E7|KW:build
1.0,COMP:compute_claims|EVT:E7|KW:build
0.6,EVT:E29|EVT:E7|KW:build
1.0,EVT:E5|EVT:E6|KW:build
1.0,EVT:E42|EVT:E6|KW:build
1.0,EVT:E41|EVT:E6|KW:build
1.0,EVT:E4|EVT:E6|KW:build
1.0,EVT:E37|EVT:E6|KW:build
1.0,EVT:E36|EVT:E6|KW:build
1.0,EVT:E35|EVT:E6|KW:build
1.0,EVT:E34|EVT:E6|KW:build
1.0,EVT:E33|EVT:E6|KW:build
1.0,EVT:E32|EVT:E6|KW:build
1.0,EVT:E31|EVT:E6|KW:build
1.0,EVT:E30|EVT:E6|KW:build
1.0,EVT:E3|EVT:E6|KW:build
1.0,EVT:E28|EVT:E6|KW:build
1.0,EVT:E27|EVT:E6|KW:build
1.0,EVT:E25|EVT:E6|KW:build
1.0,EVT:E26|EVT:E6|KW:build
1.0,EVT:E24|EVT:E6|KW:build
1.0,EVT:E23|EVT:E6|KW:build
1.0,EVT:E2|EVT:E6|KW:build
1.0,EVT:E22|EVT:E6|KW:build
1.0,EVT:E21|EVT:E6|KW:build
1.0,EVT:E20|EVT:E6|KW:build
1.0,EVT:E18|EVT:E6|KW:build
1.0,EVT:E19|EVT:E6|KW:build
1.0,EVT:E17|EVT:E6|KW:build
1.0,EVT:E16|EVT:E6|KW:build
1.0,COMP:wsgi_server|EVT:E6|KW:build
1.0,EVT:E15|EVT:E6|KW:build
1.0,EVT:E14|EVT:E6|KW:build
1.0,EVT:E13|EVT:E6|KW:build
1.0,EVT:E12|EVT:E6|KW:build
1.0,EVT:E11|EVT:E6|KW:build
1.0,EVT:E10|EVT:E6|KW:build
1.0,EVT:E1|EVT:E6|KW:build
1.0,COMP:compute_server_external_events|EVT:E6|KW:build
1.0,COMP:openstack_wsgi|EVT:E6|KW:build
1.0,COMP:libvirt_imagecache|EVT:E6|KW:build
1.0,COMP:libvirt_driver|EVT:E6|KW:build
1.0,COMP:compute_manager|EVT:E6|KW:build
1.0,COMP:compute_resource_tracker|EVT:E6|KW:build
1.0,COMP:compute_claims|EVT:E6|KW:build
0.6,EVT:E29|EVT:E6|KW:build
1.0,EVT:E42|EVT:E5|KW:build
1.0,EVT:E41|EVT:E5|KW:build
1.0,EVT:E4|EVT:E5|KW:build
1.0,EVT:E37|EVT:E5|KW:build
1.0,EVT:E36|EVT:E5|KW:build
1.0,EVT:E35|EVT:E5|KW:build
1.0,EVT:E34|EVT:E5|KW:build
1.0,EVT:E33|EVT:E5|KW:build
1.0,EVT:E32|EVT:E5|KW:build
1.0,EVT:E31|EVT:E5|KW:build
1.0,EVT:E30|EVT:E5|KW:build
1.0,EVT:E3|EVT:E5|KW:build
1.0,EVT:E28|EVT:E5|KW:build
1.0,EVT:E27|EVT:E5|KW:build
1.0,EVT:E25|EVT:E5|KW:build
1.0,EVT:E26|EVT:E5|KW:build
1.0,EVT:E24|EVT:E5|KW:build
1.0,EVT:E23|EVT:E5|KW:build
1.0,EVT:E2|EVT:E5|KW:build
1.0,EVT:E22|EVT:E5|KW:build
1.0,EVT:E21|EVT:E5|KW:build
1.0,EVT:E20|EVT:E5|KW:build
1.0,EVT:E18|EVT:E5|KW:build
1.0,EVT:E19|EVT:E5|KW:build
1.0,EVT:E17|EVT:E5|KW:build
1.0,EVT:E16|EVT:E5|KW:build
1.0,COMP:wsgi_server|EVT:E5|KW:build
1.0,EVT:E15|EVT:E5|KW:build
1.0,EVT:E14|EVT:E5|KW:build
1.0,EVT:E13|EVT:E5|KW:build
1.0,EVT:E12|EVT:E5|KW:build
1.0,EVT:E11|EVT:E5|KW:build
1.0,EVT:E10|EVT:E5|KW:build
1.0,EVT:E1|EVT:E5|KW:build
1.0,COMP:compute_server_external_events|EVT:E5|KW:build
1.0,COMP:openstack_wsgi|EVT:E5|KW:build
1.0,COMP:libvirt_imagecache|EVT:E5|KW:build
1.0,COMP:libvirt_driver|EVT:E5|KW:build
1.0,COMP:compute_manager|EVT:E5|KW:build
1.0,COMP:compute_resource_tracker|EVT:E5|KW:build
1.0,COMP:compute_claims|EVT:E5|KW:build
0.6,EVT:E29|EVT:E5|KW:build
1.0,EVT:E41|EVT:E42|KW:build
1.0,EVT:E4|EVT:E42|KW:build
1.0,EVT:E37|EVT:E42|KW:build
1.0,EVT:E36|EVT:E42|KW:build
1.0,EVT:E35|EVT:E42|KW:build
1.0,EVT:E34|EVT:E42|KW:build
1.0,EVT:E33|EVT:E42|KW:build
1.0,EVT:E32|EVT:E42|KW:build
1.0,EVT:E31|EVT:E42|KW:build
1.0,EVT:E30|EVT:E42|KW:build
1.0,EVT:E3|EVT:E42|KW:build
1.0,EVT:E28|EVT:E42|KW:build
1.0,EVT:E27|EVT:E42|KW:build
1.0,EVT:E25|EVT:E42|KW:build
1.0,EVT:E26|EVT:E42|KW:build
1.0,EVT:E24|EVT:E42|KW:build
1.0,EVT:E23|EVT:E42|KW:build
1.0,EVT:E2|EVT:E42|KW:build
1.0,EVT:E22|EVT:E42|KW:build
1.0,EVT:E21|EVT:E42|KW:build
1.0,EVT:E20|EVT:E42|KW:build
1.0,EVT:E18|EVT:E42|KW:build
1.0,EVT:E19|EVT:E42|KW:build
1.0,EVT:E17|EVT:E42|KW:build
1.0,EVT:E16|EVT:E42|KW:build
1.0,COMP:wsgi_server|EVT:E42|KW:build
1.0,EVT:E15|EVT:E42|KW:build
1.0,EVT:E14|EVT:E42|KW:build
1.0,EVT:E13|EVT:E42|KW:build
1.0,EVT:E12|EVT:E42|KW:build
1.0,EVT:E11|EVT:E42|KW:build
1.0,EVT:E10|EVT:E42|KW:build
1.0,EVT:E1|EVT:E42|KW:build
1.0,COMP:compute_server_external_events|EVT:E42|KW:build
1.0,COMP:openstack_wsgi|EVT:E42|KW:build
1.0,COMP:libvirt_imagecache|EVT:E42|KW:build
1.0,COMP:libvirt_driver|EVT:E42|KW:build
1.0,COMP:compute_manager|EVT:E42|KW:build
1.0,COMP:compute_resource_tracker|EVT:E42|KW:build
1.0,COMP:compute_claims|EVT:E42|KW:build
0.6,EVT:E29|EVT:E42|KW:build
1.0,EVT:E4|EVT:E41|KW:build
1.0,EVT:E37|EVT:E41|KW:build
1.0,EVT:E36|EVT:E41|KW:build
1.0,EVT:E35|EVT:E41|KW:build
1.0,EVT:E34|EVT:E41|KW:build
1.0,EVT:E33|EVT:E41|KW:build
1.0,EVT:E32|EVT:E41|KW:build
1.0,EVT:E31|EVT:E41|KW:build
1.0,EVT:E30|EVT:E41|KW:build
1.0,EVT:E3|EVT:E41|KW:build
1.0,EVT:E28|EVT:E41|KW:build
1.0,EVT:E27|EVT:E41|KW:build
1.0,EVT:E25|EVT:E41|KW:build
1.0,EVT:E26|EVT:E41|KW:build
1.0,EVT:E24|EVT:E41|KW:build
1.0,EVT:E23|EVT:E41|KW:build
1.0,EVT:E2|EVT:E41|KW:build
1.0,EVT:E22|EVT:E41|KW:build
1.0,EVT:E21|EVT:E41|KW:build
1.0,EVT:E20|EVT:E41|KW:build
1.0,EVT:E18|EVT:E41|KW:build
1.0,EVT:E19|EVT:E41|KW:build
1.0,EVT:E17|EVT:E41|KW:build
1.0,EVT:E16|EVT:E41|KW:build
1.0,COMP:wsgi_server|EVT:E41|KW:build
1.0,EVT:E15|EVT:E41|KW:build
1.0,EVT:E14|EVT:E41|KW:build
1.0,EVT:E13|EVT:E41|KW:build
1.0,EVT:E12|EVT:E41|KW:build
1.0,EVT:E11|EVT:E41|KW:build
1.0,EVT:E10|EVT:E41|KW:build
1.0,EVT:E1|EVT:E41|KW:build
1.0,COMP:compute_server_external_events|EVT:E41|KW:build
1.0,COMP:openstack_wsgi|EVT:E41|KW:build
1.0,COMP:libvirt_imagecache|EVT:E41|KW:build
1.0,COMP:libvirt_driver|EVT:E41|KW:build
1.0,COMP:compute_manager|EVT:E41|KW:build
1.0,COMP:compute_resource_tracker|EVT:E41|KW:build
1.0,COMP:compute_claims|EVT:E41|KW:build
0.6,EVT:E29|EVT:E41|KW:build
1.0,EVT:E37|EVT:E4|KW:build
1.0,EVT:E36|EVT:E4|KW:build
1.0,EVT:E35|EVT:E4|KW:build
1.0,EVT:E34|EVT:E4|KW:build
1.0,EVT:E33|EVT:E4|KW:build
1.0,EVT:E32|EVT:E4|KW:build
1.0,EVT:E31|EVT:E4|KW:build
1.0,EVT:E30|EVT:E4|KW:build
1.0,EVT:E3|EVT:E4|KW:build
1.0,EVT:E28|EVT:E4|KW:build
1.0,EVT:E27|EVT:E4|KW:build
1.0,EVT:E25|EVT:E4|KW:build
1.0,EVT:E26|EVT:E4|KW:build
1.0,EVT:E24|EVT:E4|KW:build
1.0,EVT:E23|EVT:E4|KW:build
1.0,EVT:E2|EVT:E4|KW:build
1.0,EVT:E22|EVT:E4|KW:build
1.0,EVT:E21|EVT:E4|KW:build
1.0,EVT:E20|EVT:E4|KW:build
1.0,EVT:E18|EVT:E4|KW:build
1.0,EVT:E19|EVT:E4|KW:build
1.0,EVT:E17|EVT:E4|KW:build
1.0,EVT:E16|EVT:E4|KW:build
1.0,COMP:wsgi_server|EVT:E4|KW:build
1.0,EVT:E15|EVT:E4|KW:build
1.0,EVT:E14|EVT:E4|KW:build
1.0,EVT:E13|EVT:E4|KW:build
1.0,EVT:E12|EVT:E4|KW:build
1.0,EVT:E11|EVT:E4|KW:build
1.0,EVT:E10|EVT:E4|KW:build
1.0,EVT:E1|EVT:E4|KW:build
1.0,COMP:compute_server_external_events|EVT:E4|KW:build
1.0,COMP:openstack_wsgi|EVT:E4|KW:build
1.0,COMP:libvirt_imagecache|EVT:E4|KW:build
1.0,COMP:libvirt_driver|EVT:E4|KW:build
1.0,COMP:compute_manager|EVT:E4|KW:build
1.0,COMP:compute_resource_tracker|EVT:E4|KW:build
1.0,COMP:compute_claims|EVT:E4|KW:build
0.6,EVT:E29|EVT:E4|KW:build
1.0,EVT:E36|EVT:E37|KW:build
1.0,EVT:E35|EVT:E37|KW:build
1.0,EVT:E34|EVT:E37|KW:build
1.0,EVT:E33|EVT:E37|KW:build
1.0,EVT:E32|EVT:E37|KW:build
1.0,EVT:E31|EVT:E37|KW:build
1.0,EVT:E30|EVT:E37|KW:build
1.0,EVT:E3|EVT:E37|KW:build
1.0,EVT:E28|EVT:E37|KW:build
1.0,EVT:E27|EVT:E37|KW:build
1.0,EVT:E25|EVT:E37|KW:build
1.0,EVT:E26|EVT:E37|KW:build
1.0,EVT:E24|EVT:E37|KW:build
1.0,EVT:E23|EVT:E37|KW:build
1.0,EVT:E2|EVT:E37|KW:build
1.0,EVT:E22|EVT:E37|KW:build
1.0,EVT:E21|EVT:E37|KW:build
1.0,EVT:E20|EVT:E37|KW:build
1.0,EVT:E18|EVT:E37|KW:build
1.0,EVT:E19|EVT:E37|KW:build
1.0,EVT:E17|EVT:E37|KW:build
1.0,EVT:E16|EVT:E37|KW:build
1.0,COMP:wsgi_server|EVT:E37|KW:build
1.0,EVT:E15|EVT:E37|KW:build
1.0,EVT:E14|EVT:E37|KW:build
1.0,EVT:E13|EVT:E37|KW:build
1.0,EVT:E12|EVT:E37|KW:build
1.0,EVT:E11|EVT:E37|KW:build
1.0,EVT:E10|EVT:E37|KW:build
1.0,EVT:E1|EVT:E37|KW:build
1.0,COMP:compute_server_external_events|EVT:E37|KW:build
1.0,COMP:openstack_wsgi|EVT:E37|KW:build
1.0,COMP:libvirt_imagecache|EVT:E37|KW:build
1.0,COMP:libvirt_driver|EVT:E37|KW:build
1.0,COMP:compute_manager|EVT:E37|KW:build
1.0,COMP:compute_resource_tracker|EVT:E37|KW:build
1.0,COMP:compute_claims|EVT:E37|KW:build
0.6,EVT:E29|EVT:E37|KW:build
1.0,EVT:E35|EVT:E36|KW:build
1.0,EVT:E34|EVT:E36|KW:build
1.0,EVT:E33|EVT:E36|KW:build
1.0,EVT:E32|EVT:E36|KW:build
1.0,EVT:E31|EVT:E36|KW:build
1.0,EVT:E30|EVT:E36|KW:build
1.0,EVT:E3|EVT:E36|KW:build
1.0,EVT:E28|EVT:E36|KW:build
1.0,EVT:E27|EVT:E36|KW:build
1.0,EVT:E25|EVT:E36|KW:build
1.0,EVT:E26|EVT:E36|KW:build
1.0,EVT:E24|EVT:E36|KW:build
1.0,EVT:E23|EVT:E36|KW:build
1.0,EVT:E2|EVT:E36|KW:build
1.0,EVT:E22|EVT:E36|KW:build
1.0,EVT:E21|EVT:E36|KW:build
1.0,EVT:E20|EVT:E36|KW:build
1.0,EVT:E18|EVT:E36|KW:build
1.0,EVT:E19|EVT:E36|KW:build
1.0,EVT:E17|EVT:E36|KW:build
1.0,EVT:E16|EVT:E36|KW:build
1.0,COMP:wsgi_server|EVT:E36|KW:build
1.0,EVT:E15|EVT:E36|KW:build
1.0,EVT:E14|EVT:E36|KW:build
1.0,EVT:E13|EVT:E36|KW:build
1.0,EVT:E12|EVT:E36|KW:build
1.0,EVT:E11|EVT:E36|KW:build
1.0,EVT:E10|EVT:E36|KW:build
1.0,EVT:E1|EVT:E36|KW:build
1.0,COMP:compute_server_external_events|EVT:E36|KW:build
1.0,COMP:openstack_wsgi|EVT:E36|KW:build
1.0,COMP:libvirt_imagecache|EVT:E36|KW:build
1.0,COMP:libvirt_driver|EVT:E36|KW:build
1.0,COMP:compute_manager|EVT:E36|KW:build
1.0,COMP:compute_resource_tracker|EVT:E36|KW:build
1.0,COMP:compute_claims|EVT:E36|KW:build
0.6,EVT:E29|EVT:E36|KW:build
1.0,EVT:E34|EVT:E35|KW:build
1.0,EVT:E33|EVT:E35|KW:build
1.0,EVT:E32|EVT:E35|KW:build
1.0,EVT:E31|EVT:E35|KW:build
1.0,EVT:E30|EVT:E35|KW:build
1.0,EVT:E3|EVT:E35|KW:build
1.0,EVT:E28|EVT:E35|KW:build
1.0,EVT:E27|EVT:E35|KW:build
1.0,EVT:E25|EVT:E35|KW:build
1.0,EVT:E26|EVT:E35|KW:build
1.0,EVT:E24|EVT:E35|KW:build
1.0,EVT:E23|EVT:E35|KW:build
1.0,EVT:E2|EVT:E35|KW:build
1.0,EVT:E22|EVT:E35|KW:build
1.0,EVT:E21|EVT:E35|KW:build
1.0,EVT:E20|EVT:E35|KW:build
1.0,EVT:E18|EVT:E35|KW:build
1.0,EVT:E19|EVT:E35|KW:build
1.0,EVT:E17|EVT:E35|KW:build
1.0,EVT:E16|EVT:E35|KW:build
1.0,COMP:wsgi_server|EVT:E35|KW:build
1.0,EVT:E15|EVT:E35|KW:build
1.0,EVT:E14|EVT:E35|KW:build
1.0,EVT:E13|EVT:E35|KW:build
1.0,EVT:E12|EVT:E35|KW:build
1.0,EVT:E11|EVT:E35|KW:build
1.0,EVT:E10|EVT:E35|KW:build
1.0,EVT:E1|EVT:E35|KW:build
1.0,COMP:compute_server_external_events|EVT:E35|KW:build
1.0,COMP:openstack_wsgi|EVT:E35|KW:build
1.0,COMP:libvirt_imagecache|EVT:E35|KW:build
1.0,COMP:libvirt_driver|EVT:E35|KW:build
1.0,COMP:compute_manager|EVT:E35|KW:build
1.0,COMP:compute_resource_tracker|EVT:E35|KW:build
1.0,COMP:compute_claims|EVT:E35|KW:build
0.6,EVT:E29|EVT:E35|KW:build
1.0,EVT:E33|EVT:E34|KW:build
1.0,EVT:E32|EVT:E34|KW:build
1.0,EVT:E31|EVT:E34|KW:build
1.0,EVT:E30|EVT:E34|KW:build
1.0,EVT:E3|EVT:E34|KW:build
1.0,EVT:E28|EVT:E34|KW:build
1.0,EVT:E27|EVT:E34|KW:build
1.0,EVT:E25|EVT:E34|KW:build
1.0,EVT:E26|EVT:E34|KW:build
1.0,EVT:E24|EVT:E34|KW:build
1.0,EVT:E23|EVT:E34|KW:build
1.0,EVT:E2|EVT:E34|KW:build
1.0,EVT:E22|EVT:E34|KW:build
1.0,EVT:E21|EVT:E34|KW:build
1.0,EVT:E20|EVT:E34|KW:build
1.0,EVT:E18|EVT:E34|KW:build
1.0,EVT:E19|EVT:E34|KW:build
1.0,EVT:E17|EVT:E34|KW:build
1.0,EVT:E16|EVT:E34|KW:build
1.0,COMP:wsgi_server|EVT:E34|KW:build
1.0,EVT:E15|EVT:E34|KW:build
1.0,EVT:E14|EVT:E34|KW:build
1.0,EVT:E13|EVT:E34|KW:build
1.0,EVT:E12|EVT:E34|KW:build
1.0,EVT:E11|EVT:E34|KW:build
1.0,EVT:E10|EVT:E34|KW:build
1.0,EVT:E1|EVT:E34|KW:build
1.0,COMP:compute_server_external_events|EVT:E34|KW:build
1.0,COMP:openstack_wsgi|EVT:E34|KW:build
1.0,COMP:libvirt_imagecache|EVT:E34|KW:build
1.0,COMP:libvirt_driver|EVT:E34|KW:build
1.0,COMP:compute_manager|EVT:E34|KW:build
1.0,COMP:compute_resource_tracker|EVT:E34|KW:build
1.0,COMP:compute_claims|EVT:E34|KW:build
0.6,EVT:E29|EVT:E34|KW:build
1.0,EVT:E32|EVT:E33|KW:build
1.0,EVT:E31|EVT:E33|KW:build
1.0,EVT:E30|EVT:E33|KW:build
1.0,EVT:E3|EVT:E33|KW:build
1.0,EVT:E28|EVT:E33|KW:build
1.0,EVT:E27|EVT:E33|KW:build
1.0,EVT:E25|EVT:E33|KW:build
1.0,EVT:E26|EVT:E33|KW:build
1.0,EVT:E24|EVT:E33|KW:build
1.0,EVT:E23|EVT:E33|KW:build
1.0,EVT:E2|EVT:E33|KW:build
1.0,EVT:E22|EVT:E33|KW:build
1.0,EVT:E21|EVT:E33|KW:build
1.0,EVT:E20|EVT:E33|KW:build
1.0,EVT:E18|EVT:E33|KW:build
1.0,EVT:E19|EVT:E33|KW:build
1.0,EVT:E17|EVT:E33|KW:build
1.0,EVT:E16|EVT:E33|KW:build
1.0,COMP:wsgi_server|EVT:E33|KW:build
1.0,EVT:E15|EVT:E33|KW:build
1.0,EVT:E14|EVT:E33|KW:build
1.0,EVT:E13|EVT:E33|KW:build
1.0,EVT:E12|EVT:E33|KW:build
1.0,EVT:E11|EVT:E33|KW:build
1.0,EVT:E10|EVT:E33|KW:build
1.0,EVT:E1|EVT:E33|KW:build
1.0,COMP:compute_server_external_events|EVT:E33|KW:build
1.0,COMP:openstack_wsgi|EVT:E33|KW:build
1.0,COMP:libvirt_imagecache|EVT:E33|KW:build
1.0,COMP:libvirt_driver|EVT:E33|KW:build
1.0,COMP:compute_manager|EVT:E33|KW:build
1.0,COMP:compute_resource_tracker|EVT:E33|KW:build
1.0,COMP:compute_claims|EVT:E33|KW:build
0.6,EVT:E29|EVT:E33|KW:build
1.0,EVT:E31|EVT:E32|KW:build
1.0,EVT:E30|EVT:E32|KW:build
1.0,EVT:E3|EVT:E32|KW:build
1.0,EVT:E28|EVT:E32|KW:build
1.0,EVT:E27|EVT:E32|KW:build
1.0,EVT:E25|EVT:E32|KW:build
1.0,EVT:E26|EVT:E32|KW:build
1.0,EVT:E24|EVT:E32|KW:build
1.0,EVT:E23|EVT:E32|KW:build
1.0,EVT:E2|EVT:E32|KW:build
1.0,EVT:E22|EVT:E32|KW:build
1.0,EVT:E21|EVT:E32|KW:build
1.0,EVT:E20|EVT:E32|KW:build
1.0,EVT:E18|EVT:E32|KW:build
1.0,EVT:E19|EVT:E32|KW:build
1.0,EVT:E17|EVT:E32|KW:build
1.0,EVT:E16|EVT:E32|KW:build
1.0,COMP:wsgi_server|EVT:E32|KW:build
1.0,EVT:E15|EVT:E32|KW:build
1.0,EVT:E14|EVT:E32|KW:build
1.0,EVT:E13|EVT:E32|KW:build
1.0,EVT:E12|EVT:E32|KW:build
1.0,EVT:E11|EVT:E32|KW:build
1.0,EVT:E10|EVT:E32|KW:build
1.0,EVT:E1|EVT:E32|KW:build
1.0,COMP:compute_server_external_events|EVT:E32|KW:build
1.0,COMP:openstack_wsgi|EVT:E32|KW:build
1.0,COMP:libvirt_imagecache|EVT:E32|KW:build
1.0,COMP:libvirt_driver|EVT:E32|KW:build
1.0,COMP:compute_manager|EVT:E32|KW:build
1.0,COMP:compute_resource_tracker|EVT:E32|KW:build
1.0,COMP:compute_claims|EVT:E32|KW:build
0.6,EVT:E29|EVT:E32|KW:build
1.0,EVT:E30|EVT:E31|KW:build
1.0,EVT:E3|EVT:E31|KW:build
1.0,EVT:E28|EVT:E31|KW:build
1.0,EVT:E27|EVT:E31|KW:build
1.0,EVT:E25|EVT:E31|KW:build
1.0,EVT:E26|EVT:E31|KW:build
1.0,EVT:E24|EVT:E31|KW:build
1.0,EVT:E23|EVT:E31|KW:build
1.0,EVT:E2|EVT:E31|KW:build
1.0,EVT:E22|EVT:E31|KW:build
1.0,EVT:E21|EVT:E31|KW:build
1.0,EVT:E20|EVT:E31|KW:build
1.0,EVT:E18|EVT:E31|KW:build
1.0,EVT:E19|EVT:E31|KW:build
1.0,EVT:E17|EVT:E31|KW:build
1.0,EVT:E16|EVT:E31|KW:build
1.0,COMP:wsgi_server|EVT:E31|KW:build
1.0,EVT:E15|EVT:E31|KW:build
1.0,EVT:E14|EVT:E31|KW:build
1.0,EVT:E13|EVT:E31|KW:build
1.0,EVT:E12|EVT:E31|KW:build
1.0,EVT:E11|EVT:E31|KW:build
1.0,EVT:E10|EVT:E31|KW:build
1.0,EVT:E1|EVT:E31|KW:build
1.0,COMP:compute_server_external_events|EVT:E31|KW:build
1.0,COMP:openstack_wsgi|EVT:E31|KW:build
1.0,COMP:libvirt_imagecache|EVT:E31|KW:build
1.0,COMP:libvirt_driver|EVT:E31|KW:build
1.0,COMP:compute_manager|EVT:E31|KW:build
1.0,COMP:compute_resource_tracker|EVT:E31|KW:build
1.0,COMP:compute_claims|EVT:E31|KW:build
0.6,EVT:E29|EVT:E31|KW:build
1.0,EVT:E3|EVT:E30|KW:build
1.0,EVT:E28|EVT:E30|KW:build
1.0,EVT:E27|EVT:E30|KW:build
1.0,EVT:E25|EVT:E30|KW:build
1.0,EVT:E26|EVT:E30|KW:build
1.0,EVT:E24|EVT:E30|KW:build
1.0,EVT:E23|EVT:E30|KW:build
1.0,EVT:E2|EVT:E30|KW:build
1.0,EVT:E22|EVT:E30|KW:build
1.0,EVT:E21|EVT:E30|KW:build
1.0,EVT:E20|EVT:E30|KW:build
1.0,EVT:E18|EVT:E30|KW:build
1.0,EVT:E19|EVT:E30|KW:build
1.0,EVT:E17|EVT:E30|KW:build
1.0,EVT:E16|EVT:E30|KW:build
1.0,COMP:wsgi_server|EVT:E30|KW:build
1.0,EVT:E15|EVT:E30|KW:build
1.0,EVT:E14|EVT:E30|KW:build
1.0,EVT:E13|EVT:E30|KW:build
1.0,EVT:E12|EVT:E30|KW:build
1.0,EVT:E11|EVT:E30|KW:build
1.0,EVT:E10|EVT:E30|KW:build
1.0,EVT:E1|EVT:E30|KW:build
1.0,COMP:compute_server_external_events|EVT:E30|KW:build
1.0,COMP:openstack_wsgi|EVT:E30|KW:build
1.0,COMP:libvirt_imagecache|EVT:E30|KW:build
1.0,COMP:libvirt_driver|EVT:E30|KW:build
1.0,COMP:compute_manager|EVT:E30|KW:build
1.0,COMP:compute_resource_tracker|EVT:E30|KW:build
1.0,COMP:compute_claims|EVT:E30|KW:build
0.6,EVT:E29|EVT:E30|KW:build
1.0,EVT:E28|EVT:E3|KW:build
1.0,EVT:E27|EVT:E3|KW:build
1.0,EVT:E25|EVT:E3|KW:build
1.0,EVT:E26|EVT:E3|KW:build
1.0,EVT:E24|EVT:E3|KW:build
1.0,EVT:E23|EVT:E3|KW:build
1.0,EVT:E2|EVT:E3|KW:build
1.0,EVT:E22|EVT:E3|KW:build
1.0,EVT:E21|EVT:E3|KW:build
1.0,EVT:E20|EVT:E3|KW:build
1.0,EVT:E18|EVT:E3|KW:build
1.0,EVT:E19|EVT:E3|KW:build
1.0,EVT:E17|EVT:E3|KW:build
1.0,EVT:E16|EVT:E3|KW:build
1.0,COMP:wsgi_server|EVT:E3|KW:build
1.0,EVT:E15|EVT:E3|KW:build
1.0,EVT:E14|EVT:E3|KW:build
1.0,EVT:E13|EVT:E3|KW:build
1.0,EVT:E12|EVT:E3|KW:build
1.0,EVT:E11|EVT:E3|KW:build
1.0,EVT:E10|EVT:E3|KW:build
1.0,EVT:E1|EVT:E3|KW:build
1.0,COMP:compute_server_external_events|EVT:E3|KW:build
1.0,COMP:openstack_wsgi|EVT:E3|KW:build
1.0,COMP:libvirt_imagecache|EVT:E3|KW:build
1.0,COMP:libvirt_driver|EVT:E3|KW:build
1.0,COMP:compute_manager|EVT:E3|KW:build
1.0,COMP:compute_resource_tracker|EVT:E3|KW:build
1.0,COMP:compute_claims|EVT:E3|KW:build
0.6,EVT:E29|EVT:E3|KW:build
1.0,EVT:E27|EVT:E28|KW:build
1.0,EVT:E25|EVT:E28|KW:build
1.0,EVT:E26|EVT:E28|KW:build
1.0,EVT:E24|EVT:E28|KW:build
1.0,EVT:E23|EVT:E28|KW:build
1.0,EVT:E2|EVT:E28|KW:build
1.0,EVT:E22|EVT:E28|KW:build
1.0,EVT:E21|EVT:E28|KW:build
1.0,EVT:E20|EVT:E28|KW:build
1.0,EVT:E18|EVT:E28|KW:build
1.0,EVT:E19|EVT:E28|KW:build
1.0,EVT:E17|EVT:E28|KW:build
1.0,EVT:E16|EVT:E28|KW:build
1.0,COMP:wsgi_server|EVT:E28|KW:build
1.0,EVT:E15|EVT:E28|KW:build
1.0,EVT:E14|EVT:E28|KW:build
1.0,EVT:E13|EVT:E28|KW:build
1.0,EVT:E12|EVT:E28|KW:build
1.0,EVT:E11|EVT:E28|KW:build
1.0,EVT:E10|EVT:E28|KW:build
1.0,EVT:E1|EVT:E28|KW:build
1.0,COMP:compute_server_external_events|EVT:E28|KW:build
1.0,COMP:openstack_wsgi|EVT:E28|KW:build
1.0,COMP:libvirt_imagecache|EVT:E28|KW:build
1.0,COMP:libvirt_driver|EVT:E28|KW:build
1.0,COMP:compute_manager|EVT:E28|KW:build
1.0,COMP:compute_resource_tracker|EVT:E28|KW:build
1.0,COMP:compute_claims|EVT:E28|KW:build
0.6,EVT:E28|EVT:E29|KW:build
1.0,EVT:E25|EVT:E27|KW:build
1.0,EVT:E26|EVT:E27|KW:build
1.0,EVT:E24|EVT:E27|KW:build
1.0,EVT:E23|EVT:E27|KW:build
1.0,EVT:E2|EVT:E27|KW:build
1.0,EVT:E22|EVT:E27|KW:build
1.0,EVT:E21|EVT:E27|KW:build
1.0,EVT:E20|EVT:E27|KW:build
1.0,EVT:E18|EVT:E27|KW:build
1.0,EVT:E19|EVT:E27|KW:build
1.0,EVT:E17|EVT:E27|KW:build
1.0,EVT:E16|EVT:E27|KW:build
1.0,COMP:wsgi_server|EVT:E27|KW:build
1.0,EVT:E15|EVT:E27|KW:build
1.0,EVT:E14|EVT:E27|KW:build
1.0,EVT:E13|EVT:E27|KW:build
1.0,EVT:E12|EVT:E27|KW:build
1.0,EVT:E11|EVT:E27|KW:build
1.0,EVT:E10|EVT:E27|KW:build
1.0,EVT:E1|EVT:E27|KW:build
1.0,COMP:compute_server_external_events|EVT:E27|KW:build
1.0,COMP:openstack_wsgi|EVT:E27|KW:build
1.0,COMP:libvirt_imagecache|EVT:E27|KW:build
1.0,COMP:libvirt_driver|EVT:E27|KW:build
1.0,COMP:compute_manager|EVT:E27|KW:build
1.0,COMP:compute_resource_tracker|EVT:E27|KW:build
1.0,COMP:compute_claims|EVT:E27|KW:build
0.6,EVT:E27|EVT:E29|KW:build
1.0,EVT:E25|EVT:E26|KW:build
1.0,EVT:E24|EVT:E25|KW:build
1.0,EVT:E23|EVT:E25|KW:build
1.0,EVT:E2|EVT:E25|KW:build
1.0,EVT:E22|EVT:E25|KW:build
1.0,EVT:E21|EVT:E25|KW:build
1.0,EVT:E20|EVT:E25|KW:build
1.0,EVT:E18|EVT:E25|KW:build
1.0,EVT:E19|EVT:E25|KW:build
1.0,EVT:E17|EVT:E25|KW:build
1.0,EVT:E16|EVT:E25|KW:build
1.0,COMP:wsgi_server|EVT:E25|KW:build
1.0,EVT:E15|EVT:E25|KW:build
1.0,EVT:E14|EVT:E25|KW:build
1.0,EVT:E13|EVT:E25|KW:build
1.0,EVT:E12|EVT:E25|KW:build
1.0,EVT:E11|EVT:E25|KW:build
1.0,EVT:E10|EVT:E25|KW:build
1.0,EVT:E1|EVT:E25|KW:build
1.0,COMP:compute_server_external_events|EVT:E25|KW:build
1.0,COMP:openstack_wsgi|EVT:E25|KW:build
1.0,COMP:libvirt_imagecache|EVT:E25|KW:build
1.0,COMP:libvirt_driver|EVT:E25|KW:build
1.0,COMP:compute_manager|EVT:E25|KW:build
1.0,COMP:compute_resource_tracker|EVT:E25|KW:build
1.0,COMP:compute_claims|EVT:E25|KW:build
0.6,EVT:E25|EVT:E29|KW:build
1.0,EVT:E24|EVT:E26|KW:build
1.0,EVT:E23|EVT:E26|KW:build
1.0,EVT:E2|EVT:E26|KW:build
1.0,EVT:E22|EVT:E26|KW:build
1.0,EVT:E21|EVT:E26|KW:build
1.0,EVT:E20|EVT:E26|KW:build
1.0,EVT:E18|EVT:E26|KW:build
1.0,EVT:E19|EVT:E26|KW:build
1.0,EVT:E17|EVT:E26|KW:build
1.0,EVT:E16|EVT:E26|KW:build
1.0,COMP:wsgi_server|EVT:E26|KW:build
1.0,EVT:E15|EVT:E26|KW:build
1.0,EVT:E14|EVT:E26|KW:build
1.0,EVT:E13|EVT:E26|KW:build
1.0,EVT:E12|EVT:E26|KW:build
1.0,EVT:E11|EVT:E26|KW:build
1.0,EVT:E10|EVT:E26|KW:build
1.0,EVT:E1|EVT:E26|KW:build
1.0,COMP:compute_server_external_events|EVT:E26|KW:build
1.0,COMP:openstack_wsgi|EVT:E26|KW:build
1.0,COMP:libvirt_imagecache|EVT:E26|KW:build
1.0,COMP:libvirt_driver|EVT:E26|KW:build
1.0,COMP:compute_manager|EVT:E26|KW:build
1.0,COMP:compute_resource_tracker|EVT:E26|KW:build
1.0,COMP:compute_claims|EVT:E26|KW:build
0.6,EVT:E26|EVT:E29|KW:build
1.0,EVT:E23|EVT:E24|KW:build
1.0,EVT:E2|EVT:E24|KW:build
1.0,EVT:E22|EVT:E24|KW:build
1.0,EVT:E21|EVT:E24|KW:build
1.0,EVT:E20|EVT:E24|KW:build
1.0,EVT:E18|EVT:E24|KW:build
1.0,EVT:E19|EVT:E24|KW:build
1.0,EVT:E17|EVT:E24|KW:build
1.0,EVT:E16|EVT:E24|KW:build
1.0,COMP:wsgi_server|EVT:E24|KW:build
1.0,EVT:E15|EVT:E24|KW:build
1.0,EVT:E14|EVT:E24|KW:build
1.0,EVT:E13|EVT:E24|KW:build
1.0,EVT:E12|EVT:E24|KW:build
1.0,EVT:E11|EVT:E24|KW:build
1.0,EVT:E10|EVT:E24|KW:build
1.0,EVT:E1|EVT:E24|KW:build
1.0,COMP:compute_server_external_events|EVT:E24|KW:build
1.0,COMP:openstack_wsgi|EVT:E24|KW:build
1.0,COMP:libvirt_imagecache|EVT:E24|KW:build
1.0,COMP:libvirt_driver|EVT:E24|KW:build
1.0,COMP:compute_manager|EVT:E24|KW:build
1.0,COMP:compute_resource_tracker|EVT:E24|KW:build
1.0,COMP:compute_claims|EVT:E24|KW:build
0.6,EVT:E24|EVT:E29|KW:build
1.0,EVT:E2|EVT:E23|KW:build
1.0,EVT:E22|EVT:E23|KW:build
1.0,EVT:E21|EVT:E23|KW:build
1.0,EVT:E20|EVT:E23|KW:build
1.0,EVT:E18|EVT:E23|KW:build
1.0,EVT:E19|EVT:E23|KW:build
1.0,EVT:E17|EVT:E23|KW:build
1.0,EVT:E16|EVT:E23|KW:build
1.0,COMP:wsgi_server|EVT:E23|KW:build
1.0,EVT:E15|EVT:E23|KW:build
1.0,EVT:E14|EVT:E23|KW:build
1.0,EVT:E13|EVT:E23|KW:build
1.0,EVT:E12|EVT:E23|KW:build
1.0,EVT:E11|EVT:E23|KW:build
1.0,EVT:E10|EVT:E23|KW:build
1.0,EVT:E1|EVT:E23|KW:build
1.0,COMP:compute_server_external_events|EVT:E23|KW:build
1.0,COMP:openstack_wsgi|EVT:E23|KW:build
1.0,COMP:libvirt_imagecache|EVT:E23|KW:build
1.0,COMP:libvirt_driver|EVT:E23|KW:build
1.0,COMP:compute_manager|EVT:E23|KW:build
1.0,COMP:compute_resource_tracker|EVT:E23|KW:build
1.0,COMP:compute_claims|EVT:E23|KW:build
0.6,EVT:E23|EVT:E29|KW:build
1.0,EVT:E2|EVT:E22|KW:build
1.0,EVT:E2|EVT:E21|KW:build
1.0,EVT:E2|EVT:E20|KW:build
1.0,EVT:E18|EVT:E2|KW:build
1.0,EVT:E19|EVT:E2|KW:build
1.0,EVT:E17|EVT:E2|KW:build
1.0,EVT:E16|EVT:E2|KW:build
1.0,COMP:wsgi_server|EVT:E2|KW:build
1.0,EVT:E15|EVT:E2|KW:build
1.0,EVT:E14|EVT:E2|KW:build
1.0,EVT:E13|EVT:E2|KW:build
1.0,EVT:E12|EVT:E2|KW:build
1.0,EVT:E11|EVT:E2|KW:build
1.0,EVT:E10|EVT:E2|KW:build
1.0,EVT:E1|EVT:E2|KW:build
1.0,COMP:compute_server_external_events|EVT:E2|KW:build
1.0,COMP:openstack_wsgi|EVT:E2|KW:build
1.0,COMP:libvirt_imagecache|EVT:E2|KW:build
1.0,COMP:libvirt_driver|EVT:E2|KW:build
1.0,COMP:compute_manager|EVT:E2|KW:build
1.0,COMP:compute_resource_tracker|EVT:E2|KW:build
1.0,COMP:compute_claims|EVT:E2|KW:build
0.6,EVT:E2|EVT:E29|KW:build
1.0,EVT:E21|EVT:E22|KW:build
1.0,EVT:E20|EVT:E22|KW:build
1.0,EVT:E18|EVT:E22|KW:build
1.0,EVT:E19|EVT:E22|KW:build
1.0,EVT:E17|EVT:E22|KW:build
1.0,EVT:E16|EVT:E22|KW:build
1.0,COMP:wsgi_server|EVT:E22|KW:build
1.0,EVT:E15|EVT:E22|KW:build
1.0,EVT:E14|EVT:E22|KW:build
1.0,EVT:E13|EVT:E22|KW:build
1.0,EVT:E12|EVT:E22|KW:build
1.0,EVT:E11|EVT:E22|KW:build
1.0,EVT:E10|EVT:E22|KW:build
1.0,EVT:E1|EVT:E22|KW:build
1.0,COMP:compute_server_external_events|EVT:E22|KW:build
1.0,COMP:openstack_wsgi|EVT:E22|KW:build
1.0,COMP:libvirt_imagecache|EVT:E22|KW:build
1.0,COMP:libvirt_driver|EVT:E22|KW:build
1.0,COMP:compute_manager|EVT:E22|KW:build
1.0,COMP:compute_resource_tracker|EVT:E22|KW:build
1.0,COMP:compute_claims|EVT:E22|KW:build
0.6,EVT:E22|EVT:E29|KW:build
1.0,EVT:E20|EVT:E21|KW:build
1.0,EVT:E18|EVT:E21|KW:build
1.0,EVT:E19|EVT:E21|KW:build
1.0,EVT:E17|EVT:E21|KW:build
1.0,EVT:E16|EVT:E21|KW:build
1.0,COMP:wsgi_server|EVT:E21|KW:build
1.0,EVT:E15|EVT:E21|KW:build
1.0,EVT:E14|EVT:E21|KW:build
1.0,EVT:E13|EVT:E21|KW:build
1.0,EVT:E12|EVT:E21|KW:build
1.0,EVT:E11|EVT:E21|KW:build
1.0,EVT:E10|EVT:E21|KW:build
1.0,EVT:E1|EVT:E21|KW:build
1.0,COMP:compute_server_external_events|EVT:E21|KW:build
1.0,COMP:openstack_wsgi|EVT:E21|KW:build
1.0,COMP:libvirt_imagecache|EVT:E21|KW:build
1.0,COMP:libvirt_driver|EVT:E21|KW:build
1.0,COMP:compute_manager|EVT:E21|KW:build
1.0,COMP:compute_resource_tracker|EVT:E21|KW:build
1.0,COMP:compute_claims|EVT:E21|KW:build
0.6,EVT:E21|EVT:E29|KW:build
1.0,EVT:E18|EVT:E20|KW:build
1.0,EVT:E19|EVT:E20|KW:build
1.0,EVT:E17|EVT:E20|KW:build
1.0,EVT:E16|EVT:E20|KW:build
1.0,COMP:wsgi_server|EVT:E20|KW:build
1.0,EVT:E15|EVT:E20|KW:build
1.0,EVT:E14|EVT:E20|KW:build
1.0,EVT:E13|EVT:E20|KW:build
1.0,EVT:E12|EVT:E20|KW:build
1.0,EVT:E11|EVT:E20|KW:build
1.0,EVT:E10|EVT:E20|KW:build
1.0,EVT:E1|EVT:E20|KW:build
1.0,COMP:compute_server_external_events|EVT:E20|KW:build
1.0,COMP:openstack_wsgi|EVT:E20|KW:build
1.0,COMP:libvirt_imagecache|EVT:E20|KW:build
1.0,COMP:libvirt_driver|EVT:E20|KW:build
1.0,COMP:compute_manager|EVT:E20|KW:build
1.0,COMP:compute_resource_tracker|EVT:E20|KW:build
1.0,COMP:compute_claims|EVT:E20|KW:build
0.6,EVT:E20|EVT:E29|KW:build
1.0,EVT:E18|EVT:E19|KW:build
1.0,EVT:E17|EVT:E18|KW:build
1.0,EVT:E16|EVT:E18|KW:build
1.0,COMP:wsgi_server|EVT:E18|KW:build
1.0,EVT:E15|EVT:E18|KW:build
1.0,EVT:E14|EVT:E18|KW:build
1.0,EVT:E13|EVT:E18|KW:build
1.0,EVT:E12|EVT:E18|KW:build
1.0,EVT:E11|EVT:E18|KW:build
1.0,EVT:E10|EVT:E18|KW:build
1.0,EVT:E1|EVT:E18|KW:build
1.0,COMP:compute_server_external_events|EVT:E18|KW:build
1.0,COMP:openstack_wsgi|EVT:E18|KW:build
1.0,COMP:libvirt_imagecache|EVT:E18|KW:build
1.0,COMP:libvirt_driver|EVT:E18|KW:build
1.0,COMP:compute_manager|EVT:E18|KW:build
1.0,COMP:compute_resource_tracker|EVT:E18|KW:build
1.0,COMP:compute_claims|EVT:E18|KW:build
0.6,EVT:E18|EVT:E29|KW:build
1.0,EVT:E17|EVT:E19|KW:build
1.0,EVT:E16|EVT:E19|KW:build
1.0,COMP:wsgi_server|EVT:E19|KW:build
1.0,EVT:E15|EVT:E19|KW:build
1.0,EVT:E14|EVT:E19|KW:build
1.0,EVT:E13|EVT:E19|KW:build
1.0,EVT:E12|EVT:E19|KW:build
1.0,EVT:E11|EVT:E19|KW:build
1.0,EVT:E10|EVT:E19|KW:build
1.0,EVT:E1|EVT:E19|KW:build
1.0,COMP:compute_server_external_events|EVT:E19|KW:build
1.0,COMP:openstack_wsgi|EVT:E19|KW:build
1.0,COMP:libvirt_imagecache|EVT:E19|KW:build
1.0,COMP:libvirt_driver|EVT:E19|KW:build
1.0,COMP:compute_manager|EVT:E19|KW:build
1.0,COMP:compute_resource_tracker|EVT:E19|KW:build
1.0,COMP:compute_claims|EVT:E19|KW:build
0.6,EVT:E19|EVT:E29|KW:build
1.0,EVT:E16|EVT:E17|KW:build
1.0,COMP:wsgi_server|EVT:E17|KW:build
1.0,EVT:E15|EVT:E17|KW:build
1.0,EVT:E14|EVT:E17|KW:build
1.0,EVT:E13|EVT:E17|KW:build
1.0,EVT:E12|EVT:E17|KW:build
1.0,EVT:E11|EVT:E17|KW:build
1.0,EVT:E10|EVT:E17|KW:build
1.0,EVT:E1|EVT:E17|KW:build
1.0,COMP:compute_server_external_events|EVT:E17|KW:build
1.0,COMP:openstack_wsgi|EVT:E17|KW:build
1.0,COMP:libvirt_imagecache|EVT:E17|KW:build
1.0,COMP:libvirt_driver|EVT:E17|KW:build
1.0,COMP:compute_manager|EVT:E17|KW:build
1.0,COMP:compute_resource_tracker|EVT:E17|KW:build
1.0,COMP:compute_claims|EVT:E17|KW:build
0.6,EVT:E17|EVT:E29|KW:build
1.0,COMP:wsgi_server|EVT:E16|KW:build
1.0,EVT:E15|EVT:E16|KW:build
1.0,EVT:E14|EVT:E16|KW:build
1.0,EVT:E13|EVT:E16|KW:build
1.0,EVT:E12|EVT:E16|KW:build
1.0,EVT:E11|EVT:E16|KW:build
1.0,EVT:E10|EVT:E16|KW:build
1.0,EVT:E1|EVT:E16|KW:build
1.0,COMP:compute_server_external_events|EVT:E16|KW:build
1.0,COMP:openstack_wsgi|EVT:E16|KW:build
1.0,COMP:libvirt_imagecache|EVT:E16|KW:build
1.0,COMP:libvirt_driver|EVT:E16|KW:build
1.0,COMP:compute_manager|EVT:E16|KW:build
1.0,COMP:compute_resource_tracker|EVT:E16|KW:build
1.0,COMP:compute_claims|EVT:E16|KW:build
0.6,EVT:E16|EVT:E29|KW:build
1.0,COMP:wsgi_server|EVT:E15|KW:build
1.0,COMP:wsgi_server|EVT:E14|KW:build
1.0,COMP:wsgi_server|EVT:E13|KW:build
1.0,COMP:wsgi_server|EVT:E12|KW:build
1.0,COMP:wsgi_server|EVT:E11|KW:build
1.0,COMP:wsgi_server|EVT:E10|KW:build
1.0,COMP:wsgi_server|EVT:E1|KW:build
1.0,COMP:compute_server_external_events|COMP:wsgi_server|KW:build
1.0,COMP:openstack_wsgi|COMP:wsgi_server|KW:build
1.0,COMP:libvirt_imagecache|COMP:wsgi_server|KW:build
1.0,COMP:libvirt_driver|COMP:wsgi_server|KW:build
1.0,COMP:compute_manager|COMP:wsgi_server|KW:build
1.0,COMP:compute_resource_tracker|COMP:wsgi_server|KW:build
1.0,COMP:compute_claims|COMP:wsgi_server|KW:build
0.6,COMP:wsgi_server|EVT:E29|KW:build
1.0,EVT:E14|EVT:E15|KW:build
1.0,EVT:E13|EVT:E15|KW:build
1.0,EVT:E12|EVT:E15|KW:build
1.0,EVT:E11|EVT:E15|KW:build
1.0,EVT:E10|EVT:E15|KW:build
1.0,EVT:E1|EVT:E15|KW:build
1.0,COMP:compute_server_external_events|EVT:E15|KW:build
1.0,COMP:openstack_wsgi|EVT:E15|KW:build
1.0,COMP:libvirt_imagecache|EVT:E15|KW:build
1.0,COMP:libvirt_driver|EVT:E15|KW:build
1.0,COMP:compute_manager|EVT:E15|KW:build
1.0,COMP:compute_resource_tracker|EVT:E15|KW:build
1.0,COMP:compute_claims|EVT:E15|KW:build
0.6,EVT:E15|EVT:E29|KW:build
1.0,EVT:E13|EVT:E14|KW:build
1.0,EVT:E12|EVT:E14|KW:build
1.0,EVT:E11|EVT:E14|KW:build
1.0,EVT:E10|EVT:E14|KW:build
1.0,EVT:E1|EVT:E14|KW:build
1.0,COMP:compute_server_external_events|EVT:E14|KW:build
1.0,COMP:openstack_wsgi|EVT:E14|KW:build
1.0,COMP:libvirt_imagecache|EVT:E14|KW:build
1.0,COMP:libvirt_driver|EVT:E14|KW:build
1.0,COMP:compute_manager|EVT:E14|KW:build
1.0,COMP:compute_resource_tracker|EVT:E14|KW:build
1.0,COMP:compute_claims|EVT:E14|KW:build
0.6,EVT:E14|EVT:E29|KW:build
1.0,EVT:E12|EVT:E13|KW:build
1.0,EVT:E11|EVT:E13|KW:build
1.0,EVT:E10|EVT:E13|KW:build
1.0,EVT:E1|EVT:E13|KW:build
1.0,COMP:compute_server_external_events|EVT:E13|KW:build
1.0,COMP:openstack_wsgi|EVT:E13|KW:build
1.0,COMP:libvirt_imagecache|EVT:E13|KW:build
1.0,COMP:libvirt_driver|EVT:E13|KW:build
1.0,COMP:compute_manager|EVT:E13|KW:build
1.0,COMP:compute_resource_tracker|EVT:E13|KW:build
1.0,COMP:compute_claims|EVT:E13|KW:build
0.6,EVT:E13|EVT:E29|KW:build
1.0,EVT:E11|EVT:E12|KW:build
1.0,EVT:E10|EVT:E12|KW:build
1.0,EVT:E1|EVT:E12|KW:build
1.0,COMP:compute_server_external_events|EVT:E12|KW:build
1.0,COMP:openstack_wsgi|EVT:E12|KW:build
1.0,COMP:libvirt_imagecache|EVT:E12|KW:build
1.0,COMP:libvirt_driver|EVT:E12|KW:build
1.0,COMP:compute_manager|EVT:E12|KW:build
1.0,COMP:compute_resource_tracker|EVT:E12|KW:build
1.0,COMP:compute_claims|EVT:E12|KW:build
0.6,EVT:E12|EVT:E29|KW:build
1.0,EVT:E10|EVT:E11|KW:build
1.0,EVT:E1|EVT:E11|KW:build
1.0,COMP:compute_server_external_events|EVT:E11|KW:build
1.0,COMP:openstack_wsgi|EVT:E11|KW:build
1.0,COMP:libvirt_imagecache|EVT:E11|KW:build
1.0,COMP:libvirt_driver|EVT:E11|KW:build
1.0,COMP:compute_manager|EVT:E11|KW:build
1.0,COMP:compute_resource_tracker|EVT:E11|KW:build
1.0,COMP:compute_claims|EVT:E11|KW:build
0.6,EVT:E11|EVT:E29|KW:build
1.0,EVT:E1|EVT:E10|KW:build
1.0,COMP:compute_server_external_events|EVT:E10|KW:build
1.0,COMP:openstack_wsgi|EVT:E10|KW:build
1.0,COMP:libvirt_imagecache|EVT:E10|KW:build
1.0,COMP:libvirt_driver|EVT:E10|KW:build
1.0,COMP:compute_manager|EVT:E10|KW:build
1.0,COMP:compute_resource_tracker|EVT:E10|KW:build
1.0,COMP:compute_claims|EVT:E10|KW:build
0.6,EVT:E10|EVT:E29|KW:build
1.0,COMP:compute_server_external_events|EVT:E1|KW:build
1.0,COMP:openstack_wsgi|EVT:E1|KW:build
1.0,COMP:libvirt_imagecache|EVT:E1|KW:build
1.0,COMP:libvirt_driver|EVT:E1|KW:build
1.0,COMP:compute_manager|EVT:E1|KW:build
1.0,COMP:compute_resource_tracker|EVT:E1|KW:build
1.0,COMP:compute_claims|EVT:E1|KW:build
0.6,EVT:E1|EVT:E29|KW:build
1.0,COMP:compute_server_external_events|COMP:openstack_wsgi|KW:build
1.0,COMP:compute_server_external_events|COMP:libvirt_imagecache|KW:build
1.0,COMP:compute_server_external_events|COMP:libvirt_driver|KW:build
1.0,COMP:compute_manager|COMP:compute_server_external_events|KW:build
1.0,COMP:compute_resource_tracker|COMP:compute_server_external_events|KW:build
1.0,COMP:compute_claims|COMP:compute_server_external_events|KW:build
0.6,COMP:compute_server_external_events|EVT:E29|KW:build
1.0,COMP:libvirt_imagecache|COMP:openstack_wsgi|KW:build
1.0,COMP:libvirt_driver|COMP:openstack_wsgi|KW:build
1.0,COMP:compute_manager|COMP:openstack_wsgi|KW:build
1.0,COMP:compute_resource_tracker|COMP:openstack_wsgi|KW:build
1.0,COMP:compute_claims|COMP:openstack_wsgi|KW:build
0.6,COMP:openstack_wsgi|EVT:E29|KW:build
1.0,COMP:libvirt_driver|COMP:libvirt_imagecache|KW:build
1.0,COMP:compute_manager|COMP:libvirt_imagecache|KW:build
1.0,COMP:compute_resource_tracker|COMP:libvirt_imagecache|KW:build
1.0,COMP:compute_claims|COMP:libvirt_imagecache|KW:build
0.6,COMP:libvirt_imagecache|EVT:E29|KW:build
1.0,COMP:compute_manager|COMP:libvirt_driver|KW:build
1.0,COMP:compute_resource_tracker|COMP:libvirt_driver|KW:build
1.0,COMP:compute_claims|COMP:libvirt_driver|KW:build
0.6,COMP:libvirt_driver|EVT:E29|KW:build
1.0,COMP:compute_manager|COMP:compute_resource_tracker|KW:build
1.0,COMP:compute_claims|COMP:compute_manager|KW:build
0.6,COMP:compute_manager|EVT:E29|KW:build
1.0,COMP:compute_claims|COMP:compute_resource_tracker|KW:build
0.6,COMP:compute_resource_tracker|EVT:E29|KW:build
0.6,COMP:compute_claims|EVT:E29|KW:build
1.0,EVT:E9|FLAG:FAILURE|HOUR:00
1.0,EVT:E8|FLAG:FAILURE|HOUR:00
1.0,EVT:E7|FLAG:FAILURE|HOUR:00
1.0,EVT:E6|FLAG:FAILURE|HOUR:00
1.0,EVT:E5|FLAG:FAILURE|HOUR:00
1.0,EVT:E42|FLAG:FAILURE|HOUR:00
1.0,EVT:E41|FLAG:FAILURE|HOUR:00
1.0,EVT:E4|FLAG:FAILURE|HOUR:00
1.0,EVT:E37|FLAG:FAILURE|HOUR:00
1.0,EVT:E36|FLAG:FAILURE|HOUR:00
1.0,EVT:E35|FLAG:FAILURE|HOUR:00
1.0,EVT:E34|FLAG:FAILURE|HOUR:00
1.0,EVT:E33|FLAG:FAILURE|HOUR:00
1.0,EVT:E32|FLAG:FAILURE|HOUR:00
1.0,EVT:E31|FLAG:FAILURE|HOUR:00
1.0,EVT:E30|FLAG:FAILURE|HOUR:00
1.0,EVT:E3|FLAG:FAILURE|HOUR:00
1.0,EVT:E28|FLAG:FAILURE|HOUR:00
1.0,EVT:E27|FLAG:FAILURE|HOUR:00
1.0,EVT:E25|FLAG:FAILURE|HOUR:00
1.0,EVT:E26|FLAG:FAILURE|HOUR:00
1.0,EVT:E24|FLAG:FAILURE|HOUR:00
1.0,EVT:E23|FLAG:FAILURE|HOUR:00
1.0,EVT:E2|FLAG:FAILURE|HOUR:00
1.0,EVT:E22|FLAG:FAILURE|HOUR:00
1.0,EVT:E21|FLAG:FAILURE|HOUR:00
1.0,EVT:E20|FLAG:FAILURE|HOUR:00
1.0,EVT:E18|FLAG:FAILURE|HOUR:00
1.0,EVT:E19|FLAG:FAILURE|HOUR:00
1.0,EVT:E17|FLAG:FAILURE|HOUR:00
1.0,EVT:E16|FLAG:FAILURE|HOUR:00
1.0,COMP:wsgi_server|FLAG:FAILURE|HOUR:00
1.0,EVT:E15|FLAG:FAILURE|HOUR:00
1.0,EVT:E14|FLAG:FAILURE|HOUR:00
1.0,EVT:E13|FLAG:FAILURE|HOUR:00
1.0,EVT:E12|FLAG:FAILURE|HOUR:00
1.0,EVT:E11|FLAG:FAILURE|HOUR:00
1.0,EVT:E10|FLAG:FAILURE|HOUR:00
1.0,EVT:E1|FLAG:FAILURE|HOUR:00
1.0,COMP:compute_server_external_events|FLAG:FAILURE|HOUR:00
1.0,COMP:openstack_wsgi|FLAG:FAILURE|HOUR:00
1.0,COMP:libvirt_imagecache|FLAG:FAILURE|HOUR:00
1.0,COMP:libvirt_driver|FLAG:FAILURE|HOUR:00
1.0,COMP:compute_manager|FLAG:FAILURE|HOUR:00
1.0,COMP:compute_resource_tracker|FLAG:FAILURE|HOUR:00
1.0,COMP:compute_claims|FLAG:FAILURE|HOUR:00
0.6,EVT:E29|FLAG:FAILURE|HOUR:00
1.0,EVT:E8|EVT:E9|HOUR:00
1.0,EVT:E7|EVT:E9|HOUR:00
1.0,EVT:E6|EVT:E9|HOUR:00
1.0,EVT:E5|EVT:E9|HOUR:00
1.0,EVT:E42|EVT:E9|HOUR:00
1.0,EVT:E41|EVT:E9|HOUR:00
1.0,EVT:E4|EVT:E9|HOUR:00
1.0,EVT:E37|EVT:E9|HOUR:00
1.0,EVT:E36|EVT:E9|HOUR:00
1.0,EVT:E35|EVT:E9|HOUR:00
1.0,EVT:E34|EVT:E9|HOUR:00
1.0,EVT:E33|EVT:E9|HOUR:00
1.0,EVT:E32|EVT:E9|HOUR:00
1.0,EVT:E31|EVT:E9|HOUR:00
1.0,EVT:E30|EVT:E9|HOUR:00
1.0,EVT:E3|EVT:E9|HOUR:00
1.0,EVT:E28|EVT:E9|HOUR:00
1.0,EVT:E27|EVT:E9|HOUR:00
1.0,EVT:E25|EVT:E9|HOUR:00
1.0,EVT:E26|EVT:E9|HOUR:00
1.0,EVT:E24|EVT:E9|HOUR:00
1.0,EVT:E23|EVT:E9|HOUR:00
1.0,EVT:E2|EVT:E9|HOUR:00
1.0,EVT:E22|EVT:E9|HOUR:00
1.0,EVT:E21|EVT:E9|HOUR:00
1.0,EVT:E20|EVT:E9|HOUR:00
1.0,EVT:E18|EVT:E9|HOUR:00
1.0,EVT:E19|EVT:E9|HOUR:00
1.0,EVT:E17|EVT:E9|HOUR:00
1.0,EVT:E16|EVT:E9|HOUR:00
1.0,COMP:wsgi_server|EVT:E9|HOUR:00
1.0,EVT:E15|EVT:E9|HOUR:00
1.0,EVT:E14|EVT:E9|HOUR:00
1.0,EVT:E13|EVT:E9|HOUR:00
1.0,EVT:E12|EVT:E9|HOUR:00
1.0,EVT:E11|EVT:E9|HOUR:00
1.0,EVT:E10|EVT:E9|HOUR:00
1.0,EVT:E1|EVT:E9|HOUR:00
1.0,COMP:compute_server_external_events|EVT:E9|HOUR:00
1.0,COMP:openstack_wsgi|EVT:E9|HOUR:00
1.0,COMP:libvirt_imagecache|EVT:E9|HOUR:00
1.0,COMP:libvirt_driver|EVT:E9|HOUR:00
1.0,COMP:compute_manager|EVT:E9|HOUR:00
1.0,COMP:compute_resource_tracker|EVT:E9|HOUR:00
1.0,COMP:compute_claims|EVT:E9|HOUR:00
0.6,EVT:E29|EVT:E9|HOUR:00
1.0,EVT:E7|EVT:E8|HOUR:00
1.0,EVT:E6|EVT:E8|HOUR:00
1.0,EVT:E5|EVT:E8|HOUR:00
1.0,EVT:E42|EVT:E8|HOUR:00
1.0,EVT:E41|EVT:E8|HOUR:00
1.0,EVT:E4|EVT:E8|HOUR:00
1.0,EVT:E37|EVT:E8|HOUR:00
1.0,EVT:E36|EVT:E8|HOUR:00
1.0,EVT:E35|EVT:E8|HOUR:00
1.0,EVT:E34|EVT:E8|HOUR:00
1.0,EVT:E33|EVT:E8|HOUR:00
1.0,EVT:E32|EVT:E8|HOUR:00
1.0,EVT:E31|EVT:E8|HOUR:00
1.0,EVT:E30|EVT:E8|HOUR:00
1.0,EVT:E3|EVT:E8|HOUR:00
1.0,EVT:E28|EVT:E8|HOUR:00
1.0,EVT:E27|EVT:E8|HOUR:00
1.0,EVT:E25|EVT:E8|HOUR:00
1.0,EVT:E26|EVT:E8|HOUR:00
1.0,EVT:E24|EVT:E8|HOUR:00
1.0,EVT:E23|EVT:E8|HOUR:00
1.0,EVT:E2|EVT:E8|HOUR:00
1.0,EVT:E22|EVT:E8|HOUR:00
1.0,EVT:E21|EVT:E8|HOUR:00
1.0,EVT:E20|EVT:E8|HOUR:00
1.0,EVT:E18|EVT:E8|HOUR:00
1.0,EVT:E19|EVT:E8|HOUR:00
1.0,EVT:E17|EVT:E8|HOUR:00
1.0,EVT:E16|EVT:E8|HOUR:00
1.0,COMP:wsgi_server|EVT:E8|HOUR:00
1.0,EVT:E15|EVT:E8|HOUR:00
1.0,EVT:E14|EVT:E8|HOUR:00
1.0,EVT:E13|EVT:E8|HOUR:00
1.0,EVT:E12|EVT:E8|HOUR:00
1.0,EVT:E11|EVT:E8|HOUR:00
1.0,EVT:E10|EVT:E8|HOUR:00
1.0,EVT:E1|EVT:E8|HOUR:00
1.0,COMP:compute_server_external_events|EVT:E8|HOUR:00
1.0,COMP:openstack_wsgi|EVT:E8|HOUR:00
1.0,COMP:libvirt_imagecache|EVT:E8|HOUR:00
1.0,COMP:libvirt_driver|EVT:E8|HOUR:00
1.0,COMP:compute_manager|EVT:E8|HOUR:00
1.0,COMP:compute_resource_tracker|EVT:E8|HOUR:00
1.0,COMP:compute_claims|EVT:E8|HOUR:00
0.6,EVT:E29|EVT:E8|HOUR:00
1.0,EVT:E6|EVT:E7|HOUR:00
1.0,EVT:E5|EVT:E7|HOUR:00
1.0,EVT:E42|EVT:E7|HOUR:00
1.0,EVT:E41|EVT:E7|HOUR:00
1.0,EVT:E4|EVT:E7|HOUR:00
1.0,EVT:E37|EVT:E7|HOUR:00
1.0,EVT:E36|EVT:E7|HOUR:00
1.0,EVT:E35|EVT:E7|HOUR:00
1.0,EVT:E34|EVT:E7|HOUR:00
1.0,EVT:E33|EVT:E7|HOUR:00
1.0,EVT:E32|EVT:E7|HOUR:00
1.0,EVT:E31|EVT:E7|HOUR:00
1.0,EVT:E30|EVT:E7|HOUR:00
1.0,EVT:E3|EVT:E7|HOUR:00
1.0,EVT:E28|EVT:E7|HOUR:00
1.0,EVT:E27|EVT:E7|HOUR:00
1.0,EVT:E25|EVT:E7|HOUR:00
1.0,EVT:E26|EVT:E7|HOUR:00
1.0,EVT:E24|EVT:E7|HOUR:00
1.0,EVT:E23|EVT:E7|HOUR:00
1.0,EVT:E2|EVT:E7|HOUR:00
1.0,EVT:E22|EVT:E7|HOUR:00
1.0,EVT:E21|EVT:E7|HOUR:00
1.0,EVT:E20|EVT:E7|HOUR:00
1.0,EVT:E18|EVT:E7|HOUR:00
1.0,EVT:E19|EVT:E7|HOUR:00
1.0,EVT:E17|EVT:E7|HOUR:00
1.0,EVT:E16|EVT:E7|HOUR:00
1.0,COMP:wsgi_server|EVT:E7|HOUR:00
1.0,EVT:E15|EVT:E7|HOUR:00
1.0,EVT:E14|EVT:E7|HOUR:00
1.0,EVT:E13|EVT:E7|HOUR:00
1.0,EVT:E12|EVT:E7|HOUR:00
1.0,EVT:E11|EVT:E7|HOUR:00
1.0,EVT:E10|EVT:E7|HOUR:00
1.0,EVT:E1|EVT:E7|HOUR:00
1.0,COMP:compute_server_external_events|EVT:E7|HOUR:00
1.0,COMP:openstack_wsgi|EVT:E7|HOUR:00
1.0,COMP:libvirt_imagecache|EVT:E7|HOUR:00
1.0,COMP:libvirt_driver|EVT:E7|HOUR:00
1.0,COMP:compute_manager|EVT:E7|HOUR:00
1.0,COMP:compute_resource_tracker|EVT:E7|HOUR:00
1.0,COMP:compute_claims|EVT:E7|HOUR:00
0.6,EVT:E29|EVT:E7|HOUR:00
1.0,EVT:E5|EVT:E6|HOUR:00
1.0,EVT:E42|EVT:E6|HOUR:00
1.0,EVT:E41|EVT:E6|HOUR:00
1.0,EVT:E4|EVT:E6|HOUR:00
1.0,EVT:E37|EVT:E6|HOUR:00
1.0,EVT:E36|EVT:E6|HOUR:00
1.0,EVT:E35|EVT:E6|HOUR:00
1.0,EVT:E34|EVT:E6|HOUR:00
1.0,EVT:E33|EVT:E6|HOUR:00
1.0,EVT:E32|EVT:E6|HOUR:00
1.0,EVT:E31|EVT:E6|HOUR:00
1.0,EVT:E30|EVT:E6|HOUR:00
1.0,EVT:E3|EVT:E6|HOUR:00
1.0,EVT:E28|EVT:E6|HOUR:00
1.0,EVT:E27|EVT:E6|HOUR:00
1.0,EVT:E25|EVT:E6|HOUR:00
1.0,EVT:E26|EVT:E6|HOUR:00
1.0,EVT:E24|EVT:E6|HOUR:00
1.0,EVT:E23|EVT:E6|HOUR:00
1.0,EVT:E2|EVT:E6|HOUR:00
1.0,EVT:E22|EVT:E6|HOUR:00
1.0,EVT:E21|EVT:E6|HOUR:00
1.0,EVT:E20|EVT:E6|HOUR:00
1.0,EVT:E18|EVT:E6|HOUR:00
1.0,EVT:E19|EVT:E6|HOUR:00
1.0,EVT:E17|EVT:E6|HOUR:00
1.0,EVT:E16|EVT:E6|HOUR:00
1.0,COMP:wsgi_server|EVT:E6|HOUR:00
1.0,EVT:E15|EVT:E6|HOUR:00
1.0,EVT:E14|EVT:E6|HOUR:00
1.0,EVT:E13|EVT:E6|HOUR:00
1.0,EVT:E12|EVT:E6|HOUR:00
1.0,EVT:E11|EVT:E6|HOUR:00
1.0,EVT:E10|EVT:E6|HOUR:00
1.0,EVT:E1|EVT:E6|HOUR:00
1.0,COMP:compute_server_external_events|EVT:E6|HOUR:00
1.0,COMP:openstack_wsgi|EVT:E6|HOUR:00
1.0,COMP:libvirt_imagecache|EVT:E6|HOUR:00
1.0,COMP:libvirt_driver|EVT:E6|HOUR:00
1.0,COMP:compute_manager|EVT:E6|HOUR:00
1.0,COMP:compute_resource_tracker|EVT:E6|HOUR:00
1.0,COMP:compute_claims|EVT:E6|HOUR:00
0.6,EVT:E29|EVT:E6|HOUR:00
1.0,EVT:E42|EVT:E5|HOUR:00
1.0,EVT:E41|EVT:E5|HOUR:00
1.0,EVT:E4|EVT:E5|HOUR:00
1.0,EVT:E37|EVT:E5|HOUR:00
1.0,EVT:E36|EVT:E5|HOUR:00
1.0,EVT:E35|EVT:E5|HOUR:00
1.0,EVT:E34|EVT:E5|HOUR:00
1.0,EVT:E33|EVT:E5|HOUR:00
1.0,EVT:E32|EVT:E5|HOUR:00
1.0,EVT:E31|EVT:E5|HOUR:00
1.0,EVT:E30|EVT:E5|HOUR:00
1.0,EVT:E3|EVT:E5|HOUR:00
1.0,EVT:E28|EVT:E5|HOUR:00
1.0,EVT:E27|EVT:E5|HOUR:00
1.0,EVT:E25|EVT:E5|HOUR:00
1.0,EVT:E26|EVT:E5|HOUR:00
1.0,EVT:E24|EVT:E5|HOUR:00
1.0,EVT:E23|EVT:E5|HOUR:00
1.0,EVT:E2|EVT:E5|HOUR:00
1.0,EVT:E22|EVT:E5|HOUR:00
1.0,EVT:E21|EVT:E5|HOUR:00
1.0,EVT:E20|EVT:E5|HOUR:00
1.0,EVT:E18|EVT:E5|HOUR:00
1.0,EVT:E19|EVT:E5|HOUR:00
1.0,EVT:E17|EVT:E5|HOUR:00
1.0,EVT:E16|EVT:E5|HOUR:00
1.0,COMP:wsgi_server|EVT:E5|HOUR:00
1.0,EVT:E15|EVT:E5|HOUR:00
1.0,EVT:E14|EVT:E5|HOUR:00
1.0,EVT:E13|EVT:E5|HOUR:00
1.0,EVT:E12|EVT:E5|HOUR:00
1.0,EVT:E11|EVT:E5|HOUR:00
1.0,EVT:E10|EVT:E5|HOUR:00
1.0,EVT:E1|EVT:E5|HOUR:00
1.0,COMP:compute_server_external_events|EVT:E5|HOUR:00
1.0,COMP:openstack_wsgi|EVT:E5|HOUR:00
1.0,COMP:libvirt_imagecache|EVT:E5|HOUR:00
1.0,COMP:libvirt_driver|EVT:E5|HOUR:00
1.0,COMP:compute_manager|EVT:E5|HOUR:00
1.0,COMP:compute_resource_tracker|EVT:E5|HOUR:00
1.0,COMP:compute_claims|EVT:E5|HOUR:00
0.6,EVT:E29|EVT:E5|HOUR:00
1.0,EVT:E41|EVT:E42|HOUR:00
1.0,EVT:E4|EVT:E42|HOUR:00
1.0,EVT:E37|EVT:E42|HOUR:00
1.0,EVT:E36|EVT:E42|HOUR:00
1.0,EVT:E35|EVT:E42|HOUR:00
1.0,EVT:E34|EVT:E42|HOUR:00
1.0,EVT:E33|EVT:E42|HOUR:00
1.0,EVT:E32|EVT:E42|HOUR:00
1.0,EVT:E31|EVT:E42|HOUR:00
1.0,EVT:E30|EVT:E42|HOUR:00
1.0,EVT:E3|EVT:E42|HOUR:00
1.0,EVT:E28|EVT:E42|HOUR:00
1.0,EVT:E27|EVT:E42|HOUR:00
1.0,EVT:E25|EVT:E42|HOUR:00
1.0,EVT:E26|EVT:E42|HOUR:00
1.0,EVT:E24|EVT:E42|HOUR:00
1.0,EVT:E23|EVT:E42|HOUR:00
1.0,EVT:E2|EVT:E42|HOUR:00
1.0,EVT:E22|EVT:E42|HOUR:00
1.0,EVT:E21|EVT:E42|HOUR:00
1.0,EVT:E20|EVT:E42|HOUR:00
1.0,EVT:E18|EVT:E42|HOUR:00
1.0,EVT:E19|EVT:E42|HOUR:00
1.0,EVT:E17|EVT:E42|HOUR:00
1.0,EVT:E16|EVT:E42|HOUR:00
1.0,COMP:wsgi_server|EVT:E42|HOUR:00
1.0,EVT:E15|EVT:E42|HOUR:00
1.0,EVT:E14|EVT:E42|HOUR:00
1.0,EVT:E13|EVT:E42|HOUR:00
1.0,EVT:E12|EVT:E42|HOUR:00
1.0,EVT:E11|EVT:E42|HOUR:00
1.0,EVT:E10|EVT:E42|HOUR:00
1.0,EVT:E1|EVT:E42|HOUR:00
1.0,COMP:compute_server_external_events|EVT:E42|HOUR:00
1.0,COMP:openstack_wsgi|EVT:E42|HOUR:00
1.0,COMP:libvirt_imagecache|EVT:E42|HOUR:00
1.0,COMP:libvirt_driver|EVT:E42|HOUR:00
1.0,COMP:compute_manager|EVT:E42|HOUR:00
1.0,COMP:compute_resource_tracker|EVT:E42|HOUR:00
1.0,COMP:compute_claims|EVT:E42|HOUR:00
0.6,EVT:E29|EVT:E42|HOUR:00
1.0,EVT:E4|EVT:E41|HOUR:00
1.0,EVT:E37|EVT:E41|HOUR:00
1.0,EVT:E36|EVT:E41|HOUR:00
1.0,EVT:E35|EVT:E41|HOUR:00
1.0,EVT:E34|EVT:E41|HOUR:00
1.0,EVT:E33|EVT:E41|HOUR:00
1.0,EVT:E32|EVT:E41|HOUR:00
1.0,EVT:E31|EVT:E41|HOUR:00
1.0,EVT:E30|EVT:E41|HOUR:00
1.0,EVT:E3|EVT:E41|HOUR:00
1.0,EVT:E28|EVT:E41|HOUR:00
1.0,EVT:E27|EVT:E41|HOUR:00
1.0,EVT:E25|EVT:E41|HOUR:00
1.0,EVT:E26|EVT:E41|HOUR:00
1.0,EVT:E24|EVT:E41|HOUR:00
1.0,EVT:E23|EVT:E41|HOUR:00
1.0,EVT:E2|EVT:E41|HOUR:00
1.0,EVT:E22|EVT:E41|HOUR:00
1.0,EVT:E21|EVT:E41|HOUR:00
1.0,EVT:E20|EVT:E41|HOUR:00
1.0,EVT:E18|EVT:E41|HOUR:00
1.0,EVT:E19|EVT:E41|HOUR:00
1.0,EVT:E17|EVT:E41|HOUR:00
1.0,EVT:E16|EVT:E41|HOUR:00
1.0,COMP:wsgi_server|EVT:E41|HOUR:00
1.0,EVT:E15|EVT:E41|HOUR:00
1.0,EVT:E14|EVT:E41|HOUR:00
1.0,EVT:E13|EVT:E41|HOUR:00
1.0,EVT:E12|EVT:E41|HOUR:00
1.0,EVT:E11|EVT:E41|HOUR:00
1.0,EVT:E10|EVT:E41|HOUR:00
1.0,EVT:E1|EVT:E41|HOUR:00
1.0,COMP:compute_server_external_events|EVT:E41|HOUR:00
1.0,COMP:openstack_wsgi|EVT:E41|HOUR:00
1.0,COMP:libvirt_imagecache|EVT:E41|HOUR:00
1.0,COMP:libvirt_driver|EVT:E41|HOUR:00
1.0,COMP:compute_manager|EVT:E41|HOUR:00
1.0,COMP:compute_resource_tracker|EVT:E41|HOUR:00
1.0,COMP:compute_claims|EVT:E41|HOUR:00
0.6,EVT:E29|EVT:E41|HOUR:00
1.0,EVT:E37|EVT:E4|HOUR:00
1.0,EVT:E36|EVT:E4|HOUR:00
1.0,EVT:E35|EVT:E4|HOUR:00
1.0,EVT:E34|EVT:E4|HOUR:00
1.0,EVT:E33|EVT:E4|HOUR:00
1.0,EVT:E32|EVT:E4|HOUR:00
1.0,EVT:E31|EVT:E4|HOUR:00
1.0,EVT:E30|EVT:E4|HOUR:00
1.0,EVT:E3|EVT:E4|HOUR:00
1.0,EVT:E28|EVT:E4|HOUR:00
1.0,EVT:E27|EVT:E4|HOUR:00
1.0,EVT:E25|EVT:E4|HOUR:00
1.0,EVT:E26|EVT:E4|HOUR:00
1.0,EVT:E24|EVT:E4|HOUR:00
1.0,EVT:E23|EVT:E4|HOUR:00
1.0,EVT:E2|EVT:E4|HOUR:00
1.0,EVT:E22|EVT:E4|HOUR:00
1.0,EVT:E21|EVT:E4|HOUR:00
1.0,EVT:E20|EVT:E4|HOUR:00
1.0,EVT:E18|EVT:E4|HOUR:00
1.0,EVT:E19|EVT:E4|HOUR:00
1.0,EVT:E17|EVT:E4|HOUR:00
1.0,EVT:E16|EVT:E4|HOUR:00
1.0,COMP:wsgi_server|EVT:E4|HOUR:00
1.0,EVT:E15|EVT:E4|HOUR:00
1.0,EVT:E14|EVT:E4|HOUR:00
1.0,EVT:E13|EVT:E4|HOUR:00
1.0,EVT:E12|EVT:E4|HOUR:00
1.0,EVT:E11|EVT:E4|HOUR:00
1.0,EVT:E10|EVT:E4|HOUR:00
1.0,EVT:E1|EVT:E4|HOUR:00
1.0,COMP:compute_server_external_events|EVT:E4|HOUR:00
1.0,COMP:openstack_wsgi|EVT:E4|HOUR:00
1.0,COMP:libvirt_imagecache|EVT:E4|HOUR:00
1.0,COMP:libvirt_driver|EVT:E4|HOUR:00
1.0,COMP:compute_manager|EVT:E4|HOUR:00
1.0,COMP:compute_resource_tracker|EVT:E4|HOUR:00
1.0,COMP:compute_claims|EVT:E4|HOUR:00
0.6,EVT:E29|EVT:E4|HOUR:00
1.0,EVT:E36|EVT:E37|HOUR:00
1.0,EVT:E35|EVT:E37|HOUR:00
1.0,EVT:E34|EVT:E37|HOUR:00
1.0,EVT:E33|EVT:E37|HOUR:00
1.0,EVT:E32|EVT:E37|HOUR:00
1.0,EVT:E31|EVT:E37|HOUR:00
1.0,EVT:E30|EVT:E37|HOUR:00
1.0,EVT:E3|EVT:E37|HOUR:00
1.0,EVT:E28|EVT:E37|HOUR:00
1.0,EVT:E27|EVT:E37|HOUR:00
1.0,EVT:E25|EVT:E37|HOUR:00
1.0,EVT:E26|EVT:E37|HOUR:00
1.0,EVT:E24|EVT:E37|HOUR:00
1.0,EVT:E23|EVT:E37|HOUR:00
1.0,EVT:E2|EVT:E37|HOUR:00
1.0,EVT:E22|EVT:E37|HOUR:00
1.0,EVT:E21|EVT:E37|HOUR:00
1.0,EVT:E20|EVT:E37|HOUR:00
1.0,EVT:E18|EVT:E37|HOUR:00
1.0,EVT:E19|EVT:E37|HOUR:00
1.0,EVT:E17|EVT:E37|HOUR:00
1.0,EVT:E16|EVT:E37|HOUR:00
1.0,COMP:wsgi_server|EVT:E37|HOUR:00
1.0,EVT:E15|EVT:E37|HOUR:00
1.0,EVT:E14|EVT:E37|HOUR:00
1.0,EVT:E13|EVT:E37|HOUR:00
1.0,EVT:E12|EVT:E37|HOUR:00
1.0,EVT:E11|EVT:E37|HOUR:00
1.0,EVT:E10|EVT:E37|HOUR:00
1.0,EVT:E1|EVT:E37|HOUR:00
1.0,COMP:compute_server_external_events|EVT:E37|HOUR:00
1.0,COMP:openstack_wsgi|EVT:E37|HOUR:00
1.0,COMP:libvirt_imagecache|EVT:E37|HOUR:00
1.0,COMP:libvirt_driver|EVT:E37|HOUR:00
1.0,COMP:compute_manager|EVT:E37|HOUR:00
1.0,COMP:compute_resource_tracker|EVT:E37|HOUR:00
1.0,COMP:compute_claims|EVT:E37|HOUR:00
0.6,EVT:E29|EVT:E37|HOUR:00
1.0,EVT:E35|EVT:E36|HOUR:00
1.0,EVT:E34|EVT:E36|HOUR:00
1.0,EVT:E33|EVT:E36|HOUR:00
1.0,EVT:E32|EVT:E36|HOUR:00
1.0,EVT:E31|EVT:E36|HOUR:00
1.0,EVT:E30|EVT:E36|HOUR:00
1.0,EVT:E3|EVT:E36|HOUR:00
1.0,EVT:E28|EVT:E36|HOUR:00
1.0,EVT:E27|EVT:E36|HOUR:00
1.0,EVT:E25|EVT:E36|HOUR:00
1.0,EVT:E26|EVT:E36|HOUR:00
1.0,EVT:E24|EVT:E36|HOUR:00
1.0,EVT:E23|EVT:E36|HOUR:00
1.0,EVT:E2|EVT:E36|HOUR:00
1.0,EVT:E22|EVT:E36|HOUR:00
1.0,EVT:E21|EVT:E36|HOUR:00
1.0,EVT:E20|EVT:E36|HOUR:00
1.0,EVT:E18|EVT:E36|HOUR:00
1.0,EVT:E19|EVT:E36|HOUR:00
1.0,EVT:E17|EVT:E36|HOUR:00
1.0,EVT:E16|EVT:E36|HOUR:00
1.0,COMP:wsgi_server|EVT:E36|HOUR:00
1.0,EVT:E15|EVT:E36|HOUR:00
1.0,EVT:E14|EVT:E36|HOUR:00
1.0,EVT:E13|EVT:E36|HOUR:00
1.0,EVT:E12|EVT:E36|HOUR:00
1.0,EVT:E11|EVT:E36|HOUR:00
1.0,EVT:E10|EVT:E36|HOUR:00
1.0,EVT:E1|EVT:E36|HOUR:00
1.0,COMP:compute_server_external_events|EVT:E36|HOUR:00
1.0,COMP:openstack_wsgi|EVT:E36|HOUR:00
1.0,COMP:libvirt_imagecache|EVT:E36|HOUR:00
1.0,COMP:libvirt_driver|EVT:E36|HOUR:00
1.0,COMP:compute_manager|EVT:E36|HOUR:00
1.0,COMP:compute_resource_tracker|EVT:E36|HOUR:00
1.0,COMP:compute_claims|EVT:E36|HOUR:00
0.6,EVT:E29|EVT:E36|HOUR:00
1.0,EVT:E34|EVT:E35|HOUR:00
1.0,EVT:E33|EVT:E35|HOUR:00
1.0,EVT:E32|EVT:E35|HOUR:00
1.0,EVT:E31|EVT:E35|HOUR:00
1.0,EVT:E30|EVT:E35|HOUR:00
1.0,EVT:E3|EVT:E35|HOUR:00
1.0,EVT:E28|EVT:E35|HOUR:00
1.0,EVT:E27|EVT:E35|HOUR:00
1.0,EVT:E25|EVT:E35|HOUR:00
1.0,EVT:E26|EVT:E35|HOUR:00
1.0,EVT:E24|EVT:E35|HOUR:00
1.0,EVT:E23|EVT:E35|HOUR:00
1.0,EVT:E2|EVT:E35|HOUR:00
1.0,EVT:E22|EVT:E35|HOUR:00
1.0,EVT:E21|EVT:E35|HOUR:00
1.0,EVT:E20|EVT:E35|HOUR:00
1.0,EVT:E18|EVT:E35|HOUR:00
1.0,EVT:E19|EVT:E35|HOUR:00
1.0,EVT:E17|EVT:E35|HOUR:00
1.0,EVT:E16|EVT:E35|HOUR:00
1.0,COMP:wsgi_server|EVT:E35|HOUR:00
1.0,EVT:E15|EVT:E35|HOUR:00
1.0,EVT:E14|EVT:E35|HOUR:00
1.0,EVT:E13|EVT:E35|HOUR:00
1.0,EVT:E12|EVT:E35|HOUR:00
1.0,EVT:E11|EVT:E35|HOUR:00
1.0,EVT:E10|EVT:E35|HOUR:00
1.0,EVT:E1|EVT:E35|HOUR:00
1.0,COMP:compute_server_external_events|EVT:E35|HOUR:00
1.0,COMP:openstack_wsgi|EVT:E35|HOUR:00
1.0,COMP:libvirt_imagecache|EVT:E35|HOUR:00
1.0,COMP:libvirt_driver|EVT:E35|HOUR:00
1.0,COMP:compute_manager|EVT:E35|HOUR:00
1.0,COMP:compute_resource_tracker|EVT:E35|HOUR:00
1.0,COMP:compute_claims|EVT:E35|HOUR:00
0.6,EVT:E29|EVT:E35|HOUR:00
1.0,EVT:E33|EVT:E34|HOUR:00
1.0,EVT:E32|EVT:E34|HOUR:00
1.0,EVT:E31|EVT:E34|HOUR:00
1.0,EVT:E30|EVT:E34|HOUR:00
1.0,EVT:E3|EVT:E34|HOUR:00
1.0,EVT:E28|EVT:E34|HOUR:00
1.0,EVT:E27|EVT:E34|HOUR:00
1.0,EVT:E25|EVT:E34|HOUR:00
1.0,EVT:E26|EVT:E34|HOUR:00
1.0,EVT:E24|EVT:E34|HOUR:00
1.0,EVT:E23|EVT:E34|HOUR:00
1.0,EVT:E2|EVT:E34|HOUR:00
1.0,EVT:E22|EVT:E34|HOUR:00
1.0,EVT:E21|EVT:E34|HOUR:00
1.0,EVT:E20|EVT:E34|HOUR:00
1.0,EVT:E18|EVT:E34|HOUR:00
1.0,EVT:E19|EVT:E34|HOUR:00
1.0,EVT:E17|EVT:E34|HOUR:00
1.0,EVT:E16|EVT:E34|HOUR:00
1.0,COMP:wsgi_server|EVT:E34|HOUR:00
1.0,EVT:E15|EVT:E34|HOUR:00
1.0,EVT:E14|EVT:E34|HOUR:00
1.0,EVT:E13|EVT:E34|HOUR:00
1.0,EVT:E12|EVT:E34|HOUR:00
1.0,EVT:E11|EVT:E34|HOUR:00
1.0,EVT:E10|EVT:E34|HOUR:00
1.0,EVT:E1|EVT:E34|HOUR:00
1.0,COMP:compute_server_external_events|EVT:E34|HOUR:00
1.0,COMP:openstack_wsgi|EVT:E34|HOUR:00
1.0,COMP:libvirt_imagecache|EVT:E34|HOUR:00
1.0,COMP:libvirt_driver|EVT:E34|HOUR:00
1.0,COMP:compute_manager|EVT:E34|HOUR:00
1.0,COMP:compute_resource_tracker|EVT:E34|HOUR:00
1.0,COMP:compute_claims|EVT:E34|HOUR:00
0.6,EVT:E29|EVT:E34|HOUR:00
1.0,EVT:E32|EVT:E33|HOUR:00
1.0,EVT:E31|EVT:E33|HOUR:00
1.0,EVT:E30|EVT:E33|HOUR:00
1.0,EVT:E3|EVT:E33|HOUR:00
1.0,EVT:E28|EVT:E33|HOUR:00
1.0,EVT:E27|EVT:E33|HOUR:00
1.0,EVT:E25|EVT:E33|HOUR:00
1.0,EVT:E26|EVT:E33|HOUR:00
1.0,EVT:E24|EVT:E33|HOUR:00
1.0,EVT:E23|EVT:E33|HOUR:00
1.0,EVT:E2|EVT:E33|HOUR:00
1.0,EVT:E22|EVT:E33|HOUR:00
1.0,EVT:E21|EVT:E33|HOUR:00
1.0,EVT:E20|EVT:E33|HOUR:00
1.0,EVT:E18|EVT:E33|HOUR:00
1.0,EVT:E19|EVT:E33|HOUR:00
1.0,EVT:E17|EVT:E33|HOUR:00
1.0,EVT:E16|EVT:E33|HOUR:00
1.0,COMP:wsgi_server|EVT:E33|HOUR:00
1.0,EVT:E15|EVT:E33|HOUR:00
1.0,EVT:E14|EVT:E33|HOUR:00
1.0,EVT:E13|EVT:E33|HOUR:00
1.0,EVT:E12|EVT:E33|HOUR:00
1.0,EVT:E11|EVT:E33|HOUR:00
1.0,EVT:E10|EVT:E33|HOUR:00
1.0,EVT:E1|EVT:E33|HOUR:00
1.0,COMP:compute_server_external_events|EVT:E33|HOUR:00
1.0,COMP:openstack_wsgi|EVT:E33|HOUR:00
1.0,COMP:libvirt_imagecache|EVT:E33|HOUR:00
1.0,COMP:libvirt_driver|EVT:E33|HOUR:00
1.0,COMP:compute_manager|EVT:E33|HOUR:00
1.0,COMP:compute_resource_tracker|EVT:E33|HOUR:00
1.0,COMP:compute_claims|EVT:E33|HOUR:00
0.6,EVT:E29|EVT:E33|HOUR:00
1.0,EVT:E31|EVT:E32|HOUR:00
1.0,EVT:E30|EVT:E32|HOUR:00
1.0,EVT:E3|EVT:E32|HOUR:00
1.0,EVT:E28|EVT:E32|HOUR:00
1.0,EVT:E27|EVT:E32|HOUR:00
1.0,EVT:E25|EVT:E32|HOUR:00
1.0,EVT:E26|EVT:E32|HOUR:00
1.0,EVT:E24|EVT:E32|HOUR:00
1.0,EVT:E23|EVT:E32|HOUR:00
1.0,EVT:E2|EVT:E32|HOUR:00
1.0,EVT:E22|EVT:E32|HOUR:00
1.0,EVT:E21|EVT:E32|HOUR:00
1.0,EVT:E20|EVT:E32|HOUR:00
1.0,EVT:E18|EVT:E32|HOUR:00
1.0,EVT:E19|EVT:E32|HOUR:00
1.0,EVT:E17|EVT:E32|HOUR:00
1.0,EVT:E16|EVT:E32|HOUR:00
1.0,COMP:wsgi_server|EVT:E32|HOUR:00
1.0,EVT:E15|EVT:E32|HOUR:00
1.0,EVT:E14|EVT:E32|HOUR:00
1.0,EVT:E13|EVT:E32|HOUR:00
1.0,EVT:E12|EVT:E32|HOUR:00
1.0,EVT:E11|EVT:E32|HOUR:00
1.0,EVT:E10|EVT:E32|HOUR:00
1.0,EVT:E1|EVT:E32|HOUR:00
1.0,COMP:compute_server_external_events|EVT:E32|HOUR:00
1.0,COMP:openstack_wsgi|EVT:E32|HOUR:00
1.0,COMP:libvirt_imagecache|EVT:E32|HOUR:00
1.0,COMP:libvirt_driver|EVT:E32|HOUR:00
1.0,COMP:compute_manager|EVT:E32|HOUR:00
1.0,COMP:compute_resource_tracker|EVT:E32|HOUR:00
1.0,COMP:compute_claims|EVT:E32|HOUR:00
0.6,EVT:E29|EVT:E32|HOUR:00
1.0,EVT:E30|EVT:E31|HOUR:00
1.0,EVT:E3|EVT:E31|HOUR:00
1.0,EVT:E28|EVT:E31|HOUR:00
1.0,EVT:E27|EVT:E31|HOUR:00
1.0,EVT:E25|EVT:E31|HOUR:00
1.0,EVT:E26|EVT:E31|HOUR:00
1.0,EVT:E24|EVT:E31|HOUR:00
1.0,EVT:E23|EVT:E31|HOUR:00
1.0,EVT:E2|EVT:E31|HOUR:00
1.0,EVT:E22|EVT:E31|HOUR:00
1.0,EVT:E21|EVT:E31|HOUR:00
1.0,EVT:E20|EVT:E31|HOUR:00
1.0,EVT:E18|EVT:E31|HOUR:00
1.0,EVT:E19|EVT:E31|HOUR:00
1.0,EVT:E17|EVT:E31|HOUR:00
1.0,EVT:E16|EVT:E31|HOUR:00
1.0,COMP:wsgi_server|EVT:E31|HOUR:00
1.0,EVT:E15|EVT:E31|HOUR:00
1.0,EVT:E14|EVT:E31|HOUR:00
1.0,EVT:E13|EVT:E31|HOUR:00
1.0,EVT:E12|EVT:E31|HOUR:00
1.0,EVT:E11|EVT:E31|HOUR:00
1.0,EVT:E10|EVT:E31|HOUR:00
1.0,EVT:E1|EVT:E31|HOUR:00
1.0,COMP:compute_server_external_events|EVT:E31|HOUR:00
1.0,COMP:openstack_wsgi|EVT:E31|HOUR:00
1.0,COMP:libvirt_imagecache|EVT:E31|HOUR:00
1.0,COMP:libvirt_driver|EVT:E31|HOUR:00
1.0,COMP:compute_manager|EVT:E31|HOUR:00
1.0,COMP:compute_resource_tracker|EVT:E31|HOUR:00
1.0,COMP:compute_claims|EVT:E31|HOUR:00
0.6,EVT:E29|EVT:E31|HOUR:00
1.0,EVT:E3|EVT:E30|HOUR:00
1.0,EVT:E28|EVT:E30|HOUR:00
1.0,EVT:E27|EVT:E30|HOUR:00
1.0,EVT:E25|EVT:E30|HOUR:00
1.0,EVT:E26|EVT:E30|HOUR:00
1.0,EVT:E24|EVT:E30|HOUR:00
1.0,EVT:E23|EVT:E30|HOUR:00
1.0,EVT:E2|EVT:E30|HOUR:00
1.0,EVT:E22|EVT:E30|HOUR:00
1.0,EVT:E21|EVT:E30|HOUR:00
1.0,EVT:E20|EVT:E30|HOUR:00
1.0,EVT:E18|EVT:E30|HOUR:00
1.0,EVT:E19|EVT:E30|HOUR:00
1.0,EVT:E17|EVT:E30|HOUR:00
1.0,EVT:E16|EVT:E30|HOUR:00
1.0,COMP:wsgi_server|EVT:E30|HOUR:00
1.0,EVT:E15|EVT:E30|HOUR:00
1.0,EVT:E14|EVT:E30|HOUR:00
1.0,EVT:E13|EVT:E30|HOUR:00
1.0,EVT:E12|EVT:E30|HOUR:00
1.0,EVT:E11|EVT:E30|HOUR:00
1.0,EVT:E10|EVT:E30|HOUR:00
1.0,EVT:E1|EVT:E30|HOUR:00
1.0,COMP:compute_server_external_events|EVT:E30|HOUR:00
1.0,COMP:openstack_wsgi|EVT:E30|HOUR:00
1.0,COMP:libvirt_imagecache|EVT:E30|HOUR:00
1.0,COMP:libvirt_driver|EVT:E30|HOUR:00
1.0,COMP:compute_manager|EVT:E30|HOUR:00
1.0,COMP:compute_resource_tracker|EVT:E30|HOUR:00
1.0,COMP:compute_claims|EVT:E30|HOUR:00
0.6,EVT:E29|EVT:E30|HOUR:00
1.0,EVT:E28|EVT:E3|HOUR:00
1.0,EVT:E27|EVT:E3|HOUR:00
1.0,EVT:E25|EVT:E3|HOUR:00
1.0,EVT:E26|EVT:E3|HOUR:00
1.0,EVT:E24|EVT:E3|HOUR:00
1.0,EVT:E23|EVT:E3|HOUR:00
1.0,EVT:E2|EVT:E3|HOUR:00
1.0,EVT:E22|EVT:E3|HOUR:00
1.0,EVT:E21|EVT:E3|HOUR:00
1.0,EVT:E20|EVT:E3|HOUR:00
1.0,EVT:E18|EVT:E3|HOUR:00
1.0,EVT:E19|EVT:E3|HOUR:00
1.0,EVT:E17|EVT:E3|HOUR:00
1.0,EVT:E16|EVT:E3|HOUR:00
1.0,COMP:wsgi_server|EVT:E3|HOUR:00
1.0,EVT:E15|EVT:E3|HOUR:00
1.0,EVT:E14|EVT:E3|HOUR:00
1.0,EVT:E13|EVT:E3|HOUR:00
1.0,EVT:E12|EVT:E3|HOUR:00
1.0,EVT:E11|EVT:E3|HOUR:00
1.0,EVT:E10|EVT:E3|HOUR:00
1.0,EVT:E1|EVT:E3|HOUR:00
1.0,COMP:compute_server_external_events|EVT:E3|HOUR:00
1.0,COMP:openstack_wsgi|EVT:E3|HOUR:00
1.0,COMP:libvirt_imagecache|EVT:E3|HOUR:00
1.0,COMP:libvirt_driver|EVT:E3|HOUR:00
1.0,COMP:compute_manager|EVT:E3|HOUR:00
1.0,COMP:compute_resource_tracker|EVT:E3|HOUR:00
1.0,COMP:compute_claims|EVT:E3|HOUR:00
0.6,EVT:E29|EVT:E3|HOUR:00
1.0,EVT:E27|EVT:E28|HOUR:00
1.0,EVT:E25|EVT:E28|HOUR:00
1.0,EVT:E26|EVT:E28|HOUR:00
1.0,EVT:E24|EVT:E28|HOUR:00
1.0,EVT:E23|EVT:E28|HOUR:00
1.0,EVT:E2|EVT:E28|HOUR:00
1.0,EVT:E22|EVT:E28|HOUR:00
1.0,EVT:E21|EVT:E28|HOUR:00
1.0,EVT:E20|EVT:E28|HOUR:00
1.0,EVT:E18|EVT:E28|HOUR:00
1.0,EVT:E19|EVT:E28|HOUR:00
1.0,EVT:E17|EVT:E28|HOUR:00
1.0,EVT:E16|EVT:E28|HOUR:00
1.0,COMP:wsgi_server|EVT:E28|HOUR:00
1.0,EVT:E15|EVT:E28|HOUR:00
1.0,EVT:E14|EVT:E28|HOUR:00
1.0,EVT:E13|EVT:E28|HOUR:00
1.0,EVT:E12|EVT:E28|HOUR:00
1.0,EVT:E11|EVT:E28|HOUR:00
1.0,EVT:E10|EVT:E28|HOUR:00
1.0,EVT:E1|EVT:E28|HOUR:00
1.0,COMP:compute_server_external_events|EVT:E28|HOUR:00
1.0,COMP:openstack_wsgi|EVT:E28|HOUR:00
1.0,COMP:libvirt_imagecache|EVT:E28|HOUR:00
1.0,COMP:libvirt_driver|EVT:E28|HOUR:00
1.0,COMP:compute_manager|EVT:E28|HOUR:00
1.0,COMP:compute_resource_tracker|EVT:E28|HOUR:00
1.0,COMP:compute_claims|EVT:E28|HOUR:00
0.6,EVT:E28|EVT:E29|HOUR:00
1.0,EVT:E25|EVT:E27|HOUR:00
1.0,EVT:E26|EVT:E27|HOUR:00
1.0,EVT:E24|EVT:E27|HOUR:00
1.0,EVT:E23|EVT:E27|HOUR:00
1.0,EVT:E2|EVT:E27|HOUR:00
1.0,EVT:E22|EVT:E27|HOUR:00
1.0,EVT:E21|EVT:E27|HOUR:00
1.0,EVT:E20|EVT:E27|HOUR:00
1.0,EVT:E18|EVT:E27|HOUR:00
1.0,EVT:E19|EVT:E27|HOUR:00
1.0,EVT:E17|EVT:E27|HOUR:00
1.0,EVT:E16|EVT:E27|HOUR:00
1.0,COMP:wsgi_server|EVT:E27|HOUR:00
1.0,EVT:E15|EVT:E27|HOUR:00
1.0,EVT:E14|EVT:E27|HOUR:00
1.0,EVT:E13|EVT:E27|HOUR:00
1.0,EVT:E12|EVT:E27|HOUR:00
1.0,EVT:E11|EVT:E27|HOUR:00
1.0,EVT:E10|EVT:E27|HOUR:00
1.0,EVT:E1|EVT:E27|HOUR:00
1.0,COMP:compute_server_external_events|EVT:E27|HOUR:00
1.0,COMP:openstack_wsgi|EVT:E27|HOUR:00
1.0,COMP:libvirt_imagecache|EVT:E27|HOUR:00
1.0,COMP:libvirt_driver|EVT:E27|HOUR:00
1.0,COMP:compute_manager|EVT:E27|HOUR:00
1.0,COMP:compute_resource_tracker|EVT:E27|HOUR:00
1.0,COMP:compute_claims|EVT:E27|HOUR:00
0.6,EVT:E27|EVT:E29|HOUR:00
1.0,EVT:E25|EVT:E26|HOUR:00
1.0,EVT:E24|EVT:E25|HOUR:00
1.0,EVT:E23|EVT:E25|HOUR:00
1.0,EVT:E2|EVT:E25|HOUR:00
1.0,EVT:E22|EVT:E25|HOUR:00
1.0,EVT:E21|EVT:E25|HOUR:00
1.0,EVT:E20|EVT:E25|HOUR:00
1.0,EVT:E18|EVT:E25|HOUR:00
1.0,EVT:E19|EVT:E25|HOUR:00
1.0,EVT:E17|EVT:E25|HOUR:00
1.0,EVT:E16|EVT:E25|HOUR:00
1.0,COMP:wsgi_server|EVT:E25|HOUR:00
1.0,EVT:E15|EVT:E25|HOUR:00
1.0,EVT:E14|EVT:E25|HOUR:00
1.0,EVT:E13|EVT:E25|HOUR:00
1.0,EVT:E12|EVT:E25|HOUR:00
1.0,EVT:E11|EVT:E25|HOUR:00
1.0,EVT:E10|EVT:E25|HOUR:00
1.0,EVT:E1|EVT:E25|HOUR:00
1.0,COMP:compute_server_external_events|EVT:E25|HOUR:00
1.0,COMP:openstack_wsgi|EVT:E25|HOUR:00
1.0,COMP:libvirt_imagecache|EVT:E25|HOUR:00
1.0,COMP:libvirt_driver|EVT:E25|HOUR:00
1.0,COMP:compute_manager|EVT:E25|HOUR:00
1.0,COMP:compute_resource_tracker|EVT:E25|HOUR:00
1.0,COMP:compute_claims|EVT:E25|HOUR:00
0.6,EVT:E25|EVT:E29|HOUR:00
1.0,EVT:E24|EVT:E26|HOUR:00
1.0,EVT:E23|EVT:E26|HOUR:00
1.0,EVT:E2|EVT:E26|HOUR:00
1.0,EVT:E22|EVT:E26|HOUR:00
1.0,EVT:E21|EVT:E26|HOUR:00
1.0,EVT:E20|EVT:E26|HOUR:00
1.0,EVT:E18|EVT:E26|HOUR:00
1.0,EVT:E19|EVT:E26|HOUR:00
1.0,EVT:E17|EVT:E26|HOUR:00
1.0,EVT:E16|EVT:E26|HOUR:00
1.0,COMP:wsgi_server|EVT:E26|HOUR:00
1.0,EVT:E15|EVT:E26|HOUR:00
1.0,EVT:E14|EVT:E26|HOUR:00
1.0,EVT:E13|EVT:E26|HOUR:00
1.0,EVT:E12|EVT:E26|HOUR:00
1.0,EVT:E11|EVT:E26|HOUR:00
1.0,EVT:E10|EVT:E26|HOUR:00
1.0,EVT:E1|EVT:E26|HOUR:00
1.0,COMP:compute_server_external_events|EVT:E26|HOUR:00
1.0,COMP:openstack_wsgi|EVT:E26|HOUR:00
1.0,COMP:libvirt_imagecache|EVT:E26|HOUR:00
1.0,COMP:libvirt_driver|EVT:E26|HOUR:00
1.0,COMP:compute_manager|EVT:E26|HOUR:00
1.0,COMP:compute_resource_tracker|EVT:E26|HOUR:00
1.0,COMP:compute_claims|EVT:E26|HOUR:00
0.6,EVT:E26|EVT:E29|HOUR:00
1.0,EVT:E23|EVT:E24|HOUR:00
1.0,EVT:E2|EVT:E24|HOUR:00
1.0,EVT:E22|EVT:E24|HOUR:00
1.0,EVT:E21|EVT:E24|HOUR:00
1.0,EVT:E20|EVT:E24|HOUR:00
1.0,EVT:E18|EVT:E24|HOUR:00
1.0,EVT:E19|EVT:E24|HOUR:00
1.0,EVT:E17|EVT:E24|HOUR:00
1.0,EVT:E16|EVT:E24|HOUR:00
1.0,COMP:wsgi_server|EVT:E24|HOUR:00
1.0,EVT:E15|EVT:E24|HOUR:00
1.0,EVT:E14|EVT:E24|HOUR:00
1.0,EVT:E13|EVT:E24|HOUR:00
1.0,EVT:E12|EVT:E24|HOUR:00
1.0,EVT:E11|EVT:E24|HOUR:00
1.0,EVT:E10|EVT:E24|HOUR:00
1.0,EVT:E1|EVT:E24|HOUR:00
1.0,COMP:compute_server_external_events|EVT:E24|HOUR:00
1.0,COMP:openstack_wsgi|EVT:E24|HOUR:00
1.0,COMP:libvirt_imagecache|EVT:E24|HOUR:00
1.0,COMP:libvirt_driver|EVT:E24|HOUR:00
1.0,COMP:compute_manager|EVT:E24|HOUR:00
1.0,COMP:compute_resource_tracker|EVT:E24|HOUR:00
1.0,COMP:compute_claims|EVT:E24|HOUR:00
0.6,EVT:E24|EVT:E29|HOUR:00
1.0,EVT:E2|EVT:E23|HOUR:00
1.0,EVT:E22|EVT:E23|HOUR:00
1.0,EVT:E21|EVT:E23|HOUR:00
1.0,EVT:E20|EVT:E23|HOUR:00
1.0,EVT:E18|EVT:E23|HOUR:00
1.0,EVT:E19|EVT:E23|HOUR:00
1.0,EVT:E17|EVT:E23|HOUR:00
1.0,EVT:E16|EVT:E23|HOUR:00
1.0,COMP:wsgi_server|EVT:E23|HOUR:00
1.0,EVT:E15|EVT:E23|HOUR:00
1.0,EVT:E14|EVT:E23|HOUR:00
1.0,EVT:E13|EVT:E23|HOUR:00
1.0,EVT:E12|EVT:E23|HOUR:00
1.0,EVT:E11|EVT:E23|HOUR:00
1.0,EVT:E10|EVT:E23|HOUR:00
1.0,EVT:E1|EVT:E23|HOUR:00
1.0,COMP:compute_server_external_events|EVT:E23|HOUR:00
1.0,COMP:openstack_wsgi|EVT:E23|HOUR:00
1.0,COMP:libvirt_imagecache|EVT:E23|HOUR:00
1.0,COMP:libvirt_driver|EVT:E23|HOUR:00
1.0,COMP:compute_manager|EVT:E23|HOUR:00
1.0,COMP:compute_resource_tracker|EVT:E23|HOUR:00
1.0,COMP:compute_claims|EVT:E23|HOUR:00
0.6,EVT:E23|EVT:E29|HOUR:00
1.0,EVT:E2|EVT:E22|HOUR:00
1.0,EVT:E2|EVT:E21|HOUR:00
1.0,EVT:E2|EVT:E20|HOUR:00
1.0,EVT:E18|EVT:E2|HOUR:00
1.0,EVT:E19|EVT:E2|HOUR:00
1.0,EVT:E17|EVT:E2|HOUR:00
1.0,EVT:E16|EVT:E2|HOUR:00
1.0,COMP:wsgi_server|EVT:E2|HOUR:00
1.0,EVT:E15|EVT:E2|HOUR:00
1.0,EVT:E14|EVT:E2|HOUR:00
1.0,EVT:E13|EVT:E2|HOUR:00
1.0,EVT:E12|EVT:E2|HOUR:00
1.0,EVT:E11|EVT:E2|HOUR:00
1.0,EVT:E10|EVT:E2|HOUR:00
1.0,EVT:E1|EVT:E2|HOUR:00
1.0,COMP:compute_server_external_events|EVT:E2|HOUR:00
1.0,COMP:openstack_wsgi|EVT:E2|HOUR:00
1.0,COMP:libvirt_imagecache|EVT:E2|HOUR:00
1.0,COMP:libvirt_driver|EVT:E2|HOUR:00
1.0,COMP:compute_manager|EVT:E2|HOUR:00
1.0,COMP:compute_resource_tracker|EVT:E2|HOUR:00
1.0,COMP:compute_claims|EVT:E2|HOUR:00
0.6,EVT:E2|EVT:E29|HOUR:00
1.0,EVT:E21|EVT:E22|HOUR:00
1.0,EVT:E20|EVT:E22|HOUR:00
1.0,EVT:E18|EVT:E22|HOUR:00
1.0,EVT:E19|EVT:E22|HOUR:00
1.0,EVT:E17|EVT:E22|HOUR:00
1.0,EVT:E16|EVT:E22|HOUR:00
1.0,COMP:wsgi_server|EVT:E22|HOUR:00
1.0,EVT:E15|EVT:E22|HOUR:00
1.0,EVT:E14|EVT:E22|HOUR:00
1.0,EVT:E13|EVT:E22|HOUR:00
1.0,EVT:E12|EVT:E22|HOUR:00
1.0,EVT:E11|EVT:E22|HOUR:00
1.0,EVT:E10|EVT:E22|HOUR:00
1.0,EVT:E1|EVT:E22|HOUR:00
1.0,COMP:compute_server_external_events|EVT:E22|HOUR:00
1.0,COMP:openstack_wsgi|EVT:E22|HOUR:00
1.0,COMP:libvirt_imagecache|EVT:E22|HOUR:00
1.0,COMP:libvirt_driver|EVT:E22|HOUR:00
1.0,COMP:compute_manager|EVT:E22|HOUR:00
1.0,COMP:compute_resource_tracker|EVT:E22|HOUR:00
1.0,COMP:compute_claims|EVT:E22|HOUR:00
0.6,EVT:E22|EVT:E29|HOUR:00
1.0,EVT:E20|EVT:E21|HOUR:00
1.0,EVT:E18|EVT:E21|HOUR:00
1.0,EVT:E19|EVT:E21|HOUR:00
1.0,EVT:E17|EVT:E21|HOUR:00
1.0,EVT:E16|EVT:E21|HOUR:00
1.0,COMP:wsgi_server|EVT:E21|HOUR:00
1.0,EVT:E15|EVT:E21|HOUR:00
1.0,EVT:E14|EVT:E21|HOUR:00
1.0,EVT:E13|EVT:E21|HOUR:00
1.0,EVT:E12|EVT:E21|HOUR:00
1.0,EVT:E11|EVT:E21|HOUR:00
1.0,EVT:E10|EVT:E21|HOUR:00
1.0,EVT:E1|EVT:E21|HOUR:00
1.0,COMP:compute_server_external_events|EVT:E21|HOUR:00
1.0,COMP:openstack_wsgi|EVT:E21|HOUR:00
1.0,COMP:libvirt_imagecache|EVT:E21|HOUR:00
1.0,COMP:libvirt_driver|EVT:E21|HOUR:00
1.0,COMP:compute_manager|EVT:E21|HOUR:00
1.0,COMP:compute_resource_tracker|EVT:E21|HOUR:00
1.0,COMP:compute_claims|EVT:E21|HOUR:00
0.6,EVT:E21|EVT:E29|HOUR:00
1.0,EVT:E18|EVT:E20|HOUR:00
1.0,EVT:E19|EVT:E20|HOUR:00
1.0,EVT:E17|EVT:E20|HOUR:00
1.0,EVT:E16|EVT:E20|HOUR:00
1.0,COMP:wsgi_server|EVT:E20|HOUR:00
1.0,EVT:E15|EVT:E20|HOUR:00
1.0,EVT:E14|EVT:E20|HOUR:00
1.0,EVT:E13|EVT:E20|HOUR:00
1.0,EVT:E12|EVT:E20|HOUR:00
1.0,EVT:E11|EVT:E20|HOUR:00
1.0,EVT:E10|EVT:E20|HOUR:00
1.0,EVT:E1|EVT:E20|HOUR:00
1.0,COMP:compute_server_external_events|EVT:E20|HOUR:00
1.0,COMP:openstack_wsgi|EVT:E20|HOUR:00
1.0,COMP:libvirt_imagecache|EVT:E20|HOUR:00
1.0,COMP:libvirt_driver|EVT:E20|HOUR:00
1.0,COMP:compute_manager|EVT:E20|HOUR:00
1.0,COMP:compute_resource_tracker|EVT:E20|HOUR:00
1.0,COMP:compute_claims|EVT:E20|HOUR:00
0.6,EVT:E20|EVT:E29|HOUR:00
1.0,EVT:E18|EVT:E19|HOUR:00
1.0,EVT:E17|EVT:E18|HOUR:00
1.0,EVT:E16|EVT:E18|HOUR:00
1.0,COMP:wsgi_server|EVT:E18|HOUR:00
1.0,EVT:E15|EVT:E18|HOUR:00
1.0,EVT:E14|EVT:E18|HOUR:00
1.0,EVT:E13|EVT:E18|HOUR:00
1.0,EVT:E12|EVT:E18|HOUR:00
1.0,EVT:E11|EVT:E18|HOUR:00
1.0,EVT:E10|EVT:E18|HOUR:00
1.0,EVT:E1|EVT:E18|HOUR:00
1.0,COMP:compute_server_external_events|EVT:E18|HOUR:00
1.0,COMP:openstack_wsgi|EVT:E18|HOUR:00
1.0,COMP:libvirt_imagecache|EVT:E18|HOUR:00
1.0,COMP:libvirt_driver|EVT:E18|HOUR:00
1.0,COMP:compute_manager|EVT:E18|HOUR:00
1.0,COMP:compute_resource_tracker|EVT:E18|HOUR:00
1.0,COMP:compute_claims|EVT:E18|HOUR:00
0.6,EVT:E18|EVT:E29|HOUR:00
1.0,EVT:E17|EVT:E19|HOUR:00
1.0,EVT:E16|EVT:E19|HOUR:00
1.0,COMP:wsgi_server|EVT:E19|HOUR:00
1.0,EVT:E15|EVT:E19|HOUR:00
1.0,EVT:E14|EVT:E19|HOUR:00
1.0,EVT:E13|EVT:E19|HOUR:00
1.0,EVT:E12|EVT:E19|HOUR:00
1.0,EVT:E11|EVT:E19|HOUR:00
1.0,EVT:E10|EVT:E19|HOUR:00
1.0,EVT:E1|EVT:E19|HOUR:00
1.0,COMP:compute_server_external_events|EVT:E19|HOUR:00
1.0,COMP:openstack_wsgi|EVT:E19|HOUR:00
1.0,COMP:libvirt_imagecache|EVT:E19|HOUR:00
1.0,COMP:libvirt_driver|EVT:E19|HOUR:00
1.0,COMP:compute_manager|EVT:E19|HOUR:00
1.0,COMP:compute_resource_tracker|EVT:E19|HOUR:00
1.0,COMP:compute_claims|EVT:E19|HOUR:00
0.6,EVT:E19|EVT:E29|HOUR:00
1.0,EVT:E16|EVT:E17|HOUR:00
1.0,COMP:wsgi_server|EVT:E17|HOUR:00
1.0,EVT:E15|EVT:E17|HOUR:00
1.0,EVT:E14|EVT:E17|HOUR:00
1.0,EVT:E13|EVT:E17|HOUR:00
1.0,EVT:E12|EVT:E17|HOUR:00
1.0,EVT:E11|EVT:E17|HOUR:00
1.0,EVT:E10|EVT:E17|HOUR:00
1.0,EVT:E1|EVT:E17|HOUR:00
1.0,COMP:compute_server_external_events|EVT:E17|HOUR:00
1.0,COMP:openstack_wsgi|EVT:E17|HOUR:00
1.0,COMP:libvirt_imagecache|EVT:E17|HOUR:00
1.0,COMP:libvirt_driver|EVT:E17|HOUR:00
1.0,COMP:compute_manager|EVT:E17|HOUR:00
1.0,COMP:compute_resource_tracker|EVT:E17|HOUR:00
1.0,COMP:compute_claims|EVT:E17|HOUR:00
0.6,EVT:E17|EVT:E29|HOUR:00
1.0,COMP:wsgi_server|EVT:E16|HOUR:00
1.0,EVT:E15|EVT:E16|HOUR:00
1.0,EVT:E14|EVT:E16|HOUR:00
1.0,EVT:E13|EVT:E16|HOUR:00
1.0,EVT:E12|EVT:E16|HOUR:00
1.0,EVT:E11|EVT:E16|HOUR:00
1.0,EVT:E10|EVT:E16|HOUR:00
1.0,EVT:E1|EVT:E16|HOUR:00
1.0,COMP:compute_server_external_events|EVT:E16|HOUR:00
1.0,COMP:openstack_wsgi|EVT:E16|HOUR:00
1.0,COMP:libvirt_imagecache|EVT:E16|HOUR:00
1.0,COMP:libvirt_driver|EVT:E16|HOUR:00
1.0,COMP:compute_manager|EVT:E16|HOUR:00
1.0,COMP:compute_resource_tracker|EVT:E16|HOUR:00
1.0,COMP:compute_claims|EVT:E16|HOUR:00
0.6,EVT:E16|EVT:E29|HOUR:00
1.0,COMP:wsgi_server|EVT:E15|HOUR:00
1.0,COMP:wsgi_server|EVT:E14|HOUR:00
1.0,COMP:wsgi_server|EVT:E13|HOUR:00
1.0,COMP:wsgi_server|EVT:E12|HOUR:00
1.0,COMP:wsgi_server|EVT:E11|HOUR:00
1.0,COMP:wsgi_server|EVT:E10|HOUR:00
1.0,COMP:wsgi_server|EVT:E1|HOUR:00
1.0,COMP:compute_server_external_events|COMP:wsgi_server|HOUR:00
1.0,COMP:openstack_wsgi|COMP:wsgi_server|HOUR:00
1.0,COMP:libvirt_imagecache|COMP:wsgi_server|HOUR:00
1.0,COMP:libvirt_driver|COMP:wsgi_server|HOUR:00
1.0,COMP:compute_manager|COMP:wsgi_server|HOUR:00
1.0,COMP:compute_resource_tracker|COMP:wsgi_server|HOUR:00
1.0,COMP:compute_claims|COMP:wsgi_server|HOUR:00
0.6,COMP:wsgi_server|EVT:E29|HOUR:00
1.0,EVT:E14|EVT:E15|HOUR:00
1.0,EVT:E13|EVT:E15|HOUR:00
1.0,EVT:E12|EVT:E15|HOUR:00
1.0,EVT:E11|EVT:E15|HOUR:00
1.0,EVT:E10|EVT:E15|HOUR:00
1.0,EVT:E1|EVT:E15|HOUR:00
1.0,COMP:compute_server_external_events|EVT:E15|HOUR:00
1.0,COMP:openstack_wsgi|EVT:E15|HOUR:00
1.0,COMP:libvirt_imagecache|EVT:E15|HOUR:00
1.0,COMP:libvirt_driver|EVT:E15|HOUR:00
1.0,COMP:compute_manager|EVT:E15|HOUR:00
1.0,COMP:compute_resource_tracker|EVT:E15|HOUR:00
1.0,COMP:compute_claims|EVT:E15|HOUR:00
0.6,EVT:E15|EVT:E29|HOUR:00
1.0,EVT:E13|EVT:E14|HOUR:00
1.0,EVT:E12|EVT:E14|HOUR:00
1.0,EVT:E11|EVT:E14|HOUR:00
1.0,EVT:E10|EVT:E14|HOUR:00
1.0,EVT:E1|EVT:E14|HOUR:00
1.0,COMP:compute_server_external_events|EVT:E14|HOUR:00
1.0,COMP:openstack_wsgi|EVT:E14|HOUR:00
1.0,COMP:libvirt_imagecache|EVT:E14|HOUR:00
1.0,COMP:libvirt_driver|EVT:E14|HOUR:00
1.0,COMP:compute_manager|EVT:E14|HOUR:00
1.0,COMP:compute_resource_tracker|EVT:E14|HOUR:00
1.0,COMP:compute_claims|EVT:E14|HOUR:00
0.6,EVT:E14|EVT:E29|HOUR:00
1.0,EVT:E12|EVT:E13|HOUR:00
1.0,EVT:E11|EVT:E13|HOUR:00
1.0,EVT:E10|EVT:E13|HOUR:00
1.0,EVT:E1|EVT:E13|HOUR:00
1.0,COMP:compute_server_external_events|EVT:E13|HOUR:00
1.0,COMP:openstack_wsgi|EVT:E13|HOUR:00
1.0,COMP:libvirt_imagecache|EVT:E13|HOUR:00
1.0,COMP:libvirt_driver|EVT:E13|HOUR:00
1.0,COMP:compute_manager|EVT:E13|HOUR:00
1.0,COMP:compute_resource_tracker|EVT:E13|HOUR:00
1.0,COMP:compute_claims|EVT:E13|HOUR:00
0.6,EVT:E13|EVT:E29|HOUR:00
1.0,EVT:E11|EVT:E12|HOUR:00
1.0,EVT:E10|EVT:E12|HOUR:00
1.0,EVT:E1|EVT:E12|HOUR:00
1.0,COMP:compute_server_external_events|EVT:E12|HOUR:00
1.0,COMP:openstack_wsgi|EVT:E12|HOUR:00
1.0,COMP:libvirt_imagecache|EVT:E12|HOUR:00
1.0,COMP:libvirt_driver|EVT:E12|HOUR:00
1.0,COMP:compute_manager|EVT:E12|HOUR:00
1.0,COMP:compute_resource_tracker|EVT:E12|HOUR:00
1.0,COMP:compute_claims|EVT:E12|HOUR:00
0.6,EVT:E12|EVT:E29|HOUR:00
1.0,EVT:E10|EVT:E11|HOUR:00
1.0,EVT:E1|EVT:E11|HOUR:00
1.0,COMP:compute_server_external_events|EVT:E11|HOUR:00
1.0,COMP:openstack_wsgi|EVT:E11|HOUR:00
1.0,COMP:libvirt_imagecache|EVT:E11|HOUR:00
1.0,COMP:libvirt_driver|EVT:E11|HOUR:00
1.0,COMP:compute_manager|EVT:E11|HOUR:00
1.0,COMP:compute_resource_tracker|EVT:E11|HOUR:00
1.0,COMP:compute_claims|EVT:E11|HOUR:00
0.6,EVT:E11|EVT:E29|HOUR:00
1.0,EVT:E1|EVT:E10|HOUR:00
1.0,COMP:compute_server_external_events|EVT:E10|HOUR:00
1.0,COMP:openstack_wsgi|EVT:E10|HOUR:00
1.0,COMP:libvirt_imagecache|EVT:E10|HOUR:00
1.0,COMP:libvirt_driver|EVT:E10|HOUR:00
1.0,COMP:compute_manager|EVT:E10|HOUR:00
1.0,COMP:compute_resource_tracker|EVT:E10|HOUR:00
1.0,COMP:compute_claims|EVT:E10|HOUR:00
0.6,EVT:E10|EVT:E29|HOUR:00
1.0,COMP:compute_server_external_events|EVT:E1|HOUR:00
1.0,COMP:openstack_wsgi|EVT:E1|HOUR:00
1.0,COMP:libvirt_imagecache|EVT:E1|HOUR:00
1.0,COMP:libvirt_driver|EVT:E1|HOUR:00
1.0,COMP:compute_manager|EVT:E1|HOUR:00
1.0,COMP:compute_resource_tracker|EVT:E1|HOUR:00
1.0,COMP:compute_claims|EVT:E1|HOUR:00
0.6,EVT:E1|EVT:E29|HOUR:00
1.0,COMP:compute_server_external_events|COMP:openstack_wsgi|HOUR:00
1.0,COMP:compute_server_external_events|COMP:libvirt_imagecache|HOUR:00
1.0,COMP:compute_server_external_events|COMP:libvirt_driver|HOUR:00
1.0,COMP:compute_manager|COMP:compute_server_external_events|HOUR:00
1.0,COMP:compute_resource_tracker|COMP:compute_server_external_events|HOUR:00
1.0,COMP:compute_claims|COMP:compute_server_external_events|HOUR:00
0.6,COMP:compute_server_external_events|EVT:E29|HOUR:00
1.0,COMP:libvirt_imagecache|COMP:openstack_wsgi|HOUR:00
1.0,COMP:libvirt_driver|COMP:openstack_wsgi|HOUR:00
1.0,COMP:compute_manager|COMP:openstack_wsgi|HOUR:00
1.0,COMP:compute_resource_tracker|COMP:openstack_wsgi|HOUR:00
1.0,COMP:compute_claims|COMP:openstack_wsgi|HOUR:00
0.6,COMP:openstack_wsgi|EVT:E29|HOUR:00
1.0,COMP:libvirt_driver|COMP:libvirt_imagecache|HOUR:00
1.0,COMP:compute_manager|COMP:libvirt_imagecache|HOUR:00
1.0,COMP:compute_resource_tracker|COMP:libvirt_imagecache|HOUR:00
1.0,COMP:compute_claims|COMP:libvirt_imagecache|HOUR:00
0.6,COMP:libvirt_imagecache|EVT:E29|HOUR:00
1.0,COMP:compute_manager|COMP:libvirt_driver|HOUR:00
1.0,COMP:compute_resource_tracker|COMP:libvirt_driver|HOUR:00
1.0,COMP:compute_claims|COMP:libvirt_driver|HOUR:00
0.6,COMP:libvirt_driver|EVT:E29|HOUR:00
1.0,COMP:compute_manager|COMP:compute_resource_tracker|HOUR:00
1.0,COMP:compute_claims|COMP:compute_manager|HOUR:00
0.6,COMP:compute_manager|EVT:E29|HOUR:00
1.0,COMP:compute_claims|COMP:compute_resource_tracker|HOUR:00
0.6,COMP:compute_resource_tracker|EVT:E29|HOUR:00
0.6,COMP:compute_claims|EVT:E29|HOUR:00
1.0,EVT:E8|EVT:E9|FLAG:FAILURE
1.0,EVT:E7|EVT:E9|FLAG:FAILURE
1.0,EVT:E6|EVT:E9|FLAG:FAILURE
1.0,EVT:E5|EVT:E9|FLAG:FAILURE
1.0,EVT:E42|EVT:E9|FLAG:FAILURE
1.0,EVT:E41|EVT:E9|FLAG:FAILURE
1.0,EVT:E4|EVT:E9|FLAG:FAILURE
1.0,EVT:E37|EVT:E9|FLAG:FAILURE
1.0,EVT:E36|EVT:E9|FLAG:FAILURE
1.0,EVT:E35|EVT:E9|FLAG:FAILURE
1.0,EVT:E34|EVT:E9|FLAG:FAILURE
1.0,EVT:E33|EVT:E9|FLAG:FAILURE
1.0,EVT:E32|EVT:E9|FLAG:FAILURE
1.0,EVT:E31|EVT:E9|FLAG:FAILURE
1.0,EVT:E30|EVT:E9|FLAG:FAILURE
1.0,EVT:E3|EVT:E9|FLAG:FAILURE
1.0,EVT:E28|EVT:E9|FLAG:FAILURE
1.0,EVT:E27|EVT:E9|FLAG:FAILURE
1.0,EVT:E25|EVT:E9|FLAG:FAILURE
1.0,EVT:E26|EVT:E9|FLAG:FAILURE
1.0,EVT:E24|EVT:E9|FLAG:FAILURE
1.0,EVT:E23|EVT:E9|FLAG:FAILURE
1.0,EVT:E2|EVT:E9|FLAG:FAILURE
1.0,EVT:E22|EVT:E9|FLAG:FAILURE
1.0,EVT:E21|EVT:E9|FLAG:FAILURE
1.0,EVT:E20|EVT:E9|FLAG:FAILURE
1.0,EVT:E18|EVT:E9|FLAG:FAILURE
1.0,EVT:E19|EVT:E9|FLAG:FAILURE
1.0,EVT:E17|EVT:E9|FLAG:FAILURE
1.0,EVT:E16|EVT:E9|FLAG:FAILURE
1.0,COMP:wsgi_server|EVT:E9|FLAG:FAILURE
1.0,EVT:E15|EVT:E9|FLAG:FAILURE
1.0,EVT:E14|EVT:E9|FLAG:FAILURE
1.0,EVT:E13|EVT:E9|FLAG:FAILURE
1.0,EVT:E12|EVT:E9|FLAG:FAILURE
1.0,EVT:E11|EVT:E9|FLAG:FAILURE
1.0,EVT:E10|EVT:E9|FLAG:FAILURE
1.0,EVT:E1|EVT:E9|FLAG:FAILURE
1.0,COMP:compute_server_external_events|EVT:E9|FLAG:FAILURE
1.0,COMP:openstack_wsgi|EVT:E9|FLAG:FAILURE
1.0,COMP:libvirt_imagecache|EVT:E9|FLAG:FAILURE
1.0,COMP:libvirt_driver|EVT:E9|FLAG:FAILURE
1.0,COMP:compute_manager|EVT:E9|FLAG:FAILURE
1.0,COMP:compute_resource_tracker|EVT:E9|FLAG:FAILURE
1.0,COMP:compute_claims|EVT:E9|FLAG:FAILURE
0.6,EVT:E29|EVT:E9|FLAG:FAILURE
1.0,EVT:E7|EVT:E8|FLAG:FAILURE
1.0,EVT:E6|EVT:E8|FLAG:FAILURE
1.0,EVT:E5|EVT:E8|FLAG:FAILURE
1.0,EVT:E42|EVT:E8|FLAG:FAILURE
1.0,EVT:E41|EVT:E8|FLAG:FAILURE
1.0,EVT:E4|EVT:E8|FLAG:FAILURE
1.0,EVT:E37|EVT:E8|FLAG:FAILURE
1.0,EVT:E36|EVT:E8|FLAG:FAILURE
1.0,EVT:E35|EVT:E8|FLAG:FAILURE
1.0,EVT:E34|EVT:E8|FLAG:FAILURE
1.0,EVT:E33|EVT:E8|FLAG:FAILURE
1.0,EVT:E32|EVT:E8|FLAG:FAILURE
1.0,EVT:E31|EVT:E8|FLAG:FAILURE
1.0,EVT:E30|EVT:E8|FLAG:FAILURE
1.0,EVT:E3|EVT:E8|FLAG:FAILURE
1.0,EVT:E28|EVT:E8|FLAG:FAILURE
1.0,EVT:E27|EVT:E8|FLAG:FAILURE
1.0,EVT:E25|EVT:E8|FLAG:FAILURE
1.0,EVT:E26|EVT:E8|FLAG:FAILURE
1.0,EVT:E24|EVT:E8|FLAG:FAILURE
1.0,EVT:E23|EVT:E8|FLAG:FAILURE
1.0,EVT:E2|EVT:E8|FLAG:FAILURE
1.0,EVT:E22|EVT:E8|FLAG:FAILURE
1.0,EVT:E21|EVT:E8|FLAG:FAILURE
1.0,EVT:E20|EVT:E8|FLAG:FAILURE
1.0,EVT:E18|EVT:E8|FLAG:FAILURE
1.0,EVT:E19|EVT:E8|FLAG:FAILURE
1.0,EVT:E17|EVT:E8|FLAG:FAILURE
1.0,EVT:E16|EVT:E8|FLAG:FAILURE
1.0,COMP:wsgi_server|EVT:E8|FLAG:FAILURE
1.0,EVT:E15|EVT:E8|FLAG:FAILURE
1.0,EVT:E14|EVT:E8|FLAG:FAILURE
1.0,EVT:E13|EVT:E8|FLAG:FAILURE
1.0,EVT:E12|EVT:E8|FLAG:FAILURE
1.0,EVT:E11|EVT:E8|FLAG:FAILURE
1.0,EVT:E10|EVT:E8|FLAG:FAILURE
1.0,EVT:E1|EVT:E8|FLAG:FAILURE
1.0,COMP:compute_server_external_events|EVT:E8|FLAG:FAILURE
1.0,COMP:openstack_wsgi|EVT:E8|FLAG:FAILURE
1.0,COMP:libvirt_imagecache|EVT:E8|FLAG:FAILURE
1.0,COMP:libvirt_driver|EVT:E8|FLAG:FAILURE
1.0,COMP:compute_manager|EVT:E8|FLAG:FAILURE
1.0,COMP:compute_resource_tracker|EVT:E8|FLAG:FAILURE
1.0,COMP:compute_claims|EVT:E8|FLAG:FAILURE
0.6,EVT:E29|EVT:E8|FLAG:FAILURE
1.0,EVT:E6|EVT:E7|FLAG:FAILURE
1.0,EVT:E5|EVT:E7|FLAG:FAILURE
1.0,EVT:E42|EVT:E7|FLAG:FAILURE
1.0,EVT:E41|EVT:E7|FLAG:FAILURE
1.0,EVT:E4|EVT:E7|FLAG:FAILURE
1.0,EVT:E37|EVT:E7|FLAG:FAILURE
1.0,EVT:E36|EVT:E7|FLAG:FAILURE
1.0,EVT:E35|EVT:E7|FLAG:FAILURE
1.0,EVT:E34|EVT:E7|FLAG:FAILURE
1.0,EVT:E33|EVT:E7|FLAG:FAILURE
1.0,EVT:E32|EVT:E7|FLAG:FAILURE
1.0,EVT:E31|EVT:E7|FLAG:FAILURE
1.0,EVT:E30|EVT:E7|FLAG:FAILURE
1.0,EVT:E3|EVT:E7|FLAG:FAILURE
1.0,EVT:E28|EVT:E7|FLAG:FAILURE
1.0,EVT:E27|EVT:E7|FLAG:FAILURE
1.0,EVT:E25|EVT:E7|FLAG:FAILURE
1.0,EVT:E26|EVT:E7|FLAG:FAILURE
1.0,EVT:E24|EVT:E7|FLAG:FAILURE
1.0,EVT:E23|EVT:E7|FLAG:FAILURE
1.0,EVT:E2|EVT:E7|FLAG:FAILURE
1.0,EVT:E22|EVT:E7|FLAG:FAILURE
1.0,EVT:E21|EVT:E7|FLAG:FAILURE
1.0,EVT:E20|EVT:E7|FLAG:FAILURE
1.0,EVT:E18|EVT:E7|FLAG:FAILURE
1.0,EVT:E19|EVT:E7|FLAG:FAILURE
1.0,EVT:E17|EVT:E7|FLAG:FAILURE
1.0,EVT:E16|EVT:E7|FLAG:FAILURE
1.0,COMP:wsgi_server|EVT:E7|FLAG:FAILURE
1.0,EVT:E15|EVT:E7|FLAG:FAILURE
1.0,EVT:E14|EVT:E7|FLAG:FAILURE
1.0,EVT:E13|EVT:E7|FLAG:FAILURE
1.0,EVT:E12|EVT:E7|FLAG:FAILURE
1.0,EVT:E11|EVT:E7|FLAG:FAILURE
1.0,EVT:E10|EVT:E7|FLAG:FAILURE
1.0,EVT:E1|EVT:E7|FLAG:FAILURE
1.0,COMP:compute_server_external_events|EVT:E7|FLAG:FAILURE
1.0,COMP:openstack_wsgi|EVT:E7|FLAG:FAILURE
1.0,COMP:libvirt_imagecache|EVT:E7|FLAG:FAILURE
1.0,COMP:libvirt_driver|EVT:E7|FLAG:FAILURE
1.0,COMP:compute_manager|EVT:E7|FLAG:FAILURE
1.0,COMP:compute_resource_tracker|EVT:E7|FLAG:FAILURE
1.0,COMP:compute_claims|EVT:E7|FLAG:FAILURE
0.6,EVT:E29|EVT:E7|FLAG:FAILURE
1.0,EVT:E5|EVT:E6|FLAG:FAILURE
1.0,EVT:E42|EVT:E6|FLAG:FAILURE
1.0,EVT:E41|EVT:E6|FLAG:FAILURE
1.0,EVT:E4|EVT:E6|FLAG:FAILURE
1.0,EVT:E37|EVT:E6|FLAG:FAILURE
1.0,EVT:E36|EVT:E6|FLAG:FAILURE
1.0,EVT:E35|EVT:E6|FLAG:FAILURE
1.0,EVT:E34|EVT:E6|FLAG:FAILURE
1.0,EVT:E33|EVT:E6|FLAG:FAILURE
1.0,EVT:E32|EVT:E6|FLAG:FAILURE
1.0,EVT:E31|EVT:E6|FLAG:FAILURE
1.0,EVT:E30|EVT:E6|FLAG:FAILURE
1.0,EVT:E3|EVT:E6|FLAG:FAILURE
1.0,EVT:E28|EVT:E6|FLAG:FAILURE
1.0,EVT:E27|EVT:E6|FLAG:FAILURE
1.0,EVT:E25|EVT:E6|FLAG:FAILURE
1.0,EVT:E26|EVT:E6|FLAG:FAILURE
1.0,EVT:E24|EVT:E6|FLAG:FAILURE
1.0,EVT:E23|EVT:E6|FLAG:FAILURE
1.0,EVT:E2|EVT:E6|FLAG:FAILURE
1.0,EVT:E22|EVT:E6|FLAG:FAILURE
1.0,EVT:E21|EVT:E6|FLAG:FAILURE
1.0,EVT:E20|EVT:E6|FLAG:FAILURE
1.0,EVT:E18|EVT:E6|FLAG:FAILURE
1.0,EVT:E19|EVT:E6|FLAG:FAILURE
1.0,EVT:E17|EVT:E6|FLAG:FAILURE
1.0,EVT:E16|EVT:E6|FLAG:FAILURE
1.0,COMP:wsgi_server|EVT:E6|FLAG:FAILURE
1.0,EVT:E15|EVT:E6|FLAG:FAILURE
1.0,EVT:E14|EVT:E6|FLAG:FAILURE
1.0,EVT:E13|EVT:E6|FLAG:FAILURE
1.0,EVT:E12|EVT:E6|FLAG:FAILURE
1.0,EVT:E11|EVT:E6|FLAG:FAILURE
1.0,EVT:E10|EVT:E6|FLAG:FAILURE
1.0,EVT:E1|EVT:E6|FLAG:FAILURE
1.0,COMP:compute_server_external_events|EVT:E6|FLAG:FAILURE
1.0,COMP:openstack_wsgi|EVT:E6|FLAG:FAILURE
1.0,COMP:libvirt_imagecache|EVT:E6|FLAG:FAILURE
1.0,COMP:libvirt_driver|EVT:E6|FLAG:FAILURE
1.0,COMP:compute_manager|EVT:E6|FLAG:FAILURE
1.0,COMP:compute_resource_tracker|EVT:E6|FLAG:FAILURE
1.0,COMP:compute_claims|EVT:E6|FLAG:FAILURE
0.6,EVT:E29|EVT:E6|FLAG:FAILURE
1.0,EVT:E42|EVT:E5|FLAG:FAILURE
1.0,EVT:E41|EVT:E5|FLAG:FAILURE
1.0,EVT:E4|EVT:E5|FLAG:FAILURE
1.0,EVT:E37|EVT:E5|FLAG:FAILURE
1.0,EVT:E36|EVT:E5|FLAG:FAILURE
1.0,EVT:E35|EVT:E5|FLAG:FAILURE
1.0,EVT:E34|EVT:E5|FLAG:FAILURE
1.0,EVT:E33|EVT:E5|FLAG:FAILURE
1.0,EVT:E32|EVT:E5|FLAG:FAILURE
1.0,EVT:E31|EVT:E5|FLAG:FAILURE
1.0,EVT:E30|EVT:E5|FLAG:FAILURE
1.0,EVT:E3|EVT:E5|FLAG:FAILURE
1.0,EVT:E28|EVT:E5|FLAG:FAILURE
1.0,EVT:E27|EVT:E5|FLAG:FAILURE
1.0,EVT:E25|EVT:E5|FLAG:FAILURE
1.0,EVT:E26|EVT:E5|FLAG:FAILURE
1.0,EVT:E24|EVT:E5|FLAG:FAILURE
1.0,EVT:E23|EVT:E5|FLAG:FAILURE
1.0,EVT:E2|EVT:E5|FLAG:FAILURE
1.0,EVT:E22|EVT:E5|FLAG:FAILURE
1.0,EVT:E21|EVT:E5|FLAG:FAILURE
1.0,EVT:E20|EVT:E5|FLAG:FAILURE
1.0,EVT:E18|EVT:E5|FLAG:FAILURE
1.0,EVT:E19|EVT:E5|FLAG:FAILURE
1.0,EVT:E17|EVT:E5|FLAG:FAILURE
1.0,EVT:E16|EVT:E5|FLAG:FAILURE
1.0,COMP:wsgi_server|EVT:E5|FLAG:FAILURE
1.0,EVT:E15|EVT:E5|FLAG:FAILURE
1.0,EVT:E14|EVT:E5|FLAG:FAILURE
1.0,EVT:E13|EVT:E5|FLAG:FAILURE
1.0,EVT:E12|EVT:E5|FLAG:FAILURE
1.0,EVT:E11|EVT:E5|FLAG:FAILURE
1.0,EVT:E10|EVT:E5|FLAG:FAILURE
1.0,EVT:E1|EVT:E5|FLAG:FAILURE
1.0,COMP:compute_server_external_events|EVT:E5|FLAG:FAILURE
1.0,COMP:openstack_wsgi|EVT:E5|FLAG:FAILURE
1.0,COMP:libvirt_imagecache|EVT:E5|FLAG:FAILURE
1.0,COMP:libvirt_driver|EVT:E5|FLAG:FAILURE
1.0,COMP:compute_manager|EVT:E5|FLAG:FAILURE
1.0,COMP:compute_resource_tracker|EVT:E5|FLAG:FAILURE
1.0,COMP:compute_claims|EVT:E5|FLAG:FAILURE
0.6,EVT:E29|EVT:E5|FLAG:FAILURE
1.0,EVT:E41|EVT:E42|FLAG:FAILURE
1.0,EVT:E4|EVT:E42|FLAG:FAILURE
1.0,EVT:E37|EVT:E42|FLAG:FAILURE
1.0,EVT:E36|EVT:E42|FLAG:FAILURE
1.0,EVT:E35|EVT:E42|FLAG:FAILURE
1.0,EVT:E34|EVT:E42|FLAG:FAILURE
1.0,EVT:E33|EVT:E42|FLAG:FAILURE
1.0,EVT:E32|EVT:E42|FLAG:FAILURE
1.0,EVT:E31|EVT:E42|FLAG:FAILURE
1.0,EVT:E30|EVT:E42|FLAG:FAILURE
1.0,EVT:E3|EVT:E42|FLAG:FAILURE
1.0,EVT:E28|EVT:E42|FLAG:FAILURE
1.0,EVT:E27|EVT:E42|FLAG:FAILURE
1.0,EVT:E25|EVT:E42|FLAG:FAILURE
1.0,EVT:E26|EVT:E42|FLAG:FAILURE
1.0,EVT:E24|EVT:E42|FLAG:FAILURE
1.0,EVT:E23|EVT:E42|FLAG:FAILURE
1.0,EVT:E2|EVT:E42|FLAG:FAILURE
1.0,EVT:E22|EVT:E42|FLAG:FAILURE
1.0,EVT:E21|EVT:E42|FLAG:FAILURE
1.0,EVT:E20|EVT:E42|FLAG:FAILURE
1.0,EVT:E18|EVT:E42|FLAG:FAILURE
1.0,EVT:E19|EVT:E42|FLAG:FAILURE
1.0,EVT:E17|EVT:E42|FLAG:FAILURE
1.0,EVT:E16|EVT:E42|FLAG:FAILURE
1.0,COMP:wsgi_server|EVT:E42|FLAG:FAILURE
1.0,EVT:E15|EVT:E42|FLAG:FAILURE
1.0,EVT:E14|EVT:E42|FLAG:FAILURE
1.0,EVT:E13|EVT:E42|FLAG:FAILURE
1.0,EVT:E12|EVT:E42|FLAG:FAILURE
1.0,EVT:E11|EVT:E42|FLAG:FAILURE
1.0,EVT:E10|EVT:E42|FLAG:FAILURE
1.0,EVT:E1|EVT:E42|FLAG:FAILURE
1.0,COMP:compute_server_external_events|EVT:E42|FLAG:FAILURE
1.0,COMP:openstack_wsgi|EVT:E42|FLAG:FAILURE
1.0,COMP:libvirt_imagecache|EVT:E42|FLAG:FAILURE
1.0,COMP:libvirt_driver|EVT:E42|FLAG:FAILURE
1.0,COMP:compute_manager|EVT:E42|FLAG:FAILURE
1.0,COMP:compute_resource_tracker|EVT:E42|FLAG:FAILURE
1.0,COMP:compute_claims|EVT:E42|FLAG:FAILURE
0.6,EVT:E29|EVT:E42|FLAG:FAILURE
1.0,EVT:E4|EVT:E41|FLAG:FAILURE
1.0,EVT:E37|EVT:E41|FLAG:FAILURE
1.0,EVT:E36|EVT:E41|FLAG:FAILURE
1.0,EVT:E35|EVT:E41|FLAG:FAILURE
1.0,EVT:E34|EVT:E41|FLAG:FAILURE
1.0,EVT:E33|EVT:E41|FLAG:FAILURE
1.0,EVT:E32|EVT:E41|FLAG:FAILURE
1.0,EVT:E31|EVT:E41|FLAG:FAILURE
1.0,EVT:E30|EVT:E41|FLAG:FAILURE
1.0,EVT:E3|EVT:E41|FLAG:FAILURE
1.0,EVT:E28|EVT:E41|FLAG:FAILURE
1.0,EVT:E27|EVT:E41|FLAG:FAILURE
1.0,EVT:E25|EVT:E41|FLAG:FAILURE
1.0,EVT:E26|EVT:E41|FLAG:FAILURE
1.0,EVT:E24|EVT:E41|FLAG:FAILURE
1.0,EVT:E23|EVT:E41|FLAG:FAILURE
1.0,EVT:E2|EVT:E41|FLAG:FAILURE
1.0,EVT:E22|EVT:E41|FLAG:FAILURE
1.0,EVT:E21|EVT:E41|FLAG:FAILURE
1.0,EVT:E20|EVT:E41|FLAG:FAILURE
1.0,EVT:E18|EVT:E41|FLAG:FAILURE
1.0,EVT:E19|EVT:E41|FLAG:FAILURE
1.0,EVT:E17|EVT:E41|FLAG:FAILURE
1.0,EVT:E16|EVT:E41|FLAG:FAILURE
1.0,COMP:wsgi_server|EVT:E41|FLAG:FAILURE
1.0,EVT:E15|EVT:E41|FLAG:FAILURE
1.0,EVT:E14|EVT:E41|FLAG:FAILURE
1.0,EVT:E13|EVT:E41|FLAG:FAILURE
1.0,EVT:E12|EVT:E41|FLAG:FAILURE
1.0,EVT:E11|EVT:E41|FLAG:FAILURE
1.0,EVT:E10|EVT:E41|FLAG:FAILURE
1.0,EVT:E1|EVT:E41|FLAG:FAILURE
1.0,COMP:compute_server_external_events|EVT:E41|FLAG:FAILURE
1.0,COMP:openstack_wsgi|EVT:E41|FLAG:FAILURE
1.0,COMP:libvirt_imagecache|EVT:E41|FLAG:FAILURE
1.0,COMP:libvirt_driver|EVT:E41|FLAG:FAILURE
1.0,COMP:compute_manager|EVT:E41|FLAG:FAILURE
1.0,COMP:compute_resource_tracker|EVT:E41|FLAG:FAILURE
1.0,COMP:compute_claims|EVT:E41|FLAG:FAILURE
0.6,EVT:E29|EVT:E41|FLAG:FAILURE
1.0,EVT:E37|EVT:E4|FLAG:FAILURE
1.0,EVT:E36|EVT:E4|FLAG:FAILURE
1.0,EVT:E35|EVT:E4|FLAG:FAILURE
1.0,EVT:E34|EVT:E4|FLAG:FAILURE
1.0,EVT:E33|EVT:E4|FLAG:FAILURE
1.0,EVT:E32|EVT:E4|FLAG:FAILURE
1.0,EVT:E31|EVT:E4|FLAG:FAILURE
1.0,EVT:E30|EVT:E4|FLAG:FAILURE
1.0,EVT:E3|EVT:E4|FLAG:FAILURE
1.0,EVT:E28|EVT:E4|FLAG:FAILURE
1.0,EVT:E27|EVT:E4|FLAG:FAILURE
1.0,EVT:E25|EVT:E4|FLAG:FAILURE
1.0,EVT:E26|EVT:E4|FLAG:FAILURE
1.0,EVT:E24|EVT:E4|FLAG:FAILURE
1.0,EVT:E23|EVT:E4|FLAG:FAILURE
1.0,EVT:E2|EVT:E4|FLAG:FAILURE
1.0,EVT:E22|EVT:E4|FLAG:FAILURE
1.0,EVT:E21|EVT:E4|FLAG:FAILURE
1.0,EVT:E20|EVT:E4|FLAG:FAILURE
1.0,EVT:E18|EVT:E4|FLAG:FAILURE
1.0,EVT:E19|EVT:E4|FLAG:FAILURE
1.0,EVT:E17|EVT:E4|FLAG:FAILURE
1.0,EVT:E16|EVT:E4|FLAG:FAILURE
1.0,COMP:wsgi_server|EVT:E4|FLAG:FAILURE
1.0,EVT:E15|EVT:E4|FLAG:FAILURE
1.0,EVT:E14|EVT:E4|FLAG:FAILURE
1.0,EVT:E13|EVT:E4|FLAG:FAILURE
1.0,EVT:E12|EVT:E4|FLAG:FAILURE
1.0,EVT:E11|EVT:E4|FLAG:FAILURE
1.0,EVT:E10|EVT:E4|FLAG:FAILURE
1.0,EVT:E1|EVT:E4|FLAG:FAILURE
1.0,COMP:compute_server_external_events|EVT:E4|FLAG:FAILURE
1.0,COMP:openstack_wsgi|EVT:E4|FLAG:FAILURE
1.0,COMP:libvirt_imagecache|EVT:E4|FLAG:FAILURE
1.0,COMP:libvirt_driver|EVT:E4|FLAG:FAILURE
1.0,COMP:compute_manager|EVT:E4|FLAG:FAILURE
1.0,COMP:compute_resource_tracker|EVT:E4|FLAG:FAILURE
1.0,COMP:compute_claims|EVT:E4|FLAG:FAILURE
0.6,EVT:E29|EVT:E4|FLAG:FAILURE
1.0,EVT:E36|EVT:E37|FLAG:FAILURE
1.0,EVT:E35|EVT:E37|FLAG:FAILURE
1.0,EVT:E34|EVT:E37|FLAG:FAILURE
1.0,EVT:E33|EVT:E37|FLAG:FAILURE
1.0,EVT:E32|EVT:E37|FLAG:FAILURE
1.0,EVT:E31|EVT:E37|FLAG:FAILURE
1.0,EVT:E30|EVT:E37|FLAG:FAILURE
1.0,EVT:E3|EVT:E37|FLAG:FAILURE
1.0,EVT:E28|EVT:E37|FLAG:FAILURE
1.0,EVT:E27|EVT:E37|FLAG:FAILURE
1.0,EVT:E25|EVT:E37|FLAG:FAILURE
1.0,EVT:E26|EVT:E37|FLAG:FAILURE
1.0,EVT:E24|EVT:E37|FLAG:FAILURE
1.0,EVT:E23|EVT:E37|FLAG:FAILURE
1.0,EVT:E2|EVT:E37|FLAG:FAILURE
1.0,EVT:E22|EVT:E37|FLAG:FAILURE
1.0,EVT:E21|EVT:E37|FLAG:FAILURE
1.0,EVT:E20|EVT:E37|FLAG:FAILURE
1.0,EVT:E18|EVT:E37|FLAG:FAILURE
1.0,EVT:E19|EVT:E37|FLAG:FAILURE
1.0,EVT:E17|EVT:E37|FLAG:FAILURE
1.0,EVT:E16|EVT:E37|FLAG:FAILURE
1.0,COMP:wsgi_server|EVT:E37|FLAG:FAILURE
1.0,EVT:E15|EVT:E37|FLAG:FAILURE
1.0,EVT:E14|EVT:E37|FLAG:FAILURE
1.0,EVT:E13|EVT:E37|FLAG:FAILURE
1.0,EVT:E12|EVT:E37|FLAG:FAILURE
1.0,EVT:E11|EVT:E37|FLAG:FAILURE
1.0,EVT:E10|EVT:E37|FLAG:FAILURE
1.0,EVT:E1|EVT:E37|FLAG:FAILURE
1.0,COMP:compute_server_external_events|EVT:E37|FLAG:FAILURE
1.0,COMP:openstack_wsgi|EVT:E37|FLAG:FAILURE
1.0,COMP:libvirt_imagecache|EVT:E37|FLAG:FAILURE
1.0,COMP:libvirt_driver|EVT:E37|FLAG:FAILURE
1.0,COMP:compute_manager|EVT:E37|FLAG:FAILURE
1.0,COMP:compute_resource_tracker|EVT:E37|FLAG:FAILURE
1.0,COMP:compute_claims|EVT:E37|FLAG:FAILURE
0.6,EVT:E29|EVT:E37|FLAG:FAILURE
1.0,EVT:E35|EVT:E36|FLAG:FAILURE
1.0,EVT:E34|EVT:E36|FLAG:FAILURE
1.0,EVT:E33|EVT:E36|FLAG:FAILURE
1.0,EVT:E32|EVT:E36|FLAG:FAILURE
1.0,EVT:E31|EVT:E36|FLAG:FAILURE
1.0,EVT:E30|EVT:E36|FLAG:FAILURE
1.0,EVT:E3|EVT:E36|FLAG:FAILURE
1.0,EVT:E28|EVT:E36|FLAG:FAILURE
1.0,EVT:E27|EVT:E36|FLAG:FAILURE
1.0,EVT:E25|EVT:E36|FLAG:FAILURE
1.0,EVT:E26|EVT:E36|FLAG:FAILURE
1.0,EVT:E24|EVT:E36|FLAG:FAILURE
1.0,EVT:E23|EVT:E36|FLAG:FAILURE
1.0,EVT:E2|EVT:E36|FLAG:FAILURE
1.0,EVT:E22|EVT:E36|FLAG:FAILURE
1.0,EVT:E21|EVT:E36|FLAG:FAILURE
1.0,EVT:E20|EVT:E36|FLAG:FAILURE
1.0,EVT:E18|EVT:E36|FLAG:FAILURE
1.0,EVT:E19|EVT:E36|FLAG:FAILURE
1.0,EVT:E17|EVT:E36|FLAG:FAILURE
1.0,EVT:E16|EVT:E36|FLAG:FAILURE
1.0,COMP:wsgi_server|EVT:E36|FLAG:FAILURE
1.0,EVT:E15|EVT:E36|FLAG:FAILURE
1.0,EVT:E14|EVT:E36|FLAG:FAILURE
1.0,EVT:E13|EVT:E36|FLAG:FAILURE
1.0,EVT:E12|EVT:E36|FLAG:FAILURE
1.0,EVT:E11|EVT:E36|FLAG:FAILURE
1.0,EVT:E10|EVT:E36|FLAG:FAILURE
1.0,EVT:E1|EVT:E36|FLAG:FAILURE
1.0,COMP:compute_server_external_events|EVT:E36|FLAG:FAILURE
1.0,COMP:openstack_wsgi|EVT:E36|FLAG:FAILURE
1.0,COMP:libvirt_imagecache|EVT:E36|FLAG:FAILURE
1.0,COMP:libvirt_driver|EVT:E36|FLAG:FAILURE
1.0,COMP:compute_manager|EVT:E36|FLAG:FAILURE
1.0,COMP:compute_resource_tracker|EVT:E36|FLAG:FAILURE
1.0,COMP:compute_claims|EVT:E36|FLAG:FAILURE
0.6,EVT:E29|EVT:E36|FLAG:FAILURE
1.0,EVT:E34|EVT:E35|FLAG:FAILURE
1.0,EVT:E33|EVT:E35|FLAG:FAILURE
1.0,EVT:E32|EVT:E35|FLAG:FAILURE
1.0,EVT:E31|EVT:E35|FLAG:FAILURE
1.0,EVT:E30|EVT:E35|FLAG:FAILURE
1.0,EVT:E3|EVT:E35|FLAG:FAILURE
1.0,EVT:E28|EVT:E35|FLAG:FAILURE
1.0,EVT:E27|EVT:E35|FLAG:FAILURE
1.0,EVT:E25|EVT:E35|FLAG:FAILURE
1.0,EVT:E26|EVT:E35|FLAG:FAILURE
1.0,EVT:E24|EVT:E35|FLAG:FAILURE
1.0,EVT:E23|EVT:E35|FLAG:FAILURE
1.0,EVT:E2|EVT:E35|FLAG:FAILURE
1.0,EVT:E22|EVT:E35|FLAG:FAILURE
1.0,EVT:E21|EVT:E35|FLAG:FAILURE
1.0,EVT:E20|EVT:E35|FLAG:FAILURE
1.0,EVT:E18|EVT:E35|FLAG:FAILURE
1.0,EVT:E19|EVT:E35|FLAG:FAILURE
1.0,EVT:E17|EVT:E35|FLAG:FAILURE
1.0,EVT:E16|EVT:E35|FLAG:FAILURE
1.0,COMP:wsgi_server|EVT:E35|FLAG:FAILURE
1.0,EVT:E15|EVT:E35|FLAG:FAILURE
1.0,EVT:E14|EVT:E35|FLAG:FAILURE
1.0,EVT:E13|EVT:E35|FLAG:FAILURE
1.0,EVT:E12|EVT:E35|FLAG:FAILURE
1.0,EVT:E11|EVT:E35|FLAG:FAILURE
1.0,EVT:E10|EVT:E35|FLAG:FAILURE
1.0,EVT:E1|EVT:E35|FLAG:FAILURE
1.0,COMP:compute_server_external_events|EVT:E35|FLAG:FAILURE
1.0,COMP:openstack_wsgi|EVT:E35|FLAG:FAILURE
1.0,COMP:libvirt_imagecache|EVT:E35|FLAG:FAILURE
1.0,COMP:libvirt_driver|EVT:E35|FLAG:FAILURE
1.0,COMP:compute_manager|EVT:E35|FLAG:FAILURE
1.0,COMP:compute_resource_tracker|EVT:E35|FLAG:FAILURE
1.0,COMP:compute_claims|EVT:E35|FLAG:FAILURE
0.6,EVT:E29|EVT:E35|FLAG:FAILURE
1.0,EVT:E33|EVT:E34|FLAG:FAILURE
1.0,EVT:E32|EVT:E34|FLAG:FAILURE
1.0,EVT:E31|EVT:E34|FLAG:FAILURE
1.0,EVT:E30|EVT:E34|FLAG:FAILURE
1.0,EVT:E3|EVT:E34|FLAG:FAILURE
1.0,EVT:E28|EVT:E34|FLAG:FAILURE
1.0,EVT:E27|EVT:E34|FLAG:FAILURE
1.0,EVT:E25|EVT:E34|FLAG:FAILURE
1.0,EVT:E26|EVT:E34|FLAG:FAILURE
1.0,EVT:E24|EVT:E34|FLAG:FAILURE
1.0,EVT:E23|EVT:E34|FLAG:FAILURE
1.0,EVT:E2|EVT:E34|FLAG:FAILURE
1.0,EVT:E22|EVT:E34|FLAG:FAILURE
1.0,EVT:E21|EVT:E34|FLAG:FAILURE
1.0,EVT:E20|EVT:E34|FLAG:FAILURE
1.0,EVT:E18|EVT:E34|FLAG:FAILURE
1.0,EVT:E19|EVT:E34|FLAG:FAILURE
1.0,EVT:E17|EVT:E34|FLAG:FAILURE
1.0,EVT:E16|EVT:E34|FLAG:FAILURE
1.0,COMP:wsgi_server|EVT:E34|FLAG:FAILURE
1.0,EVT:E15|EVT:E34|FLAG:FAILURE
1.0,EVT:E14|EVT:E34|FLAG:FAILURE
1.0,EVT:E13|EVT:E34|FLAG:FAILURE
1.0,EVT:E12|EVT:E34|FLAG:FAILURE
1.0,EVT:E11|EVT:E34|FLAG:FAILURE
1.0,EVT:E10|EVT:E34|FLAG:FAILURE
1.0,EVT:E1|EVT:E34|FLAG:FAILURE
1.0,COMP:compute_server_external_events|EVT:E34|FLAG:FAILURE
1.0,COMP:openstack_wsgi|EVT:E34|FLAG:FAILURE
1.0,COMP:libvirt_imagecache|EVT:E34|FLAG:FAILURE
1.0,COMP:libvirt_driver|EVT:E34|FLAG:FAILURE
1.0,COMP:compute_manager|EVT:E34|FLAG:FAILURE
1.0,COMP:compute_resource_tracker|EVT:E34|FLAG:FAILURE
1.0,COMP:compute_claims|EVT:E34|FLAG:FAILURE
0.6,EVT:E29|EVT:E34|FLAG:FAILURE
1.0,EVT:E32|EVT:E33|FLAG:FAILURE
1.0,EVT:E31|EVT:E33|FLAG:FAILURE
1.0,EVT:E30|EVT:E33|FLAG:FAILURE
1.0,EVT:E3|EVT:E33|FLAG:FAILURE
1.0,EVT:E28|EVT:E33|FLAG:FAILURE
1.0,EVT:E27|EVT:E33|FLAG:FAILURE
1.0,EVT:E25|EVT:E33|FLAG:FAILURE
1.0,EVT:E26|EVT:E33|FLAG:FAILURE
1.0,EVT:E24|EVT:E33|FLAG:FAILURE
1.0,EVT:E23|EVT:E33|FLAG:FAILURE
1.0,EVT:E2|EVT:E33|FLAG:FAILURE
1.0,EVT:E22|EVT:E33|FLAG:FAILURE
1.0,EVT:E21|EVT:E33|FLAG:FAILURE
1.0,EVT:E20|EVT:E33|FLAG:FAILURE
1.0,EVT:E18|EVT:E33|FLAG:FAILURE
1.0,EVT:E19|EVT:E33|FLAG:FAILURE
1.0,EVT:E17|EVT:E33|FLAG:FAILURE
1.0,EVT:E16|EVT:E33|FLAG:FAILURE
1.0,COMP:wsgi_server|EVT:E33|FLAG:FAILURE
1.0,EVT:E15|EVT:E33|FLAG:FAILURE
1.0,EVT:E14|EVT:E33|FLAG:FAILURE
1.0,EVT:E13|EVT:E33|FLAG:FAILURE
1.0,EVT:E12|EVT:E33|FLAG:FAILURE
1.0,EVT:E11|EVT:E33|FLAG:FAILURE
1.0,EVT:E10|EVT:E33|FLAG:FAILURE
1.0,EVT:E1|EVT:E33|FLAG:FAILURE
1.0,COMP:compute_server_external_events|EVT:E33|FLAG:FAILURE
1.0,COMP:openstack_wsgi|EVT:E33|FLAG:FAILURE
1.0,COMP:libvirt_imagecache|EVT:E33|FLAG:FAILURE
1.0,COMP:libvirt_driver|EVT:E33|FLAG:FAILURE
1.0,COMP:compute_manager|EVT:E33|FLAG:FAILURE
1.0,COMP:compute_resource_tracker|EVT:E33|FLAG:FAILURE
1.0,COMP:compute_claims|EVT:E33|FLAG:FAILURE
0.6,EVT:E29|EVT:E33|FLAG:FAILURE
1.0,EVT:E31|EVT:E32|FLAG:FAILURE
1.0,EVT:E30|EVT:E32|FLAG:FAILURE
1.0,EVT:E3|EVT:E32|FLAG:FAILURE
1.0,EVT:E28|EVT:E32|FLAG:FAILURE
1.0,EVT:E27|EVT:E32|FLAG:FAILURE
1.0,EVT:E25|EVT:E32|FLAG:FAILURE
1.0,EVT:E26|EVT:E32|FLAG:FAILURE
1.0,EVT:E24|EVT:E32|FLAG:FAILURE
1.0,EVT:E23|EVT:E32|FLAG:FAILURE
1.0,EVT:E2|EVT:E32|FLAG:FAILURE
1.0,EVT:E22|EVT:E32|FLAG:FAILURE
1.0,EVT:E21|EVT:E32|FLAG:FAILURE
1.0,EVT:E20|EVT:E32|FLAG:FAILURE
1.0,EVT:E18|EVT:E32|FLAG:FAILURE
1.0,EVT:E19|EVT:E32|FLAG:FAILURE
1.0,EVT:E17|EVT:E32|FLAG:FAILURE
1.0,EVT:E16|EVT:E32|FLAG:FAILURE
1.0,COMP:wsgi_server|EVT:E32|FLAG:FAILURE
1.0,EVT:E15|EVT:E32|FLAG:FAILURE
1.0,EVT:E14|EVT:E32|FLAG:FAILURE
1.0,EVT:E13|EVT:E32|FLAG:FAILURE
1.0,EVT:E12|EVT:E32|FLAG:FAILURE
1.0,EVT:E11|EVT:E32|FLAG:FAILURE
1.0,EVT:E10|EVT:E32|FLAG:FAILURE
1.0,EVT:E1|EVT:E32|FLAG:FAILURE
1.0,COMP:compute_server_external_events|EVT:E32|FLAG:FAILURE
1.0,COMP:openstack_wsgi|EVT:E32|FLAG:FAILURE
1.0,COMP:libvirt_imagecache|EVT:E32|FLAG:FAILURE
1.0,COMP:libvirt_driver|EVT:E32|FLAG:FAILURE
1.0,COMP:compute_manager|EVT:E32|FLAG:FAILURE
1.0,COMP:compute_resource_tracker|EVT:E32|FLAG:FAILURE
1.0,COMP:compute_claims|EVT:E32|FLAG:FAILURE
0.6,EVT:E29|EVT:E32|FLAG:FAILURE
1.0,EVT:E30|EVT:E31|FLAG:FAILURE
1.0,EVT:E3|EVT:E31|FLAG:FAILURE
1.0,EVT:E28|EVT:E31|FLAG:FAILURE
1.0,EVT:E27|EVT:E31|FLAG:FAILURE
1.0,EVT:E25|EVT:E31|FLAG:FAILURE
1.0,EVT:E26|EVT:E31|FLAG:FAILURE
1.0,EVT:E24|EVT:E31|FLAG:FAILURE
1.0,EVT:E23|EVT:E31|FLAG:FAILURE
1.0,EVT:E2|EVT:E31|FLAG:FAILURE
1.0,EVT:E22|EVT:E31|FLAG:FAILURE
1.0,EVT:E21|EVT:E31|FLAG:FAILURE
1.0,EVT:E20|EVT:E31|FLAG:FAILURE
1.0,EVT:E18|EVT:E31|FLAG:FAILURE
1.0,EVT:E19|EVT:E31|FLAG:FAILURE
1.0,EVT:E17|EVT:E31|FLAG:FAILURE
1.0,EVT:E16|EVT:E31|FLAG:FAILURE
1.0,COMP:wsgi_server|EVT:E31|FLAG:FAILURE
1.0,EVT:E15|EVT:E31|FLAG:FAILURE
1.0,EVT:E14|EVT:E31|FLAG:FAILURE
1.0,EVT:E13|EVT:E31|FLAG:FAILURE
1.0,EVT:E12|EVT:E31|FLAG:FAILURE
1.0,EVT:E11|EVT:E31|FLAG:FAILURE
1.0,EVT:E10|EVT:E31|FLAG:FAILURE
1.0,EVT:E1|EVT:E31|FLAG:FAILURE
1.0,COMP:compute_server_external_events|EVT:E31|FLAG:FAILURE
1.0,COMP:openstack_wsgi|EVT:E31|FLAG:FAILURE
1.0,COMP:libvirt_imagecache|EVT:E31|FLAG:FAILURE
1.0,COMP:libvirt_driver|EVT:E31|FLAG:FAILURE
1.0,COMP:compute_manager|EVT:E31|FLAG:FAILURE
1.0,COMP:compute_resource_tracker|EVT:E31|FLAG:FAILURE
1.0,COMP:compute_claims|EVT:E31|FLAG:FAILURE
0.6,EVT:E29|EVT:E31|FLAG:FAILURE
1.0,EVT:E3|EVT:E30|FLAG:FAILURE
1.0,EVT:E28|EVT:E30|FLAG:FAILURE
1.0,EVT:E27|EVT:E30|FLAG:FAILURE
1.0,EVT:E25|EVT:E30|FLAG:FAILURE
1.0,EVT:E26|EVT:E30|FLAG:FAILURE
1.0,EVT:E24|EVT:E30|FLAG:FAILURE
1.0,EVT:E23|EVT:E30|FLAG:FAILURE
1.0,EVT:E2|EVT:E30|FLAG:FAILURE
1.0,EVT:E22|EVT:E30|FLAG:FAILURE
1.0,EVT:E21|EVT:E30|FLAG:FAILURE
1.0,EVT:E20|EVT:E30|FLAG:FAILURE
1.0,EVT:E18|EVT:E30|FLAG:FAILURE
1.0,EVT:E19|EVT:E30|FLAG:FAILURE
1.0,EVT:E17|EVT:E30|FLAG:FAILURE
1.0,EVT:E16|EVT:E30|FLAG:FAILURE
1.0,COMP:wsgi_server|EVT:E30|FLAG:FAILURE
1.0,EVT:E15|EVT:E30|FLAG:FAILURE
1.0,EVT:E14|EVT:E30|FLAG:FAILURE
1.0,EVT:E13|EVT:E30|FLAG:FAILURE
1.0,EVT:E12|EVT:E30|FLAG:FAILURE
1.0,EVT:E11|EVT:E30|FLAG:FAILURE
1.0,EVT:E10|EVT:E30|FLAG:FAILURE
1.0,EVT:E1|EVT:E30|FLAG:FAILURE
1.0,COMP:compute_server_external_events|EVT:E30|FLAG:FAILURE
1.0,COMP:openstack_wsgi|EVT:E30|FLAG:FAILURE
1.0,COMP:libvirt_imagecache|EVT:E30|FLAG:FAILURE
1.0,COMP:libvirt_driver|EVT:E30|FLAG:FAILURE
1.0,COMP:compute_manager|EVT:E30|FLAG:FAILURE
1.0,COMP:compute_resource_tracker|EVT:E30|FLAG:FAILURE
1.0,COMP:compute_claims|EVT:E30|FLAG:FAILURE
0.6,EVT:E29|EVT:E30|FLAG:FAILURE
1.0,EVT:E28|EVT:E3|FLAG:FAILURE
1.0,EVT:E27|EVT:E3|FLAG:FAILURE
1.0,EVT:E25|EVT:E3|FLAG:FAILURE
1.0,EVT:E26|EVT:E3|FLAG:FAILURE
1.0,EVT:E24|EVT:E3|FLAG:FAILURE
1.0,EVT:E23|EVT:E3|FLAG:FAILURE
1.0,EVT:E2|EVT:E3|FLAG:FAILURE
1.0,EVT:E22|EVT:E3|FLAG:FAILURE
1.0,EVT:E21|EVT:E3|FLAG:FAILURE
1.0,EVT:E20|EVT:E3|FLAG:FAILURE
1.0,EVT:E18|EVT:E3|FLAG:FAILURE
1.0,EVT:E19|EVT:E3|FLAG:FAILURE
1.0,EVT:E17|EVT:E3|FLAG:FAILURE
1.0,EVT:E16|EVT:E3|FLAG:FAILURE
1.0,COMP:wsgi_server|EVT:E3|FLAG:FAILURE
1.0,EVT:E15|EVT:E3|FLAG:FAILURE
1.0,EVT:E14|EVT:E3|FLAG:FAILURE
1.0,EVT:E13|EVT:E3|FLAG:FAILURE
1.0,EVT:E12|EVT:E3|FLAG:FAILURE
1.0,EVT:E11|EVT:E3|FLAG:FAILURE
1.0,EVT:E10|EVT:E3|FLAG:FAILURE
1.0,EVT:E1|EVT:E3|FLAG:FAILURE
1.0,COMP:compute_server_external_events|EVT:E3|FLAG:FAILURE
1.0,COMP:openstack_wsgi|EVT:E3|FLAG:FAILURE
1.0,COMP:libvirt_imagecache|EVT:E3|FLAG:FAILURE
1.0,COMP:libvirt_driver|EVT:E3|FLAG:FAILURE
1.0,COMP:compute_manager|EVT:E3|FLAG:FAILURE
1.0,COMP:compute_resource_tracker|EVT:E3|FLAG:FAILURE
1.0,COMP:compute_claims|EVT:E3|FLAG:FAILURE
0.6,EVT:E29|EVT:E3|FLAG:FAILURE
1.0,EVT:E27|EVT:E28|FLAG:FAILURE
1.0,EVT:E25|EVT:E28|FLAG:FAILURE
1.0,EVT:E26|EVT:E28|FLAG:FAILURE
1.0,EVT:E24|EVT:E28|FLAG:FAILURE
1.0,EVT:E23|EVT:E28|FLAG:FAILURE
1.0,EVT:E2|EVT:E28|FLAG:FAILURE
1.0,EVT:E22|EVT:E28|FLAG:FAILURE
1.0,EVT:E21|EVT:E28|FLAG:FAILURE
1.0,EVT:E20|EVT:E28|FLAG:FAILURE
1.0,EVT:E18|EVT:E28|FLAG:FAILURE
1.0,EVT:E19|EVT:E28|FLAG:FAILURE
1.0,EVT:E17|EVT:E28|FLAG:FAILURE
1.0,EVT:E16|EVT:E28|FLAG:FAILURE
1.0,COMP:wsgi_server|EVT:E28|FLAG:FAILURE
1.0,EVT:E15|EVT:E28|FLAG:FAILURE
1.0,EVT:E14|EVT:E28|FLAG:FAILURE
1.0,EVT:E13|EVT:E28|FLAG:FAILURE
1.0,EVT:E12|EVT:E28|FLAG:FAILURE
1.0,EVT:E11|EVT:E28|FLAG:FAILURE
1.0,EVT:E10|EVT:E28|FLAG:FAILURE
1.0,EVT:E1|EVT:E28|FLAG:FAILURE
1.0,COMP:compute_server_external_events|EVT:E28|FLAG:FAILURE
1.0,COMP:openstack_wsgi|EVT:E28|FLAG:FAILURE
1.0,COMP:libvirt_imagecache|EVT:E28|FLAG:FAILURE
1.0,COMP:libvirt_driver|EVT:E28|FLAG:FAILURE
1.0,COMP:compute_manager|EVT:E28|FLAG:FAILURE
1.0,COMP:compute_resource_tracker|EVT:E28|FLAG:FAILURE
1.0,COMP:compute_claims|EVT:E28|FLAG:FAILURE
0.6,EVT:E28|EVT:E29|FLAG:FAILURE
1.0,EVT:E25|EVT:E27|FLAG:FAILURE
1.0,EVT:E26|EVT:E27|FLAG:FAILURE
1.0,EVT:E24|EVT:E27|FLAG:FAILURE
1.0,EVT:E23|EVT:E27|FLAG:FAILURE
1.0,EVT:E2|EVT:E27|FLAG:FAILURE
1.0,EVT:E22|EVT:E27|FLAG:FAILURE
1.0,EVT:E21|EVT:E27|FLAG:FAILURE
1.0,EVT:E20|EVT:E27|FLAG:FAILURE
1.0,EVT:E18|EVT:E27|FLAG:FAILURE
1.0,EVT:E19|EVT:E27|FLAG:FAILURE
1.0,EVT:E17|EVT:E27|FLAG:FAILURE
1.0,EVT:E16|EVT:E27|FLAG:FAILURE
1.0,COMP:wsgi_server|EVT:E27|FLAG:FAILURE
1.0,EVT:E15|EVT:E27|FLAG:FAILURE
1.0,EVT:E14|EVT:E27|FLAG:FAILURE
1.0,EVT:E13|EVT:E27|FLAG:FAILURE
1.0,EVT:E12|EVT:E27|FLAG:FAILURE
1.0,EVT:E11|EVT:E27|FLAG:FAILURE
1.0,EVT:E10|EVT:E27|FLAG:FAILURE
1.0,EVT:E1|EVT:E27|FLAG:FAILURE
1.0,COMP:compute_server_external_events|EVT:E27|FLAG:FAILURE
1.0,COMP:openstack_wsgi|EVT:E27|FLAG:FAILURE
1.0,COMP:libvirt_imagecache|EVT:E27|FLAG:FAILURE
1.0,COMP:libvirt_driver|EVT:E27|FLAG:FAILURE
1.0,COMP:compute_manager|EVT:E27|FLAG:FAILURE
1.0,COMP:compute_resource_tracker|EVT:E27|FLAG:FAILURE
1.0,COMP:compute_claims|EVT:E27|FLAG:FAILURE
0.6,EVT:E27|EVT:E29|FLAG:FAILURE
1.0,EVT:E25|EVT:E26|FLAG:FAILURE
1.0,EVT:E24|EVT:E25|FLAG:FAILURE
1.0,EVT:E23|EVT:E25|FLAG:FAILURE
1.0,EVT:E2|EVT:E25|FLAG:FAILURE
1.0,EVT:E22|EVT:E25|FLAG:FAILURE
1.0,EVT:E21|EVT:E25|FLAG:FAILURE
1.0,EVT:E20|EVT:E25|FLAG:FAILURE
1.0,EVT:E18|EVT:E25|FLAG:FAILURE
1.0,EVT:E19|EVT:E25|FLAG:FAILURE
1.0,EVT:E17|EVT:E25|FLAG:FAILURE
1.0,EVT:E16|EVT:E25|FLAG:FAILURE
1.0,COMP:wsgi_server|EVT:E25|FLAG:FAILURE
1.0,EVT:E15|EVT:E25|FLAG:FAILURE
1.0,EVT:E14|EVT:E25|FLAG:FAILURE
1.0,EVT:E13|EVT:E25|FLAG:FAILURE
1.0,EVT:E12|EVT:E25|FLAG:FAILURE
1.0,EVT:E11|EVT:E25|FLAG:FAILURE
1.0,EVT:E10|EVT:E25|FLAG:FAILURE
1.0,EVT:E1|EVT:E25|FLAG:FAILURE
1.0,COMP:compute_server_external_events|EVT:E25|FLAG:FAILURE
1.0,COMP:openstack_wsgi|EVT:E25|FLAG:FAILURE
1.0,COMP:libvirt_imagecache|EVT:E25|FLAG:FAILURE
1.0,COMP:libvirt_driver|EVT:E25|FLAG:FAILURE
1.0,COMP:compute_manager|EVT:E25|FLAG:FAILURE
1.0,COMP:compute_resource_tracker|EVT:E25|FLAG:FAILURE
1.0,COMP:compute_claims|EVT:E25|FLAG:FAILURE
0.6,EVT:E25|EVT:E29|FLAG:FAILURE
1.0,EVT:E24|EVT:E26|FLAG:FAILURE
1.0,EVT:E23|EVT:E26|FLAG:FAILURE
1.0,EVT:E2|EVT:E26|FLAG:FAILURE
1.0,EVT:E22|EVT:E26|FLAG:FAILURE
1.0,EVT:E21|EVT:E26|FLAG:FAILURE
1.0,EVT:E20|EVT:E26|FLAG:FAILURE
1.0,EVT:E18|EVT:E26|FLAG:FAILURE
1.0,EVT:E19|EVT:E26|FLAG:FAILURE
1.0,EVT:E17|EVT:E26|FLAG:FAILURE
1.0,EVT:E16|EVT:E26|FLAG:FAILURE
1.0,COMP:wsgi_server|EVT:E26|FLAG:FAILURE
1.0,EVT:E15|EVT:E26|FLAG:FAILURE
1.0,EVT:E14|EVT:E26|FLAG:FAILURE
1.0,EVT:E13|EVT:E26|FLAG:FAILURE
1.0,EVT:E12|EVT:E26|FLAG:FAILURE
1.0,EVT:E11|EVT:E26|FLAG:FAILURE
1.0,EVT:E10|EVT:E26|FLAG:FAILURE
1.0,EVT:E1|EVT:E26|FLAG:FAILURE
1.0,COMP:compute_server_external_events|EVT:E26|FLAG:FAILURE
1.0,COMP:openstack_wsgi|EVT:E26|FLAG:FAILURE
1.0,COMP:libvirt_imagecache|EVT:E26|FLAG:FAILURE
1.0,COMP:libvirt_driver|EVT:E26|FLAG:FAILURE
1.0,COMP:compute_manager|EVT:E26|FLAG:FAILURE
1.0,COMP:compute_resource_tracker|EVT:E26|FLAG:FAILURE
1.0,COMP:compute_claims|EVT:E26|FLAG:FAILURE
0.6,EVT:E26|EVT:E29|FLAG:FAILURE
1.0,EVT:E23|EVT:E24|FLAG:FAILURE
1.0,EVT:E2|EVT:E24|FLAG:FAILURE
1.0,EVT:E22|EVT:E24|FLAG:FAILURE
1.0,EVT:E21|EVT:E24|FLAG:FAILURE
1.0,EVT:E20|EVT:E24|FLAG:FAILURE
1.0,EVT:E18|EVT:E24|FLAG:FAILURE
1.0,EVT:E19|EVT:E24|FLAG:FAILURE
1.0,EVT:E17|EVT:E24|FLAG:FAILURE
1.0,EVT:E16|EVT:E24|FLAG:FAILURE
1.0,COMP:wsgi_server|EVT:E24|FLAG:FAILURE
1.0,EVT:E15|EVT:E24|FLAG:FAILURE
1.0,EVT:E14|EVT:E24|FLAG:FAILURE
1.0,EVT:E13|EVT:E24|FLAG:FAILURE
1.0,EVT:E12|EVT:E24|FLAG:FAILURE
1.0,EVT:E11|EVT:E24|FLAG:FAILURE
1.0,EVT:E10|EVT:E24|FLAG:FAILURE
1.0,EVT:E1|EVT:E24|FLAG:FAILURE
1.0,COMP:compute_server_external_events|EVT:E24|FLAG:FAILURE
1.0,COMP:openstack_wsgi|EVT:E24|FLAG:FAILURE
1.0,COMP:libvirt_imagecache|EVT:E24|FLAG:FAILURE
1.0,COMP:libvirt_driver|EVT:E24|FLAG:FAILURE
1.0,COMP:compute_manager|EVT:E24|FLAG:FAILURE
1.0,COMP:compute_resource_tracker|EVT:E24|FLAG:FAILURE
1.0,COMP:compute_claims|EVT:E24|FLAG:FAILURE
0.6,EVT:E24|EVT:E29|FLAG:FAILURE
1.0,EVT:E2|EVT:E23|FLAG:FAILURE
1.0,EVT:E22|EVT:E23|FLAG:FAILURE
1.0,EVT:E21|EVT:E23|FLAG:FAILURE
1.0,EVT:E20|EVT:E23|FLAG:FAILURE
1.0,EVT:E18|EVT:E23|FLAG:FAILURE
1.0,EVT:E19|EVT:E23|FLAG:FAILURE
1.0,EVT:E17|EVT:E23|FLAG:FAILURE
1.0,EVT:E16|EVT:E23|FLAG:FAILURE
1.0,COMP:wsgi_server|EVT:E23|FLAG:FAILURE
1.0,EVT:E15|EVT:E23|FLAG:FAILURE
1.0,EVT:E14|EVT:E23|FLAG:FAILURE
1.0,EVT:E13|EVT:E23|FLAG:FAILURE
1.0,EVT:E12|EVT:E23|FLAG:FAILURE
1.0,EVT:E11|EVT:E23|FLAG:FAILURE
1.0,EVT:E10|EVT:E23|FLAG:FAILURE
1.0,EVT:E1|EVT:E23|FLAG:FAILURE
1.0,COMP:compute_server_external_events|EVT:E23|FLAG:FAILURE
1.0,COMP:openstack_wsgi|EVT:E23|FLAG:FAILURE
1.0,COMP:libvirt_imagecache|EVT:E23|FLAG:FAILURE
1.0,COMP:libvirt_driver|EVT:E23|FLAG:FAILURE
1.0,COMP:compute_manager|EVT:E23|FLAG:FAILURE
1.0,COMP:compute_resource_tracker|EVT:E23|FLAG:FAILURE
1.0,COMP:compute_claims|EVT:E23|FLAG:FAILURE
0.6,EVT:E23|EVT:E29|FLAG:FAILURE
1.0,EVT:E2|EVT:E22|FLAG:FAILURE
1.0,EVT:E2|EVT:E21|FLAG:FAILURE
1.0,EVT:E2|EVT:E20|FLAG:FAILURE
1.0,EVT:E18|EVT:E2|FLAG:FAILURE
1.0,EVT:E19|EVT:E2|FLAG:FAILURE
1.0,EVT:E17|EVT:E2|FLAG:FAILURE
1.0,EVT:E16|EVT:E2|FLAG:FAILURE
1.0,COMP:wsgi_server|EVT:E2|FLAG:FAILURE
1.0,EVT:E15|EVT:E2|FLAG:FAILURE
1.0,EVT:E14|EVT:E2|FLAG:FAILURE
1.0,EVT:E13|EVT:E2|FLAG:FAILURE
1.0,EVT:E12|EVT:E2|FLAG:FAILURE
1.0,EVT:E11|EVT:E2|FLAG:FAILURE
1.0,EVT:E10|EVT:E2|FLAG:FAILURE
1.0,EVT:E1|EVT:E2|FLAG:FAILURE
1.0,COMP:compute_server_external_events|EVT:E2|FLAG:FAILURE
1.0,COMP:openstack_wsgi|EVT:E2|FLAG:FAILURE
1.0,COMP:libvirt_imagecache|EVT:E2|FLAG:FAILURE
1.0,COMP:libvirt_driver|EVT:E2|FLAG:FAILURE
1.0,COMP:compute_manager|EVT:E2|FLAG:FAILURE
1.0,COMP:compute_resource_tracker|EVT:E2|FLAG:FAILURE
1.0,COMP:compute_claims|EVT:E2|FLAG:FAILURE
0.6,EVT:E2|EVT:E29|FLAG:FAILURE
1.0,EVT:E21|EVT:E22|FLAG:FAILURE
1.0,EVT:E20|EVT:E22|FLAG:FAILURE
1.0,EVT:E18|EVT:E22|FLAG:FAILURE
1.0,EVT:E19|EVT:E22|FLAG:FAILURE
1.0,EVT:E17|EVT:E22|FLAG:FAILURE
1.0,EVT:E16|EVT:E22|FLAG:FAILURE
1.0,COMP:wsgi_server|EVT:E22|FLAG:FAILURE
1.0,EVT:E15|EVT:E22|FLAG:FAILURE
1.0,EVT:E14|EVT:E22|FLAG:FAILURE
1.0,EVT:E13|EVT:E22|FLAG:FAILURE
1.0,EVT:E12|EVT:E22|FLAG:FAILURE
1.0,EVT:E11|EVT:E22|FLAG:FAILURE
1.0,EVT:E10|EVT:E22|FLAG:FAILURE
1.0,EVT:E1|EVT:E22|FLAG:FAILURE
1.0,COMP:compute_server_external_events|EVT:E22|FLAG:FAILURE
1.0,COMP:openstack_wsgi|EVT:E22|FLAG:FAILURE
1.0,COMP:libvirt_imagecache|EVT:E22|FLAG:FAILURE
1.0,COMP:libvirt_driver|EVT:E22|FLAG:FAILURE
1.0,COMP:compute_manager|EVT:E22|FLAG:FAILURE
1.0,COMP:compute_resource_tracker|EVT:E22|FLAG:FAILURE
1.0,COMP:compute_claims|EVT:E22|FLAG:FAILURE
0.6,EVT:E22|EVT:E29|FLAG:FAILURE
1.0,EVT:E20|EVT:E21|FLAG:FAILURE
1.0,EVT:E18|EVT:E21|FLAG:FAILURE
1.0,EVT:E19|EVT:E21|FLAG:FAILURE
1.0,EVT:E17|EVT:E21|FLAG:FAILURE
1.0,EVT:E16|EVT:E21|FLAG:FAILURE
1.0,COMP:wsgi_server|EVT:E21|FLAG:FAILURE
1.0,EVT:E15|EVT:E21|FLAG:FAILURE
1.0,EVT:E14|EVT:E21|FLAG:FAILURE
1.0,EVT:E13|EVT:E21|FLAG:FAILURE
1.0,EVT:E12|EVT:E21|FLAG:FAILURE
1.0,EVT:E11|EVT:E21|FLAG:FAILURE
1.0,EVT:E10|EVT:E21|FLAG:FAILURE
1.0,EVT:E1|EVT:E21|FLAG:FAILURE
1.0,COMP:compute_server_external_events|EVT:E21|FLAG:FAILURE
1.0,COMP:openstack_wsgi|EVT:E21|FLAG:FAILURE
1.0,COMP:libvirt_imagecache|EVT:E21|FLAG:FAILURE
1.0,COMP:libvirt_driver|EVT:E21|FLAG:FAILURE
1.0,COMP:compute_manager|EVT:E21|FLAG:FAILURE
1.0,COMP:compute_resource_tracker|EVT:E21|FLAG:FAILURE
1.0,COMP:compute_claims|EVT:E21|FLAG:FAILURE
0.6,EVT:E21|EVT:E29|FLAG:FAILURE
1.0,EVT:E18|EVT:E20|FLAG:FAILURE
1.0,EVT:E19|EVT:E20|FLAG:FAILURE
1.0,EVT:E17|EVT:E20|FLAG:FAILURE
1.0,EVT:E16|EVT:E20|FLAG:FAILURE
1.0,COMP:wsgi_server|EVT:E20|FLAG:FAILURE
1.0,EVT:E15|EVT:E20|FLAG:FAILURE
1.0,EVT:E14|EVT:E20|FLAG:FAILURE
1.0,EVT:E13|EVT:E20|FLAG:FAILURE
1.0,EVT:E12|EVT:E20|FLAG:FAILURE
1.0,EVT:E11|EVT:E20|FLAG:FAILURE
1.0,EVT:E10|EVT:E20|FLAG:FAILURE
1.0,EVT:E1|EVT:E20|FLAG:FAILURE
1.0,COMP:compute_server_external_events|EVT:E20|FLAG:FAILURE
1.0,COMP:openstack_wsgi|EVT:E20|FLAG:FAILURE
1.0,COMP:libvirt_imagecache|EVT:E20|FLAG:FAILURE
1.0,COMP:libvirt_driver|EVT:E20|FLAG:FAILURE
1.0,COMP:compute_manager|EVT:E20|FLAG:FAILURE
1.0,COMP:compute_resource_tracker|EVT:E20|FLAG:FAILURE
1.0,COMP:compute_claims|EVT:E20|FLAG:FAILURE
0.6,EVT:E20|EVT:E29|FLAG:FAILURE
1.0,EVT:E18|EVT:E19|FLAG:FAILURE
1.0,EVT:E17|EVT:E18|FLAG:FAILURE
1.0,EVT:E16|EVT:E18|FLAG:FAILURE
1.0,COMP:wsgi_server|EVT:E18|FLAG:FAILURE
1.0,EVT:E15|EVT:E18|FLAG:FAILURE
1.0,EVT:E14|EVT:E18|FLAG:FAILURE
1.0,EVT:E13|EVT:E18|FLAG:FAILURE
1.0,EVT:E12|EVT:E18|FLAG:FAILURE
1.0,EVT:E11|EVT:E18|FLAG:FAILURE
1.0,EVT:E10|EVT:E18|FLAG:FAILURE
1.0,EVT:E1|EVT:E18|FLAG:FAILURE
1.0,COMP:compute_server_external_events|EVT:E18|FLAG:FAILURE
1.0,COMP:openstack_wsgi|EVT:E18|FLAG:FAILURE
1.0,COMP:libvirt_imagecache|EVT:E18|FLAG:FAILURE
1.0,COMP:libvirt_driver|EVT:E18|FLAG:FAILURE
1.0,COMP:compute_manager|EVT:E18|FLAG:FAILURE
1.0,COMP:compute_resource_tracker|EVT:E18|FLAG:FAILURE
1.0,COMP:compute_claims|EVT:E18|FLAG:FAILURE
0.6,EVT:E18|EVT:E29|FLAG:FAILURE
1.0,EVT:E17|EVT:E19|FLAG:FAILURE
1.0,EVT:E16|EVT:E19|FLAG:FAILURE
1.0,COMP:wsgi_server|EVT:E19|FLAG:FAILURE
1.0,EVT:E15|EVT:E19|FLAG:FAILURE
1.0,EVT:E14|EVT:E19|FLAG:FAILURE
1.0,EVT:E13|EVT:E19|FLAG:FAILURE
1.0,EVT:E12|EVT:E19|FLAG:FAILURE
1.0,EVT:E11|EVT:E19|FLAG:FAILURE
1.0,EVT:E10|EVT:E19|FLAG:FAILURE
1.0,EVT:E1|EVT:E19|FLAG:FAILURE
1.0,COMP:compute_server_external_events|EVT:E19|FLAG:FAILURE
1.0,COMP:openstack_wsgi|EVT:E19|FLAG:FAILURE
1.0,COMP:libvirt_imagecache|EVT:E19|FLAG:FAILURE
1.0,COMP:libvirt_driver|EVT:E19|FLAG:FAILURE
1.0,COMP:compute_manager|EVT:E19|FLAG:FAILURE
1.0,COMP:compute_resource_tracker|EVT:E19|FLAG:FAILURE
1.0,COMP:compute_claims|EVT:E19|FLAG:FAILURE
0.6,EVT:E19|EVT:E29|FLAG:FAILURE
1.0,EVT:E16|EVT:E17|FLAG:FAILURE
1.0,COMP:wsgi_server|EVT:E17|FLAG:FAILURE
1.0,EVT:E15|EVT:E17|FLAG:FAILURE
1.0,EVT:E14|EVT:E17|FLAG:FAILURE
1.0,EVT:E13|EVT:E17|FLAG:FAILURE
1.0,EVT:E12|EVT:E17|FLAG:FAILURE
1.0,EVT:E11|EVT:E17|FLAG:FAILURE
1.0,EVT:E10|EVT:E17|FLAG:FAILURE
1.0,EVT:E1|EVT:E17|FLAG:FAILURE
1.0,COMP:compute_server_external_events|EVT:E17|FLAG:FAILURE
1.0,COMP:openstack_wsgi|EVT:E17|FLAG:FAILURE
1.0,COMP:libvirt_imagecache|EVT:E17|FLAG:FAILURE
1.0,COMP:libvirt_driver|EVT:E17|FLAG:FAILURE
1.0,COMP:compute_manager|EVT:E17|FLAG:FAILURE
1.0,COMP:compute_resource_tracker|EVT:E17|FLAG:FAILURE
1.0,COMP:compute_claims|EVT:E17|FLAG:FAILURE
0.6,EVT:E17|EVT:E29|FLAG:FAILURE
1.0,COMP:wsgi_server|EVT:E16|FLAG:FAILURE
1.0,EVT:E15|EVT:E16|FLAG:FAILURE
1.0,EVT:E14|EVT:E16|FLAG:FAILURE
1.0,EVT:E13|EVT:E16|FLAG:FAILURE
1.0,EVT:E12|EVT:E16|FLAG:FAILURE
1.0,EVT:E11|EVT:E16|FLAG:FAILURE
1.0,EVT:E10|EVT:E16|FLAG:FAILURE
1.0,EVT:E1|EVT:E16|FLAG:FAILURE
1.0,COMP:compute_server_external_events|EVT:E16|FLAG:FAILURE
1.0,COMP:openstack_wsgi|EVT:E16|FLAG:FAILURE
1.0,COMP:libvirt_imagecache|EVT:E16|FLAG:FAILURE
1.0,COMP:libvirt_driver|EVT:E16|FLAG:FAILURE
1.0,COMP:compute_manager|EVT:E16|FLAG:FAILURE
1.0,COMP:compute_resource_tracker|EVT:E16|FLAG:FAILURE
1.0,COMP:compute_claims|EVT:E16|FLAG:FAILURE
0.6,EVT:E16|EVT:E29|FLAG:FAILURE
1.0,COMP:wsgi_server|EVT:E15|FLAG:FAILURE
1.0,COMP:wsgi_server|EVT:E14|FLAG:FAILURE
1.0,COMP:wsgi_server|EVT:E13|FLAG:FAILURE
1.0,COMP:wsgi_server|EVT:E12|FLAG:FAILURE
1.0,COMP:wsgi_server|EVT:E11|FLAG:FAILURE
1.0,COMP:wsgi_server|EVT:E10|FLAG:FAILURE
1.0,COMP:wsgi_server|EVT:E1|FLAG:FAILURE
1.0,COMP:compute_server_external_events|COMP:wsgi_server|FLAG:FAILURE
1.0,COMP:openstack_wsgi|COMP:wsgi_server|FLAG:FAILURE
1.0,COMP:libvirt_imagecache|COMP:wsgi_server|FLAG:FAILURE
1.0,COMP:libvirt_driver|COMP:wsgi_server|FLAG:FAILURE
1.0,COMP:compute_manager|COMP:wsgi_server|FLAG:FAILURE
1.0,COMP:compute_resource_tracker|COMP:wsgi_server|FLAG:FAILURE
1.0,COMP:compute_claims|COMP:wsgi_server|FLAG:FAILURE
0.6,COMP:wsgi_server|EVT:E29|FLAG:FAILURE
1.0,EVT:E14|EVT:E15|FLAG:FAILURE
1.0,EVT:E13|EVT:E15|FLAG:FAILURE
1.0,EVT:E12|EVT:E15|FLAG:FAILURE
1.0,EVT:E11|EVT:E15|FLAG:FAILURE
1.0,EVT:E10|EVT:E15|FLAG:FAILURE
1.0,EVT:E1|EVT:E15|FLAG:FAILURE
1.0,COMP:compute_server_external_events|EVT:E15|FLAG:FAILURE
1.0,COMP:openstack_wsgi|EVT:E15|FLAG:FAILURE
1.0,COMP:libvirt_imagecache|EVT:E15|FLAG:FAILURE
1.0,COMP:libvirt_driver|EVT:E15|FLAG:FAILURE
1.0,COMP:compute_manager|EVT:E15|FLAG:FAILURE
1.0,COMP:compute_resource_tracker|EVT:E15|FLAG:FAILURE
1.0,COMP:compute_claims|EVT:E15|FLAG:FAILURE
0.6,EVT:E15|EVT:E29|FLAG:FAILURE
1.0,EVT:E13|EVT:E14|FLAG:FAILURE
1.0,EVT:E12|EVT:E14|FLAG:FAILURE
1.0,EVT:E11|EVT:E14|FLAG:FAILURE
1.0,EVT:E10|EVT:E14|FLAG:FAILURE
1.0,EVT:E1|EVT:E14|FLAG:FAILURE
1.0,COMP:compute_server_external_events|EVT:E14|FLAG:FAILURE
1.0,COMP:openstack_wsgi|EVT:E14|FLAG:FAILURE
1.0,COMP:libvirt_imagecache|EVT:E14|FLAG:FAILURE
1.0,COMP:libvirt_driver|EVT:E14|FLAG:FAILURE
1.0,COMP:compute_manager|EVT:E14|FLAG:FAILURE
1.0,COMP:compute_resource_tracker|EVT:E14|FLAG:FAILURE
1.0,COMP:compute_claims|EVT:E14|FLAG:FAILURE
0.6,EVT:E14|EVT:E29|FLAG:FAILURE
1.0,EVT:E12|EVT:E13|FLAG:FAILURE
1.0,EVT:E11|EVT:E13|FLAG:FAILURE
1.0,EVT:E10|EVT:E13|FLAG:FAILURE
1.0,EVT:E1|EVT:E13|FLAG:FAILURE
1.0,COMP:compute_server_external_events|EVT:E13|FLAG:FAILURE
1.0,COMP:openstack_wsgi|EVT:E13|FLAG:FAILURE
1.0,COMP:libvirt_imagecache|EVT:E13|FLAG:FAILURE
1.0,COMP:libvirt_driver|EVT:E13|FLAG:FAILURE
1.0,COMP:compute_manager|EVT:E13|FLAG:FAILURE
1.0,COMP:compute_resource_tracker|EVT:E13|FLAG:FAILURE
1.0,COMP:compute_claims|EVT:E13|FLAG:FAILURE
0.6,EVT:E13|EVT:E29|FLAG:FAILURE
1.0,EVT:E11|EVT:E12|FLAG:FAILURE
1.0,EVT:E10|EVT:E12|FLAG:FAILURE
1.0,EVT:E1|EVT:E12|FLAG:FAILURE
1.0,COMP:compute_server_external_events|EVT:E12|FLAG:FAILURE
1.0,COMP:openstack_wsgi|EVT:E12|FLAG:FAILURE
1.0,COMP:libvirt_imagecache|EVT:E12|FLAG:FAILURE
1.0,COMP:libvirt_driver|EVT:E12|FLAG:FAILURE
1.0,COMP:compute_manager|EVT:E12|FLAG:FAILURE
1.0,COMP:compute_resource_tracker|EVT:E12|FLAG:FAILURE
1.0,COMP:compute_claims|EVT:E12|FLAG:FAILURE
0.6,EVT:E12|EVT:E29|FLAG:FAILURE
1.0,EVT:E10|EVT:E11|FLAG:FAILURE
1.0,EVT:E1|EVT:E11|FLAG:FAILURE
1.0,COMP:compute_server_external_events|EVT:E11|FLAG:FAILURE
1.0,COMP:openstack_wsgi|EVT:E11|FLAG:FAILURE
1.0,COMP:libvirt_imagecache|EVT:E11|FLAG:FAILURE
1.0,COMP:libvirt_driver|EVT:E11|FLAG:FAILURE
1.0,COMP:compute_manager|EVT:E11|FLAG:FAILURE
1.0,COMP:compute_resource_tracker|EVT:E11|FLAG:FAILURE
1.0,COMP:compute_claims|EVT:E11|FLAG:FAILURE
0.6,EVT:E11|EVT:E29|FLAG:FAILURE
1.0,EVT:E1|EVT:E10|FLAG:FAILURE
1.0,COMP:compute_server_external_events|EVT:E10|FLAG:FAILURE
1.0,COMP:openstack_wsgi|EVT:E10|FLAG:FAILURE
1.0,COMP:libvirt_imagecache|EVT:E10|FLAG:FAILURE
1.0,COMP:libvirt_driver|EVT:E10|FLAG:FAILURE
1.0,COMP:compute_manager|EVT:E10|FLAG:FAILURE
1.0,COMP:compute_resource_tracker|EVT:E10|FLAG:FAILURE
1.0,COMP:compute_claims|EVT:E10|FLAG:FAILURE
0.6,EVT:E10|EVT:E29|FLAG:FAILURE
1.0,COMP:compute_server_external_events|EVT:E1|FLAG:FAILURE
1.0,COMP:openstack_wsgi|EVT:E1|FLAG:FAILURE
1.0,COMP:libvirt_imagecache|EVT:E1|FLAG:FAILURE
1.0,COMP:libvirt_driver|EVT:E1|FLAG:FAILURE
1.0,COMP:compute_manager|EVT:E1|FLAG:FAILURE
1.0,COMP:compute_resource_tracker|EVT:E1|FLAG:FAILURE
1.0,COMP:compute_claims|EVT:E1|FLAG:FAILURE
0.6,EVT:E1|EVT:E29|FLAG:FAILURE
1.0,COMP:compute_server_external_events|COMP:openstack_wsgi|FLAG:FAILURE
1.0,COMP:compute_server_external_events|COMP:libvirt_imagecache|FLAG:FAILURE
1.0,COMP:compute_server_external_events|COMP:libvirt_driver|FLAG:FAILURE
1.0,COMP:compute_manager|COMP:compute_server_external_events|FLAG:FAILURE
1.0,COMP:compute_resource_tracker|COMP:compute_server_external_events|FLAG:FAILURE
1.0,COMP:compute_claims|COMP:compute_server_external_events|FLAG:FAILURE
0.6,COMP:compute_server_external_events|EVT:E29|FLAG:FAILURE
1.0,COMP:libvirt_imagecache|COMP:openstack_wsgi|FLAG:FAILURE
1.0,COMP:libvirt_driver|COMP:openstack_wsgi|FLAG:FAILURE
1.0,COMP:compute_manager|COMP:openstack_wsgi|FLAG:FAILURE
1.0,COMP:compute_resource_tracker|COMP:openstack_wsgi|FLAG:FAILURE
1.0,COMP:compute_claims|COMP:openstack_wsgi|FLAG:FAILURE
0.6,COMP:openstack_wsgi|EVT:E29|FLAG:FAILURE
1.0,COMP:libvirt_driver|COMP:libvirt_imagecache|FLAG:FAILURE
1.0,COMP:compute_manager|COMP:libvirt_imagecache|FLAG:FAILURE
1.0,COMP:compute_resource_tracker|COMP:libvirt_imagecache|FLAG:FAILURE
1.0,COMP:compute_claims|COMP:libvirt_imagecache|FLAG:FAILURE
0.6,COMP:libvirt_imagecache|EVT:E29|FLAG:FAILURE
1.0,COMP:compute_manager|COMP:libvirt_driver|FLAG:FAILURE
1.0,COMP:compute_resource_tracker|COMP:libvirt_driver|FLAG:FAILURE
1.0,COMP:compute_claims|COMP:libvirt_driver|FLAG:FAILURE
0.6,COMP:libvirt_driver|EVT:E29|FLAG:FAILURE
1.0,COMP:compute_manager|COMP:compute_resource_tracker|FLAG:FAILURE
1.0,COMP:compute_claims|COMP:compute_manager|FLAG:FAILURE
0.6,COMP:compute_manager|EVT:E29|FLAG:FAILURE
1.0,COMP:compute_claims|COMP:compute_resource_tracker|FLAG:FAILURE
0.6,COMP:compute_resource_tracker|EVT:E29|FLAG:FAILURE
0.6,COMP:compute_claims|EVT:E29|FLAG:FAILURE
1.0,EVT:E7|EVT:E8|EVT:E9
1.0,EVT:E6|EVT:E8|EVT:E9
1.0,EVT:E5|EVT:E8|EVT:E9
1.0,EVT:E42|EVT:E8|EVT:E9
1.0,EVT:E41|EVT:E8|EVT:E9
1.0,EVT:E4|EVT:E8|EVT:E9
1.0,EVT:E37|EVT:E8|EVT:E9
1.0,EVT:E36|EVT:E8|EVT:E9
1.0,EVT:E35|EVT:E8|EVT:E9
1.0,EVT:E34|EVT:E8|EVT:E9
1.0,EVT:E33|EVT:E8|EVT:E9
1.0,EVT:E32|EVT:E8|EVT:E9
1.0,EVT:E31|EVT:E8|EVT:E9
1.0,EVT:E30|EVT:E8|EVT:E9
1.0,EVT:E3|EVT:E8|EVT:E9
1.0,EVT:E28|EVT:E8|EVT:E9
1.0,EVT:E27|EVT:E8|EVT:E9
1.0,EVT:E25|EVT:E8|EVT:E9
1.0,EVT:E26|EVT:E8|EVT:E9
1.0,EVT:E24|EVT:E8|EVT:E9
1.0,EVT:E23|EVT:E8|EVT:E9
1.0,EVT:E2|EVT:E8|EVT:E9
1.0,EVT:E22|EVT:E8|EVT:E9
1.0,EVT:E21|EVT:E8|EVT:E9
1.0,EVT:E20|EVT:E8|EVT:E9
1.0,EVT:E18|EVT:E8|EVT:E9
1.0,EVT:E19|EVT:E8|EVT:E9
1.0,EVT:E17|EVT:E8|EVT:E9
1.0,EVT:E16|EVT:E8|EVT:E9
1.0,COMP:wsgi_server|EVT:E8|EVT:E9
1.0,EVT:E15|EVT:E8|EVT:E9
1.0,EVT:E14|EVT:E8|EVT:E9
1.0,EVT:E13|EVT:E8|EVT:E9
1.0,EVT:E12|EVT:E8|EVT:E9
1.0,EVT:E11|EVT:E8|EVT:E9
1.0,EVT:E10|EVT:E8|EVT:E9
1.0,EVT:E1|EVT:E8|EVT:E9
1.0,COMP:compute_server_external_events|EVT:E8|EVT:E9
1.0,COMP:openstack_wsgi|EVT:E8|EVT:E9
1.0,COMP:libvirt_imagecache|EVT:E8|EVT:E9
1.0,COMP:libvirt_driver|EVT:E8|EVT:E9
1.0,COMP:compute_manager|EVT:E8|EVT:E9
1.0,COMP:compute_resource_tracker|EVT:E8|EVT:E9
1.0,COMP:compute_claims|EVT:E8|EVT:E9
0.6,EVT:E29|EVT:E8|EVT:E9
1.0,EVT:E6|EVT:E7|EVT:E9
1.0,EVT:E5|EVT:E7|EVT:E9
1.0,EVT:E42|EVT:E7|EVT:E9
1.0,EVT:E41|EVT:E7|EVT:E9
1.0,EVT:E4|EVT:E7|EVT:E9
1.0,EVT:E37|EVT:E7|EVT:E9
1.0,EVT:E36|EVT:E7|EVT:E9
1.0,EVT:E35|EVT:E7|EVT:E9
1.0,EVT:E34|EVT:E7|EVT:E9
1.0,EVT:E33|EVT:E7|EVT:E9
1.0,EVT:E32|EVT:E7|EVT:E9
1.0,EVT:E31|EVT:E7|EVT:E9
1.0,EVT:E30|EVT:E7|EVT:E9
1.0,EVT:E3|EVT:E7|EVT:E9
1.0,EVT:E28|EVT:E7|EVT:E9
1.0,EVT:E27|EVT:E7|EVT:E9
1.0,EVT:E25|EVT:E7|EVT:E9
1.0,EVT:E26|EVT:E7|EVT:E9
1.0,EVT:E24|EVT:E7|EVT:E9
1.0,EVT:E23|EVT:E7|EVT:E9
1.0,EVT:E2|EVT:E7|EVT:E9
1.0,EVT:E22|EVT:E7|EVT:E9
1.0,EVT:E21|EVT:E7|EVT:E9
1.0,EVT:E20|EVT:E7|EVT:E9
1.0,EVT:E18|EVT:E7|EVT:E9
1.0,EVT:E19|EVT:E7|EVT:E9
1.0,EVT:E17|EVT:E7|EVT:E9
1.0,EVT:E16|EVT:E7|EVT:E9
1.0,COMP:wsgi_server|EVT:E7|EVT:E9
1.0,EVT:E15|EVT:E7|EVT:E9
1.0,EVT:E14|EVT:E7|EVT:E9
1.0,EVT:E13|EVT:E7|EVT:E9
1.0,EVT:E12|EVT:E7|EVT:E9
1.0,EVT:E11|EVT:E7|EVT:E9
1.0,EVT:E10|EVT:E7|EVT:E9
1.0,EVT:E1|EVT:E7|EVT:E9
1.0,COMP:compute_server_external_events|EVT:E7|EVT:E9
1.0,COMP:openstack_wsgi|EVT:E7|EVT:E9
1.0,COMP:libvirt_imagecache|EVT:E7|EVT:E9
1.0,COMP:libvirt_driver|EVT:E7|EVT:E9
1.0,COMP:compute_manager|EVT:E7|EVT:E9
1.0,COMP:compute_resource_tracker|EVT:E7|EVT:E9
1.0,COMP:compute_claims|EVT:E7|EVT:E9
0.6,EVT:E29|EVT:E7|EVT:E9
1.0,EVT:E5|EVT:E6|EVT:E9
1.0,EVT:E42|EVT:E6|EVT:E9
1.0,EVT:E41|EVT:E6|EVT:E9
1.0,EVT:E4|EVT:E6|EVT:E9
1.0,EVT:E37|EVT:E6|EVT:E9
1.0,EVT:E36|EVT:E6|EVT:E9
1.0,EVT:E35|EVT:E6|EVT:E9
1.0,EVT:E34|EVT:E6|EVT:E9
1.0,EVT:E33|EVT:E6|EVT:E9
1.0,EVT:E32|EVT:E6|EVT:E9
1.0,EVT:E31|EVT:E6|EVT:E9
1.0,EVT:E30|EVT:E6|EVT:E9
1.0,EVT:E3|EVT:E6|EVT:E9
1.0,EVT:E28|EVT:E6|EVT:E9
1.0,EVT:E27|EVT:E6|EVT:E9
1.0,EVT:E25|EVT:E6|EVT:E9
1.0,EVT:E26|EVT:E6|EVT:E9
1.0,EVT:E24|EVT:E6|EVT:E9
1.0,EVT:E23|EVT:E6|EVT:E9
1.0,EVT:E2|EVT:E6|EVT:E9
1.0,EVT:E22|EVT:E6|EVT:E9
1.0,EVT:E21|EVT:E6|EVT:E9
1.0,EVT:E20|EVT:E6|EVT:E9
1.0,EVT:E18|EVT:E6|EVT:E9
1.0,EVT:E19|EVT:E6|EVT:E9
1.0,EVT:E17|EVT:E6|EVT:E9
1.0,EVT:E16|EVT:E6|EVT:E9
1.0,COMP:wsgi_server|EVT:E6|EVT:E9
1.0,EVT:E15|EVT:E6|EVT:E9
1.0,EVT:E14|EVT:E6|EVT:E9
1.0,EVT:E13|EVT:E6|EVT:E9
1.0,EVT:E12|EVT:E6|EVT:E9
1.0,EVT:E11|EVT:E6|EVT:E9
1.0,EVT:E10|EVT:E6|EVT:E9
1.0,EVT:E1|EVT:E6|EVT:E9
1.0,COMP:compute_server_external_events|EVT:E6|EVT:E9
1.0,COMP:openstack_wsgi|EVT:E6|EVT:E9
1.0,COMP:libvirt_imagecache|EVT:E6|EVT:E9
1.0,COMP:libvirt_driver|EVT:E6|EVT:E9
1.0,COMP:compute_manager|EVT:E6|EVT:E9
1.0,COMP:compute_resource_tracker|EVT:E6|EVT:E9
1.0,COMP:compute_claims|EVT:E6|EVT:E9
0.6,EVT:E29|EVT:E6|EVT:E9
1.0,EVT:E42|EVT:E5|EVT:E9
1.0,EVT:E41|EVT:E5|EVT:E9
1.0,EVT:E4|EVT:E5|EVT:E9
1.0,EVT:E37|EVT:E5|EVT:E9
1.0,EVT:E36|EVT:E5|EVT:E9
1.0,EVT:E35|EVT:E5|EVT:E9
1.0,EVT:E34|EVT:E5|EVT:E9
1.0,EVT:E33|EVT:E5|EVT:E9
1.0,EVT:E32|EVT:E5|EVT:E9
1.0,EVT:E31|EVT:E5|EVT:E9
1.0,EVT:E30|EVT:E5|EVT:E9
1.0,EVT:E3|EVT:E5|EVT:E9
1.0,EVT:E28|EVT:E5|EVT:E9
1.0,EVT:E27|EVT:E5|EVT:E9
1.0,EVT:E25|EVT:E5|EVT:E9
1.0,EVT:E26|EVT:E5|EVT:E9
1.0,EVT:E24|EVT:E5|EVT:E9
1.0,EVT:E23|EVT:E5|EVT:E9
1.0,EVT:E2|EVT:E5|EVT:E9
1.0,EVT:E22|EVT:E5|EVT:E9
1.0,EVT:E21|EVT:E5|EVT:E9
1.0,EVT:E20|EVT:E5|EVT:E9
1.0,EVT:E18|EVT:E5|EVT:E9
1.0,EVT:E19|EVT:E5|EVT:E9
1.0,EVT:E17|EVT:E5|EVT:E9
1.0,EVT:E16|EVT:E5|EVT:E9
1.0,COMP:wsgi_server|EVT:E5|EVT:E9
1.0,EVT:E15|EVT:E5|EVT:E9
1.0,EVT:E14|EVT:E5|EVT:E9
1.0,EVT:E13|EVT:E5|EVT:E9
1.0,EVT:E12|EVT:E5|EVT:E9
1.0,EVT:E11|EVT:E5|EVT:E9
1.0,EVT:E10|EVT:E5|EVT:E9
1.0,EVT:E1|EVT:E5|EVT:E9
1.0,COMP:compute_server_external_events|EVT:E5|EVT:E9
1.0,COMP:openstack_wsgi|EVT:E5|EVT:E9
1.0,COMP:libvirt_imagecache|EVT:E5|EVT:E9
1.0,COMP:libvirt_driver|EVT:E5|EVT:E9
1.0,COMP:compute_manager|EVT:E5|EVT:E9
1.0,COMP:compute_resource_tracker|EVT:E5|EVT:E9
1.0,COMP:compute_claims|EVT:E5|EVT:E9
0.6,EVT:E29|EVT:E5|EVT:E9
1.0,EVT:E41|EVT:E42|EVT:E9
1.0,EVT:E4|EVT:E42|EVT:E9
1.0,EVT:E37|EVT:E42|EVT:E9
1.0,EVT:E36|EVT:E42|EVT:E9
1.0,EVT:E35|EVT:E42|EVT:E9
1.0,EVT:E34|EVT:E42|EVT:E9
1.0,EVT:E33|EVT:E42|EVT:E9
1.0,EVT:E32|EVT:E42|EVT:E9
1.0,EVT:E31|EVT:E42|EVT:E9
1.0,EVT:E30|EVT:E42|EVT:E9
1.0,EVT:E3|EVT:E42|EVT:E9
1.0,EVT:E28|EVT:E42|EVT:E9
1.0,EVT:E27|EVT:E42|EVT:E9
1.0,EVT:E25|EVT:E42|EVT:E9
1.0,EVT:E26|EVT:E42|EVT:E9
1.0,EVT:E24|EVT:E42|EVT:E9
1.0,EVT:E23|EVT:E42|EVT:E9
1.0,EVT:E2|EVT:E42|EVT:E9
1.0,EVT:E22|EVT:E42|EVT:E9
1.0,EVT:E21|EVT:E42|EVT:E9
1.0,EVT:E20|EVT:E42|EVT:E9
1.0,EVT:E18|EVT:E42|EVT:E9
1.0,EVT:E19|EVT:E42|EVT:E9
1.0,EVT:E17|EVT:E42|EVT:E9
1.0,EVT:E16|EVT:E42|EVT:E9
1.0,COMP:wsgi_server|EVT:E42|EVT:E9
1.0,EVT:E15|EVT:E42|EVT:E9
1.0,EVT:E14|EVT:E42|EVT:E9
1.0,EVT:E13|EVT:E42|EVT:E9
1.0,EVT:E12|EVT:E42|EVT:E9
1.0,EVT:E11|EVT:E42|EVT:E9
1.0,EVT:E10|EVT:E42|EVT:E9
1.0,EVT:E1|EVT:E42|EVT:E9
1.0,COMP:compute_server_external_events|EVT:E42|EVT:E9
1.0,COMP:openstack_wsgi|EVT:E42|EVT:E9
1.0,COMP:libvirt_imagecache|EVT:E42|EVT:E9
1.0,COMP:libvirt_driver|EVT:E42|EVT:E9
1.0,COMP:compute_manager|EVT:E42|EVT:E9
1.0,COMP:compute_resource_tracker|EVT:E42|EVT:E9
1.0,COMP:compute_claims|EVT:E42|EVT:E9
0.6,EVT:E29|EVT:E42|EVT:E9
1.0,EVT:E4|EVT:E41|EVT:E9
1.0,EVT:E37|EVT:E41|EVT:E9
1.0,EVT:E36|EVT:E41|EVT:E9
1.0,EVT:E35|EVT:E41|EVT:E9
1.0,EVT:E34|EVT:E41|EVT:E9
1.0,EVT:E33|EVT:E41|EVT:E9
1.0,EVT:E32|EVT:E41|EVT:E9
1.0,EVT:E31|EVT:E41|EVT:E9
1.0,EVT:E30|EVT:E41|EVT:E9
1.0,EVT:E3|EVT:E41|EVT:E9
1.0,EVT:E28|EVT:E41|EVT:E9
1.0,EVT:E27|EVT:E41|EVT:E9
1.0,EVT:E25|EVT:E41|EVT:E9
1.0,EVT:E26|EVT:E41|EVT:E9
1.0,EVT:E24|EVT:E41|EVT:E9
1.0,EVT:E23|EVT:E41|EVT:E9
1.0,EVT:E2|EVT:E41|EVT:E9
1.0,EVT:E22|EVT:E41|EVT:E9
1.0,EVT:E21|EVT:E41|EVT:E9
1.0,EVT:E20|EVT:E41|EVT:E9
1.0,EVT:E18|EVT:E41|EVT:E9
1.0,EVT:E19|EVT:E41|EVT:E9
1.0,EVT:E17|EVT:E41|EVT:E9
1.0,EVT:E16|EVT:E41|EVT:E9
1.0,COMP:wsgi_server|EVT:E41|EVT:E9
1.0,EVT:E15|EVT:E41|EVT:E9
1.0,EVT:E14|EVT:E41|EVT:E9
1.0,EVT:E13|EVT:E41|EVT:E9
1.0,EVT:E12|EVT:E41|EVT:E9
1.0,EVT:E11|EVT:E41|EVT:E9
1.0,EVT:E10|EVT:E41|EVT:E9
1.0,EVT:E1|EVT:E41|EVT:E9
1.0,COMP:compute_server_external_events|EVT:E41|EVT:E9
1.0,COMP:openstack_wsgi|EVT:E41|EVT:E9
1.0,COMP:libvirt_imagecache|EVT:E41|EVT:E9
1.0,COMP:libvirt_driver|EVT:E41|EVT:E9
1.0,COMP:compute_manager|EVT:E41|EVT:E9
1.0,COMP:compute_resource_tracker|EVT:E41|EVT:E9
1.0,COMP:compute_claims|EVT:E41|EVT:E9
0.6,EVT:E29|EVT:E41|EVT:E9
1.0,EVT:E37|EVT:E4|EVT:E9
1.0,EVT:E36|EVT:E4|EVT:E9
1.0,EVT:E35|EVT:E4|EVT:E9
1.0,EVT:E34|EVT:E4|EVT:E9
1.0,EVT:E33|EVT:E4|EVT:E9
1.0,EVT:E32|EVT:E4|EVT:E9
1.0,EVT:E31|EVT:E4|EVT:E9
1.0,EVT:E30|EVT:E4|EVT:E9
1.0,EVT:E3|EVT:E4|EVT:E9
1.0,EVT:E28|EVT:E4|EVT:E9
1.0,EVT:E27|EVT:E4|EVT:E9
1.0,EVT:E25|EVT:E4|EVT:E9
1.0,EVT:E26|EVT:E4|EVT:E9
1.0,EVT:E24|EVT:E4|EVT:E9
1.0,EVT:E23|EVT:E4|EVT:E9
1.0,EVT:E2|EVT:E4|EVT:E9
1.0,EVT:E22|EVT:E4|EVT:E9
1.0,EVT:E21|EVT:E4|EVT:E9
1.0,EVT:E20|EVT:E4|EVT:E9
1.0,EVT:E18|EVT:E4|EVT:E9
1.0,EVT:E19|EVT:E4|EVT:E9
1.0,EVT:E17|EVT:E4|EVT:E9
1.0,EVT:E16|EVT:E4|EVT:E9
1.0,COMP:wsgi_server|EVT:E4|EVT:E9
1.0,EVT:E15|EVT:E4|EVT:E9
1.0,EVT:E14|EVT:E4|EVT:E9
1.0,EVT:E13|EVT:E4|EVT:E9
1.0,EVT:E12|EVT:E4|EVT:E9
1.0,EVT:E11|EVT:E4|EVT:E9
1.0,EVT:E10|EVT:E4|EVT:E9
1.0,EVT:E1|EVT:E4|EVT:E9
1.0,COMP:compute_server_external_events|EVT:E4|EVT:E9
1.0,COMP:openstack_wsgi|EVT:E4|EVT:E9
1.0,COMP:libvirt_imagecache|EVT:E4|EVT:E9
1.0,COMP:libvirt_driver|EVT:E4|EVT:E9
1.0,COMP:compute_manager|EVT:E4|EVT:E9
1.0,COMP:compute_resource_tracker|EVT:E4|EVT:E9
1.0,COMP:compute_claims|EVT:E4|EVT:E9
0.6,EVT:E29|EVT:E4|EVT:E9
1.0,EVT:E36|EVT:E37|EVT:E9
1.0,EVT:E35|EVT:E37|EVT:E9
1.0,EVT:E34|EVT:E37|EVT:E9
1.0,EVT:E33|EVT:E37|EVT:E9
1.0,EVT:E32|EVT:E37|EVT:E9
1.0,EVT:E31|EVT:E37|EVT:E9
1.0,EVT:E30|EVT:E37|EVT:E9
1.0,EVT:E3|EVT:E37|EVT:E9
1.0,EVT:E28|EVT:E37|EVT:E9
1.0,EVT:E27|EVT:E37|EVT:E9
1.0,EVT:E25|EVT:E37|EVT:E9
1.0,EVT:E26|EVT:E37|EVT:E9
1.0,EVT:E24|EVT:E37|EVT:E9
1.0,EVT:E23|EVT:E37|EVT:E9
1.0,EVT:E2|EVT:E37|EVT:E9
1.0,EVT:E22|EVT:E37|EVT:E9
1.0,EVT:E21|EVT:E37|EVT:E9
1.0,EVT:E20|EVT:E37|EVT:E9
1.0,EVT:E18|EVT:E37|EVT:E9
1.0,EVT:E19|EVT:E37|EVT:E9
1.0,EVT:E17|EVT:E37|EVT:E9
1.0,EVT:E16|EVT:E37|EVT:E9
1.0,COMP:wsgi_server|EVT:E37|EVT:E9
1.0,EVT:E15|EVT:E37|EVT:E9
1.0,EVT:E14|EVT:E37|EVT:E9
1.0,EVT:E13|EVT:E37|EVT:E9
1.0,EVT:E12|EVT:E37|EVT:E9
1.0,EVT:E11|EVT:E37|EVT:E9
1.0,EVT:E10|EVT:E37|EVT:E9
1.0,EVT:E1|EVT:E37|EVT:E9
1.0,COMP:compute_server_external_events|EVT:E37|EVT:E9
1.0,COMP:openstack_wsgi|EVT:E37|EVT:E9
1.0,COMP:libvirt_imagecache|EVT:E37|EVT:E9
1.0,COMP:libvirt_driver|EVT:E37|EVT:E9
1.0,COMP:compute_manager|EVT:E37|EVT:E9
1.0,COMP:compute_resource_tracker|EVT:E37|EVT:E9
1.0,COMP:compute_claims|EVT:E37|EVT:E9
0.6,EVT:E29|EVT:E37|EVT:E9
1.0,EVT:E35|EVT:E36|EVT:E9
1.0,EVT:E34|EVT:E36|EVT:E9
1.0,EVT:E33|EVT:E36|EVT:E9
1.0,EVT:E32|EVT:E36|EVT:E9
1.0,EVT:E31|EVT:E36|EVT:E9
1.0,EVT:E30|EVT:E36|EVT:E9
1.0,EVT:E3|EVT:E36|EVT:E9
1.0,EVT:E28|EVT:E36|EVT:E9
1.0,EVT:E27|EVT:E36|EVT:E9
1.0,EVT:E25|EVT:E36|EVT:E9
1.0,EVT:E26|EVT:E36|EVT:E9
1.0,EVT:E24|EVT:E36|EVT:E9
1.0,EVT:E23|EVT:E36|EVT:E9
1.0,EVT:E2|EVT:E36|EVT:E9
1.0,EVT:E22|EVT:E36|EVT:E9
1.0,EVT:E21|EVT:E36|EVT:E9
1.0,EVT:E20|EVT:E36|EVT:E9
1.0,EVT:E18|EVT:E36|EVT:E9
1.0,EVT:E19|EVT:E36|EVT:E9
1.0,EVT:E17|EVT:E36|EVT:E9
1.0,EVT:E16|EVT:E36|EVT:E9
1.0,COMP:wsgi_server|EVT:E36|EVT:E9
1.0,EVT:E15|EVT:E36|EVT:E9
1.0,EVT:E14|EVT:E36|EVT:E9
1.0,EVT:E13|EVT:E36|EVT:E9
1.0,EVT:E12|EVT:E36|EVT:E9
1.0,EVT:E11|EVT:E36|EVT:E9
1.0,EVT:E10|EVT:E36|EVT:E9
1.0,EVT:E1|EVT:E36|EVT:E9
1.0,COMP:compute_server_external_events|EVT:E36|EVT:E9
1.0,COMP:openstack_wsgi|EVT:E36|EVT:E9
1.0,COMP:libvirt_imagecache|EVT:E36|EVT:E9
1.0,COMP:libvirt_driver|EVT:E36|EVT:E9
1.0,COMP:compute_manager|EVT:E36|EVT:E9
1.0,COMP:compute_resource_tracker|EVT:E36|EVT:E9
1.0,COMP:compute_claims|EVT:E36|EVT:E9
0.6,EVT:E29|EVT:E36|EVT:E9
1.0,EVT:E34|EVT:E35|EVT:E9
1.0,EVT:E33|EVT:E35|EVT:E9
1.0,EVT:E32|EVT:E35|EVT:E9
1.0,EVT:E31|EVT:E35|EVT:E9
1.0,EVT:E30|EVT:E35|EVT:E9
1.0,EVT:E3|EVT:E35|EVT:E9
1.0,EVT:E28|EVT:E35|EVT:E9
1.0,EVT:E27|EVT:E35|EVT:E9
1.0,EVT:E25|EVT:E35|EVT:E9
1.0,EVT:E26|EVT:E35|EVT:E9
1.0,EVT:E24|EVT:E35|EVT:E9
1.0,EVT:E23|EVT:E35|EVT:E9
1.0,EVT:E2|EVT:E35|EVT:E9
1.0,EVT:E22|EVT:E35|EVT:E9
1.0,EVT:E21|EVT:E35|EVT:E9
1.0,EVT:E20|EVT:E35|EVT:E9
1.0,EVT:E18|EVT:E35|EVT:E9
1.0,EVT:E19|EVT:E35|EVT:E9
1.0,EVT:E17|EVT:E35|EVT:E9
1.0,EVT:E16|EVT:E35|EVT:E9
1.0,COMP:wsgi_server|EVT:E35|EVT:E9
1.0,EVT:E15|EVT:E35|EVT:E9
1.0,EVT:E14|EVT:E35|EVT:E9
1.0,EVT:E13|EVT:E35|EVT:E9
1.0,EVT:E12|EVT:E35|EVT:E9
1.0,EVT:E11|EVT:E35|EVT:E9
1.0,EVT:E10|EVT:E35|EVT:E9
1.0,EVT:E1|EVT:E35|EVT:E9
1.0,COMP:compute_server_external_events|EVT:E35|EVT:E9
1.0,COMP:openstack_wsgi|EVT:E35|EVT:E9
1.0,COMP:libvirt_imagecache|EVT:E35|EVT:E9
1.0,COMP:libvirt_driver|EVT:E35|EVT:E9
1.0,COMP:compute_manager|EVT:E35|EVT:E9
1.0,COMP:compute_resource_tracker|EVT:E35|EVT:E9
1.0,COMP:compute_claims|EVT:E35|EVT:E9
0.6,EVT:E29|EVT:E35|EVT:E9
1.0,EVT:E33|EVT:E34|EVT:E9
1.0,EVT:E32|EVT:E34|EVT:E9
1.0,EVT:E31|EVT:E34|EVT:E9
1.0,EVT:E30|EVT:E34|EVT:E9
1.0,EVT:E3|EVT:E34|EVT:E9
1.0,EVT:E28|EVT:E34|EVT:E9
1.0,EVT:E27|EVT:E34|EVT:E9
1.0,EVT:E25|EVT:E34|EVT:E9
1.0,EVT:E26|EVT:E34|EVT:E9
1.0,EVT:E24|EVT:E34|EVT:E9
1.0,EVT:E23|EVT:E34|EVT:E9
1.0,EVT:E2|EVT:E34|EVT:E9
1.0,EVT:E22|EVT:E34|EVT:E9
1.0,EVT:E21|EVT:E34|EVT:E9
1.0,EVT:E20|EVT:E34|EVT:E9
1.0,EVT:E18|EVT:E34|EVT:E9
1.0,EVT:E19|EVT:E34|EVT:E9
1.0,EVT:E17|EVT:E34|EVT:E9
1.0,EVT:E16|EVT:E34|EVT:E9
1.0,COMP:wsgi_server|EVT:E34|EVT:E9
1.0,EVT:E15|EVT:E34|EVT:E9
1.0,EVT:E14|EVT:E34|EVT:E9
1.0,EVT:E13|EVT:E34|EVT:E9
1.0,EVT:E12|EVT:E34|EVT:E9
1.0,EVT:E11|EVT:E34|EVT:E9
1.0,EVT:E10|EVT:E34|EVT:E9
1.0,EVT:E1|EVT:E34|EVT:E9
1.0,COMP:compute_server_external_events|EVT:E34|EVT:E9
1.0,COMP:openstack_wsgi|EVT:E34|EVT:E9
1.0,COMP:libvirt_imagecache|EVT:E34|EVT:E9
1.0,COMP:libvirt_driver|EVT:E34|EVT:E9
1.0,COMP:compute_manager|EVT:E34|EVT:E9
1.0,COMP:compute_resource_tracker|EVT:E34|EVT:E9
1.0,COMP:compute_claims|EVT:E34|EVT:E9
0.6,EVT:E29|EVT:E34|EVT:E9
1.0,EVT:E32|EVT:E33|EVT:E9
1.0,EVT:E31|EVT:E33|EVT:E9
1.0,EVT:E30|EVT:E33|EVT:E9
1.0,EVT:E3|EVT:E33|EVT:E9
1.0,EVT:E28|EVT:E33|EVT:E9
1.0,EVT:E27|EVT:E33|EVT:E9
1.0,EVT:E25|EVT:E33|EVT:E9
1.0,EVT:E26|EVT:E33|EVT:E9
1.0,EVT:E24|EVT:E33|EVT:E9
1.0,EVT:E23|EVT:E33|EVT:E9
1.0,EVT:E2|EVT:E33|EVT:E9
1.0,EVT:E22|EVT:E33|EVT:E9
1.0,EVT:E21|EVT:E33|EVT:E9
1.0,EVT:E20|EVT:E33|EVT:E9
1.0,EVT:E18|EVT:E33|EVT:E9
1.0,EVT:E19|EVT:E33|EVT:E9
1.0,EVT:E17|EVT:E33|EVT:E9
1.0,EVT:E16|EVT:E33|EVT:E9
1.0,COMP:wsgi_server|EVT:E33|EVT:E9
1.0,EVT:E15|EVT:E33|EVT:E9
1.0,EVT:E14|EVT:E33|EVT:E9
1.0,EVT:E13|EVT:E33|EVT:E9
1.0,EVT:E12|EVT:E33|EVT:E9
1.0,EVT:E11|EVT:E33|EVT:E9
1.0,EVT:E10|EVT:E33|EVT:E9
1.0,EVT:E1|EVT:E33|EVT:E9
1.0,COMP:compute_server_external_events|EVT:E33|EVT:E9
1.0,COMP:openstack_wsgi|EVT:E33|EVT:E9
1.0,COMP:libvirt_imagecache|EVT:E33|EVT:E9
1.0,COMP:libvirt_driver|EVT:E33|EVT:E9
1.0,COMP:compute_manager|EVT:E33|EVT:E9
1.0,COMP:compute_resource_tracker|EVT:E33|EVT:E9
1.0,COMP:compute_claims|EVT:E33|EVT:E9
0.6,EVT:E29|EVT:E33|EVT:E9
1.0,EVT:E31|EVT:E32|EVT:E9
1.0,EVT:E30|EVT:E32|EVT:E9
1.0,EVT:E3|EVT:E32|EVT:E9
1.0,EVT:E28|EVT:E32|EVT:E9
1.0,EVT:E27|EVT:E32|EVT:E9
1.0,EVT:E25|EVT:E32|EVT:E9
1.0,EVT:E26|EVT:E32|EVT:E9
1.0,EVT:E24|EVT:E32|EVT:E9
1.0,EVT:E23|EVT:E32|EVT:E9
1.0,EVT:E2|EVT:E32|EVT:E9
1.0,EVT:E22|EVT:E32|EVT:E9
1.0,EVT:E21|EVT:E32|EVT:E9
1.0,EVT:E20|EVT:E32|EVT:E9
1.0,EVT:E18|EVT:E32|EVT:E9
1.0,EVT:E19|EVT:E32|EVT:E9
1.0,EVT:E17|EVT:E32|EVT:E9
1.0,EVT:E16|EVT:E32|EVT:E9
1.0,COMP:wsgi_server|EVT:E32|EVT:E9
1.0,EVT:E15|EVT:E32|EVT:E9
1.0,EVT:E14|EVT:E32|EVT:E9
1.0,EVT:E13|EVT:E32|EVT:E9
1.0,EVT:E12|EVT:E32|EVT:E9
1.0,EVT:E11|EVT:E32|EVT:E9
1.0,EVT:E10|EVT:E32|EVT:E9
1.0,EVT:E1|EVT:E32|EVT:E9
1.0,COMP:compute_server_external_events|EVT:E32|EVT:E9
1.0,COMP:openstack_wsgi|EVT:E32|EVT:E9
1.0,COMP:libvirt_imagecache|EVT:E32|EVT:E9
1.0,COMP:libvirt_driver|EVT:E32|EVT:E9
1.0,COMP:compute_manager|EVT:E32|EVT:E9
1.0,COMP:compute_resource_tracker|EVT:E32|EVT:E9
1.0,COMP:compute_claims|EVT:E32|EVT:E9
0.6,EVT:E29|EVT:E32|EVT:E9
1.0,EVT:E30|EVT:E31|EVT:E9
1.0,EVT:E3|EVT:E31|EVT:E9
1.0,EVT:E28|EVT:E31|EVT:E9
1.0,EVT:E27|EVT:E31|EVT:E9
1.0,EVT:E25|EVT:E31|EVT:E9
1.0,EVT:E26|EVT:E31|EVT:E9
1.0,EVT:E24|EVT:E31|EVT:E9
1.0,EVT:E23|EVT:E31|EVT:E9
1.0,EVT:E2|EVT:E31|EVT:E9
1.0,EVT:E22|EVT:E31|EVT:E9
1.0,EVT:E21|EVT:E31|EVT:E9
1.0,EVT:E20|EVT:E31|EVT:E9
1.0,EVT:E18|EVT:E31|EVT:E9
1.0,EVT:E19|EVT:E31|EVT:E9
1.0,EVT:E17|EVT:E31|EVT:E9
1.0,EVT:E16|EVT:E31|EVT:E9
1.0,COMP:wsgi_server|EVT:E31|EVT:E9
1.0,EVT:E15|EVT:E31|EVT:E9
1.0,EVT:E14|EVT:E31|EVT:E9
1.0,EVT:E13|EVT:E31|EVT:E9
1.0,EVT:E12|EVT:E31|EVT:E9
1.0,EVT:E11|EVT:E31|EVT:E9
1.0,EVT:E10|EVT:E31|EVT:E9
1.0,EVT:E1|EVT:E31|EVT:E9
1.0,COMP:compute_server_external_events|EVT:E31|EVT:E9
1.0,COMP:openstack_wsgi|EVT:E31|EVT:E9
1.0,COMP:libvirt_imagecache|EVT:E31|EVT:E9
1.0,COMP:libvirt_driver|EVT:E31|EVT:E9
1.0,COMP:compute_manager|EVT:E31|EVT:E9
1.0,COMP:compute_resource_tracker|EVT:E31|EVT:E9
1.0,COMP:compute_claims|EVT:E31|EVT:E9
0.6,EVT:E29|EVT:E31|EVT:E9
1.0,EVT:E3|EVT:E30|EVT:E9
1.0,EVT:E28|EVT:E30|EVT:E9
1.0,EVT:E27|EVT:E30|EVT:E9
1.0,EVT:E25|EVT:E30|EVT:E9
1.0,EVT:E26|EVT:E30|EVT:E9
1.0,EVT:E24|EVT:E30|EVT:E9
1.0,EVT:E23|EVT:E30|EVT:E9
1.0,EVT:E2|EVT:E30|EVT:E9
1.0,EVT:E22|EVT:E30|EVT:E9
1.0,EVT:E21|EVT:E30|EVT:E9
1.0,EVT:E20|EVT:E30|EVT:E9
1.0,EVT:E18|EVT:E30|EVT:E9
1.0,EVT:E19|EVT:E30|EVT:E9
1.0,EVT:E17|EVT:E30|EVT:E9
1.0,EVT:E16|EVT:E30|EVT:E9
1.0,COMP:wsgi_server|EVT:E30|EVT:E9
1.0,EVT:E15|EVT:E30|EVT:E9
1.0,EVT:E14|EVT:E30|EVT:E9
1.0,EVT:E13|EVT:E30|EVT:E9
1.0,EVT:E12|EVT:E30|EVT:E9
1.0,EVT:E11|EVT:E30|EVT:E9
1.0,EVT:E10|EVT:E30|EVT:E9
1.0,EVT:E1|EVT:E30|EVT:E9
1.0,COMP:compute_server_external_events|EVT:E30|EVT:E9
1.0,COMP:openstack_wsgi|EVT:E30|EVT:E9
1.0,COMP:libvirt_imagecache|EVT:E30|EVT:E9
1.0,COMP:libvirt_driver|EVT:E30|EVT:E9
1.0,COMP:compute_manager|EVT:E30|EVT:E9
1.0,COMP:compute_resource_tracker|EVT:E30|EVT:E9
1.0,COMP:compute_claims|EVT:E30|EVT:E9
0.6,EVT:E29|EVT:E30|EVT:E9
1.0,EVT:E28|EVT:E3|EVT:E9
1.0,EVT:E27|EVT:E3|EVT:E9
1.0,EVT:E25|EVT:E3|EVT:E9
1.0,EVT:E26|EVT:E3|EVT:E9
1.0,EVT:E24|EVT:E3|EVT:E9
1.0,EVT:E23|EVT:E3|EVT:E9
1.0,EVT:E2|EVT:E3|EVT:E9
1.0,EVT:E22|EVT:E3|EVT:E9
1.0,EVT:E21|EVT:E3|EVT:E9
1.0,EVT:E20|EVT:E3|EVT:E9
1.0,EVT:E18|EVT:E3|EVT:E9
1.0,EVT:E19|EVT:E3|EVT:E9
1.0,EVT:E17|EVT:E3|EVT:E9
1.0,EVT:E16|EVT:E3|EVT:E9
1.0,COMP:wsgi_server|EVT:E3|EVT:E9
1.0,EVT:E15|EVT:E3|EVT:E9
1.0,EVT:E14|EVT:E3|EVT:E9
1.0,EVT:E13|EVT:E3|EVT:E9
1.0,EVT:E12|EVT:E3|EVT:E9
1.0,EVT:E11|EVT:E3|EVT:E9
1.0,EVT:E10|EVT:E3|EVT:E9
1.0,EVT:E1|EVT:E3|EVT:E9
1.0,COMP:compute_server_external_events|EVT:E3|EVT:E9
1.0,COMP:openstack_wsgi|EVT:E3|EVT:E9
1.0,COMP:libvirt_imagecache|EVT:E3|EVT:E9
1.0,COMP:libvirt_driver|EVT:E3|EVT:E9
1.0,COMP:compute_manager|EVT:E3|EVT:E9
1.0,COMP:compute_resource_tracker|EVT:E3|EVT:E9
1.0,COMP:compute_claims|EVT:E3|EVT:E9
0.6,EVT:E29|EVT:E3|EVT:E9
1.0,EVT:E27|EVT:E28|EVT:E9
1.0,EVT:E25|EVT:E28|EVT:E9
1.0,EVT:E26|EVT:E28|EVT:E9
1.0,EVT:E24|EVT:E28|EVT:E9
1.0,EVT:E23|EVT:E28|EVT:E9
1.0,EVT:E2|EVT:E28|EVT:E9
1.0,EVT:E22|EVT:E28|EVT:E9
1.0,EVT:E21|EVT:E28|EVT:E9
1.0,EVT:E20|EVT:E28|EVT:E9
1.0,EVT:E18|EVT:E28|EVT:E9
1.0,EVT:E19|EVT:E28|EVT:E9
1.0,EVT:E17|EVT:E28|EVT:E9
1.0,EVT:E16|EVT:E28|EVT:E9
1.0,COMP:wsgi_server|EVT:E28|EVT:E9
1.0,EVT:E15|EVT:E28|EVT:E9
1.0,EVT:E14|EVT:E28|EVT:E9
1.0,EVT:E13|EVT:E28|EVT:E9
1.0,EVT:E12|EVT:E28|EVT:E9
1.0,EVT:E11|EVT:E28|EVT:E9
1.0,EVT:E10|EVT:E28|EVT:E9
1.0,EVT:E1|EVT:E28|EVT:E9
1.0,COMP:compute_server_external_events|EVT:E28|EVT:E9
1.0,COMP:openstack_wsgi|EVT:E28|EVT:E9
1.0,COMP:libvirt_imagecache|EVT:E28|EVT:E9
1.0,COMP:libvirt_driver|EVT:E28|EVT:E9
1.0,COMP:compute_manager|EVT:E28|EVT:E9
1.0,COMP:compute_resource_tracker|EVT:E28|EVT:E9
1.0,COMP:compute_claims|EVT:E28|EVT:E9
0.6,EVT:E28|EVT:E29|EVT:E9
1.0,EVT:E25|EVT:E27|EVT:E9
1.0,EVT:E26|EVT:E27|EVT:E9
1.0,EVT:E24|EVT:E27|EVT:E9
1.0,EVT:E23|EVT:E27|EVT:E9
1.0,EVT:E2|EVT:E27|EVT:E9
1.0,EVT:E22|EVT:E27|EVT:E9
1.0,EVT:E21|EVT:E27|EVT:E9
1.0,EVT:E20|EVT:E27|EVT:E9
1.0,EVT:E18|EVT:E27|EVT:E9
1.0,EVT:E19|EVT:E27|EVT:E9
1.0,EVT:E17|EVT:E27|EVT:E9
1.0,EVT:E16|EVT:E27|EVT:E9
1.0,COMP:wsgi_server|EVT:E27|EVT:E9
1.0,EVT:E15|EVT:E27|EVT:E9
1.0,EVT:E14|EVT:E27|EVT:E9
1.0,EVT:E13|EVT:E27|EVT:E9
1.0,EVT:E12|EVT:E27|EVT:E9
1.0,EVT:E11|EVT:E27|EVT:E9
1.0,EVT:E10|EVT:E27|EVT:E9
1.0,EVT:E1|EVT:E27|EVT:E9
1.0,COMP:compute_server_external_events|EVT:E27|EVT:E9
1.0,COMP:openstack_wsgi|EVT:E27|EVT:E9
1.0,COMP:libvirt_imagecache|EVT:E27|EVT:E9
1.0,COMP:libvirt_driver|EVT:E27|EVT:E9
1.0,COMP:compute_manager|EVT:E27|EVT:E9
1.0,COMP:compute_resource_tracker|EVT:E27|EVT:E9
1.0,COMP:compute_claims|EVT:E27|EVT:E9
0.6,EVT:E27|EVT:E29|EVT:E9
1.0,EVT:E25|EVT:E26|EVT:E9
1.0,EVT:E24|EVT:E25|EVT:E9
1.0,EVT:E23|EVT:E25|EVT:E9
1.0,EVT:E2|EVT:E25|EVT:E9
1.0,EVT:E22|EVT:E25|EVT:E9
1.0,EVT:E21|EVT:E25|EVT:E9
1.0,EVT:E20|EVT:E25|EVT:E9
1.0,EVT:E18|EVT:E25|EVT:E9
1.0,EVT:E19|EVT:E25|EVT:E9
1.0,EVT:E17|EVT:E25|EVT:E9
1.0,EVT:E16|EVT:E25|EVT:E9
1.0,COMP:wsgi_server|EVT:E25|EVT:E9
1.0,EVT:E15|EVT:E25|EVT:E9
1.0,EVT:E14|EVT:E25|EVT:E9
1.0,EVT:E13|EVT:E25|EVT:E9
1.0,EVT:E12|EVT:E25|EVT:E9
1.0,EVT:E11|EVT:E25|EVT:E9
1.0,EVT:E10|EVT:E25|EVT:E9
1.0,EVT:E1|EVT:E25|EVT:E9
1.0,COMP:compute_server_external_events|EVT:E25|EVT:E9
1.0,COMP:openstack_wsgi|EVT:E25|EVT:E9
1.0,COMP:libvirt_imagecache|EVT:E25|EVT:E9
1.0,COMP:libvirt_driver|EVT:E25|EVT:E9
1.0,COMP:compute_manager|EVT:E25|EVT:E9
1.0,COMP:compute_resource_tracker|EVT:E25|EVT:E9
1.0,COMP:compute_claims|EVT:E25|EVT:E9
0.6,EVT:E25|EVT:E29|EVT:E9
1.0,EVT:E24|EVT:E26|EVT:E9
1.0,EVT:E23|EVT:E26|EVT:E9
1.0,EVT:E2|EVT:E26|EVT:E9
1.0,EVT:E22|EVT:E26|EVT:E9
1.0,EVT:E21|EVT:E26|EVT:E9
1.0,EVT:E20|EVT:E26|EVT:E9
1.0,EVT:E18|EVT:E26|EVT:E9
1.0,EVT:E19|EVT:E26|EVT:E9
1.0,EVT:E17|EVT:E26|EVT:E9
1.0,EVT:E16|EVT:E26|EVT:E9
1.0,COMP:wsgi_server|EVT:E26|EVT:E9
1.0,EVT:E15|EVT:E26|EVT:E9
1.0,EVT:E14|EVT:E26|EVT:E9
1.0,EVT:E13|EVT:E26|EVT:E9
1.0,EVT:E12|EVT:E26|EVT:E9
1.0,EVT:E11|EVT:E26|EVT:E9
1.0,EVT:E10|EVT:E26|EVT:E9
1.0,EVT:E1|EVT:E26|EVT:E9
1.0,COMP:compute_server_external_events|EVT:E26|EVT:E9
1.0,COMP:openstack_wsgi|EVT:E26|EVT:E9
1.0,COMP:libvirt_imagecache|EVT:E26|EVT:E9
1.0,COMP:libvirt_driver|EVT:E26|EVT:E9
1.0,COMP:compute_manager|EVT:E26|EVT:E9
1.0,COMP:compute_resource_tracker|EVT:E26|EVT:E9
1.0,COMP:compute_claims|EVT:E26|EVT:E9
0.6,EVT:E26|EVT:E29|EVT:E9
1.0,EVT:E23|EVT:E24|EVT:E9
1.0,EVT:E2|EVT:E24|EVT:E9
1.0,EVT:E22|EVT:E24|EVT:E9
1.0,EVT:E21|EVT:E24|EVT:E9
1.0,EVT:E20|EVT:E24|EVT:E9
1.0,EVT:E18|EVT:E24|EVT:E9
1.0,EVT:E19|EVT:E24|EVT:E9
1.0,EVT:E17|EVT:E24|EVT:E9
1.0,EVT:E16|EVT:E24|EVT:E9
1.0,COMP:wsgi_server|EVT:E24|EVT:E9
1.0,EVT:E15|EVT:E24|EVT:E9
1.0,EVT:E14|EVT:E24|EVT:E9
1.0,EVT:E13|EVT:E24|EVT:E9
1.0,EVT:E12|EVT:E24|EVT:E9
1.0,EVT:E11|EVT:E24|EVT:E9
1.0,EVT:E10|EVT:E24|EVT:E9
1.0,EVT:E1|EVT:E24|EVT:E9
1.0,COMP:compute_server_external_events|EVT:E24|EVT:E9
1.0,COMP:openstack_wsgi|EVT:E24|EVT:E9
1.0,COMP:libvirt_imagecache|EVT:E24|EVT:E9
1.0,COMP:libvirt_driver|EVT:E24|EVT:E9
1.0,COMP:compute_manager|EVT:E24|EVT:E9
1.0,COMP:compute_resource_tracker|EVT:E24|EVT:E9
1.0,COMP:compute_claims|EVT:E24|EVT:E9
0.6,EVT:E24|EVT:E29|EVT:E9
1.0,EVT:E2|EVT:E23|EVT:E9
1.0,EVT:E22|EVT:E23|EVT:E9
1.0,EVT:E21|EVT:E23|EVT:E9
1.0,EVT:E20|EVT:E23|EVT:E9
1.0,EVT:E18|EVT:E23|EVT:E9
1.0,EVT:E19|EVT:E23|EVT:E9
1.0,EVT:E17|EVT:E23|EVT:E9
1.0,EVT:E16|EVT:E23|EVT:E9
1.0,COMP:wsgi_server|EVT:E23|EVT:E9
1.0,EVT:E15|EVT:E23|EVT:E9
1.0,EVT:E14|EVT:E23|EVT:E9
1.0,EVT:E13|EVT:E23|EVT:E9
1.0,EVT:E12|EVT:E23|EVT:E9
1.0,EVT:E11|EVT:E23|EVT:E9
1.0,EVT:E10|EVT:E23|EVT:E9
1.0,EVT:E1|EVT:E23|EVT:E9
1.0,COMP:compute_server_external_events|EVT:E23|EVT:E9
1.0,COMP:openstack_wsgi|EVT:E23|EVT:E9
1.0,COMP:libvirt_imagecache|EVT:E23|EVT:E9
1.0,COMP:libvirt_driver|EVT:E23|EVT:E9
1.0,COMP:compute_manager|EVT:E23|EVT:E9
1.0,COMP:compute_resource_tracker|EVT:E23|EVT:E9
1.0,COMP:compute_claims|EVT:E23|EVT:E9
0.6,EVT:E23|EVT:E29|EVT:E9
1.0,EVT:E2|EVT:E22|EVT:E9
1.0,EVT:E2|EVT:E21|EVT:E9
1.0,EVT:E2|EVT:E20|EVT:E9
1.0,EVT:E18|EVT:E2|EVT:E9
1.0,EVT:E19|EVT:E2|EVT:E9
1.0,EVT:E17|EVT:E2|EVT:E9
1.0,EVT:E16|EVT:E2|EVT:E9
1.0,COMP:wsgi_server|EVT:E2|EVT:E9
1.0,EVT:E15|EVT:E2|EVT:E9
1.0,EVT:E14|EVT:E2|EVT:E9
1.0,EVT:E13|EVT:E2|EVT:E9
1.0,EVT:E12|EVT:E2|EVT:E9
1.0,EVT:E11|EVT:E2|EVT:E9
1.0,EVT:E10|EVT:E2|EVT:E9
1.0,EVT:E1|EVT:E2|EVT:E9
1.0,COMP:compute_server_external_events|EVT:E2|EVT:E9
1.0,COMP:openstack_wsgi|EVT:E2|EVT:E9
1.0,COMP:libvirt_imagecache|EVT:E2|EVT:E9
1.0,COMP:libvirt_driver|EVT:E2|EVT:E9
1.0,COMP:compute_manager|EVT:E2|EVT:E9
1.0,COMP:compute_resource_tracker|EVT:E2|EVT:E9
1.0,COMP:compute_claims|EVT:E2|EVT:E9
0.6,EVT:E2|EVT:E29|EVT:E9
1.0,EVT:E21|EVT:E22|EVT:E9
1.0,EVT:E20|EVT:E22|EVT:E9
1.0,EVT:E18|EVT:E22|EVT:E9
1.0,EVT:E19|EVT:E22|EVT:E9
1.0,EVT:E17|EVT:E22|EVT:E9
1.0,EVT:E16|EVT:E22|EVT:E9
1.0,COMP:wsgi_server|EVT:E22|EVT:E9
1.0,EVT:E15|EVT:E22|EVT:E9
1.0,EVT:E14|EVT:E22|EVT:E9
1.0,EVT:E13|EVT:E22|EVT:E9
1.0,EVT:E12|EVT:E22|EVT:E9
1.0,EVT:E11|EVT:E22|EVT:E9
1.0,EVT:E10|EVT:E22|EVT:E9
1.0,EVT:E1|EVT:E22|EVT:E9
1.0,COMP:compute_server_external_events|EVT:E22|EVT:E9
1.0,COMP:openstack_wsgi|EVT:E22|EVT:E9
1.0,COMP:libvirt_imagecache|EVT:E22|EVT:E9
1.0,COMP:libvirt_driver|EVT:E22|EVT:E9
1.0,COMP:compute_manager|EVT:E22|EVT:E9
1.0,COMP:compute_resource_tracker|EVT:E22|EVT:E9
1.0,COMP:compute_claims|EVT:E22|EVT:E9
0.6,EVT:E22|EVT:E29|EVT:E9
1.0,EVT:E20|EVT:E21|EVT:E9
1.0,EVT:E18|EVT:E21|EVT:E9
1.0,EVT:E19|EVT:E21|EVT:E9
1.0,EVT:E17|EVT:E21|EVT:E9
1.0,EVT:E16|EVT:E21|EVT:E9
1.0,COMP:wsgi_server|EVT:E21|EVT:E9
1.0,EVT:E15|EVT:E21|EVT:E9
1.0,EVT:E14|EVT:E21|EVT:E9
1.0,EVT:E13|EVT:E21|EVT:E9
1.0,EVT:E12|EVT:E21|EVT:E9
1.0,EVT:E11|EVT:E21|EVT:E9
1.0,EVT:E10|EVT:E21|EVT:E9
1.0,EVT:E1|EVT:E21|EVT:E9
1.0,COMP:compute_server_external_events|EVT:E21|EVT:E9
1.0,COMP:openstack_wsgi|EVT:E21|EVT:E9
1.0,COMP:libvirt_imagecache|EVT:E21|EVT:E9
1.0,COMP:libvirt_driver|EVT:E21|EVT:E9
1.0,COMP:compute_manager|EVT:E21|EVT:E9
1.0,COMP:compute_resource_tracker|EVT:E21|EVT:E9
1.0,COMP:compute_claims|EVT:E21|EVT:E9
0.6,EVT:E21|EVT:E29|EVT:E9
1.0,EVT:E18|EVT:E20|EVT:E9
1.0,EVT:E19|EVT:E20|EVT:E9
1.0,EVT:E17|EVT:E20|EVT:E9
1.0,EVT:E16|EVT:E20|EVT:E9
1.0,COMP:wsgi_server|EVT:E20|EVT:E9
1.0,EVT:E15|EVT:E20|EVT:E9
1.0,EVT:E14|EVT:E20|EVT:E9
1.0,EVT:E13|EVT:E20|EVT:E9
1.0,EVT:E12|EVT:E20|EVT:E9
1.0,EVT:E11|EVT:E20|EVT:E9
1.0,EVT:E10|EVT:E20|EVT:E9
1.0,EVT:E1|EVT:E20|EVT:E9
1.0,COMP:compute_server_external_events|EVT:E20|EVT:E9
1.0,COMP:openstack_wsgi|EVT:E20|EVT:E9
1.0,COMP:libvirt_imagecache|EVT:E20|EVT:E9
1.0,COMP:libvirt_driver|EVT:E20|EVT:E9
1.0,COMP:compute_manager|EVT:E20|EVT:E9
1.0,COMP:compute_resource_tracker|EVT:E20|EVT:E9
1.0,COMP:compute_claims|EVT:E20|EVT:E9
0.6,EVT:E20|EVT:E29|EVT:E9
1.0,EVT:E18|EVT:E19|EVT:E9
1.0,EVT:E17|EVT:E18|EVT:E9
1.0,EVT:E16|EVT:E18|EVT:E9
1.0,COMP:wsgi_server|EVT:E18|EVT:E9
1.0,EVT:E15|EVT:E18|EVT:E9
1.0,EVT:E14|EVT:E18|EVT:E9
1.0,EVT:E13|EVT:E18|EVT:E9
1.0,EVT:E12|EVT:E18|EVT:E9
1.0,EVT:E11|EVT:E18|EVT:E9
1.0,EVT:E10|EVT:E18|EVT:E9
1.0,EVT:E1|EVT:E18|EVT:E9
1.0,COMP:compute_server_external_events|EVT:E18|EVT:E9
1.0,COMP:openstack_wsgi|EVT:E18|EVT:E9
1.0,COMP:libvirt_imagecache|EVT:E18|EVT:E9
1.0,COMP:libvirt_driver|EVT:E18|EVT:E9
1.0,COMP:compute_manager|EVT:E18|EVT:E9
1.0,COMP:compute_resource_tracker|EVT:E18|EVT:E9
1.0,COMP:compute_claims|EVT:E18|EVT:E9
0.6,EVT:E18|EVT:E29|EVT:E9
1.0,EVT:E17|EVT:E19|EVT:E9
1.0,EVT:E16|EVT:E19|EVT:E9
1.0,COMP:wsgi_server|EVT:E19|EVT:E9
1.0,EVT:E15|EVT:E19|EVT:E9
1.0,EVT:E14|EVT:E19|EVT:E9
1.0,EVT:E13|EVT:E19|EVT:E9
1.0,EVT:E12|EVT:E19|EVT:E9
1.0,EVT:E11|EVT:E19|EVT:E9
1.0,EVT:E10|EVT:E19|EVT:E9
1.0,EVT:E1|EVT:E19|EVT:E9
1.0,COMP:compute_server_external_events|EVT:E19|EVT:E9
1.0,COMP:openstack_wsgi|EVT:E19|EVT:E9
1.0,COMP:libvirt_imagecache|EVT:E19|EVT:E9
1.0,COMP:libvirt_driver|EVT:E19|EVT:E9
1.0,COMP:compute_manager|EVT:E19|EVT:E9
1.0,COMP:compute_resource_tracker|EVT:E19|EVT:E9
1.0,COMP:compute_claims|EVT:E19|EVT:E9
0.6,EVT:E19|EVT:E29|EVT:E9
1.0,EVT:E16|EVT:E17|EVT:E9
1.0,COMP:wsgi_server|EVT:E17|EVT:E9
1.0,EVT:E15|EVT:E17|EVT:E9
1.0,EVT:E14|EVT:E17|EVT:E9
1.0,EVT:E13|EVT:E17|EVT:E9
1.0,EVT:E12|EVT:E17|EVT:E9
1.0,EVT:E11|EVT:E17|EVT:E9
1.0,EVT:E10|EVT:E17|EVT:E9
1.0,EVT:E1|EVT:E17|EVT:E9
1.0,COMP:compute_server_external_events|EVT:E17|EVT:E9
1.0,COMP:openstack_wsgi|EVT:E17|EVT:E9
1.0,COMP:libvirt_imagecache|EVT:E17|EVT:E9
1.0,COMP:libvirt_driver|EVT:E17|EVT:E9
1.0,COMP:compute_manager|EVT:E17|EVT:E9
1.0,COMP:compute_resource_tracker|EVT:E17|EVT:E9
1.0,COMP:compute_claims|EVT:E17|EVT:E9
0.6,EVT:E17|EVT:E29|EVT:E9
1.0,COMP:wsgi_server|EVT:E16|EVT:E9
1.0,EVT:E15|EVT:E16|EVT:E9
1.0,EVT:E14|EVT:E16|EVT:E9
1.0,EVT:E13|EVT:E16|EVT:E9
1.0,EVT:E12|EVT:E16|EVT:E9
1.0,EVT:E11|EVT:E16|EVT:E9
1.0,EVT:E10|EVT:E16|EVT:E9
1.0,EVT:E1|EVT:E16|EVT:E9
1.0,COMP:compute_server_external_events|EVT:E16|EVT:E9
1.0,COMP:openstack_wsgi|EVT:E16|EVT:E9
1.0,COMP:libvirt_imagecache|EVT:E16|EVT:E9
1.0,COMP:libvirt_driver|EVT:E16|EVT:E9
1.0,COMP:compute_manager|EVT:E16|EVT:E9
1.0,COMP:compute_resource_tracker|EVT:E16|EVT:E9
1.0,COMP:compute_claims|EVT:E16|EVT:E9
0.6,EVT:E16|EVT:E29|EVT:E9
1.0,COMP:wsgi_server|EVT:E15|EVT:E9
1.0,COMP:wsgi_server|EVT:E14|EVT:E9
1.0,COMP:wsgi_server|EVT:E13|EVT:E9
1.0,COMP:wsgi_server|EVT:E12|EVT:E9
1.0,COMP:wsgi_server|EVT:E11|EVT:E9
1.0,COMP:wsgi_server|EVT:E10|EVT:E9
1.0,COMP:wsgi_server|EVT:E1|EVT:E9
1.0,COMP:compute_server_external_events|COMP:wsgi_server|EVT:E9
1.0,COMP:openstack_wsgi|COMP:wsgi_server|EVT:E9
1.0,COMP:libvirt_imagecache|COMP:wsgi_server|EVT:E9
1.0,COMP:libvirt_driver|COMP:wsgi_server|EVT:E9
1.0,COMP:compute_manager|COMP:wsgi_server|EVT:E9
1.0,COMP:compute_resource_tracker|COMP:wsgi_server|EVT:E9
1.0,COMP:compute_claims|COMP:wsgi_server|EVT:E9
0.6,COMP:wsgi_server|EVT:E29|EVT:E9
1.0,EVT:E14|EVT:E15|EVT:E9
1.0,EVT:E13|EVT:E15|EVT:E9
1.0,EVT:E12|EVT:E15|EVT:E9
1.0,EVT:E11|EVT:E15|EVT:E9
1.0,EVT:E10|EVT:E15|EVT:E9
1.0,EVT:E1|EVT:E15|EVT:E9
1.0,COMP:compute_server_external_events|EVT:E15|EVT:E9
1.0,COMP:openstack_wsgi|EVT:E15|EVT:E9
1.0,COMP:libvirt_imagecache|EVT:E15|EVT:E9
1.0,COMP:libvirt_driver|EVT:E15|EVT:E9
1.0,COMP:compute_manager|EVT:E15|EVT:E9
1.0,COMP:compute_resource_tracker|EVT:E15|EVT:E9
1.0,COMP:compute_claims|EVT:E15|EVT:E9
0.6,EVT:E15|EVT:E29|EVT:E9
1.0,EVT:E13|EVT:E14|EVT:E9
1.0,EVT:E12|EVT:E14|EVT:E9
1.0,EVT:E11|EVT:E14|EVT:E9
1.0,EVT:E10|EVT:E14|EVT:E9
1.0,EVT:E1|EVT:E14|EVT:E9
1.0,COMP:compute_server_external_events|EVT:E14|EVT:E9
1.0,COMP:openstack_wsgi|EVT:E14|EVT:E9
1.0,COMP:libvirt_imagecache|EVT:E14|EVT:E9
1.0,COMP:libvirt_driver|EVT:E14|EVT:E9
1.0,COMP:compute_manager|EVT:E14|EVT:E9
1.0,COMP:compute_resource_tracker|EVT:E14|EVT:E9
1.0,COMP:compute_claims|EVT:E14|EVT:E9
0.6,EVT:E14|EVT:E29|EVT:E9
1.0,EVT:E12|EVT:E13|EVT:E9
1.0,EVT:E11|EVT:E13|EVT:E9
1.0,EVT:E10|EVT:E13|EVT:E9
1.0,EVT:E1|EVT:E13|EVT:E9
1.0,COMP:compute_server_external_events|EVT:E13|EVT:E9
1.0,COMP:openstack_wsgi|EVT:E13|EVT:E9
1.0,COMP:libvirt_imagecache|EVT:E13|EVT:E9
1.0,COMP:libvirt_driver|EVT:E13|EVT:E9
1.0,COMP:compute_manager|EVT:E13|EVT:E9
1.0,COMP:compute_resource_tracker|EVT:E13|EVT:E9
1.0,COMP:compute_claims|EVT:E13|EVT:E9
0.6,EVT:E13|EVT:E29|EVT:E9
1.0,EVT:E11|EVT:E12|EVT:E9
1.0,EVT:E10|EVT:E12|EVT:E9
1.0,EVT:E1|EVT:E12|EVT:E9
1.0,COMP:compute_server_external_events|EVT:E12|EVT:E9
1.0,COMP:openstack_wsgi|EVT:E12|EVT:E9
1.0,COMP:libvirt_imagecache|EVT:E12|EVT:E9
1.0,COMP:libvirt_driver|EVT:E12|EVT:E9
1.0,COMP:compute_manager|EVT:E12|EVT:E9
1.0,COMP:compute_resource_tracker|EVT:E12|EVT:E9
1.0,COMP:compute_claims|EVT:E12|EVT:E9
0.6,EVT:E12|EVT:E29|EVT:E9
1.0,EVT:E10|EVT:E11|EVT:E9
1.0,EVT:E1|EVT:E11|EVT:E9
1.0,COMP:compute_server_external_events|EVT:E11|EVT:E9
1.0,COMP:openstack_wsgi|EVT:E11|EVT:E9
1.0,COMP:libvirt_imagecache|EVT:E11|EVT:E9
1.0,COMP:libvirt_driver|EVT:E11|EVT:E9
1.0,COMP:compute_manager|EVT:E11|EVT:E9
1.0,COMP:compute_resource_tracker|EVT:E11|EVT:E9
1.0,COMP:compute_claims|EVT:E11|EVT:E9
0.6,EVT:E11|EVT:E29|EVT:E9
1.0,EVT:E1|EVT:E10|EVT:E9
1.0,COMP:compute_server_external_events|EVT:E10|EVT:E9
1.0,COMP:openstack_wsgi|EVT:E10|EVT:E9
1.0,COMP:libvirt_imagecache|EVT:E10|EVT:E9
1.0,COMP:libvirt_driver|EVT:E10|EVT:E9
1.0,COMP:compute_manager|EVT:E10|EVT:E9
1.0,COMP:compute_resource_tracker|EVT:E10|EVT:E9
1.0,COMP:compute_claims|EVT:E10|EVT:E9
0.6,EVT:E10|EVT:E29|EVT:E9
1.0,COMP:compute_server_external_events|EVT:E1|EVT:E9
1.0,COMP:openstack_wsgi|EVT:E1|EVT:E9
1.0,COMP:libvirt_imagecache|EVT:E1|EVT:E9
1.0,COMP:libvirt_driver|EVT:E1|EVT:E9
1.0,COMP:compute_manager|EVT:E1|EVT:E9
1.0,COMP:compute_resource_tracker|EVT:E1|EVT:E9
1.0,COMP:compute_claims|EVT:E1|EVT:E9
0.6,EVT:E1|EVT:E29|EVT:E9
1.0,COMP:compute_server_external_events|COMP:openstack_wsgi|EVT:E9
1.0,COMP:compute_server_external_events|COMP:libvirt_imagecache|EVT:E9
1.0,COMP:compute_server_external_events|COMP:libvirt_driver|EVT:E9
1.0,COMP:compute_manager|COMP:compute_server_external_events|EVT:E9
1.0,COMP:compute_resource_tracker|COMP:compute_server_external_events|EVT:E9
1.0,COMP:compute_claims|COMP:compute_server_external_events|EVT:E9
0.6,COMP:compute_server_external_events|EVT:E29|EVT:E9
1.0,COMP:libvirt_imagecache|COMP:openstack_wsgi|EVT:E9
1.0,COMP:libvirt_driver|COMP:openstack_wsgi|EVT:E9
1.0,COMP:compute_manager|COMP:openstack_wsgi|EVT:E9
1.0,COMP:compute_resource_tracker|COMP:openstack_wsgi|EVT:E9
1.0,COMP:compute_claims|COMP:openstack_wsgi|EVT:E9
0.6,COMP:openstack_wsgi|EVT:E29|EVT:E9
1.0,COMP:libvirt_driver|COMP:libvirt_imagecache|EVT:E9
1.0,COMP:compute_manager|COMP:libvirt_imagecache|EVT:E9
1.0,COMP:compute_resource_tracker|COMP:libvirt_imagecache|EVT:E9
1.0,COMP:compute_claims|COMP:libvirt_imagecache|EVT:E9
0.6,COMP:libvirt_imagecache|EVT:E29|EVT:E9
1.0,COMP:compute_manager|COMP:libvirt_driver|EVT:E9
1.0,COMP:compute_resource_tracker|COMP:libvirt_driver|EVT:E9
1.0,COMP:compute_claims|COMP:libvirt_driver|EVT:E9
0.6,COMP:libvirt_driver|EVT:E29|EVT:E9
1.0,COMP:compute_manager|COMP:compute_resource_tracker|EVT:E9
1.0,COMP:compute_claims|COMP:compute_manager|EVT:E9
0.6,COMP:compute_manager|EVT:E29|EVT:E9
1.0,COMP:compute_claims|COMP:compute_resource_tracker|EVT:E9
0.6,COMP:compute_resource_tracker|EVT:E29|EVT:E9
0.6,COMP:compute_claims|EVT:E29|EVT:E9
1.0,EVT:E6|EVT:E7|EVT:E8
1.0,EVT:E5|EVT:E7|EVT:E8
1.0,EVT:E42|EVT:E7|EVT:E8
1.0,EVT:E41|EVT:E7|EVT:E8
1.0,EVT:E4|EVT:E7|EVT:E8
1.0,EVT:E37|EVT:E7|EVT:E8
1.0,EVT:E36|EVT:E7|EVT:E8
1.0,EVT:E35|EVT:E7|EVT:E8
1.0,EVT:E34|EVT:E7|EVT:E8
1.0,EVT:E33|EVT:E7|EVT:E8
1.0,EVT:E32|EVT:E7|EVT:E8
1.0,EVT:E31|EVT:E7|EVT:E8
1.0,EVT:E30|EVT:E7|EVT:E8
1.0,EVT:E3|EVT:E7|EVT:E8
1.0,EVT:E28|EVT:E7|EVT:E8
1.0,EVT:E27|EVT:E7|EVT:E8
1.0,EVT:E25|EVT:E7|EVT:E8
1.0,EVT:E26|EVT:E7|EVT:E8
1.0,EVT:E24|EVT:E7|EVT:E8
1.0,EVT:E23|EVT:E7|EVT:E8
1.0,EVT:E2|EVT:E7|EVT:E8
1.0,EVT:E22|EVT:E7|EVT:E8
1.0,EVT:E21|EVT:E7|EVT:E8
1.0,EVT:E20|EVT:E7|EVT:E8
1.0,EVT:E18|EVT:E7|EVT:E8
1.0,EVT:E19|EVT:E7|EVT:E8
1.0,EVT:E17|EVT:E7|EVT:E8
1.0,EVT:E16|EVT:E7|EVT:E8
1.0,COMP:wsgi_server|EVT:E7|EVT:E8
1.0,EVT:E15|EVT:E7|EVT:E8
1.0,EVT:E14|EVT:E7|EVT:E8
1.0,EVT:E13|EVT:E7|EVT:E8
1.0,EVT:E12|EVT:E7|EVT:E8
1.0,EVT:E11|EVT:E7|EVT:E8
1.0,EVT:E10|EVT:E7|EVT:E8
1.0,EVT:E1|EVT:E7|EVT:E8
1.0,COMP:compute_server_external_events|EVT:E7|EVT:E8
1.0,COMP:openstack_wsgi|EVT:E7|EVT:E8
1.0,COMP:libvirt_imagecache|EVT:E7|EVT:E8
1.0,COMP:libvirt_driver|EVT:E7|EVT:E8
1.0,COMP:compute_manager|EVT:E7|EVT:E8
1.0,COMP:compute_resource_tracker|EVT:E7|EVT:E8
1.0,COMP:compute_claims|EVT:E7|EVT:E8
0.6,EVT:E29|EVT:E7|EVT:E8
1.0,EVT:E5|EVT:E6|EVT:E8
1.0,EVT:E42|EVT:E6|EVT:E8
1.0,EVT:E41|EVT:E6|EVT:E8
1.0,EVT:E4|EVT:E6|EVT:E8
1.0,EVT:E37|EVT:E6|EVT:E8
1.0,EVT:E36|EVT:E6|EVT:E8
1.0,EVT:E35|EVT:E6|EVT:E8
1.0,EVT:E34|EVT:E6|EVT:E8
1.0,EVT:E33|EVT:E6|EVT:E8
1.0,EVT:E32|EVT:E6|EVT:E8
1.0,EVT:E31|EVT:E6|EVT:E8
1.0,EVT:E30|EVT:E6|EVT:E8
1.0,EVT:E3|EVT:E6|EVT:E8
1.0,EVT:E28|EVT:E6|EVT:E8
1.0,EVT:E27|EVT:E6|EVT:E8
1.0,EVT:E25|EVT:E6|EVT:E8
1.0,EVT:E26|EVT:E6|EVT:E8
1.0,EVT:E24|EVT:E6|EVT:E8
1.0,EVT:E23|EVT:E6|EVT:E8
1.0,EVT:E2|EVT:E6|EVT:E8
1.0,EVT:E22|EVT:E6|EVT:E8
1.0,EVT:E21|EVT:E6|EVT:E8
1.0,EVT:E20|EVT:E6|EVT:E8
1.0,EVT:E18|EVT:E6|EVT:E8
1.0,EVT:E19|EVT:E6|EVT:E8
1.0,EVT:E17|EVT:E6|EVT:E8
1.0,EVT:E16|EVT:E6|EVT:E8
1.0,COMP:wsgi_server|EVT:E6|EVT:E8
1.0,EVT:E15|EVT:E6|EVT:E8
1.0,EVT:E14|EVT:E6|EVT:E8
1.0,EVT:E13|EVT:E6|EVT:E8
1.0,EVT:E12|EVT:E6|EVT:E8
1.0,EVT:E11|EVT:E6|EVT:E8
1.0,EVT:E10|EVT:E6|EVT:E8
1.0,EVT:E1|EVT:E6|EVT:E8
1.0,COMP:compute_server_external_events|EVT:E6|EVT:E8
1.0,COMP:openstack_wsgi|EVT:E6|EVT:E8
1.0,COMP:libvirt_imagecache|EVT:E6|EVT:E8
1.0,COMP:libvirt_driver|EVT:E6|EVT:E8
1.0,COMP:compute_manager|EVT:E6|EVT:E8
1.0,COMP:compute_resource_tracker|EVT:E6|EVT:E8
1.0,COMP:compute_claims|EVT:E6|EVT:E8
0.6,EVT:E29|EVT:E6|EVT:E8
1.0,EVT:E42|EVT:E5|EVT:E8
1.0,EVT:E41|EVT:E5|EVT:E8
1.0,EVT:E4|EVT:E5|EVT:E8
1.0,EVT:E37|EVT:E5|EVT:E8
1.0,EVT:E36|EVT:E5|EVT:E8
1.0,EVT:E35|EVT:E5|EVT:E8
1.0,EVT:E34|EVT:E5|EVT:E8
1.0,EVT:E33|EVT:E5|EVT:E8
1.0,EVT:E32|EVT:E5|EVT:E8
1.0,EVT:E31|EVT:E5|EVT:E8
1.0,EVT:E30|EVT:E5|EVT:E8
1.0,EVT:E3|EVT:E5|EVT:E8
1.0,EVT:E28|EVT:E5|EVT:E8
1.0,EVT:E27|EVT:E5|EVT:E8
1.0,EVT:E25|EVT:E5|EVT:E8
1.0,EVT:E26|EVT:E5|EVT:E8
1.0,EVT:E24|EVT:E5|EVT:E8
1.0,EVT:E23|EVT:E5|EVT:E8
1.0,EVT:E2|EVT:E5|EVT:E8
1.0,EVT:E22|EVT:E5|EVT:E8
1.0,EVT:E21|EVT:E5|EVT:E8
1.0,EVT:E20|EVT:E5|EVT:E8
1.0,EVT:E18|EVT:E5|EVT:E8
1.0,EVT:E19|EVT:E5|EVT:E8
1.0,EVT:E17|EVT:E5|EVT:E8
1.0,EVT:E16|EVT:E5|EVT:E8
1.0,COMP:wsgi_server|EVT:E5|EVT:E8
1.0,EVT:E15|EVT:E5|EVT:E8
1.0,EVT:E14|EVT:E5|EVT:E8
1.0,EVT:E13|EVT:E5|EVT:E8
1.0,EVT:E12|EVT:E5|EVT:E8
1.0,EVT:E11|EVT:E5|EVT:E8
1.0,EVT:E10|EVT:E5|EVT:E8
1.0,EVT:E1|EVT:E5|EVT:E8
1.0,COMP:compute_server_external_events|EVT:E5|EVT:E8
1.0,COMP:openstack_wsgi|EVT:E5|EVT:E8
1.0,COMP:libvirt_imagecache|EVT:E5|EVT:E8
1.0,COMP:libvirt_driver|EVT:E5|EVT:E8
1.0,COMP:compute_manager|EVT:E5|EVT:E8
1.0,COMP:compute_resource_tracker|EVT:E5|EVT:E8
1.0,COMP:compute_claims|EVT:E5|EVT:E8
0.6,EVT:E29|EVT:E5|EVT:E8
1.0,EVT:E41|EVT:E42|EVT:E8
1.0,EVT:E4|EVT:E42|EVT:E8
1.0,EVT:E37|EVT:E42|EVT:E8
1.0,EVT:E36|EVT:E42|EVT:E8
1.0,EVT:E35|EVT:E42|EVT:E8
1.0,EVT:E34|EVT:E42|EVT:E8
1.0,EVT:E33|EVT:E42|EVT:E8
1.0,EVT:E32|EVT:E42|EVT:E8
1.0,EVT:E31|EVT:E42|EVT:E8
1.0,EVT:E30|EVT:E42|EVT:E8
1.0,EVT:E3|EVT:E42|EVT:E8
1.0,EVT:E28|EVT:E42|EVT:E8
1.0,EVT:E27|EVT:E42|EVT:E8
1.0,EVT:E25|EVT:E42|EVT:E8
1.0,EVT:E26|EVT:E42|EVT:E8
1.0,EVT:E24|EVT:E42|EVT:E8
1.0,EVT:E23|EVT:E42|EVT:E8
1.0,EVT:E2|EVT:E42|EVT:E8
1.0,EVT:E22|EVT:E42|EVT:E8
1.0,EVT:E21|EVT:E42|EVT:E8
1.0,EVT:E20|EVT:E42|EVT:E8
1.0,EVT:E18|EVT:E42|EVT:E8
1.0,EVT:E19|EVT:E42|EVT:E8
1.0,EVT:E17|EVT:E42|EVT:E8
1.0,EVT:E16|EVT:E42|EVT:E8
1.0,COMP:wsgi_server|EVT:E42|EVT:E8
1.0,EVT:E15|EVT:E42|EVT:E8
1.0,EVT:E14|EVT:E42|EVT:E8
1.0,EVT:E13|EVT:E42|EVT:E8
1.0,EVT:E12|EVT:E42|EVT:E8
1.0,EVT:E11|EVT:E42|EVT:E8
1.0,EVT:E10|EVT:E42|EVT:E8
1.0,EVT:E1|EVT:E42|EVT:E8
1.0,COMP:compute_server_external_events|EVT:E42|EVT:E8
1.0,COMP:openstack_wsgi|EVT:E42|EVT:E8
1.0,COMP:libvirt_imagecache|EVT:E42|EVT:E8
1.0,COMP:libvirt_driver|EVT:E42|EVT:E8
1.0,COMP:compute_manager|EVT:E42|EVT:E8
1.0,COMP:compute_resource_tracker|EVT:E42|EVT:E8
1.0,COMP:compute_claims|EVT:E42|EVT:E8
0.6,EVT:E29|EVT:E42|EVT:E8
1.0,EVT:E4|EVT:E41|EVT:E8
1.0,EVT:E37|EVT:E41|EVT:E8
1.0,EVT:E36|EVT:E41|EVT:E8
1.0,EVT:E35|EVT:E41|EVT:E8
1.0,EVT:E34|EVT:E41|EVT:E8
1.0,EVT:E33|EVT:E41|EVT:E8
1.0,EVT:E32|EVT:E41|EVT:E8
1.0,EVT:E31|EVT:E41|EVT:E8
1.0,EVT:E30|EVT:E41|EVT:E8
1.0,EVT:E3|EVT:E41|EVT:E8
1.0,EVT:E28|EVT:E41|EVT:E8
1.0,EVT:E27|EVT:E41|EVT:E8
1.0,EVT:E25|EVT:E41|EVT:E8
1.0,EVT:E26|EVT:E41|EVT:E8
1.0,EVT:E24|EVT:E41|EVT:E8
1.0,EVT:E23|EVT:E41|EVT:E8
1.0,EVT:E2|EVT:E41|EVT:E8
1.0,EVT:E22|EVT:E41|EVT:E8
1.0,EVT:E21|EVT:E41|EVT:E8
1.0,EVT:E20|EVT:E41|EVT:E8
1.0,EVT:E18|EVT:E41|EVT:E8
1.0,EVT:E19|EVT:E41|EVT:E8
1.0,EVT:E17|EVT:E41|EVT:E8
1.0,EVT:E16|EVT:E41|EVT:E8
1.0,COMP:wsgi_server|EVT:E41|EVT:E8
1.0,EVT:E15|EVT:E41|EVT:E8
1.0,EVT:E14|EVT:E41|EVT:E8
1.0,EVT:E13|EVT:E41|EVT:E8
1.0,EVT:E12|EVT:E41|EVT:E8
1.0,EVT:E11|EVT:E41|EVT:E8
1.0,EVT:E10|EVT:E41|EVT:E8
1.0,EVT:E1|EVT:E41|EVT:E8
1.0,COMP:compute_server_external_events|EVT:E41|EVT:E8
1.0,COMP:openstack_wsgi|EVT:E41|EVT:E8
1.0,COMP:libvirt_imagecache|EVT:E41|EVT:E8
1.0,COMP:libvirt_driver|EVT:E41|EVT:E8
1.0,COMP:compute_manager|EVT:E41|EVT:E8
1.0,COMP:compute_resource_tracker|EVT:E41|EVT:E8
1.0,COMP:compute_claims|EVT:E41|EVT:E8
0.6,EVT:E29|EVT:E41|EVT:E8
1.0,EVT:E37|EVT:E4|EVT:E8
1.0,EVT:E36|EVT:E4|EVT:E8
1.0,EVT:E35|EVT:E4|EVT:E8
1.0,EVT:E34|EVT:E4|EVT:E8
1.0,EVT:E33|EVT:E4|EVT:E8
1.0,EVT:E32|EVT:E4|EVT:E8
1.0,EVT:E31|EVT:E4|EVT:E8
1.0,EVT:E30|EVT:E4|EVT:E8
1.0,EVT:E3|EVT:E4|EVT:E8
1.0,EVT:E28|EVT:E4|EVT:E8
1.0,EVT:E27|EVT:E4|EVT:E8
1.0,EVT:E25|EVT:E4|EVT:E8
1.0,EVT:E26|EVT:E4|EVT:E8
1.0,EVT:E24|EVT:E4|EVT:E8
1.0,EVT:E23|EVT:E4|EVT:E8
1.0,EVT:E2|EVT:E4|EVT:E8
1.0,EVT:E22|EVT:E4|EVT:E8
1.0,EVT:E21|EVT:E4|EVT:E8
1.0,EVT:E20|EVT:E4|EVT:E8
1.0,EVT:E18|EVT:E4|EVT:E8
1.0,EVT:E19|EVT:E4|EVT:E8
1.0,EVT:E17|EVT:E4|EVT:E8
1.0,EVT:E16|EVT:E4|EVT:E8
1.0,COMP:wsgi_server|EVT:E4|EVT:E8
1.0,EVT:E15|EVT:E4|EVT:E8
1.0,EVT:E14|EVT:E4|EVT:E8
1.0,EVT:E13|EVT:E4|EVT:E8
1.0,EVT:E12|EVT:E4|EVT:E8
1.0,EVT:E11|EVT:E4|EVT:E8
1.0,EVT:E10|EVT:E4|EVT:E8
1.0,EVT:E1|EVT:E4|EVT:E8
1.0,COMP:compute_server_external_events|EVT:E4|EVT:E8
1.0,COMP:openstack_wsgi|EVT:E4|EVT:E8
1.0,COMP:libvirt_imagecache|EVT:E4|EVT:E8
1.0,COMP:libvirt_driver|EVT:E4|EVT:E8
1.0,COMP:compute_manager|EVT:E4|EVT:E8
1.0,COMP:compute_resource_tracker|EVT:E4|EVT:E8
1.0,COMP:compute_claims|EVT:E4|EVT:E8
0.6,EVT:E29|EVT:E4|EVT:E8
1.0,EVT:E36|EVT:E37|EVT:E8
1.0,EVT:E35|EVT:E37|EVT:E8
1.0,EVT:E34|EVT:E37|EVT:E8
1.0,EVT:E33|EVT:E37|EVT:E8
1.0,EVT:E32|EVT:E37|EVT:E8
1.0,EVT:E31|EVT:E37|EVT:E8
1.0,EVT:E30|EVT:E37|EVT:E8
1.0,EVT:E3|EVT:E37|EVT:E8
1.0,EVT:E28|EVT:E37|EVT:E8
1.0,EVT:E27|EVT:E37|EVT:E8
1.0,EVT:E25|EVT:E37|EVT:E8
1.0,EVT:E26|EVT:E37|EVT:E8
1.0,EVT:E24|EVT:E37|EVT:E8
1.0,EVT:E23|EVT:E37|EVT:E8
1.0,EVT:E2|EVT:E37|EVT:E8
1.0,EVT:E22|EVT:E37|EVT:E8
1.0,EVT:E21|EVT:E37|EVT:E8
1.0,EVT:E20|EVT:E37|EVT:E8
1.0,EVT:E18|EVT:E37|EVT:E8
1.0,EVT:E19|EVT:E37|EVT:E8
1.0,EVT:E17|EVT:E37|EVT:E8
1.0,EVT:E16|EVT:E37|EVT:E8
1.0,COMP:wsgi_server|EVT:E37|EVT:E8
1.0,EVT:E15|EVT:E37|EVT:E8
1.0,EVT:E14|EVT:E37|EVT:E8
1.0,EVT:E13|EVT:E37|EVT:E8
1.0,EVT:E12|EVT:E37|EVT:E8
1.0,EVT:E11|EVT:E37|EVT:E8
1.0,EVT:E10|EVT:E37|EVT:E8
1.0,EVT:E1|EVT:E37|EVT:E8
1.0,COMP:compute_server_external_events|EVT:E37|EVT:E8
1.0,COMP:openstack_wsgi|EVT:E37|EVT:E8
1.0,COMP:libvirt_imagecache|EVT:E37|EVT:E8
1.0,COMP:libvirt_driver|EVT:E37|EVT:E8
1.0,COMP:compute_manager|EVT:E37|EVT:E8
1.0,COMP:compute_resource_tracker|EVT:E37|EVT:E8
1.0,COMP:compute_claims|EVT:E37|EVT:E8
0.6,EVT:E29|EVT:E37|EVT:E8
1.0,EVT:E35|EVT:E36|EVT:E8
1.0,EVT:E34|EVT:E36|EVT:E8
1.0,EVT:E33|EVT:E36|EVT:E8
1.0,EVT:E32|EVT:E36|EVT:E8
1.0,EVT:E31|EVT:E36|EVT:E8
1.0,EVT:E30|EVT:E36|EVT:E8
1.0,EVT:E3|EVT:E36|EVT:E8
1.0,EVT:E28|EVT:E36|EVT:E8
1.0,EVT:E27|EVT:E36|EVT:E8
1.0,EVT:E25|EVT:E36|EVT:E8
1.0,EVT:E26|EVT:E36|EVT:E8
1.0,EVT:E24|EVT:E36|EVT:E8
1.0,EVT:E23|EVT:E36|EVT:E8
1.0,EVT:E2|EVT:E36|EVT:E8
1.0,EVT:E22|EVT:E36|EVT:E8
1.0,EVT:E21|EVT:E36|EVT:E8
1.0,EVT:E20|EVT:E36|EVT:E8
1.0,EVT:E18|EVT:E36|EVT:E8
1.0,EVT:E19|EVT:E36|EVT:E8
1.0,EVT:E17|EVT:E36|EVT:E8
1.0,EVT:E16|EVT:E36|EVT:E8
1.0,COMP:wsgi_server|EVT:E36|EVT:E8
1.0,EVT:E15|EVT:E36|EVT:E8
1.0,EVT:E14|EVT:E36|EVT:E8
1.0,EVT:E13|EVT:E36|EVT:E8
1.0,EVT:E12|EVT:E36|EVT:E8
1.0,EVT:E11|EVT:E36|EVT:E8
1.0,EVT:E10|EVT:E36|EVT:E8
1.0,EVT:E1|EVT:E36|EVT:E8
1.0,COMP:compute_server_external_events|EVT:E36|EVT:E8
1.0,COMP:openstack_wsgi|EVT:E36|EVT:E8
1.0,COMP:libvirt_imagecache|EVT:E36|EVT:E8
1.0,COMP:libvirt_driver|EVT:E36|EVT:E8
1.0,COMP:compute_manager|EVT:E36|EVT:E8
1.0,COMP:compute_resource_tracker|EVT:E36|EVT:E8
1.0,COMP:compute_claims|EVT:E36|EVT:E8
0.6,EVT:E29|EVT:E36|EVT:E8
1.0,EVT:E34|EVT:E35|EVT:E8
1.0,EVT:E33|EVT:E35|EVT:E8
1.0,EVT:E32|EVT:E35|EVT:E8
1.0,EVT:E31|EVT:E35|EVT:E8
1.0,EVT:E30|EVT:E35|EVT:E8
1.0,EVT:E3|EVT:E35|EVT:E8
1.0,EVT:E28|EVT:E35|EVT:E8
1.0,EVT:E27|EVT:E35|EVT:E8
1.0,EVT:E25|EVT:E35|EVT:E8
1.0,EVT:E26|EVT:E35|EVT:E8
1.0,EVT:E24|EVT:E35|EVT:E8
1.0,EVT:E23|EVT:E35|EVT:E8
1.0,EVT:E2|EVT:E35|EVT:E8
1.0,EVT:E22|EVT:E35|EVT:E8
1.0,EVT:E21|EVT:E35|EVT:E8
1.0,EVT:E20|EVT:E35|EVT:E8
1.0,EVT:E18|EVT:E35|EVT:E8
1.0,EVT:E19|EVT:E35|EVT:E8
1.0,EVT:E17|EVT:E35|EVT:E8
1.0,EVT:E16|EVT:E35|EVT:E8
1.0,COMP:wsgi_server|EVT:E35|EVT:E8
1.0,EVT:E15|EVT:E35|EVT:E8
1.0,EVT:E14|EVT:E35|EVT:E8
1.0,EVT:E13|EVT:E35|EVT:E8
1.0,EVT:E12|EVT:E35|EVT:E8
1.0,EVT:E11|EVT:E35|EVT:E8
1.0,EVT:E10|EVT:E35|EVT:E8
1.0,EVT:E1|EVT:E35|EVT:E8
1.0,COMP:compute_server_external_events|EVT:E35|EVT:E8
1.0,COMP:openstack_wsgi|EVT:E35|EVT:E8
1.0,COMP:libvirt_imagecache|EVT:E35|EVT:E8
1.0,COMP:libvirt_driver|EVT:E35|EVT:E8
1.0,COMP:compute_manager|EVT:E35|EVT:E8
1.0,COMP:compute_resource_tracker|EVT:E35|EVT:E8
1.0,COMP:compute_claims|EVT:E35|EVT:E8
0.6,EVT:E29|EVT:E35|EVT:E8
1.0,EVT:E33|EVT:E34|EVT:E8
1.0,EVT:E32|EVT:E34|EVT:E8
1.0,EVT:E31|EVT:E34|EVT:E8
1.0,EVT:E30|EVT:E34|EVT:E8
1.0,EVT:E3|EVT:E34|EVT:E8
1.0,EVT:E28|EVT:E34|EVT:E8
1.0,EVT:E27|EVT:E34|EVT:E8
1.0,EVT:E25|EVT:E34|EVT:E8
1.0,EVT:E26|EVT:E34|EVT:E8
1.0,EVT:E24|EVT:E34|EVT:E8
1.0,EVT:E23|EVT:E34|EVT:E8
1.0,EVT:E2|EVT:E34|EVT:E8
1.0,EVT:E22|EVT:E34|EVT:E8
1.0,EVT:E21|EVT:E34|EVT:E8
1.0,EVT:E20|EVT:E34|EVT:E8
1.0,EVT:E18|EVT:E34|EVT:E8
1.0,EVT:E19|EVT:E34|EVT:E8
1.0,EVT:E17|EVT:E34|EVT:E8
1.0,EVT:E16|EVT:E34|EVT:E8
1.0,COMP:wsgi_server|EVT:E34|EVT:E8
1.0,EVT:E15|EVT:E34|EVT:E8
1.0,EVT:E14|EVT:E34|EVT:E8
1.0,EVT:E13|EVT:E34|EVT:E8
1.0,EVT:E12|EVT:E34|EVT:E8
1.0,EVT:E11|EVT:E34|EVT:E8
1.0,EVT:E10|EVT:E34|EVT:E8
1.0,EVT:E1|EVT:E34|EVT:E8
1.0,COMP:compute_server_external_events|EVT:E34|EVT:E8
1.0,COMP:openstack_wsgi|EVT:E34|EVT:E8
1.0,COMP:libvirt_imagecache|EVT:E34|EVT:E8
1.0,COMP:libvirt_driver|EVT:E34|EVT:E8
1.0,COMP:compute_manager|EVT:E34|EVT:E8
1.0,COMP:compute_resource_tracker|EVT:E34|EVT:E8
1.0,COMP:compute_claims|EVT:E34|EVT:E8
0.6,EVT:E29|EVT:E34|EVT:E8
1.0,EVT:E32|EVT:E33|EVT:E8
1.0,EVT:E31|EVT:E33|EVT:E8
1.0,EVT:E30|EVT:E33|EVT:E8
1.0,EVT:E3|EVT:E33|EVT:E8
1.0,EVT:E28|EVT:E33|EVT:E8
1.0,EVT:E27|EVT:E33|EVT:E8
1.0,EVT:E25|EVT:E33|EVT:E8
1.0,EVT:E26|EVT:E33|EVT:E8
1.0,EVT:E24|EVT:E33|EVT:E8
1.0,EVT:E23|EVT:E33|EVT:E8
1.0,EVT:E2|EVT:E33|EVT:E8
1.0,EVT:E22|EVT:E33|EVT:E8
1.0,EVT:E21|EVT:E33|EVT:E8
1.0,EVT:E20|EVT:E33|EVT:E8
1.0,EVT:E18|EVT:E33|EVT:E8
1.0,EVT:E19|EVT:E33|EVT:E8
1.0,EVT:E17|EVT:E33|EVT:E8
1.0,EVT:E16|EVT:E33|EVT:E8
1.0,COMP:wsgi_server|EVT:E33|EVT:E8
1.0,EVT:E15|EVT:E33|EVT:E8
1.0,EVT:E14|EVT:E33|EVT:E8
1.0,EVT:E13|EVT:E33|EVT:E8
1.0,EVT:E12|EVT:E33|EVT:E8
1.0,EVT:E11|EVT:E33|EVT:E8
1.0,EVT:E10|EVT:E33|EVT:E8
1.0,EVT:E1|EVT:E33|EVT:E8
1.0,COMP:compute_server_external_events|EVT:E33|EVT:E8
1.0,COMP:openstack_wsgi|EVT:E33|EVT:E8
1.0,COMP:libvirt_imagecache|EVT:E33|EVT:E8
1.0,COMP:libvirt_driver|EVT:E33|EVT:E8
1.0,COMP:compute_manager|EVT:E33|EVT:E8
1.0,COMP:compute_resource_tracker|EVT:E33|EVT:E8
1.0,COMP:compute_claims|EVT:E33|EVT:E8
0.6,EVT:E29|EVT:E33|EVT:E8
1.0,EVT:E31|EVT:E32|EVT:E8
1.0,EVT:E30|EVT:E32|EVT:E8
1.0,EVT:E3|EVT:E32|EVT:E8
1.0,EVT:E28|EVT:E32|EVT:E8
1.0,EVT:E27|EVT:E32|EVT:E8
1.0,EVT:E25|EVT:E32|EVT:E8
1.0,EVT:E26|EVT:E32|EVT:E8
1.0,EVT:E24|EVT:E32|EVT:E8
1.0,EVT:E23|EVT:E32|EVT:E8
1.0,EVT:E2|EVT:E32|EVT:E8
1.0,EVT:E22|EVT:E32|EVT:E8
1.0,EVT:E21|EVT:E32|EVT:E8
1.0,EVT:E20|EVT:E32|EVT:E8
1.0,EVT:E18|EVT:E32|EVT:E8
1.0,EVT:E19|EVT:E32|EVT:E8
1.0,EVT:E17|EVT:E32|EVT:E8
1.0,EVT:E16|EVT:E32|EVT:E8
1.0,COMP:wsgi_server|EVT:E32|EVT:E8
1.0,EVT:E15|EVT:E32|EVT:E8
1.0,EVT:E14|EVT:E32|EVT:E8
1.0,EVT:E13|EVT:E32|EVT:E8
1.0,EVT:E12|EVT:E32|EVT:E8
1.0,EVT:E11|EVT:E32|EVT:E8
1.0,EVT:E10|EVT:E32|EVT:E8
1.0,EVT:E1|EVT:E32|EVT:E8
1.0,COMP:compute_server_external_events|EVT:E32|EVT:E8
1.0,COMP:openstack_wsgi|EVT:E32|EVT:E8
1.0,COMP:libvirt_imagecache|EVT:E32|EVT:E8
1.0,COMP:libvirt_driver|EVT:E32|EVT:E8
1.0,COMP:compute_manager|EVT:E32|EVT:E8
1.0,COMP:compute_resource_tracker|EVT:E32|EVT:E8
1.0,COMP:compute_claims|EVT:E32|EVT:E8
0.6,EVT:E29|EVT:E32|EVT:E8
1.0,EVT:E30|EVT:E31|EVT:E8
1.0,EVT:E3|EVT:E31|EVT:E8
1.0,EVT:E28|EVT:E31|EVT:E8
1.0,EVT:E27|EVT:E31|EVT:E8
1.0,EVT:E25|EVT:E31|EVT:E8
1.0,EVT:E26|EVT:E31|EVT:E8
1.0,EVT:E24|EVT:E31|EVT:E8
1.0,EVT:E23|EVT:E31|EVT:E8
1.0,EVT:E2|EVT:E31|EVT:E8
1.0,EVT:E22|EVT:E31|EVT:E8
1.0,EVT:E21|EVT:E31|EVT:E8
1.0,EVT:E20|EVT:E31|EVT:E8
1.0,EVT:E18|EVT:E31|EVT:E8
1.0,EVT:E19|EVT:E31|EVT:E8
1.0,EVT:E17|EVT:E31|EVT:E8
1.0,EVT:E16|EVT:E31|EVT:E8
1.0,COMP:wsgi_server|EVT:E31|EVT:E8
1.0,EVT:E15|EVT:E31|EVT:E8
1.0,EVT:E14|EVT:E31|EVT:E8
1.0,EVT:E13|EVT:E31|EVT:E8
1.0,EVT:E12|EVT:E31|EVT:E8
1.0,EVT:E11|EVT:E31|EVT:E8
1.0,EVT:E10|EVT:E31|EVT:E8
1.0,EVT:E1|EVT:E31|EVT:E8
1.0,COMP:compute_server_external_events|EVT:E31|EVT:E8
1.0,COMP:openstack_wsgi|EVT:E31|EVT:E8
1.0,COMP:libvirt_imagecache|EVT:E31|EVT:E8
1.0,COMP:libvirt_driver|EVT:E31|EVT:E8
1.0,COMP:compute_manager|EVT:E31|EVT:E8
1.0,COMP:compute_resource_tracker|EVT:E31|EVT:E8
1.0,COMP:compute_claims|EVT:E31|EVT:E8
0.6,EVT:E29|EVT:E31|EVT:E8
1.0,EVT:E3|EVT:E30|EVT:E8
1.0,EVT:E28|EVT:E30|EVT:E8
1.0,EVT:E27|EVT:E30|EVT:E8
1.0,EVT:E25|EVT:E30|EVT:E8
1.0,EVT:E26|EVT:E30|EVT:E8
1.0,EVT:E24|EVT:E30|EVT:E8
1.0,EVT:E23|EVT:E30|EVT:E8
1.0,EVT:E2|EVT:E30|EVT:E8
1.0,EVT:E22|EVT:E30|EVT:E8
1.0,EVT:E21|EVT:E30|EVT:E8
1.0,EVT:E20|EVT:E30|EVT:E8
1.0,EVT:E18|EVT:E30|EVT:E8
1.0,EVT:E19|EVT:E30|EVT:E8
1.0,EVT:E17|EVT:E30|EVT:E8
1.0,EVT:E16|EVT:E30|EVT:E8
1.0,COMP:wsgi_server|EVT:E30|EVT:E8
1.0,EVT:E15|EVT:E30|EVT:E8
1.0,EVT:E14|EVT:E30|EVT:E8
1.0,EVT:E13|EVT:E30|EVT:E8
1.0,EVT:E12|EVT:E30|EVT:E8
1.0,EVT:E11|EVT:E30|EVT:E8
1.0,EVT:E10|EVT:E30|EVT:E8
1.0,EVT:E1|EVT:E30|EVT:E8
1.0,COMP:compute_server_external_events|EVT:E30|EVT:E8
1.0,COMP:openstack_wsgi|EVT:E30|EVT:E8
1.0,COMP:libvirt_imagecache|EVT:E30|EVT:E8
1.0,COMP:libvirt_driver|EVT:E30|EVT:E8
1.0,COMP:compute_manager|EVT:E30|EVT:E8
1.0,COMP:compute_resource_tracker|EVT:E30|EVT:E8
1.0,COMP:compute_claims|EVT:E30|EVT:E8
0.6,EVT:E29|EVT:E30|EVT:E8
1.0,EVT:E28|EVT:E3|EVT:E8
1.0,EVT:E27|EVT:E3|EVT:E8
1.0,EVT:E25|EVT:E3|EVT:E8
1.0,EVT:E26|EVT:E3|EVT:E8
1.0,EVT:E24|EVT:E3|EVT:E8
1.0,EVT:E23|EVT:E3|EVT:E8
1.0,EVT:E2|EVT:E3|EVT:E8
1.0,EVT:E22|EVT:E3|EVT:E8
1.0,EVT:E21|EVT:E3|EVT:E8
1.0,EVT:E20|EVT:E3|EVT:E8
1.0,EVT:E18|EVT:E3|EVT:E8
1.0,EVT:E19|EVT:E3|EVT:E8
1.0,EVT:E17|EVT:E3|EVT:E8
1.0,EVT:E16|EVT:E3|EVT:E8
1.0,COMP:wsgi_server|EVT:E3|EVT:E8
1.0,EVT:E15|EVT:E3|EVT:E8
1.0,EVT:E14|EVT:E3|EVT:E8
1.0,EVT:E13|EVT:E3|EVT:E8
1.0,EVT:E12|EVT:E3|EVT:E8
1.0,EVT:E11|EVT:E3|EVT:E8
1.0,EVT:E10|EVT:E3|EVT:E8
1.0,EVT:E1|EVT:E3|EVT:E8
1.0,COMP:compute_server_external_events|EVT:E3|EVT:E8
1.0,COMP:openstack_wsgi|EVT:E3|EVT:E8
1.0,COMP:libvirt_imagecache|EVT:E3|EVT:E8
1.0,COMP:libvirt_driver|EVT:E3|EVT:E8
1.0,COMP:compute_manager|EVT:E3|EVT:E8
1.0,COMP:compute_resource_tracker|EVT:E3|EVT:E8
1.0,COMP:compute_claims|EVT:E3|EVT:E8
0.6,EVT:E29|EVT:E3|EVT:E8
1.0,EVT:E27|EVT:E28|EVT:E8
1.0,EVT:E25|EVT:E28|EVT:E8
1.0,EVT:E26|EVT:E28|EVT:E8
1.0,EVT:E24|EVT:E28|EVT:E8
1.0,EVT:E23|EVT:E28|EVT:E8
1.0,EVT:E2|EVT:E28|EVT:E8
1.0,EVT:E22|EVT:E28|EVT:E8
1.0,EVT:E21|EVT:E28|EVT:E8
1.0,EVT:E20|EVT:E28|EVT:E8
1.0,EVT:E18|EVT:E28|EVT:E8
1.0,EVT:E19|EVT:E28|EVT:E8
1.0,EVT:E17|EVT:E28|EVT:E8
1.0,EVT:E16|EVT:E28|EVT:E8
1.0,COMP:wsgi_server|EVT:E28|EVT:E8
1.0,EVT:E15|EVT:E28|EVT:E8
1.0,EVT:E14|EVT:E28|EVT:E8
1.0,EVT:E13|EVT:E28|EVT:E8
1.0,EVT:E12|EVT:E28|EVT:E8
1.0,EVT:E11|EVT:E28|EVT:E8
1.0,EVT:E10|EVT:E28|EVT:E8
1.0,EVT:E1|EVT:E28|EVT:E8
1.0,COMP:compute_server_external_events|EVT:E28|EVT:E8
1.0,COMP:openstack_wsgi|EVT:E28|EVT:E8
1.0,COMP:libvirt_imagecache|EVT:E28|EVT:E8
1.0,COMP:libvirt_driver|EVT:E28|EVT:E8
1.0,COMP:compute_manager|EVT:E28|EVT:E8
1.0,COMP:compute_resource_tracker|EVT:E28|EVT:E8
1.0,COMP:compute_claims|EVT:E28|EVT:E8
0.6,EVT:E28|EVT:E29|EVT:E8
1.0,EVT:E25|EVT:E27|EVT:E8
1.0,EVT:E26|EVT:E27|EVT:E8
1.0,EVT:E24|EVT:E27|EVT:E8
1.0,EVT:E23|EVT:E27|EVT:E8
1.0,EVT:E2|EVT:E27|EVT:E8
1.0,EVT:E22|EVT:E27|EVT:E8
1.0,EVT:E21|EVT:E27|EVT:E8
1.0,EVT:E20|EVT:E27|EVT:E8
1.0,EVT:E18|EVT:E27|EVT:E8
1.0,EVT:E19|EVT:E27|EVT:E8
1.0,EVT:E17|EVT:E27|EVT:E8
1.0,EVT:E16|EVT:E27|EVT:E8
1.0,COMP:wsgi_server|EVT:E27|EVT:E8
1.0,EVT:E15|EVT:E27|EVT:E8
1.0,EVT:E14|EVT:E27|EVT:E8
1.0,EVT:E13|EVT:E27|EVT:E8
1.0,EVT:E12|EVT:E27|EVT:E8
1.0,EVT:E11|EVT:E27|EVT:E8
1.0,EVT:E10|EVT:E27|EVT:E8
1.0,EVT:E1|EVT:E27|EVT:E8
1.0,COMP:compute_server_external_events|EVT:E27|EVT:E8
1.0,COMP:openstack_wsgi|EVT:E27|EVT:E8
1.0,COMP:libvirt_imagecache|EVT:E27|EVT:E8
1.0,COMP:libvirt_driver|EVT:E27|EVT:E8
1.0,COMP:compute_manager|EVT:E27|EVT:E8
1.0,COMP:compute_resource_tracker|EVT:E27|EVT:E8
1.0,COMP:compute_claims|EVT:E27|EVT:E8
0.6,EVT:E27|EVT:E29|EVT:E8
1.0,EVT:E25|EVT:E26|EVT:E8
1.0,EVT:E24|EVT:E25|EVT:E8
1.0,EVT:E23|EVT:E25|EVT:E8
1.0,EVT:E2|EVT:E25|EVT:E8
1.0,EVT:E22|EVT:E25|EVT:E8
1.0,EVT:E21|EVT:E25|EVT:E8
1.0,EVT:E20|EVT:E25|EVT:E8
1.0,EVT:E18|EVT:E25|EVT:E8
1.0,EVT:E19|EVT:E25|EVT:E8
1.0,EVT:E17|EVT:E25|EVT:E8
1.0,EVT:E16|EVT:E25|EVT:E8
1.0,COMP:wsgi_server|EVT:E25|EVT:E8
1.0,EVT:E15|EVT:E25|EVT:E8
1.0,EVT:E14|EVT:E25|EVT:E8
1.0,EVT:E13|EVT:E25|EVT:E8
1.0,EVT:E12|EVT:E25|EVT:E8
1.0,EVT:E11|EVT:E25|EVT:E8
1.0,EVT:E10|EVT:E25|EVT:E8
1.0,EVT:E1|EVT:E25|EVT:E8
1.0,COMP:compute_server_external_events|EVT:E25|EVT:E8
1.0,COMP:openstack_wsgi|EVT:E25|EVT:E8
1.0,COMP:libvirt_imagecache|EVT:E25|EVT:E8
1.0,COMP:libvirt_driver|EVT:E25|EVT:E8
1.0,COMP:compute_manager|EVT:E25|EVT:E8
1.0,COMP:compute_resource_tracker|EVT:E25|EVT:E8
1.0,COMP:compute_claims|EVT:E25|EVT:E8
0.6,EVT:E25|EVT:E29|EVT:E8
1.0,EVT:E24|EVT:E26|EVT:E8
1.0,EVT:E23|EVT:E26|EVT:E8
1.0,EVT:E2|EVT:E26|EVT:E8
1.0,EVT:E22|EVT:E26|EVT:E8
1.0,EVT:E21|EVT:E26|EVT:E8
1.0,EVT:E20|EVT:E26|EVT:E8
1.0,EVT:E18|EVT:E26|EVT:E8
1.0,EVT:E19|EVT:E26|EVT:E8
1.0,EVT:E17|EVT:E26|EVT:E8
1.0,EVT:E16|EVT:E26|EVT:E8
1.0,COMP:wsgi_server|EVT:E26|EVT:E8
1.0,EVT:E15|EVT:E26|EVT:E8
1.0,EVT:E14|EVT:E26|EVT:E8
1.0,EVT:E13|EVT:E26|EVT:E8
1.0,EVT:E12|EVT:E26|EVT:E8
1.0,EVT:E11|EVT:E26|EVT:E8
1.0,EVT:E10|EVT:E26|EVT:E8
1.0,EVT:E1|EVT:E26|EVT:E8
1.0,COMP:compute_server_external_events|EVT:E26|EVT:E8
1.0,COMP:openstack_wsgi|EVT:E26|EVT:E8
1.0,COMP:libvirt_imagecache|EVT:E26|EVT:E8
1.0,COMP:libvirt_driver|EVT:E26|EVT:E8
1.0,COMP:compute_manager|EVT:E26|EVT:E8
1.0,COMP:compute_resource_tracker|EVT:E26|EVT:E8
1.0,COMP:compute_claims|EVT:E26|EVT:E8
0.6,EVT:E26|EVT:E29|EVT:E8
1.0,EVT:E23|EVT:E24|EVT:E8
1.0,EVT:E2|EVT:E24|EVT:E8
1.0,EVT:E22|EVT:E24|EVT:E8
1.0,EVT:E21|EVT:E24|EVT:E8
1.0,EVT:E20|EVT:E24|EVT:E8
1.0,EVT:E18|EVT:E24|EVT:E8
1.0,EVT:E19|EVT:E24|EVT:E8
1.0,EVT:E17|EVT:E24|EVT:E8
1.0,EVT:E16|EVT:E24|EVT:E8
1.0,COMP:wsgi_server|EVT:E24|EVT:E8
1.0,EVT:E15|EVT:E24|EVT:E8
1.0,EVT:E14|EVT:E24|EVT:E8
1.0,EVT:E13|EVT:E24|EVT:E8
1.0,EVT:E12|EVT:E24|EVT:E8
1.0,EVT:E11|EVT:E24|EVT:E8
1.0,EVT:E10|EVT:E24|EVT:E8
1.0,EVT:E1|EVT:E24|EVT:E8
1.0,COMP:compute_server_external_events|EVT:E24|EVT:E8
1.0,COMP:openstack_wsgi|EVT:E24|EVT:E8
1.0,COMP:libvirt_imagecache|EVT:E24|EVT:E8
1.0,COMP:libvirt_driver|EVT:E24|EVT:E8
1.0,COMP:compute_manager|EVT:E24|EVT:E8
1.0,COMP:compute_resource_tracker|EVT:E24|EVT:E8
1.0,COMP:compute_claims|EVT:E24|EVT:E8
0.6,EVT:E24|EVT:E29|EVT:E8
1.0,EVT:E2|EVT:E23|EVT:E8
1.0,EVT:E22|EVT:E23|EVT:E8
1.0,EVT:E21|EVT:E23|EVT:E8
1.0,EVT:E20|EVT:E23|EVT:E8
1.0,EVT:E18|EVT:E23|EVT:E8
1.0,EVT:E19|EVT:E23|EVT:E8
1.0,EVT:E17|EVT:E23|EVT:E8
1.0,EVT:E16|EVT:E23|EVT:E8
1.0,COMP:wsgi_server|EVT:E23|EVT:E8
1.0,EVT:E15|EVT:E23|EVT:E8
1.0,EVT:E14|EVT:E23|EVT:E8
1.0,EVT:E13|EVT:E23|EVT:E8
1.0,EVT:E12|EVT:E23|EVT:E8
1.0,EVT:E11|EVT:E23|EVT:E8
1.0,EVT:E10|EVT:E23|EVT:E8
1.0,EVT:E1|EVT:E23|EVT:E8
1.0,COMP:compute_server_external_events|EVT:E23|EVT:E8
1.0,COMP:openstack_wsgi|EVT:E23|EVT:E8
1.0,COMP:libvirt_imagecache|EVT:E23|EVT:E8
1.0,COMP:libvirt_driver|EVT:E23|EVT:E8
1.0,COMP:compute_manager|EVT:E23|EVT:E8
1.0,COMP:compute_resource_tracker|EVT:E23|EVT:E8
1.0,COMP:compute_claims|EVT:E23|EVT:E8
0.6,EVT:E23|EVT:E29|EVT:E8
1.0,EVT:E2|EVT:E22|EVT:E8
1.0,EVT:E2|EVT:E21|EVT:E8
1.0,EVT:E2|EVT:E20|EVT:E8
1.0,EVT:E18|EVT:E2|EVT:E8
1.0,EVT:E19|EVT:E2|EVT:E8
1.0,EVT:E17|EVT:E2|EVT:E8
1.0,EVT:E16|EVT:E2|EVT:E8
1.0,COMP:wsgi_server|EVT:E2|EVT:E8
1.0,EVT:E15|EVT:E2|EVT:E8
1.0,EVT:E14|EVT:E2|EVT:E8
1.0,EVT:E13|EVT:E2|EVT:E8
1.0,EVT:E12|EVT:E2|EVT:E8
1.0,EVT:E11|EVT:E2|EVT:E8
1.0,EVT:E10|EVT:E2|EVT:E8
1.0,EVT:E1|EVT:E2|EVT:E8
1.0,COMP:compute_server_external_events|EVT:E2|EVT:E8
1.0,COMP:openstack_wsgi|EVT:E2|EVT:E8
1.0,COMP:libvirt_imagecache|EVT:E2|EVT:E8
1.0,COMP:libvirt_driver|EVT:E2|EVT:E8
1.0,COMP:compute_manager|EVT:E2|EVT:E8
1.0,COMP:compute_resource_tracker|EVT:E2|EVT:E8
1.0,COMP:compute_claims|EVT:E2|EVT:E8
0.6,EVT:E2|EVT:E29|EVT:E8
1.0,EVT:E21|EVT:E22|EVT:E8
1.0,EVT:E20|EVT:E22|EVT:E8
1.0,EVT:E18|EVT:E22|EVT:E8
1.0,EVT:E19|EVT:E22|EVT:E8
1.0,EVT:E17|EVT:E22|EVT:E8
1.0,EVT:E16|EVT:E22|EVT:E8
1.0,COMP:wsgi_server|EVT:E22|EVT:E8
1.0,EVT:E15|EVT:E22|EVT:E8
1.0,EVT:E14|EVT:E22|EVT:E8
1.0,EVT:E13|EVT:E22|EVT:E8
1.0,EVT:E12|EVT:E22|EVT:E8
1.0,EVT:E11|EVT:E22|EVT:E8
1.0,EVT:E10|EVT:E22|EVT:E8
1.0,EVT:E1|EVT:E22|EVT:E8
1.0,COMP:compute_server_external_events|EVT:E22|EVT:E8
1.0,COMP:openstack_wsgi|EVT:E22|EVT:E8
1.0,COMP:libvirt_imagecache|EVT:E22|EVT:E8
1.0,COMP:libvirt_driver|EVT:E22|EVT:E8
1.0,COMP:compute_manager|EVT:E22|EVT:E8
1.0,COMP:compute_resource_tracker|EVT:E22|EVT:E8
1.0,COMP:compute_claims|EVT:E22|EVT:E8
0.6,EVT:E22|EVT:E29|EVT:E8
1.0,EVT:E20|EVT:E21|EVT:E8
1.0,EVT:E18|EVT:E21|EVT:E8
1.0,EVT:E19|EVT:E21|EVT:E8
1.0,EVT:E17|EVT:E21|EVT:E8
1.0,EVT:E16|EVT:E21|EVT:E8
1.0,COMP:wsgi_server|EVT:E21|EVT:E8
1.0,EVT:E15|EVT:E21|EVT:E8
1.0,EVT:E14|EVT:E21|EVT:E8
1.0,EVT:E13|EVT:E21|EVT:E8
1.0,EVT:E12|EVT:E21|EVT:E8
1.0,EVT:E11|EVT:E21|EVT:E8
1.0,EVT:E10|EVT:E21|EVT:E8
1.0,EVT:E1|EVT:E21|EVT:E8
1.0,COMP:compute_server_external_events|EVT:E21|EVT:E8
1.0,COMP:openstack_wsgi|EVT:E21|EVT:E8
1.0,COMP:libvirt_imagecache|EVT:E21|EVT:E8
1.0,COMP:libvirt_driver|EVT:E21|EVT:E8
1.0,COMP:compute_manager|EVT:E21|EVT:E8
1.0,COMP:compute_resource_tracker|EVT:E21|EVT:E8
1.0,COMP:compute_claims|EVT:E21|EVT:E8
0.6,EVT:E21|EVT:E29|EVT:E8
1.0,EVT:E18|EVT:E20|EVT:E8
1.0,EVT:E19|EVT:E20|EVT:E8
1.0,EVT:E17|EVT:E20|EVT:E8
1.0,EVT:E16|EVT:E20|EVT:E8
1.0,COMP:wsgi_server|EVT:E20|EVT:E8
1.0,EVT:E15|EVT:E20|EVT:E8
1.0,EVT:E14|EVT:E20|EVT:E8
1.0,EVT:E13|EVT:E20|EVT:E8
1.0,EVT:E12|EVT:E20|EVT:E8
1.0,EVT:E11|EVT:E20|EVT:E8
1.0,EVT:E10|EVT:E20|EVT:E8
1.0,EVT:E1|EVT:E20|EVT:E8
1.0,COMP:compute_server_external_events|EVT:E20|EVT:E8
1.0,COMP:openstack_wsgi|EVT:E20|EVT:E8
1.0,COMP:libvirt_imagecache|EVT:E20|EVT:E8
1.0,COMP:libvirt_driver|EVT:E20|EVT:E8
1.0,COMP:compute_manager|EVT:E20|EVT:E8
1.0,COMP:compute_resource_tracker|EVT:E20|EVT:E8
1.0,COMP:compute_claims|EVT:E20|EVT:E8
0.6,EVT:E20|EVT:E29|EVT:E8
1.0,EVT:E18|EVT:E19|EVT:E8
1.0,EVT:E17|EVT:E18|EVT:E8
1.0,EVT:E16|EVT:E18|EVT:E8
1.0,COMP:wsgi_server|EVT:E18|EVT:E8
1.0,EVT:E15|EVT:E18|EVT:E8
1.0,EVT:E14|EVT:E18|EVT:E8
1.0,EVT:E13|EVT:E18|EVT:E8
1.0,EVT:E12|EVT:E18|EVT:E8
1.0,EVT:E11|EVT:E18|EVT:E8
1.0,EVT:E10|EVT:E18|EVT:E8
1.0,EVT:E1|EVT:E18|EVT:E8
1.0,COMP:compute_server_external_events|EVT:E18|EVT:E8
1.0,COMP:openstack_wsgi|EVT:E18|EVT:E8
1.0,COMP:libvirt_imagecache|EVT:E18|EVT:E8
1.0,COMP:libvirt_driver|EVT:E18|EVT:E8
1.0,COMP:compute_manager|EVT:E18|EVT:E8
1.0,COMP:compute_resource_tracker|EVT:E18|EVT:E8
1.0,COMP:compute_claims|EVT:E18|EVT:E8
0.6,EVT:E18|EVT:E29|EVT:E8
1.0,EVT:E17|EVT:E19|EVT:E8
1.0,EVT:E16|EVT:E19|EVT:E8
1.0,COMP:wsgi_server|EVT:E19|EVT:E8
1.0,EVT:E15|EVT:E19|EVT:E8
1.0,EVT:E14|EVT:E19|EVT:E8
1.0,EVT:E13|EVT:E19|EVT:E8
1.0,EVT:E12|EVT:E19|EVT:E8
1.0,EVT:E11|EVT:E19|EVT:E8
1.0,EVT:E10|EVT:E19|EVT:E8
1.0,EVT:E1|EVT:E19|EVT:E8
1.0,COMP:compute_server_external_events|EVT:E19|EVT:E8
1.0,COMP:openstack_wsgi|EVT:E19|EVT:E8
1.0,COMP:libvirt_imagecache|EVT:E19|EVT:E8
1.0,COMP:libvirt_driver|EVT:E19|EVT:E8
1.0,COMP:compute_manager|EVT:E19|EVT:E8
1.0,COMP:compute_resource_tracker|EVT:E19|EVT:E8
1.0,COMP:compute_claims|EVT:E19|EVT:E8
0.6,EVT:E19|EVT:E29|EVT:E8
1.0,EVT:E16|EVT:E17|EVT:E8
1.0,COMP:wsgi_server|EVT:E17|EVT:E8
1.0,EVT:E15|EVT:E17|EVT:E8
1.0,EVT:E14|EVT:E17|EVT:E8
1.0,EVT:E13|EVT:E17|EVT:E8
1.0,EVT:E12|EVT:E17|EVT:E8
1.0,EVT:E11|EVT:E17|EVT:E8
1.0,EVT:E10|EVT:E17|EVT:E8
1.0,EVT:E1|EVT:E17|EVT:E8
1.0,COMP:compute_server_external_events|EVT:E17|EVT:E8
1.0,COMP:openstack_wsgi|EVT:E17|EVT:E8
1.0,COMP:libvirt_imagecache|EVT:E17|EVT:E8
1.0,COMP:libvirt_driver|EVT:E17|EVT:E8
1.0,COMP:compute_manager|EVT:E17|EVT:E8
1.0,COMP:compute_resource_tracker|EVT:E17|EVT:E8
1.0,COMP:compute_claims|EVT:E17|EVT:E8
0.6,EVT:E17|EVT:E29|EVT:E8
1.0,COMP:wsgi_server|EVT:E16|EVT:E8
1.0,EVT:E15|EVT:E16|EVT:E8
1.0,EVT:E14|EVT:E16|EVT:E8
1.0,EVT:E13|EVT:E16|EVT:E8
1.0,EVT:E12|EVT:E16|EVT:E8
1.0,EVT:E11|EVT:E16|EVT:E8
1.0,EVT:E10|EVT:E16|EVT:E8
1.0,EVT:E1|EVT:E16|EVT:E8
1.0,COMP:compute_server_external_events|EVT:E16|EVT:E8
1.0,COMP:openstack_wsgi|EVT:E16|EVT:E8
1.0,COMP:libvirt_imagecache|EVT:E16|EVT:E8
1.0,COMP:libvirt_driver|EVT:E16|EVT:E8
1.0,COMP:compute_manager|EVT:E16|EVT:E8
1.0,COMP:compute_resource_tracker|EVT:E16|EVT:E8
1.0,COMP:compute_claims|EVT:E16|EVT:E8
0.6,EVT:E16|EVT:E29|EVT:E8
1.0,COMP:wsgi_server|EVT:E15|EVT:E8
1.0,COMP:wsgi_server|EVT:E14|EVT:E8
1.0,COMP:wsgi_server|EVT:E13|EVT:E8
1.0,COMP:wsgi_server|EVT:E12|EVT:E8
1.0,COMP:wsgi_server|EVT:E11|EVT:E8
1.0,COMP:wsgi_server|EVT:E10|EVT:E8
1.0,COMP:wsgi_server|EVT:E1|EVT:E8
1.0,COMP:compute_server_external_events|COMP:wsgi_server|EVT:E8
1.0,COMP:openstack_wsgi|COMP:wsgi_server|EVT:E8
1.0,COMP:libvirt_imagecache|COMP:wsgi_server|EVT:E8
1.0,COMP:libvirt_driver|COMP:wsgi_server|EVT:E8
1.0,COMP:compute_manager|COMP:wsgi_server|EVT:E8
1.0,COMP:compute_resource_tracker|COMP:wsgi_server|EVT:E8
1.0,COMP:compute_claims|COMP:wsgi_server|EVT:E8
0.6,COMP:wsgi_server|EVT:E29|EVT:E8
1.0,EVT:E14|EVT:E15|EVT:E8
1.0,EVT:E13|EVT:E15|EVT:E8
1.0,EVT:E12|EVT:E15|EVT:E8
1.0,EVT:E11|EVT:E15|EVT:E8
1.0,EVT:E10|EVT:E15|EVT:E8
1.0,EVT:E1|EVT:E15|EVT:E8
1.0,COMP:compute_server_external_events|EVT:E15|EVT:E8
1.0,COMP:openstack_wsgi|EVT:E15|EVT:E8
1.0,COMP:libvirt_imagecache|EVT:E15|EVT:E8
1.0,COMP:libvirt_driver|EVT:E15|EVT:E8
1.0,COMP:compute_manager|EVT:E15|EVT:E8
1.0,COMP:compute_resource_tracker|EVT:E15|EVT:E8
1.0,COMP:compute_claims|EVT:E15|EVT:E8
0.6,EVT:E15|EVT:E29|EVT:E8
1.0,EVT:E13|EVT:E14|EVT:E8
1.0,EVT:E12|EVT:E14|EVT:E8
1.0,EVT:E11|EVT:E14|EVT:E8
1.0,EVT:E10|EVT:E14|EVT:E8
1.0,EVT:E1|EVT:E14|EVT:E8
1.0,COMP:compute_server_external_events|EVT:E14|EVT:E8
1.0,COMP:openstack_wsgi|EVT:E14|EVT:E8
1.0,COMP:libvirt_imagecache|EVT:E14|EVT:E8
1.0,COMP:libvirt_driver|EVT:E14|EVT:E8
1.0,COMP:compute_manager|EVT:E14|EVT:E8
1.0,COMP:compute_resource_tracker|EVT:E14|EVT:E8
1.0,COMP:compute_claims|EVT:E14|EVT:E8
0.6,EVT:E14|EVT:E29|EVT:E8
1.0,EVT:E12|EVT:E13|EVT:E8
1.0,EVT:E11|EVT:E13|EVT:E8
1.0,EVT:E10|EVT:E13|EVT:E8
1.0,EVT:E1|EVT:E13|EVT:E8
1.0,COMP:compute_server_external_events|EVT:E13|EVT:E8
1.0,COMP:openstack_wsgi|EVT:E13|EVT:E8
1.0,COMP:libvirt_imagecache|EVT:E13|EVT:E8
1.0,COMP:libvirt_driver|EVT:E13|EVT:E8
1.0,COMP:compute_manager|EVT:E13|EVT:E8
1.0,COMP:compute_resource_tracker|EVT:E13|EVT:E8
1.0,COMP:compute_claims|EVT:E13|EVT:E8
0.6,EVT:E13|EVT:E29|EVT:E8
1.0,EVT:E11|EVT:E12|EVT:E8
1.0,EVT:E10|EVT:E12|EVT:E8
1.0,EVT:E1|EVT:E12|EVT:E8
1.0,COMP:compute_server_external_events|EVT:E12|EVT:E8
1.0,COMP:openstack_wsgi|EVT:E12|EVT:E8
1.0,COMP:libvirt_imagecache|EVT:E12|EVT:E8
1.0,COMP:libvirt_driver|EVT:E12|EVT:E8
1.0,COMP:compute_manager|EVT:E12|EVT:E8
1.0,COMP:compute_resource_tracker|EVT:E12|EVT:E8
1.0,COMP:compute_claims|EVT:E12|EVT:E8
0.6,EVT:E12|EVT:E29|EVT:E8
1.0,EVT:E10|EVT:E11|EVT:E8
1.0,EVT:E1|EVT:E11|EVT:E8
1.0,COMP:compute_server_external_events|EVT:E11|EVT:E8
1.0,COMP:openstack_wsgi|EVT:E11|EVT:E8
1.0,COMP:libvirt_imagecache|EVT:E11|EVT:E8
1.0,COMP:libvirt_driver|EVT:E11|EVT:E8
1.0,COMP:compute_manager|EVT:E11|EVT:E8
1.0,COMP:compute_resource_tracker|EVT:E11|EVT:E8
1.0,COMP:compute_claims|EVT:E11|EVT:E8
0.6,EVT:E11|EVT:E29|EVT:E8
1.0,EVT:E1|EVT:E10|EVT:E8
1.0,COMP:compute_server_external_events|EVT:E10|EVT:E8
1.0,COMP:openstack_wsgi|EVT:E10|EVT:E8
1.0,COMP:libvirt_imagecache|EVT:E10|EVT:E8
1.0,COMP:libvirt_driver|EVT:E10|EVT:E8
1.0,COMP:compute_manager|EVT:E10|EVT:E8
1.0,COMP:compute_resource_tracker|EVT:E10|EVT:E8
1.0,COMP:compute_claims|EVT:E10|EVT:E8
0.6,EVT:E10|EVT:E29|EVT:E8
1.0,COMP:compute_server_external_events|EVT:E1|EVT:E8
1.0,COMP:openstack_wsgi|EVT:E1|EVT:E8
1.0,COMP:libvirt_imagecache|EVT:E1|EVT:E8
1.0,COMP:libvirt_driver|EVT:E1|EVT:E8
1.0,COMP:compute_manager|EVT:E1|EVT:E8
1.0,COMP:compute_resource_tracker|EVT:E1|EVT:E8
1.0,COMP:compute_claims|EVT:E1|EVT:E8
0.6,EVT:E1|EVT:E29|EVT:E8
1.0,COMP:compute_server_external_events|COMP:openstack_wsgi|EVT:E8
1.0,COMP:compute_server_external_events|COMP:libvirt_imagecache|EVT:E8
1.0,COMP:compute_server_external_events|COMP:libvirt_driver|EVT:E8
1.0,COMP:compute_manager|COMP:compute_server_external_events|EVT:E8
1.0,COMP:compute_resource_tracker|COMP:compute_server_external_events|EVT:E8
1.0,COMP:compute_claims|COMP:compute_server_external_events|EVT:E8
0.6,COMP:compute_server_external_events|EVT:E29|EVT:E8
1.0,COMP:libvirt_imagecache|COMP:openstack_wsgi|EVT:E8
1.0,COMP:libvirt_driver|COMP:openstack_wsgi|EVT:E8
1.0,COMP:compute_manager|COMP:openstack_wsgi|EVT:E8
1.0,COMP:compute_resource_tracker|COMP:openstack_wsgi|EVT:E8
1.0,COMP:compute_claims|COMP:openstack_wsgi|EVT:E8
0.6,COMP:openstack_wsgi|EVT:E29|EVT:E8
1.0,COMP:libvirt_driver|COMP:libvirt_imagecache|EVT:E8
1.0,COMP:compute_manager|COMP:libvirt_imagecache|EVT:E8
1.0,COMP:compute_resource_tracker|COMP:libvirt_imagecache|EVT:E8
1.0,COMP:compute_claims|COMP:libvirt_imagecache|EVT:E8
0.6,COMP:libvirt_imagecache|EVT:E29|EVT:E8
1.0,COMP:compute_manager|COMP:libvirt_driver|EVT:E8
1.0,COMP:compute_resource_tracker|COMP:libvirt_driver|EVT:E8
1.0,COMP:compute_claims|COMP:libvirt_driver|EVT:E8
0.6,COMP:libvirt_driver|EVT:E29|EVT:E8
1.0,COMP:compute_manager|COMP:compute_resource_tracker|EVT:E8
1.0,COMP:compute_claims|COMP:compute_manager|EVT:E8
0.6,COMP:compute_manager|EVT:E29|EVT:E8
1.0,COMP:compute_claims|COMP:compute_resource_tracker|EVT:E8
0.6,COMP:compute_resource_tracker|EVT:E29|EVT:E8
0.6,COMP:compute_claims|EVT:E29|EVT:E8
1.0,EVT:E5|EVT:E6|EVT:E7
1.0,EVT:E42|EVT:E6|EVT:E7
1.0,EVT:E41|EVT:E6|EVT:E7
1.0,EVT:E4|EVT:E6|EVT:E7
1.0,EVT:E37|EVT:E6|EVT:E7
1.0,EVT:E36|EVT:E6|EVT:E7
1.0,EVT:E35|EVT:E6|EVT:E7
1.0,EVT:E34|EVT:E6|EVT:E7
1.0,EVT:E33|EVT:E6|EVT:E7
1.0,EVT:E32|EVT:E6|EVT:E7
1.0,EVT:E31|EVT:E6|EVT:E7
1.0,EVT:E30|EVT:E6|EVT:E7
1.0,EVT:E3|EVT:E6|EVT:E7
1.0,EVT:E28|EVT:E6|EVT:E7
1.0,EVT:E27|EVT:E6|EVT:E7
1.0,EVT:E25|EVT:E6|EVT:E7
1.0,EVT:E26|EVT:E6|EVT:E7
1.0,EVT:E24|EVT:E6|EVT:E7
1.0,EVT:E23|EVT:E6|EVT:E7
1.0,EVT:E2|EVT:E6|EVT:E7
1.0,EVT:E22|EVT:E6|EVT:E7
1.0,EVT:E21|EVT:E6|EVT:E7
1.0,EVT:E20|EVT:E6|EVT:E7
1.0,EVT:E18|EVT:E6|EVT:E7
1.0,EVT:E19|EVT:E6|EVT:E7
1.0,EVT:E17|EVT:E6|EVT:E7
1.0,EVT:E16|EVT:E6|EVT:E7
1.0,COMP:wsgi_server|EVT:E6|EVT:E7
1.0,EVT:E15|EVT:E6|EVT:E7
1.0,EVT:E14|EVT:E6|EVT:E7
1.0,EVT:E13|EVT:E6|EVT:E7
1.0,EVT:E12|EVT:E6|EVT:E7
1.0,EVT:E11|EVT:E6|EVT:E7
1.0,EVT:E10|EVT:E6|EVT:E7
1.0,EVT:E1|EVT:E6|EVT:E7
1.0,COMP:compute_server_external_events|EVT:E6|EVT:E7
1.0,COMP:openstack_wsgi|EVT:E6|EVT:E7
1.0,COMP:libvirt_imagecache|EVT:E6|EVT:E7
1.0,COMP:libvirt_driver|EVT:E6|EVT:E7
1.0,COMP:compute_manager|EVT:E6|EVT:E7
1.0,COMP:compute_resource_tracker|EVT:E6|EVT:E7
1.0,COMP:compute_claims|EVT:E6|EVT:E7
0.6,EVT:E29|EVT:E6|EVT:E7
1.0,EVT:E42|EVT:E5|EVT:E7
1.0,EVT:E41|EVT:E5|EVT:E7
1.0,EVT:E4|EVT:E5|EVT:E7
1.0,EVT:E37|EVT:E5|EVT:E7
1.0,EVT:E36|EVT:E5|EVT:E7
1.0,EVT:E35|EVT:E5|EVT:E7
1.0,EVT:E34|EVT:E5|EVT:E7
1.0,EVT:E33|EVT:E5|EVT:E7
1.0,EVT:E32|EVT:E5|EVT:E7
1.0,EVT:E31|EVT:E5|EVT:E7
1.0,EVT:E30|EVT:E5|EVT:E7
1.0,EVT:E3|EVT:E5|EVT:E7
1.0,EVT:E28|EVT:E5|EVT:E7
1.0,EVT:E27|EVT:E5|EVT:E7
1.0,EVT:E25|EVT:E5|EVT:E7
1.0,EVT:E26|EVT:E5|EVT:E7
1.0,EVT:E24|EVT:E5|EVT:E7
1.0,EVT:E23|EVT:E5|EVT:E7
1.0,EVT:E2|EVT:E5|EVT:E7
1.0,EVT:E22|EVT:E5|EVT:E7
1.0,EVT:E21|EVT:E5|EVT:E7
1.0,EVT:E20|EVT:E5|EVT:E7
1.0,EVT:E18|EVT:E5|EVT:E7
1.0,EVT:E19|EVT:E5|EVT:E7
1.0,EVT:E17|EVT:E5|EVT:E7
1.0,EVT:E16|EVT:E5|EVT:E7
1.0,COMP:wsgi_server|EVT:E5|EVT:E7
1.0,EVT:E15|EVT:E5|EVT:E7
1.0,EVT:E14|EVT:E5|EVT:E7
1.0,EVT:E13|EVT:E5|EVT:E7
1.0,EVT:E12|EVT:E5|EVT:E7
1.0,EVT:E11|EVT:E5|EVT:E7
1.0,EVT:E10|EVT:E5|EVT:E7
1.0,EVT:E1|EVT:E5|EVT:E7
1.0,COMP:compute_server_external_events|EVT:E5|EVT:E7
1.0,COMP:openstack_wsgi|EVT:E5|EVT:E7
1.0,COMP:libvirt_imagecache|EVT:E5|EVT:E7
1.0,COMP:libvirt_driver|EVT:E5|EVT:E7
1.0,COMP:compute_manager|EVT:E5|EVT:E7
1.0,COMP:compute_resource_tracker|EVT:E5|EVT:E7
1.0,COMP:compute_claims|EVT:E5|EVT:E7
0.6,EVT:E29|EVT:E5|EVT:E7
1.0,EVT:E41|EVT:E42|EVT:E7
1.0,EVT:E4|EVT:E42|EVT:E7
1.0,EVT:E37|EVT:E42|EVT:E7
1.0,EVT:E36|EVT:E42|EVT:E7
1.0,EVT:E35|EVT:E42|EVT:E7
1.0,EVT:E34|EVT:E42|EVT:E7
1.0,EVT:E33|EVT:E42|EVT:E7
1.0,EVT:E32|EVT:E42|EVT:E7
1.0,EVT:E31|EVT:E42|EVT:E7
1.0,EVT:E30|EVT:E42|EVT:E7
1.0,EVT:E3|EVT:E42|EVT:E7
1.0,EVT:E28|EVT:E42|EVT:E7
1.0,EVT:E27|EVT:E42|EVT:E7
1.0,EVT:E25|EVT:E42|EVT:E7
1.0,EVT:E26|EVT:E42|EVT:E7
1.0,EVT:E24|EVT:E42|EVT:E7
1.0,EVT:E23|EVT:E42|EVT:E7
1.0,EVT:E2|EVT:E42|EVT:E7
1.0,EVT:E22|EVT:E42|EVT:E7
1.0,EVT:E21|EVT:E42|EVT:E7
1.0,EVT:E20|EVT:E42|EVT:E7
1.0,EVT:E18|EVT:E42|EVT:E7
1.0,EVT:E19|EVT:E42|EVT:E7
1.0,EVT:E17|EVT:E42|EVT:E7
1.0,EVT:E16|EVT:E42|EVT:E7
1.0,COMP:wsgi_server|EVT:E42|EVT:E7
1.0,EVT:E15|EVT:E42|EVT:E7
1.0,EVT:E14|EVT:E42|EVT:E7
1.0,EVT:E13|EVT:E42|EVT:E7
1.0,EVT:E12|EVT:E42|EVT:E7
1.0,EVT:E11|EVT:E42|EVT:E7
1.0,EVT:E10|EVT:E42|EVT:E7
1.0,EVT:E1|EVT:E42|EVT:E7
1.0,COMP:compute_server_external_events|EVT:E42|EVT:E7
1.0,COMP:openstack_wsgi|EVT:E42|EVT:E7
1.0,COMP:libvirt_imagecache|EVT:E42|EVT:E7
1.0,COMP:libvirt_driver|EVT:E42|EVT:E7
1.0,COMP:compute_manager|EVT:E42|EVT:E7
1.0,COMP:compute_resource_tracker|EVT:E42|EVT:E7
1.0,COMP:compute_claims|EVT:E42|EVT:E7
0.6,EVT:E29|EVT:E42|EVT:E7
1.0,EVT:E4|EVT:E41|EVT:E7
1.0,EVT:E37|EVT:E41|EVT:E7
1.0,EVT:E36|EVT:E41|EVT:E7
1.0,EVT:E35|EVT:E41|EVT:E7
1.0,EVT:E34|EVT:E41|EVT:E7
1.0,EVT:E33|EVT:E41|EVT:E7
1.0,EVT:E32|EVT:E41|EVT:E7
1.0,EVT:E31|EVT:E41|EVT:E7
1.0,EVT:E30|EVT:E41|EVT:E7
1.0,EVT:E3|EVT:E41|EVT:E7
1.0,EVT:E28|EVT:E41|EVT:E7
1.0,EVT:E27|EVT:E41|EVT:E7
1.0,EVT:E25|EVT:E41|EVT:E7
1.0,EVT:E26|EVT:E41|EVT:E7
1.0,EVT:E24|EVT:E41|EVT:E7
1.0,EVT:E23|EVT:E41|EVT:E7
1.0,EVT:E2|EVT:E41|EVT:E7
1.0,EVT:E22|EVT:E41|EVT:E7
1.0,EVT:E21|EVT:E41|EVT:E7
1.0,EVT:E20|EVT:E41|EVT:E7
1.0,EVT:E18|EVT:E41|EVT:E7
1.0,EVT:E19|EVT:E41|EVT:E7
1.0,EVT:E17|EVT:E41|EVT:E7
1.0,EVT:E16|EVT:E41|EVT:E7
1.0,COMP:wsgi_server|EVT:E41|EVT:E7
1.0,EVT:E15|EVT:E41|EVT:E7
1.0,EVT:E14|EVT:E41|EVT:E7
1.0,EVT:E13|EVT:E41|EVT:E7
1.0,EVT:E12|EVT:E41|EVT:E7
1.0,EVT:E11|EVT:E41|EVT:E7
1.0,EVT:E10|EVT:E41|EVT:E7
1.0,EVT:E1|EVT:E41|EVT:E7
1.0,COMP:compute_server_external_events|EVT:E41|EVT:E7
1.0,COMP:openstack_wsgi|EVT:E41|EVT:E7
1.0,COMP:libvirt_imagecache|EVT:E41|EVT:E7
1.0,COMP:libvirt_driver|EVT:E41|EVT:E7
1.0,COMP:compute_manager|EVT:E41|EVT:E7
1.0,COMP:compute_resource_tracker|EVT:E41|EVT:E7
1.0,COMP:compute_claims|EVT:E41|EVT:E7
0.6,EVT:E29|EVT:E41|EVT:E7
1.0,EVT:E37|EVT:E4|EVT:E7
1.0,EVT:E36|EVT:E4|EVT:E7
1.0,EVT:E35|EVT:E4|EVT:E7
1.0,EVT:E34|EVT:E4|EVT:E7
1.0,EVT:E33|EVT:E4|EVT:E7
1.0,EVT:E32|EVT:E4|EVT:E7
1.0,EVT:E31|EVT:E4|EVT:E7
1.0,EVT:E30|EVT:E4|EVT:E7
1.0,EVT:E3|EVT:E4|EVT:E7
1.0,EVT:E28|EVT:E4|EVT:E7
1.0,EVT:E27|EVT:E4|EVT:E7
1.0,EVT:E25|EVT:E4|EVT:E7
1.0,EVT:E26|EVT:E4|EVT:E7
1.0,EVT:E24|EVT:E4|EVT:E7
1.0,EVT:E23|EVT:E4|EVT:E7
1.0,EVT:E2|EVT:E4|EVT:E7
1.0,EVT:E22|EVT:E4|EVT:E7
1.0,EVT:E21|EVT:E4|EVT:E7
1.0,EVT:E20|EVT:E4|EVT:E7
1.0,EVT:E18|EVT:E4|EVT:E7
1.0,EVT:E19|EVT:E4|EVT:E7
1.0,EVT:E17|EVT:E4|EVT:E7
1.0,EVT:E16|EVT:E4|EVT:E7
1.0,COMP:wsgi_server|EVT:E4|EVT:E7
1.0,EVT:E15|EVT:E4|EVT:E7
1.0,EVT:E14|EVT:E4|EVT:E7
1.0,EVT:E13|EVT:E4|EVT:E7
1.0,EVT:E12|EVT:E4|EVT:E7
1.0,EVT:E11|EVT:E4|EVT:E7
1.0,EVT:E10|EVT:E4|EVT:E7
1.0,EVT:E1|EVT:E4|EVT:E7
1.0,COMP:compute_server_external_events|EVT:E4|EVT:E7
1.0,COMP:openstack_wsgi|EVT:E4|EVT:E7
1.0,COMP:libvirt_imagecache|EVT:E4|EVT:E7
1.0,COMP:libvirt_driver|EVT:E4|EVT:E7
1.0,COMP:compute_manager|EVT:E4|EVT:E7
1.0,COMP:compute_resource_tracker|EVT:E4|EVT:E7
1.0,COMP:compute_claims|EVT:E4|EVT:E7
0.6,EVT:E29|EVT:E4|EVT:E7
1.0,EVT:E36|EVT:E37|EVT:E7
1.0,EVT:E35|EVT:E37|EVT:E7
1.0,EVT:E34|EVT:E37|EVT:E7
1.0,EVT:E33|EVT:E37|EVT:E7
1.0,EVT:E32|EVT:E37|EVT:E7
1.0,EVT:E31|EVT:E37|EVT:E7
1.0,EVT:E30|EVT:E37|EVT:E7
1.0,EVT:E3|EVT:E37|EVT:E7
1.0,EVT:E28|EVT:E37|EVT:E7
1.0,EVT:E27|EVT:E37|EVT:E7
1.0,EVT:E25|EVT:E37|EVT:E7
1.0,EVT:E26|EVT:E37|EVT:E7
1.0,EVT:E24|EVT:E37|EVT:E7
1.0,EVT:E23|EVT:E37|EVT:E7
1.0,EVT:E2|EVT:E37|EVT:E7
1.0,EVT:E22|EVT:E37|EVT:E7
1.0,EVT:E21|EVT:E37|EVT:E7
1.0,EVT:E20|EVT:E37|EVT:E7
1.0,EVT:E18|EVT:E37|EVT:E7
1.0,EVT:E19|EVT:E37|EVT:E7
1.0,EVT:E17|EVT:E37|EVT:E7
1.0,EVT:E16|EVT:E37|EVT:E7
1.0,COMP:wsgi_server|EVT:E37|EVT:E7
1.0,EVT:E15|EVT:E37|EVT:E7
1.0,EVT:E14|EVT:E37|EVT:E7
1.0,EVT:E13|EVT:E37|EVT:E7
1.0,EVT:E12|EVT:E37|EVT:E7
1.0,EVT:E11|EVT:E37|EVT:E7
1.0,EVT:E10|EVT:E37|EVT:E7
1.0,EVT:E1|EVT:E37|EVT:E7
1.0,COMP:compute_server_external_events|EVT:E37|EVT:E7
1.0,COMP:openstack_wsgi|EVT:E37|EVT:E7
1.0,COMP:libvirt_imagecache|EVT:E37|EVT:E7
1.0,COMP:libvirt_driver|EVT:E37|EVT:E7
1.0,COMP:compute_manager|EVT:E37|EVT:E7
1.0,COMP:compute_resource_tracker|EVT:E37|EVT:E7
1.0,COMP:compute_claims|EVT:E37|EVT:E7
0.6,EVT:E29|EVT:E37|EVT:E7
1.0,EVT:E35|EVT:E36|EVT:E7
1.0,EVT:E34|EVT:E36|EVT:E7
1.0,EVT:E33|EVT:E36|EVT:E7
1.0,EVT:E32|EVT:E36|EVT:E7
1.0,EVT:E31|EVT:E36|EVT:E7
1.0,EVT:E30|EVT:E36|EVT:E7
1.0,EVT:E3|EVT:E36|EVT:E7
1.0,EVT:E28|EVT:E36|EVT:E7
1.0,EVT:E27|EVT:E36|EVT:E7
1.0,EVT:E25|EVT:E36|EVT:E7
1.0,EVT:E26|EVT:E36|EVT:E7
1.0,EVT:E24|EVT:E36|EVT:E7
1.0,EVT:E23|EVT:E36|EVT:E7
1.0,EVT:E2|EVT:E36|EVT:E7
1.0,EVT:E22|EVT:E36|EVT:E7
1.0,EVT:E21|EVT:E36|EVT:E7
1.0,EVT:E20|EVT:E36|EVT:E7
1.0,EVT:E18|EVT:E36|EVT:E7
1.0,EVT:E19|EVT:E36|EVT:E7
1.0,EVT:E17|EVT:E36|EVT:E7
1.0,EVT:E16|EVT:E36|EVT:E7
1.0,COMP:wsgi_server|EVT:E36|EVT:E7
1.0,EVT:E15|EVT:E36|EVT:E7
1.0,EVT:E14|EVT:E36|EVT:E7
1.0,EVT:E13|EVT:E36|EVT:E7
1.0,EVT:E12|EVT:E36|EVT:E7
1.0,EVT:E11|EVT:E36|EVT:E7
1.0,EVT:E10|EVT:E36|EVT:E7
1.0,EVT:E1|EVT:E36|EVT:E7
1.0,COMP:compute_server_external_events|EVT:E36|EVT:E7
1.0,COMP:openstack_wsgi|EVT:E36|EVT:E7
1.0,COMP:libvirt_imagecache|EVT:E36|EVT:E7
1.0,COMP:libvirt_driver|EVT:E36|EVT:E7
1.0,COMP:compute_manager|EVT:E36|EVT:E7
1.0,COMP:compute_resource_tracker|EVT:E36|EVT:E7
1.0,COMP:compute_claims|EVT:E36|EVT:E7
0.6,EVT:E29|EVT:E36|EVT:E7
1.0,EVT:E34|EVT:E35|EVT:E7
1.0,EVT:E33|EVT:E35|EVT:E7
1.0,EVT:E32|EVT:E35|EVT:E7
1.0,EVT:E31|EVT:E35|EVT:E7
1.0,EVT:E30|EVT:E35|EVT:E7
1.0,EVT:E3|EVT:E35|EVT:E7
1.0,EVT:E28|EVT:E35|EVT:E7
1.0,EVT:E27|EVT:E35|EVT:E7
1.0,EVT:E25|EVT:E35|EVT:E7
1.0,EVT:E26|EVT:E35|EVT:E7
1.0,EVT:E24|EVT:E35|EVT:E7
1.0,EVT:E23|EVT:E35|EVT:E7
1.0,EVT:E2|EVT:E35|EVT:E7
1.0,EVT:E22|EVT:E35|EVT:E7
1.0,EVT:E21|EVT:E35|EVT:E7
1.0,EVT:E20|EVT:E35|EVT:E7
1.0,EVT:E18|EVT:E35|EVT:E7
1.0,EVT:E19|EVT:E35|EVT:E7
1.0,EVT:E17|EVT:E35|EVT:E7
1.0,EVT:E16|EVT:E35|EVT:E7
1.0,COMP:wsgi_server|EVT:E35|EVT:E7
1.0,EVT:E15|EVT:E35|EVT:E7
1.0,EVT:E14|EVT:E35|EVT:E7
1.0,EVT:E13|EVT:E35|EVT:E7
1.0,EVT:E12|EVT:E35|EVT:E7
1.0,EVT:E11|EVT:E35|EVT:E7
1.0,EVT:E10|EVT:E35|EVT:E7
1.0,EVT:E1|EVT:E35|EVT:E7
1.0,COMP:compute_server_external_events|EVT:E35|EVT:E7
1.0,COMP:openstack_wsgi|EVT:E35|EVT:E7
1.0,COMP:libvirt_imagecache|EVT:E35|EVT:E7
1.0,COMP:libvirt_driver|EVT:E35|EVT:E7
1.0,COMP:compute_manager|EVT:E35|EVT:E7
1.0,COMP:compute_resource_tracker|EVT:E35|EVT:E7
1.0,COMP:compute_claims|EVT:E35|EVT:E7
0.6,EVT:E29|EVT:E35|EVT:E7
1.0,EVT:E33|EVT:E34|EVT:E7
1.0,EVT:E32|EVT:E34|EVT:E7
1.0,EVT:E31|EVT:E34|EVT:E7
1.0,EVT:E30|EVT:E34|EVT:E7
1.0,EVT:E3|EVT:E34|EVT:E7
1.0,EVT:E28|EVT:E34|EVT:E7
1.0,EVT:E27|EVT:E34|EVT:E7
1.0,EVT:E25|EVT:E34|EVT:E7
1.0,EVT:E26|EVT:E34|EVT:E7
1.0,EVT:E24|EVT:E34|EVT:E7
1.0,EVT:E23|EVT:E34|EVT:E7
1.0,EVT:E2|EVT:E34|EVT:E7
1.0,EVT:E22|EVT:E34|EVT:E7
1.0,EVT:E21|EVT:E34|EVT:E7
1.0,EVT:E20|EVT:E34|EVT:E7
1.0,EVT:E18|EVT:E34|EVT:E7
1.0,EVT:E19|EVT:E34|EVT:E7
1.0,EVT:E17|EVT:E34|EVT:E7
1.0,EVT:E16|EVT:E34|EVT:E7
1.0,COMP:wsgi_server|EVT:E34|EVT:E7
1.0,EVT:E15|EVT:E34|EVT:E7
1.0,EVT:E14|EVT:E34|EVT:E7
1.0,EVT:E13|EVT:E34|EVT:E7
1.0,EVT:E12|EVT:E34|EVT:E7
1.0,EVT:E11|EVT:E34|EVT:E7
1.0,EVT:E10|EVT:E34|EVT:E7
1.0,EVT:E1|EVT:E34|EVT:E7
1.0,COMP:compute_server_external_events|EVT:E34|EVT:E7
1.0,COMP:openstack_wsgi|EVT:E34|EVT:E7
1.0,COMP:libvirt_imagecache|EVT:E34|EVT:E7
1.0,COMP:libvirt_driver|EVT:E34|EVT:E7
1.0,COMP:compute_manager|EVT:E34|EVT:E7
1.0,COMP:compute_resource_tracker|EVT:E34|EVT:E7
1.0,COMP:compute_claims|EVT:E34|EVT:E7
0.6,EVT:E29|EVT:E34|EVT:E7
1.0,EVT:E32|EVT:E33|EVT:E7
1.0,EVT:E31|EVT:E33|EVT:E7
1.0,EVT:E30|EVT:E33|EVT:E7
1.0,EVT:E3|EVT:E33|EVT:E7
1.0,EVT:E28|EVT:E33|EVT:E7
1.0,EVT:E27|EVT:E33|EVT:E7
1.0,EVT:E25|EVT:E33|EVT:E7
1.0,EVT:E26|EVT:E33|EVT:E7
1.0,EVT:E24|EVT:E33|EVT:E7
1.0,EVT:E23|EVT:E33|EVT:E7
1.0,EVT:E2|EVT:E33|EVT:E7
1.0,EVT:E22|EVT:E33|EVT:E7
1.0,EVT:E21|EVT:E33|EVT:E7
1.0,EVT:E20|EVT:E33|EVT:E7
1.0,EVT:E18|EVT:E33|EVT:E7
1.0,EVT:E19|EVT:E33|EVT:E7
1.0,EVT:E17|EVT:E33|EVT:E7
1.0,EVT:E16|EVT:E33|EVT:E7
1.0,COMP:wsgi_server|EVT:E33|EVT:E7
1.0,EVT:E15|EVT:E33|EVT:E7
1.0,EVT:E14|EVT:E33|EVT:E7
1.0,EVT:E13|EVT:E33|EVT:E7
1.0,EVT:E12|EVT:E33|EVT:E7
1.0,EVT:E11|EVT:E33|EVT:E7
1.0,EVT:E10|EVT:E33|EVT:E7
1.0,EVT:E1|EVT:E33|EVT:E7
1.0,COMP:compute_server_external_events|EVT:E33|EVT:E7
1.0,COMP:openstack_wsgi|EVT:E33|EVT:E7
1.0,COMP:libvirt_imagecache|EVT:E33|EVT:E7
1.0,COMP:libvirt_driver|EVT:E33|EVT:E7
1.0,COMP:compute_manager|EVT:E33|EVT:E7
1.0,COMP:compute_resource_tracker|EVT:E33|EVT:E7
1.0,COMP:compute_claims|EVT:E33|EVT:E7
0.6,EVT:E29|EVT:E33|EVT:E7
1.0,EVT:E31|EVT:E32|EVT:E7
1.0,EVT:E30|EVT:E32|EVT:E7
1.0,EVT:E3|EVT:E32|EVT:E7
1.0,EVT:E28|EVT:E32|EVT:E7
1.0,EVT:E27|EVT:E32|EVT:E7
1.0,EVT:E25|EVT:E32|EVT:E7
1.0,EVT:E26|EVT:E32|EVT:E7
1.0,EVT:E24|EVT:E32|EVT:E7
1.0,EVT:E23|EVT:E32|EVT:E7
1.0,EVT:E2|EVT:E32|EVT:E7
1.0,EVT:E22|EVT:E32|EVT:E7
1.0,EVT:E21|EVT:E32|EVT:E7
1.0,EVT:E20|EVT:E32|EVT:E7
1.0,EVT:E18|EVT:E32|EVT:E7
1.0,EVT:E19|EVT:E32|EVT:E7
1.0,EVT:E17|EVT:E32|EVT:E7
1.0,EVT:E16|EVT:E32|EVT:E7
1.0,COMP:wsgi_server|EVT:E32|EVT:E7
1.0,EVT:E15|EVT:E32|EVT:E7
1.0,EVT:E14|EVT:E32|EVT:E7
1.0,EVT:E13|EVT:E32|EVT:E7
1.0,EVT:E12|EVT:E32|EVT:E7
1.0,EVT:E11|EVT:E32|EVT:E7
1.0,EVT:E10|EVT:E32|EVT:E7
1.0,EVT:E1|EVT:E32|EVT:E7
1.0,COMP:compute_server_external_events|EVT:E32|EVT:E7
1.0,COMP:openstack_wsgi|EVT:E32|EVT:E7
1.0,COMP:libvirt_imagecache|EVT:E32|EVT:E7
1.0,COMP:libvirt_driver|EVT:E32|EVT:E7
1.0,COMP:compute_manager|EVT:E32|EVT:E7
1.0,COMP:compute_resource_tracker|EVT:E32|EVT:E7
1.0,COMP:compute_claims|EVT:E32|EVT:E7
0.6,EVT:E29|EVT:E32|EVT:E7
1.0,EVT:E30|EVT:E31|EVT:E7
1.0,EVT:E3|EVT:E31|EVT:E7
1.0,EVT:E28|EVT:E31|EVT:E7
1.0,EVT:E27|EVT:E31|EVT:E7
1.0,EVT:E25|EVT:E31|EVT:E7
1.0,EVT:E26|EVT:E31|EVT:E7
1.0,EVT:E24|EVT:E31|EVT:E7
1.0,EVT:E23|EVT:E31|EVT:E7
1.0,EVT:E2|EVT:E31|EVT:E7
1.0,EVT:E22|EVT:E31|EVT:E7
1.0,EVT:E21|EVT:E31|EVT:E7
1.0,EVT:E20|EVT:E31|EVT:E7
1.0,EVT:E18|EVT:E31|EVT:E7
1.0,EVT:E19|EVT:E31|EVT:E7
1.0,EVT:E17|EVT:E31|EVT:E7
1.0,EVT:E16|EVT:E31|EVT:E7
1.0,COMP:wsgi_server|EVT:E31|EVT:E7
1.0,EVT:E15|EVT:E31|EVT:E7
1.0,EVT:E14|EVT:E31|EVT:E7
1.0,EVT:E13|EVT:E31|EVT:E7
1.0,EVT:E12|EVT:E31|EVT:E7
1.0,EVT:E11|EVT:E31|EVT:E7
1.0,EVT:E10|EVT:E31|EVT:E7
1.0,EVT:E1|EVT:E31|EVT:E7
1.0,COMP:compute_server_external_events|EVT:E31|EVT:E7
1.0,COMP:openstack_wsgi|EVT:E31|EVT:E7
1.0,COMP:libvirt_imagecache|EVT:E31|EVT:E7
1.0,COMP:libvirt_driver|EVT:E31|EVT:E7
1.0,COMP:compute_manager|EVT:E31|EVT:E7
1.0,COMP:compute_resource_tracker|EVT:E31|EVT:E7
1.0,COMP:compute_claims|EVT:E31|EVT:E7
0.6,EVT:E29|EVT:E31|EVT:E7
1.0,EVT:E3|EVT:E30|EVT:E7
1.0,EVT:E28|EVT:E30|EVT:E7
1.0,EVT:E27|EVT:E30|EVT:E7
1.0,EVT:E25|EVT:E30|EVT:E7
1.0,EVT:E26|EVT:E30|EVT:E7
1.0,EVT:E24|EVT:E30|EVT:E7
1.0,EVT:E23|EVT:E30|EVT:E7
1.0,EVT:E2|EVT:E30|EVT:E7
1.0,EVT:E22|EVT:E30|EVT:E7
1.0,EVT:E21|EVT:E30|EVT:E7
1.0,EVT:E20|EVT:E30|EVT:E7
1.0,EVT:E18|EVT:E30|EVT:E7
1.0,EVT:E19|EVT:E30|EVT:E7
1.0,EVT:E17|EVT:E30|EVT:E7
1.0,EVT:E16|EVT:E30|EVT:E7
1.0,COMP:wsgi_server|EVT:E30|EVT:E7
1.0,EVT:E15|EVT:E30|EVT:E7
1.0,EVT:E14|EVT:E30|EVT:E7
1.0,EVT:E13|EVT:E30|EVT:E7
1.0,EVT:E12|EVT:E30|EVT:E7
1.0,EVT:E11|EVT:E30|EVT:E7
1.0,EVT:E10|EVT:E30|EVT:E7
1.0,EVT:E1|EVT:E30|EVT:E7
1.0,COMP:compute_server_external_events|EVT:E30|EVT:E7
1.0,COMP:openstack_wsgi|EVT:E30|EVT:E7
1.0,COMP:libvirt_imagecache|EVT:E30|EVT:E7
1.0,COMP:libvirt_driver|EVT:E30|EVT:E7
1.0,COMP:compute_manager|EVT:E30|EVT:E7
1.0,COMP:compute_resource_tracker|EVT:E30|EVT:E7
1.0,COMP:compute_claims|EVT:E30|EVT:E7
0.6,EVT:E29|EVT:E30|EVT:E7
1.0,EVT:E28|EVT:E3|EVT:E7
1.0,EVT:E27|EVT:E3|EVT:E7
1.0,EVT:E25|EVT:E3|EVT:E7
1.0,EVT:E26|EVT:E3|EVT:E7
1.0,EVT:E24|EVT:E3|EVT:E7
1.0,EVT:E23|EVT:E3|EVT:E7
1.0,EVT:E2|EVT:E3|EVT:E7
1.0,EVT:E22|EVT:E3|EVT:E7
1.0,EVT:E21|EVT:E3|EVT:E7
1.0,EVT:E20|EVT:E3|EVT:E7
1.0,EVT:E18|EVT:E3|EVT:E7
1.0,EVT:E19|EVT:E3|EVT:E7
1.0,EVT:E17|EVT:E3|EVT:E7
1.0,EVT:E16|EVT:E3|EVT:E7
1.0,COMP:wsgi_server|EVT:E3|EVT:E7
1.0,EVT:E15|EVT:E3|EVT:E7
1.0,EVT:E14|EVT:E3|EVT:E7
1.0,EVT:E13|EVT:E3|EVT:E7
1.0,EVT:E12|EVT:E3|EVT:E7
1.0,EVT:E11|EVT:E3|EVT:E7
1.0,EVT:E10|EVT:E3|EVT:E7
1.0,EVT:E1|EVT:E3|EVT:E7
1.0,COMP:compute_server_external_events|EVT:E3|EVT:E7
1.0,COMP:openstack_wsgi|EVT:E3|EVT:E7
1.0,COMP:libvirt_imagecache|EVT:E3|EVT:E7
1.0,COMP:libvirt_driver|EVT:E3|EVT:E7
1.0,COMP:compute_manager|EVT:E3|EVT:E7
1.0,COMP:compute_resource_tracker|EVT:E3|EVT:E7
1.0,COMP:compute_claims|EVT:E3|EVT:E7
0.6,EVT:E29|EVT:E3|EVT:E7
1.0,EVT:E27|EVT:E28|EVT:E7
1.0,EVT:E25|EVT:E28|EVT:E7
1.0,EVT:E26|EVT:E28|EVT:E7
1.0,EVT:E24|EVT:E28|EVT:E7
1.0,EVT:E23|EVT:E28|EVT:E7
1.0,EVT:E2|EVT:E28|EVT:E7
1.0,EVT:E22|EVT:E28|EVT:E7
1.0,EVT:E21|EVT:E28|EVT:E7
1.0,EVT:E20|EVT:E28|EVT:E7
1.0,EVT:E18|EVT:E28|EVT:E7
1.0,EVT:E19|EVT:E28|EVT:E7
1.0,EVT:E17|EVT:E28|EVT:E7
1.0,EVT:E16|EVT:E28|EVT:E7
1.0,COMP:wsgi_server|EVT:E28|EVT:E7
1.0,EVT:E15|EVT:E28|EVT:E7
1.0,EVT:E14|EVT:E28|EVT:E7
1.0,EVT:E13|EVT:E28|EVT:E7
1.0,EVT:E12|EVT:E28|EVT:E7
1.0,EVT:E11|EVT:E28|EVT:E7
1.0,EVT:E10|EVT:E28|EVT:E7
1.0,EVT:E1|EVT:E28|EVT:E7
1.0,COMP:compute_server_external_events|EVT:E28|EVT:E7
1.0,COMP:openstack_wsgi|EVT:E28|EVT:E7
1.0,COMP:libvirt_imagecache|EVT:E28|EVT:E7
1.0,COMP:libvirt_driver|EVT:E28|EVT:E7
1.0,COMP:compute_manager|EVT:E28|EVT:E7
1.0,COMP:compute_resource_tracker|EVT:E28|EVT:E7
1.0,COMP:compute_claims|EVT:E28|EVT:E7
0.6,EVT:E28|EVT:E29|EVT:E7
1.0,EVT:E25|EVT:E27|EVT:E7
1.0,EVT:E26|EVT:E27|EVT:E7
1.0,EVT:E24|EVT:E27|EVT:E7
1.0,EVT:E23|EVT:E27|EVT:E7
1.0,EVT:E2|EVT:E27|EVT:E7
1.0,EVT:E22|EVT:E27|EVT:E7
1.0,EVT:E21|EVT:E27|EVT:E7
1.0,EVT:E20|EVT:E27|EVT:E7
1.0,EVT:E18|EVT:E27|EVT:E7
1.0,EVT:E19|EVT:E27|EVT:E7
1.0,EVT:E17|EVT:E27|EVT:E7
1.0,EVT:E16|EVT:E27|EVT:E7
1.0,COMP:wsgi_server|EVT:E27|EVT:E7
1.0,EVT:E15|EVT:E27|EVT:E7
1.0,EVT:E14|EVT:E27|EVT:E7
1.0,EVT:E13|EVT:E27|EVT:E7
1.0,EVT:E12|EVT:E27|EVT:E7
1.0,EVT:E11|EVT:E27|EVT:E7
1.0,EVT:E10|EVT:E27|EVT:E7
1.0,EVT:E1|EVT:E27|EVT:E7
1.0,COMP:compute_server_external_events|EVT:E27|EVT:E7
1.0,COMP:openstack_wsgi|EVT:E27|EVT:E7
1.0,COMP:libvirt_imagecache|EVT:E27|EVT:E7
1.0,COMP:libvirt_driver|EVT:E27|EVT:E7
1.0,COMP:compute_manager|EVT:E27|EVT:E7
1.0,COMP:compute_resource_tracker|EVT:E27|EVT:E7
1.0,COMP:compute_claims|EVT:E27|EVT:E7
0.6,EVT:E27|EVT:E29|EVT:E7
1.0,EVT:E25|EVT:E26|EVT:E7
1.0,EVT:E24|EVT:E25|EVT:E7
1.0,EVT:E23|EVT:E25|EVT:E7
1.0,EVT:E2|EVT:E25|EVT:E7
1.0,EVT:E22|EVT:E25|EVT:E7
1.0,EVT:E21|EVT:E25|EVT:E7
1.0,EVT:E20|EVT:E25|EVT:E7
1.0,EVT:E18|EVT:E25|EVT:E7
1.0,EVT:E19|EVT:E25|EVT:E7
1.0,EVT:E17|EVT:E25|EVT:E7
1.0,EVT:E16|EVT:E25|EVT:E7
1.0,COMP:wsgi_server|EVT:E25|EVT:E7
1.0,EVT:E15|EVT:E25|EVT:E7
1.0,EVT:E14|EVT:E25|EVT:E7
1.0,EVT:E13|EVT:E25|EVT:E7
1.0,EVT:E12|EVT:E25|EVT:E7
1.0,EVT:E11|EVT:E25|EVT:E7
1.0,EVT:E10|EVT:E25|EVT:E7
1.0,EVT:E1|EVT:E25|EVT:E7
1.0,COMP:compute_server_external_events|EVT:E25|EVT:E7
1.0,COMP:openstack_wsgi|EVT:E25|EVT:E7
1.0,COMP:libvirt_imagecache|EVT:E25|EVT:E7
1.0,COMP:libvirt_driver|EVT:E25|EVT:E7
1.0,COMP:compute_manager|EVT:E25|EVT:E7
1.0,COMP:compute_resource_tracker|EVT:E25|EVT:E7
1.0,COMP:compute_claims|EVT:E25|EVT:E7
0.6,EVT:E25|EVT:E29|EVT:E7
1.0,EVT:E24|EVT:E26|EVT:E7
1.0,EVT:E23|EVT:E26|EVT:E7
1.0,EVT:E2|EVT:E26|EVT:E7
1.0,EVT:E22|EVT:E26|EVT:E7
1.0,EVT:E21|EVT:E26|EVT:E7
1.0,EVT:E20|EVT:E26|EVT:E7
1.0,EVT:E18|EVT:E26|EVT:E7
1.0,EVT:E19|EVT:E26|EVT:E7
1.0,EVT:E17|EVT:E26|EVT:E7
1.0,EVT:E16|EVT:E26|EVT:E7
1.0,COMP:wsgi_server|EVT:E26|EVT:E7
1.0,EVT:E15|EVT:E26|EVT:E7
1.0,EVT:E14|EVT:E26|EVT:E7
1.0,EVT:E13|EVT:E26|EVT:E7
1.0,EVT:E12|EVT:E26|EVT:E7
1.0,EVT:E11|EVT:E26|EVT:E7
1.0,EVT:E10|EVT:E26|EVT:E7
1.0,EVT:E1|EVT:E26|EVT:E7
1.0,COMP:compute_server_external_events|EVT:E26|EVT:E7
1.0,COMP:openstack_wsgi|EVT:E26|EVT:E7
1.0,COMP:libvirt_imagecache|EVT:E26|EVT:E7
1.0,COMP:libvirt_driver|EVT:E26|EVT:E7
1.0,COMP:compute_manager|EVT:E26|EVT:E7
1.0,COMP:compute_resource_tracker|EVT:E26|EVT:E7
1.0,COMP:compute_claims|EVT:E26|EVT:E7
0.6,EVT:E26|EVT:E29|EVT:E7
1.0,EVT:E23|EVT:E24|EVT:E7
1.0,EVT:E2|EVT:E24|EVT:E7
1.0,EVT:E22|EVT:E24|EVT:E7
1.0,EVT:E21|EVT:E24|EVT:E7
1.0,EVT:E20|EVT:E24|EVT:E7
1.0,EVT:E18|EVT:E24|EVT:E7
1.0,EVT:E19|EVT:E24|EVT:E7
1.0,EVT:E17|EVT:E24|EVT:E7
1.0,EVT:E16|EVT:E24|EVT:E7
1.0,COMP:wsgi_server|EVT:E24|EVT:E7
1.0,EVT:E15|EVT:E24|EVT:E7
1.0,EVT:E14|EVT:E24|EVT:E7
1.0,EVT:E13|EVT:E24|EVT:E7
1.0,EVT:E12|EVT:E24|EVT:E7
1.0,EVT:E11|EVT:E24|EVT:E7
1.0,EVT:E10|EVT:E24|EVT:E7
1.0,EVT:E1|EVT:E24|EVT:E7
1.0,COMP:compute_server_external_events|EVT:E24|EVT:E7
1.0,COMP:openstack_wsgi|EVT:E24|EVT:E7
1.0,COMP:libvirt_imagecache|EVT:E24|EVT:E7
1.0,COMP:libvirt_driver|EVT:E24|EVT:E7
1.0,COMP:compute_manager|EVT:E24|EVT:E7
1.0,COMP:compute_resource_tracker|EVT:E24|EVT:E7
1.0,COMP:compute_claims|EVT:E24|EVT:E7
0.6,EVT:E24|EVT:E29|EVT:E7
1.0,EVT:E2|EVT:E23|EVT:E7
1.0,EVT:E22|EVT:E23|EVT:E7
1.0,EVT:E21|EVT:E23|EVT:E7
1.0,EVT:E20|EVT:E23|EVT:E7
1.0,EVT:E18|EVT:E23|EVT:E7
1.0,EVT:E19|EVT:E23|EVT:E7
1.0,EVT:E17|EVT:E23|EVT:E7
1.0,EVT:E16|EVT:E23|EVT:E7
1.0,COMP:wsgi_server|EVT:E23|EVT:E7
1.0,EVT:E15|EVT:E23|EVT:E7
1.0,EVT:E14|EVT:E23|EVT:E7
1.0,EVT:E13|EVT:E23|EVT:E7
1.0,EVT:E12|EVT:E23|EVT:E7
1.0,EVT:E11|EVT:E23|EVT:E7
1.0,EVT:E10|EVT:E23|EVT:E7
1.0,EVT:E1|EVT:E23|EVT:E7
1.0,COMP:compute_server_external_events|EVT:E23|EVT:E7
1.0,COMP:openstack_wsgi|EVT:E23|EVT:E7
1.0,COMP:libvirt_imagecache|EVT:E23|EVT:E7
1.0,COMP:libvirt_driver|EVT:E23|EVT:E7
1.0,COMP:compute_manager|EVT:E23|EVT:E7
1.0,COMP:compute_resource_tracker|EVT:E23|EVT:E7
1.0,COMP:compute_claims|EVT:E23|EVT:E7
0.6,EVT:E23|EVT:E29|EVT:E7
1.0,EVT:E2|EVT:E22|EVT:E7
1.0,EVT:E2|EVT:E21|EVT:E7
1.0,EVT:E2|EVT:E20|EVT:E7
1.0,EVT:E18|EVT:E2|EVT:E7
1.0,EVT:E19|EVT:E2|EVT:E7
1.0,EVT:E17|EVT:E2|EVT:E7
1.0,EVT:E16|EVT:E2|EVT:E7
1.0,COMP:wsgi_server|EVT:E2|EVT:E7
1.0,EVT:E15|EVT:E2|EVT:E7
1.0,EVT:E14|EVT:E2|EVT:E7
1.0,EVT:E13|EVT:E2|EVT:E7
1.0,EVT:E12|EVT:E2|EVT:E7
1.0,EVT:E11|EVT:E2|EVT:E7
1.0,EVT:E10|EVT:E2|EVT:E7
1.0,EVT:E1|EVT:E2|EVT:E7
1.0,COMP:compute_server_external_events|EVT:E2|EVT:E7
1.0,COMP:openstack_wsgi|EVT:E2|EVT:E7
1.0,COMP:libvirt_imagecache|EVT:E2|EVT:E7
1.0,COMP:libvirt_driver|EVT:E2|EVT:E7
1.0,COMP:compute_manager|EVT:E2|EVT:E7
1.0,COMP:compute_resource_tracker|EVT:E2|EVT:E7
1.0,COMP:compute_claims|EVT:E2|EVT:E7
0.6,EVT:E2|EVT:E29|EVT:E7
1.0,EVT:E21|EVT:E22|EVT:E7
1.0,EVT:E20|EVT:E22|EVT:E7
1.0,EVT:E18|EVT:E22|EVT:E7
1.0,EVT:E19|EVT:E22|EVT:E7
1.0,EVT:E17|EVT:E22|EVT:E7
1.0,EVT:E16|EVT:E22|EVT:E7
1.0,COMP:wsgi_server|EVT:E22|EVT:E7
1.0,EVT:E15|EVT:E22|EVT:E7
1.0,EVT:E14|EVT:E22|EVT:E7
1.0,EVT:E13|EVT:E22|EVT:E7
1.0,EVT:E12|EVT:E22|EVT:E7
1.0,EVT:E11|EVT:E22|EVT:E7
1.0,EVT:E10|EVT:E22|EVT:E7
1.0,EVT:E1|EVT:E22|EVT:E7
1.0,COMP:compute_server_external_events|EVT:E22|EVT:E7
1.0,COMP:openstack_wsgi|EVT:E22|EVT:E7
1.0,COMP:libvirt_imagecache|EVT:E22|EVT:E7
1.0,COMP:libvirt_driver|EVT:E22|EVT:E7
1.0,COMP:compute_manager|EVT:E22|EVT:E7
1.0,COMP:compute_resource_tracker|EVT:E22|EVT:E7
1.0,COMP:compute_claims|EVT:E22|EVT:E7
0.6,EVT:E22|EVT:E29|EVT:E7
1.0,EVT:E20|EVT:E21|EVT:E7
1.0,EVT:E18|EVT:E21|EVT:E7
1.0,EVT:E19|EVT:E21|EVT:E7
1.0,EVT:E17|EVT:E21|EVT:E7
1.0,EVT:E16|EVT:E21|EVT:E7
1.0,COMP:wsgi_server|EVT:E21|EVT:E7
1.0,EVT:E15|EVT:E21|EVT:E7
1.0,EVT:E14|EVT:E21|EVT:E7
1.0,EVT:E13|EVT:E21|EVT:E7
1.0,EVT:E12|EVT:E21|EVT:E7
1.0,EVT:E11|EVT:E21|EVT:E7
1.0,EVT:E10|EVT:E21|EVT:E7
1.0,EVT:E1|EVT:E21|EVT:E7
1.0,COMP:compute_server_external_events|EVT:E21|EVT:E7
1.0,COMP:openstack_wsgi|EVT:E21|EVT:E7
1.0,COMP:libvirt_imagecache|EVT:E21|EVT:E7
1.0,COMP:libvirt_driver|EVT:E21|EVT:E7
1.0,COMP:compute_manager|EVT:E21|EVT:E7
1.0,COMP:compute_resource_tracker|EVT:E21|EVT:E7
1.0,COMP:compute_claims|EVT:E21|EVT:E7
0.6,EVT:E21|EVT:E29|EVT:E7
1.0,EVT:E18|EVT:E20|EVT:E7
1.0,EVT:E19|EVT:E20|EVT:E7
1.0,EVT:E17|EVT:E20|EVT:E7
1.0,EVT:E16|EVT:E20|EVT:E7
1.0,COMP:wsgi_server|EVT:E20|EVT:E7
1.0,EVT:E15|EVT:E20|EVT:E7
1.0,EVT:E14|EVT:E20|EVT:E7
1.0,EVT:E13|EVT:E20|EVT:E7
1.0,EVT:E12|EVT:E20|EVT:E7
1.0,EVT:E11|EVT:E20|EVT:E7
1.0,EVT:E10|EVT:E20|EVT:E7
1.0,EVT:E1|EVT:E20|EVT:E7
1.0,COMP:compute_server_external_events|EVT:E20|EVT:E7
1.0,COMP:openstack_wsgi|EVT:E20|EVT:E7
1.0,COMP:libvirt_imagecache|EVT:E20|EVT:E7
1.0,COMP:libvirt_driver|EVT:E20|EVT:E7
1.0,COMP:compute_manager|EVT:E20|EVT:E7
1.0,COMP:compute_resource_tracker|EVT:E20|EVT:E7
1.0,COMP:compute_claims|EVT:E20|EVT:E7
0.6,EVT:E20|EVT:E29|EVT:E7
1.0,EVT:E18|EVT:E19|EVT:E7
1.0,EVT:E17|EVT:E18|EVT:E7
1.0,EVT:E16|EVT:E18|EVT:E7
1.0,COMP:wsgi_server|EVT:E18|EVT:E7
1.0,EVT:E15|EVT:E18|EVT:E7
1.0,EVT:E14|EVT:E18|EVT:E7
1.0,EVT:E13|EVT:E18|EVT:E7
1.0,EVT:E12|EVT:E18|EVT:E7
1.0,EVT:E11|EVT:E18|EVT:E7
1.0,EVT:E10|EVT:E18|EVT:E7
1.0,EVT:E1|EVT:E18|EVT:E7
1.0,COMP:compute_server_external_events|EVT:E18|EVT:E7
1.0,COMP:openstack_wsgi|EVT:E18|EVT:E7
1.0,COMP:libvirt_imagecache|EVT:E18|EVT:E7
1.0,COMP:libvirt_driver|EVT:E18|EVT:E7
1.0,COMP:compute_manager|EVT:E18|EVT:E7
1.0,COMP:compute_resource_tracker|EVT:E18|EVT:E7
1.0,COMP:compute_claims|EVT:E18|EVT:E7
0.6,EVT:E18|EVT:E29|EVT:E7
1.0,EVT:E17|EVT:E19|EVT:E7
1.0,EVT:E16|EVT:E19|EVT:E7
1.0,COMP:wsgi_server|EVT:E19|EVT:E7
1.0,EVT:E15|EVT:E19|EVT:E7
1.0,EVT:E14|EVT:E19|EVT:E7
1.0,EVT:E13|EVT:E19|EVT:E7
1.0,EVT:E12|EVT:E19|EVT:E7
1.0,EVT:E11|EVT:E19|EVT:E7
1.0,EVT:E10|EVT:E19|EVT:E7
1.0,EVT:E1|EVT:E19|EVT:E7
1.0,COMP:compute_server_external_events|EVT:E19|EVT:E7
1.0,COMP:openstack_wsgi|EVT:E19|EVT:E7
1.0,COMP:libvirt_imagecache|EVT:E19|EVT:E7
1.0,COMP:libvirt_driver|EVT:E19|EVT:E7
1.0,COMP:compute_manager|EVT:E19|EVT:E7
1.0,COMP:compute_resource_tracker|EVT:E19|EVT:E7
1.0,COMP:compute_claims|EVT:E19|EVT:E7
0.6,EVT:E19|EVT:E29|EVT:E7
1.0,EVT:E16|EVT:E17|EVT:E7
1.0,COMP:wsgi_server|EVT:E17|EVT:E7
1.0,EVT:E15|EVT:E17|EVT:E7
1.0,EVT:E14|EVT:E17|EVT:E7
1.0,EVT:E13|EVT:E17|EVT:E7
1.0,EVT:E12|EVT:E17|EVT:E7
1.0,EVT:E11|EVT:E17|EVT:E7
1.0,EVT:E10|EVT:E17|EVT:E7
1.0,EVT:E1|EVT:E17|EVT:E7
1.0,COMP:compute_server_external_events|EVT:E17|EVT:E7
1.0,COMP:openstack_wsgi|EVT:E17|EVT:E7
1.0,COMP:libvirt_imagecache|EVT:E17|EVT:E7
1.0,COMP:libvirt_driver|EVT:E17|EVT:E7
1.0,COMP:compute_manager|EVT:E17|EVT:E7
1.0,COMP:compute_resource_tracker|EVT:E17|EVT:E7
1.0,COMP:compute_claims|EVT:E17|EVT:E7
0.6,EVT:E17|EVT:E29|EVT:E7
1.0,COMP:wsgi_server|EVT:E16|EVT:E7
1.0,EVT:E15|EVT:E16|EVT:E7
1.0,EVT:E14|EVT:E16|EVT:E7
1.0,EVT:E13|EVT:E16|EVT:E7
1.0,EVT:E12|EVT:E16|EVT:E7
1.0,EVT:E11|EVT:E16|EVT:E7
1.0,EVT:E10|EVT:E16|EVT:E7
1.0,EVT:E1|EVT:E16|EVT:E7
1.0,COMP:compute_server_external_events|EVT:E16|EVT:E7
1.0,COMP:openstack_wsgi|EVT:E16|EVT:E7
1.0,COMP:libvirt_imagecache|EVT:E16|EVT:E7
1.0,COMP:libvirt_driver|EVT:E16|EVT:E7
1.0,COMP:compute_manager|EVT:E16|EVT:E7
1.0,COMP:compute_resource_tracker|EVT:E16|EVT:E7
1.0,COMP:compute_claims|EVT:E16|EVT:E7
0.6,EVT:E16|EVT:E29|EVT:E7
1.0,COMP:wsgi_server|EVT:E15|EVT:E7
1.0,COMP:wsgi_server|EVT:E14|EVT:E7
1.0,COMP:wsgi_server|EVT:E13|EVT:E7
1.0,COMP:wsgi_server|EVT:E12|EVT:E7
1.0,COMP:wsgi_server|EVT:E11|EVT:E7
1.0,COMP:wsgi_server|EVT:E10|EVT:E7
1.0,COMP:wsgi_server|EVT:E1|EVT:E7
1.0,COMP:compute_server_external_events|COMP:wsgi_server|EVT:E7
1.0,COMP:openstack_wsgi|COMP:wsgi_server|EVT:E7
1.0,COMP:libvirt_imagecache|COMP:wsgi_server|EVT:E7
1.0,COMP:libvirt_driver|COMP:wsgi_server|EVT:E7
1.0,COMP:compute_manager|COMP:wsgi_server|EVT:E7
1.0,COMP:compute_resource_tracker|COMP:wsgi_server|EVT:E7
1.0,COMP:compute_claims|COMP:wsgi_server|EVT:E7
0.6,COMP:wsgi_server|EVT:E29|EVT:E7
1.0,EVT:E14|EVT:E15|EVT:E7
1.0,EVT:E13|EVT:E15|EVT:E7
1.0,EVT:E12|EVT:E15|EVT:E7
1.0,EVT:E11|EVT:E15|EVT:E7
1.0,EVT:E10|EVT:E15|EVT:E7
1.0,EVT:E1|EVT:E15|EVT:E7
1.0,COMP:compute_server_external_events|EVT:E15|EVT:E7
1.0,COMP:openstack_wsgi|EVT:E15|EVT:E7
1.0,COMP:libvirt_imagecache|EVT:E15|EVT:E7
1.0,COMP:libvirt_driver|EVT:E15|EVT:E7
1.0,COMP:compute_manager|EVT:E15|EVT:E7
1.0,COMP:compute_resource_tracker|EVT:E15|EVT:E7
1.0,COMP:compute_claims|EVT:E15|EVT:E7
0.6,EVT:E15|EVT:E29|EVT:E7
1.0,EVT:E13|EVT:E14|EVT:E7
1.0,EVT:E12|EVT:E14|EVT:E7
1.0,EVT:E11|EVT:E14|EVT:E7
1.0,EVT:E10|EVT:E14|EVT:E7
1.0,EVT:E1|EVT:E14|EVT:E7
1.0,COMP:compute_server_external_events|EVT:E14|EVT:E7
1.0,COMP:openstack_wsgi|EVT:E14|EVT:E7
1.0,COMP:libvirt_imagecache|EVT:E14|EVT:E7
1.0,COMP:libvirt_driver|EVT:E14|EVT:E7
1.0,COMP:compute_manager|EVT:E14|EVT:E7
1.0,COMP:compute_resource_tracker|EVT:E14|EVT:E7
1.0,COMP:compute_claims|EVT:E14|EVT:E7
0.6,EVT:E14|EVT:E29|EVT:E7
1.0,EVT:E12|EVT:E13|EVT:E7
1.0,EVT:E11|EVT:E13|EVT:E7
1.0,EVT:E10|EVT:E13|EVT:E7
1.0,EVT:E1|EVT:E13|EVT:E7
1.0,COMP:compute_server_external_events|EVT:E13|EVT:E7
1.0,COMP:openstack_wsgi|EVT:E13|EVT:E7
1.0,COMP:libvirt_imagecache|EVT:E13|EVT:E7
1.0,COMP:libvirt_driver|EVT:E13|EVT:E7
1.0,COMP:compute_manager|EVT:E13|EVT:E7
1.0,COMP:compute_resource_tracker|EVT:E13|EVT:E7
1.0,COMP:compute_claims|EVT:E13|EVT:E7
0.6,EVT:E13|EVT:E29|EVT:E7
1.0,EVT:E11|EVT:E12|EVT:E7
1.0,EVT:E10|EVT:E12|EVT:E7
1.0,EVT:E1|EVT:E12|EVT:E7
1.0,COMP:compute_server_external_events|EVT:E12|EVT:E7
1.0,COMP:openstack_wsgi|EVT:E12|EVT:E7
1.0,COMP:libvirt_imagecache|EVT:E12|EVT:E7
1.0,COMP:libvirt_driver|EVT:E12|EVT:E7
1.0,COMP:compute_manager|EVT:E12|EVT:E7
1.0,COMP:compute_resource_tracker|EVT:E12|EVT:E7
1.0,COMP:compute_claims|EVT:E12|EVT:E7
0.6,EVT:E12|EVT:E29|EVT:E7
1.0,EVT:E10|EVT:E11|EVT:E7
1.0,EVT:E1|EVT:E11|EVT:E7
1.0,COMP:compute_server_external_events|EVT:E11|EVT:E7
1.0,COMP:openstack_wsgi|EVT:E11|EVT:E7
1.0,COMP:libvirt_imagecache|EVT:E11|EVT:E7
1.0,COMP:libvirt_driver|EVT:E11|EVT:E7
1.0,COMP:compute_manager|EVT:E11|EVT:E7
1.0,COMP:compute_resource_tracker|EVT:E11|EVT:E7
1.0,COMP:compute_claims|EVT:E11|EVT:E7
0.6,EVT:E11|EVT:E29|EVT:E7
1.0,EVT:E1|EVT:E10|EVT:E7
1.0,COMP:compute_server_external_events|EVT:E10|EVT:E7
1.0,COMP:openstack_wsgi|EVT:E10|EVT:E7
1.0,COMP:libvirt_imagecache|EVT:E10|EVT:E7
1.0,COMP:libvirt_driver|EVT:E10|EVT:E7
1.0,COMP:compute_manager|EVT:E10|EVT:E7
1.0,COMP:compute_resource_tracker|EVT:E10|EVT:E7
1.0,COMP:compute_claims|EVT:E10|EVT:E7
0.6,EVT:E10|EVT:E29|EVT:E7
1.0,COMP:compute_server_external_events|EVT:E1|EVT:E7
1.0,COMP:openstack_wsgi|EVT:E1|EVT:E7
1.0,COMP:libvirt_imagecache|EVT:E1|EVT:E7
1.0,COMP:libvirt_driver|EVT:E1|EVT:E7
1.0,COMP:compute_manager|EVT:E1|EVT:E7
1.0,COMP:compute_resource_tracker|EVT:E1|EVT:E7
1.0,COMP:compute_claims|EVT:E1|EVT:E7
0.6,EVT:E1|EVT:E29|EVT:E7
1.0,COMP:compute_server_external_events|COMP:openstack_wsgi|EVT:E7
1.0,COMP:compute_server_external_events|COMP:libvirt_imagecache|EVT:E7
1.0,COMP:compute_server_external_events|COMP:libvirt_driver|EVT:E7
1.0,COMP:compute_manager|COMP:compute_server_external_events|EVT:E7
1.0,COMP:compute_resource_tracker|COMP:compute_server_external_events|EVT:E7
1.0,COMP:compute_claims|COMP:compute_server_external_events|EVT:E7
0.6,COMP:compute_server_external_events|EVT:E29|EVT:E7
1.0,COMP:libvirt_imagecache|COMP:openstack_wsgi|EVT:E7
1.0,COMP:libvirt_driver|COMP:openstack_wsgi|EVT:E7
1.0,COMP:compute_manager|COMP:openstack_wsgi|EVT:E7
1.0,COMP:compute_resource_tracker|COMP:openstack_wsgi|EVT:E7
1.0,COMP:compute_claims|COMP:openstack_wsgi|EVT:E7
0.6,COMP:openstack_wsgi|EVT:E29|EVT:E7
1.0,COMP:libvirt_driver|COMP:libvirt_imagecache|EVT:E7
1.0,COMP:compute_manager|COMP:libvirt_imagecache|EVT:E7
1.0,COMP:compute_resource_tracker|COMP:libvirt_imagecache|EVT:E7
1.0,COMP:compute_claims|COMP:libvirt_imagecache|EVT:E7
0.6,COMP:libvirt_imagecache|EVT:E29|EVT:E7
1.0,COMP:compute_manager|COMP:libvirt_driver|EVT:E7
1.0,COMP:compute_resource_tracker|COMP:libvirt_driver|EVT:E7
1.0,COMP:compute_claims|COMP:libvirt_driver|EVT:E7
0.6,COMP:libvirt_driver|EVT:E29|EVT:E7
1.0,COMP:compute_manager|COMP:compute_resource_tracker|EVT:E7
1.0,COMP:compute_claims|COMP:compute_manager|EVT:E7
0.6,COMP:compute_manager|EVT:E29|EVT:E7
1.0,COMP:compute_claims|COMP:compute_resource_tracker|EVT:E7
0.6,COMP:compute_resource_tracker|EVT:E29|EVT:E7
0.6,COMP:compute_claims|EVT:E29|EVT:E7
1.0,EVT:E42|EVT:E5|EVT:E6
1.0,EVT:E41|EVT:E5|EVT:E6
1.0,EVT:E4|EVT:E5|EVT:E6
1.0,EVT:E37|EVT:E5|EVT:E6
1.0,EVT:E36|EVT:E5|EVT:E6
1.0,EVT:E35|EVT:E5|EVT:E6
1.0,EVT:E34|EVT:E5|EVT:E6
1.0,EVT:E33|EVT:E5|EVT:E6
1.0,EVT:E32|EVT:E5|EVT:E6
1.0,EVT:E31|EVT:E5|EVT:E6
1.0,EVT:E30|EVT:E5|EVT:E6
1.0,EVT:E3|EVT:E5|EVT:E6
1.0,EVT:E28|EVT:E5|EVT:E6
1.0,EVT:E27|EVT:E5|EVT:E6
1.0,EVT:E25|EVT:E5|EVT:E6
1.0,EVT:E26|EVT:E5|EVT:E6
1.0,EVT:E24|EVT:E5|EVT:E6
1.0,EVT:E23|EVT:E5|EVT:E6
1.0,EVT:E2|EVT:E5|EVT:E6
1.0,EVT:E22|EVT:E5|EVT:E6
1.0,EVT:E21|EVT:E5|EVT:E6
1.0,EVT:E20|EVT:E5|EVT:E6
1.0,EVT:E18|EVT:E5|EVT:E6
1.0,EVT:E19|EVT:E5|EVT:E6
1.0,EVT:E17|EVT:E5|EVT:E6
1.0,EVT:E16|EVT:E5|EVT:E6
1.0,COMP:wsgi_server|EVT:E5|EVT:E6
1.0,EVT:E15|EVT:E5|EVT:E6
1.0,EVT:E14|EVT:E5|EVT:E6
1.0,EVT:E13|EVT:E5|EVT:E6
1.0,EVT:E12|EVT:E5|EVT:E6
1.0,EVT:E11|EVT:E5|EVT:E6
1.0,EVT:E10|EVT:E5|EVT:E6
1.0,EVT:E1|EVT:E5|EVT:E6
1.0,COMP:compute_server_external_events|EVT:E5|EVT:E6
1.0,COMP:openstack_wsgi|EVT:E5|EVT:E6
1.0,COMP:libvirt_imagecache|EVT:E5|EVT:E6
1.0,COMP:libvirt_driver|EVT:E5|EVT:E6
1.0,COMP:compute_manager|EVT:E5|EVT:E6
1.0,COMP:compute_resource_tracker|EVT:E5|EVT:E6
1.0,COMP:compute_claims|EVT:E5|EVT:E6
0.6,EVT:E29|EVT:E5|EVT:E6
1.0,EVT:E41|EVT:E42|EVT:E6
1.0,EVT:E4|EVT:E42|EVT:E6
1.0,EVT:E37|EVT:E42|EVT:E6
1.0,EVT:E36|EVT:E42|EVT:E6
1.0,EVT:E35|EVT:E42|EVT:E6
1.0,EVT:E34|EVT:E42|EVT:E6
1.0,EVT:E33|EVT:E42|EVT:E6
1.0,EVT:E32|EVT:E42|EVT:E6
1.0,EVT:E31|EVT:E42|EVT:E6
1.0,EVT:E30|EVT:E42|EVT:E6
1.0,EVT:E3|EVT:E42|EVT:E6
1.0,EVT:E28|EVT:E42|EVT:E6
1.0,EVT:E27|EVT:E42|EVT:E6
1.0,EVT:E25|EVT:E42|EVT:E6
1.0,EVT:E26|EVT:E42|EVT:E6
1.0,EVT:E24|EVT:E42|EVT:E6
1.0,EVT:E23|EVT:E42|EVT:E6
1.0,EVT:E2|EVT:E42|EVT:E6
1.0,EVT:E22|EVT:E42|EVT:E6
1.0,EVT:E21|EVT:E42|EVT:E6
1.0,EVT:E20|EVT:E42|EVT:E6
1.0,EVT:E18|EVT:E42|EVT:E6
1.0,EVT:E19|EVT:E42|EVT:E6
1.0,EVT:E17|EVT:E42|EVT:E6
1.0,EVT:E16|EVT:E42|EVT:E6
1.0,COMP:wsgi_server|EVT:E42|EVT:E6
1.0,EVT:E15|EVT:E42|EVT:E6
1.0,EVT:E14|EVT:E42|EVT:E6
1.0,EVT:E13|EVT:E42|EVT:E6
1.0,EVT:E12|EVT:E42|EVT:E6
1.0,EVT:E11|EVT:E42|EVT:E6
1.0,EVT:E10|EVT:E42|EVT:E6
1.0,EVT:E1|EVT:E42|EVT:E6
1.0,COMP:compute_server_external_events|EVT:E42|EVT:E6
1.0,COMP:openstack_wsgi|EVT:E42|EVT:E6
1.0,COMP:libvirt_imagecache|EVT:E42|EVT:E6
1.0,COMP:libvirt_driver|EVT:E42|EVT:E6
1.0,COMP:compute_manager|EVT:E42|EVT:E6
1.0,COMP:compute_resource_tracker|EVT:E42|EVT:E6
1.0,COMP:compute_claims|EVT:E42|EVT:E6
0.6,EVT:E29|EVT:E42|EVT:E6
1.0,EVT:E4|EVT:E41|EVT:E6
1.0,EVT:E37|EVT:E41|EVT:E6
1.0,EVT:E36|EVT:E41|EVT:E6
1.0,EVT:E35|EVT:E41|EVT:E6
1.0,EVT:E34|EVT:E41|EVT:E6
1.0,EVT:E33|EVT:E41|EVT:E6
1.0,EVT:E32|EVT:E41|EVT:E6
1.0,EVT:E31|EVT:E41|EVT:E6
1.0,EVT:E30|EVT:E41|EVT:E6
1.0,EVT:E3|EVT:E41|EVT:E6
1.0,EVT:E28|EVT:E41|EVT:E6
1.0,EVT:E27|EVT:E41|EVT:E6
1.0,EVT:E25|EVT:E41|EVT:E6
1.0,EVT:E26|EVT:E41|EVT:E6
1.0,EVT:E24|EVT:E41|EVT:E6
1.0,EVT:E23|EVT:E41|EVT:E6
1.0,EVT:E2|EVT:E41|EVT:E6
1.0,EVT:E22|EVT:E41|EVT:E6
1.0,EVT:E21|EVT:E41|EVT:E6
1.0,EVT:E20|EVT:E41|EVT:E6
1.0,EVT:E18|EVT:E41|EVT:E6
1.0,EVT:E19|EVT:E41|EVT:E6
1.0,EVT:E17|EVT:E41|EVT:E6
1.0,EVT:E16|EVT:E41|EVT:E6
1.0,COMP:wsgi_server|EVT:E41|EVT:E6
1.0,EVT:E15|EVT:E41|EVT:E6
1.0,EVT:E14|EVT:E41|EVT:E6
1.0,EVT:E13|EVT:E41|EVT:E6
1.0,EVT:E12|EVT:E41|EVT:E6
1.0,EVT:E11|EVT:E41|EVT:E6
1.0,EVT:E10|EVT:E41|EVT:E6
1.0,EVT:E1|EVT:E41|EVT:E6
1.0,COMP:compute_server_external_events|EVT:E41|EVT:E6
1.0,COMP:openstack_wsgi|EVT:E41|EVT:E6
1.0,COMP:libvirt_imagecache|EVT:E41|EVT:E6
1.0,COMP:libvirt_driver|EVT:E41|EVT:E6
1.0,COMP:compute_manager|EVT:E41|EVT:E6
1.0,COMP:compute_resource_tracker|EVT:E41|EVT:E6
1.0,COMP:compute_claims|EVT:E41|EVT:E6
0.6,EVT:E29|EVT:E41|EVT:E6
1.0,EVT:E37|EVT:E4|EVT:E6
1.0,EVT:E36|EVT:E4|EVT:E6
1.0,EVT:E35|EVT:E4|EVT:E6
1.0,EVT:E34|EVT:E4|EVT:E6
1.0,EVT:E33|EVT:E4|EVT:E6
1.0,EVT:E32|EVT:E4|EVT:E6
1.0,EVT:E31|EVT:E4|EVT:E6
1.0,EVT:E30|EVT:E4|EVT:E6
1.0,EVT:E3|EVT:E4|EVT:E6
1.0,EVT:E28|EVT:E4|EVT:E6
1.0,EVT:E27|EVT:E4|EVT:E6
1.0,EVT:E25|EVT:E4|EVT:E6
1.0,EVT:E26|EVT:E4|EVT:E6
1.0,EVT:E24|EVT:E4|EVT:E6
1.0,EVT:E23|EVT:E4|EVT:E6
1.0,EVT:E2|EVT:E4|EVT:E6
1.0,EVT:E22|EVT:E4|EVT:E6
1.0,EVT:E21|EVT:E4|EVT:E6
1.0,EVT:E20|EVT:E4|EVT:E6
1.0,EVT:E18|EVT:E4|EVT:E6
1.0,EVT:E19|EVT:E4|EVT:E6
1.0,EVT:E17|EVT:E4|EVT:E6
1.0,EVT:E16|EVT:E4|EVT:E6
1.0,COMP:wsgi_server|EVT:E4|EVT:E6
1.0,EVT:E15|EVT:E4|EVT:E6
1.0,EVT:E14|EVT:E4|EVT:E6
1.0,EVT:E13|EVT:E4|EVT:E6
1.0,EVT:E12|EVT:E4|EVT:E6
1.0,EVT:E11|EVT:E4|EVT:E6
1.0,EVT:E10|EVT:E4|EVT:E6
1.0,EVT:E1|EVT:E4|EVT:E6
1.0,COMP:compute_server_external_events|EVT:E4|EVT:E6
1.0,COMP:openstack_wsgi|EVT:E4|EVT:E6
1.0,COMP:libvirt_imagecache|EVT:E4|EVT:E6
1.0,COMP:libvirt_driver|EVT:E4|EVT:E6
1.0,COMP:compute_manager|EVT:E4|EVT:E6
1.0,COMP:compute_resource_tracker|EVT:E4|EVT:E6
1.0,COMP:compute_claims|EVT:E4|EVT:E6
0.6,EVT:E29|EVT:E4|EVT:E6
1.0,EVT:E36|EVT:E37|EVT:E6
1.0,EVT:E35|EVT:E37|EVT:E6
1.0,EVT:E34|EVT:E37|EVT:E6
1.0,EVT:E33|EVT:E37|EVT:E6
1.0,EVT:E32|EVT:E37|EVT:E6
1.0,EVT:E31|EVT:E37|EVT:E6
1.0,EVT:E30|EVT:E37|EVT:E6
1.0,EVT:E3|EVT:E37|EVT:E6
1.0,EVT:E28|EVT:E37|EVT:E6
1.0,EVT:E27|EVT:E37|EVT:E6
1.0,EVT:E25|EVT:E37|EVT:E6
1.0,EVT:E26|EVT:E37|EVT:E6
1.0,EVT:E24|EVT:E37|EVT:E6
1.0,EVT:E23|EVT:E37|EVT:E6
1.0,EVT:E2|EVT:E37|EVT:E6
1.0,EVT:E22|EVT:E37|EVT:E6
1.0,EVT:E21|EVT:E37|EVT:E6
1.0,EVT:E20|EVT:E37|EVT:E6
1.0,EVT:E18|EVT:E37|EVT:E6
1.0,EVT:E19|EVT:E37|EVT:E6
1.0,EVT:E17|EVT:E37|EVT:E6
1.0,EVT:E16|EVT:E37|EVT:E6
1.0,COMP:wsgi_server|EVT:E37|EVT:E6
1.0,EVT:E15|EVT:E37|EVT:E6
1.0,EVT:E14|EVT:E37|EVT:E6
1.0,EVT:E13|EVT:E37|EVT:E6
1.0,EVT:E12|EVT:E37|EVT:E6
1.0,EVT:E11|EVT:E37|EVT:E6
1.0,EVT:E10|EVT:E37|EVT:E6
1.0,EVT:E1|EVT:E37|EVT:E6
1.0,COMP:compute_server_external_events|EVT:E37|EVT:E6
1.0,COMP:openstack_wsgi|EVT:E37|EVT:E6
1.0,COMP:libvirt_imagecache|EVT:E37|EVT:E6
1.0,COMP:libvirt_driver|EVT:E37|EVT:E6
1.0,COMP:compute_manager|EVT:E37|EVT:E6
1.0,COMP:compute_resource_tracker|EVT:E37|EVT:E6
1.0,COMP:compute_claims|EVT:E37|EVT:E6
0.6,EVT:E29|EVT:E37|EVT:E6
1.0,EVT:E35|EVT:E36|EVT:E6
1.0,EVT:E34|EVT:E36|EVT:E6
1.0,EVT:E33|EVT:E36|EVT:E6
1.0,EVT:E32|EVT:E36|EVT:E6
1.0,EVT:E31|EVT:E36|EVT:E6
1.0,EVT:E30|EVT:E36|EVT:E6
1.0,EVT:E3|EVT:E36|EVT:E6
1.0,EVT:E28|EVT:E36|EVT:E6
1.0,EVT:E27|EVT:E36|EVT:E6
1.0,EVT:E25|EVT:E36|EVT:E6
1.0,EVT:E26|EVT:E36|EVT:E6
1.0,EVT:E24|EVT:E36|EVT:E6
1.0,EVT:E23|EVT:E36|EVT:E6
1.0,EVT:E2|EVT:E36|EVT:E6
1.0,EVT:E22|EVT:E36|EVT:E6
1.0,EVT:E21|EVT:E36|EVT:E6
1.0,EVT:E20|EVT:E36|EVT:E6
1.0,EVT:E18|EVT:E36|EVT:E6
1.0,EVT:E19|EVT:E36|EVT:E6
1.0,EVT:E17|EVT:E36|EVT:E6
1.0,EVT:E16|EVT:E36|EVT:E6
1.0,COMP:wsgi_server|EVT:E36|EVT:E6
1.0,EVT:E15|EVT:E36|EVT:E6
1.0,EVT:E14|EVT:E36|EVT:E6
1.0,EVT:E13|EVT:E36|EVT:E6
1.0,EVT:E12|EVT:E36|EVT:E6
1.0,EVT:E11|EVT:E36|EVT:E6
1.0,EVT:E10|EVT:E36|EVT:E6
1.0,EVT:E1|EVT:E36|EVT:E6
1.0,COMP:compute_server_external_events|EVT:E36|EVT:E6
1.0,COMP:openstack_wsgi|EVT:E36|EVT:E6
1.0,COMP:libvirt_imagecache|EVT:E36|EVT:E6
1.0,COMP:libvirt_driver|EVT:E36|EVT:E6
1.0,COMP:compute_manager|EVT:E36|EVT:E6
1.0,COMP:compute_resource_tracker|EVT:E36|EVT:E6
1.0,COMP:compute_claims|EVT:E36|EVT:E6
0.6,EVT:E29|EVT:E36|EVT:E6
1.0,EVT:E34|EVT:E35|EVT:E6
1.0,EVT:E33|EVT:E35|EVT:E6
1.0,EVT:E32|EVT:E35|EVT:E6
1.0,EVT:E31|EVT:E35|EVT:E6
1.0,EVT:E30|EVT:E35|EVT:E6
1.0,EVT:E3|EVT:E35|EVT:E6
1.0,EVT:E28|EVT:E35|EVT:E6
1.0,EVT:E27|EVT:E35|EVT:E6
1.0,EVT:E25|EVT:E35|EVT:E6
1.0,EVT:E26|EVT:E35|EVT:E6
1.0,EVT:E24|EVT:E35|EVT:E6
1.0,EVT:E23|EVT:E35|EVT:E6
1.0,EVT:E2|EVT:E35|EVT:E6
1.0,EVT:E22|EVT:E35|EVT:E6
1.0,EVT:E21|EVT:E35|EVT:E6
1.0,EVT:E20|EVT:E35|EVT:E6
1.0,EVT:E18|EVT:E35|EVT:E6
1.0,EVT:E19|EVT:E35|EVT:E6
1.0,EVT:E17|EVT:E35|EVT:E6
1.0,EVT:E16|EVT:E35|EVT:E6
1.0,COMP:wsgi_server|EVT:E35|EVT:E6
1.0,EVT:E15|EVT:E35|EVT:E6
1.0,EVT:E14|EVT:E35|EVT:E6
1.0,EVT:E13|EVT:E35|EVT:E6
1.0,EVT:E12|EVT:E35|EVT:E6
1.0,EVT:E11|EVT:E35|EVT:E6
1.0,EVT:E10|EVT:E35|EVT:E6
1.0,EVT:E1|EVT:E35|EVT:E6
1.0,COMP:compute_server_external_events|EVT:E35|EVT:E6
1.0,COMP:openstack_wsgi|EVT:E35|EVT:E6
1.0,COMP:libvirt_imagecache|EVT:E35|EVT:E6
1.0,COMP:libvirt_driver|EVT:E35|EVT:E6
1.0,COMP:compute_manager|EVT:E35|EVT:E6
1.0,COMP:compute_resource_tracker|EVT:E35|EVT:E6
1.0,COMP:compute_claims|EVT:E35|EVT:E6
0.6,EVT:E29|EVT:E35|EVT:E6
1.0,EVT:E33|EVT:E34|EVT:E6
1.0,EVT:E32|EVT:E34|EVT:E6
1.0,EVT:E31|EVT:E34|EVT:E6
1.0,EVT:E30|EVT:E34|EVT:E6
1.0,EVT:E3|EVT:E34|EVT:E6
1.0,EVT:E28|EVT:E34|EVT:E6
1.0,EVT:E27|EVT:E34|EVT:E6
1.0,EVT:E25|EVT:E34|EVT:E6
1.0,EVT:E26|EVT:E34|EVT:E6
1.0,EVT:E24|EVT:E34|EVT:E6
1.0,EVT:E23|EVT:E34|EVT:E6
1.0,EVT:E2|EVT:E34|EVT:E6
1.0,EVT:E22|EVT:E34|EVT:E6
1.0,EVT:E21|EVT:E34|EVT:E6
1.0,EVT:E20|EVT:E34|EVT:E6
1.0,EVT:E18|EVT:E34|EVT:E6
1.0,EVT:E19|EVT:E34|EVT:E6
1.0,EVT:E17|EVT:E34|EVT:E6
1.0,EVT:E16|EVT:E34|EVT:E6
1.0,COMP:wsgi_server|EVT:E34|EVT:E6
1.0,EVT:E15|EVT:E34|EVT:E6
1.0,EVT:E14|EVT:E34|EVT:E6
1.0,EVT:E13|EVT:E34|EVT:E6
1.0,EVT:E12|EVT:E34|EVT:E6
1.0,EVT:E11|EVT:E34|EVT:E6
1.0,EVT:E10|EVT:E34|EVT:E6
1.0,EVT:E1|EVT:E34|EVT:E6
1.0,COMP:compute_server_external_events|EVT:E34|EVT:E6
1.0,COMP:openstack_wsgi|EVT:E34|EVT:E6
1.0,COMP:libvirt_imagecache|EVT:E34|EVT:E6
1.0,COMP:libvirt_driver|EVT:E34|EVT:E6
1.0,COMP:compute_manager|EVT:E34|EVT:E6
1.0,COMP:compute_resource_tracker|EVT:E34|EVT:E6
1.0,COMP:compute_claims|EVT:E34|EVT:E6
0.6,EVT:E29|EVT:E34|EVT:E6
1.0,EVT:E32|EVT:E33|EVT:E6
1.0,EVT:E31|EVT:E33|EVT:E6
1.0,EVT:E30|EVT:E33|EVT:E6
1.0,EVT:E3|EVT:E33|EVT:E6
1.0,EVT:E28|EVT:E33|EVT:E6
1.0,EVT:E27|EVT:E33|EVT:E6
1.0,EVT:E25|EVT:E33|EVT:E6
1.0,EVT:E26|EVT:E33|EVT:E6
1.0,EVT:E24|EVT:E33|EVT:E6
1.0,EVT:E23|EVT:E33|EVT:E6
1.0,EVT:E2|EVT:E33|EVT:E6
1.0,EVT:E22|EVT:E33|EVT:E6
1.0,EVT:E21|EVT:E33|EVT:E6
1.0,EVT:E20|EVT:E33|EVT:E6
1.0,EVT:E18|EVT:E33|EVT:E6
1.0,EVT:E19|EVT:E33|EVT:E6
1.0,EVT:E17|EVT:E33|EVT:E6
1.0,EVT:E16|EVT:E33|EVT:E6
1.0,COMP:wsgi_server|EVT:E33|EVT:E6
1.0,EVT:E15|EVT:E33|EVT:E6
1.0,EVT:E14|EVT:E33|EVT:E6
1.0,EVT:E13|EVT:E33|EVT:E6
1.0,EVT:E12|EVT:E33|EVT:E6
1.0,EVT:E11|EVT:E33|EVT:E6
1.0,EVT:E10|EVT:E33|EVT:E6
1.0,EVT:E1|EVT:E33|EVT:E6
1.0,COMP:compute_server_external_events|EVT:E33|EVT:E6
1.0,COMP:openstack_wsgi|EVT:E33|EVT:E6
1.0,COMP:libvirt_imagecache|EVT:E33|EVT:E6
1.0,COMP:libvirt_driver|EVT:E33|EVT:E6
1.0,COMP:compute_manager|EVT:E33|EVT:E6
1.0,COMP:compute_resource_tracker|EVT:E33|EVT:E6
1.0,COMP:compute_claims|EVT:E33|EVT:E6
0.6,EVT:E29|EVT:E33|EVT:E6
1.0,EVT:E31|EVT:E32|EVT:E6
1.0,EVT:E30|EVT:E32|EVT:E6
1.0,EVT:E3|EVT:E32|EVT:E6
1.0,EVT:E28|EVT:E32|EVT:E6
1.0,EVT:E27|EVT:E32|EVT:E6
1.0,EVT:E25|EVT:E32|EVT:E6
1.0,EVT:E26|EVT:E32|EVT:E6
1.0,EVT:E24|EVT:E32|EVT:E6
1.0,EVT:E23|EVT:E32|EVT:E6
1.0,EVT:E2|EVT:E32|EVT:E6
1.0,EVT:E22|EVT:E32|EVT:E6
1.0,EVT:E21|EVT:E32|EVT:E6
1.0,EVT:E20|EVT:E32|EVT:E6
1.0,EVT:E18|EVT:E32|EVT:E6
1.0,EVT:E19|EVT:E32|EVT:E6
1.0,EVT:E17|EVT:E32|EVT:E6
1.0,EVT:E16|EVT:E32|EVT:E6
1.0,COMP:wsgi_server|EVT:E32|EVT:E6
1.0,EVT:E15|EVT:E32|EVT:E6
1.0,EVT:E14|EVT:E32|EVT:E6
1.0,EVT:E13|EVT:E32|EVT:E6
1.0,EVT:E12|EVT:E32|EVT:E6
1.0,EVT:E11|EVT:E32|EVT:E6
1.0,EVT:E10|EVT:E32|EVT:E6
1.0,EVT:E1|EVT:E32|EVT:E6
1.0,COMP:compute_server_external_events|EVT:E32|EVT:E6
1.0,COMP:openstack_wsgi|EVT:E32|EVT:E6
1.0,COMP:libvirt_imagecache|EVT:E32|EVT:E6
1.0,COMP:libvirt_driver|EVT:E32|EVT:E6
1.0,COMP:compute_manager|EVT:E32|EVT:E6
1.0,COMP:compute_resource_tracker|EVT:E32|EVT:E6
1.0,COMP:compute_claims|EVT:E32|EVT:E6
0.6,EVT:E29|EVT:E32|EVT:E6
1.0,EVT:E30|EVT:E31|EVT:E6
1.0,EVT:E3|EVT:E31|EVT:E6
1.0,EVT:E28|EVT:E31|EVT:E6
1.0,EVT:E27|EVT:E31|EVT:E6
1.0,EVT:E25|EVT:E31|EVT:E6
1.0,EVT:E26|EVT:E31|EVT:E6
1.0,EVT:E24|EVT:E31|EVT:E6
1.0,EVT:E23|EVT:E31|EVT:E6
1.0,EVT:E2|EVT:E31|EVT:E6
1.0,EVT:E22|EVT:E31|EVT:E6
1.0,EVT:E21|EVT:E31|EVT:E6
1.0,EVT:E20|EVT:E31|EVT:E6
1.0,EVT:E18|EVT:E31|EVT:E6
1.0,EVT:E19|EVT:E31|EVT:E6
1.0,EVT:E17|EVT:E31|EVT:E6
1.0,EVT:E16|EVT:E31|EVT:E6
1.0,COMP:wsgi_server|EVT:E31|EVT:E6
1.0,EVT:E15|EVT:E31|EVT:E6
1.0,EVT:E14|EVT:E31|EVT:E6
1.0,EVT:E13|EVT:E31|EVT:E6
1.0,EVT:E12|EVT:E31|EVT:E6
1.0,EVT:E11|EVT:E31|EVT:E6
1.0,EVT:E10|EVT:E31|EVT:E6
1.0,EVT:E1|EVT:E31|EVT:E6
1.0,COMP:compute_server_external_events|EVT:E31|EVT:E6
1.0,COMP:openstack_wsgi|EVT:E31|EVT:E6
1.0,COMP:libvirt_imagecache|EVT:E31|EVT:E6
1.0,COMP:libvirt_driver|EVT:E31|EVT:E6
1.0,COMP:compute_manager|EVT:E31|EVT:E6
1.0,COMP:compute_resource_tracker|EVT:E31|EVT:E6
1.0,COMP:compute_claims|EVT:E31|EVT:E6
0.6,EVT:E29|EVT:E31|EVT:E6
1.0,EVT:E3|EVT:E30|EVT:E6
1.0,EVT:E28|EVT:E30|EVT:E6
1.0,EVT:E27|EVT:E30|EVT:E6
1.0,EVT:E25|EVT:E30|EVT:E6
1.0,EVT:E26|EVT:E30|EVT:E6
1.0,EVT:E24|EVT:E30|EVT:E6
1.0,EVT:E23|EVT:E30|EVT:E6
1.0,EVT:E2|EVT:E30|EVT:E6
1.0,EVT:E22|EVT:E30|EVT:E6
1.0,EVT:E21|EVT:E30|EVT:E6
1.0,EVT:E20|EVT:E30|EVT:E6
1.0,EVT:E18|EVT:E30|EVT:E6
1.0,EVT:E19|EVT:E30|EVT:E6
1.0,EVT:E17|EVT:E30|EVT:E6
1.0,EVT:E16|EVT:E30|EVT:E6
1.0,COMP:wsgi_server|EVT:E30|EVT:E6
1.0,EVT:E15|EVT:E30|EVT:E6
1.0,EVT:E14|EVT:E30|EVT:E6
1.0,EVT:E13|EVT:E30|EVT:E6
1.0,EVT:E12|EVT:E30|EVT:E6
1.0,EVT:E11|EVT:E30|EVT:E6
1.0,EVT:E10|EVT:E30|EVT:E6
1.0,EVT:E1|EVT:E30|EVT:E6
1.0,COMP:compute_server_external_events|EVT:E30|EVT:E6
1.0,COMP:openstack_wsgi|EVT:E30|EVT:E6
1.0,COMP:libvirt_imagecache|EVT:E30|EVT:E6
1.0,COMP:libvirt_driver|EVT:E30|EVT:E6
1.0,COMP:compute_manager|EVT:E30|EVT:E6
1.0,COMP:compute_resource_tracker|EVT:E30|EVT:E6
1.0,COMP:compute_claims|EVT:E30|EVT:E6
0.6,EVT:E29|EVT:E30|EVT:E6
1.0,EVT:E28|EVT:E3|EVT:E6
1.0,EVT:E27|EVT:E3|EVT:E6
1.0,EVT:E25|EVT:E3|EVT:E6
1.0,EVT:E26|EVT:E3|EVT:E6
1.0,EVT:E24|EVT:E3|EVT:E6
1.0,EVT:E23|EVT:E3|EVT:E6
1.0,EVT:E2|EVT:E3|EVT:E6
1.0,EVT:E22|EVT:E3|EVT:E6
1.0,EVT:E21|EVT:E3|EVT:E6
1.0,EVT:E20|EVT:E3|EVT:E6
1.0,EVT:E18|EVT:E3|EVT:E6
1.0,EVT:E19|EVT:E3|EVT:E6
1.0,EVT:E17|EVT:E3|EVT:E6
1.0,EVT:E16|EVT:E3|EVT:E6
1.0,COMP:wsgi_server|EVT:E3|EVT:E6
1.0,EVT:E15|EVT:E3|EVT:E6
1.0,EVT:E14|EVT:E3|EVT:E6
1.0,EVT:E13|EVT:E3|EVT:E6
1.0,EVT:E12|EVT:E3|EVT:E6
1.0,EVT:E11|EVT:E3|EVT:E6
1.0,EVT:E10|EVT:E3|EVT:E6
1.0,EVT:E1|EVT:E3|EVT:E6
1.0,COMP:compute_server_external_events|EVT:E3|EVT:E6
1.0,COMP:openstack_wsgi|EVT:E3|EVT:E6
1.0,COMP:libvirt_imagecache|EVT:E3|EVT:E6
1.0,COMP:libvirt_driver|EVT:E3|EVT:E6
1.0,COMP:compute_manager|EVT:E3|EVT:E6
1.0,COMP:compute_resource_tracker|EVT:E3|EVT:E6
1.0,COMP:compute_claims|EVT:E3|EVT:E6
0.6,EVT:E29|EVT:E3|EVT:E6
1.0,EVT:E27|EVT:E28|EVT:E6
1.0,EVT:E25|EVT:E28|EVT:E6
1.0,EVT:E26|EVT:E28|EVT:E6
1.0,EVT:E24|EVT:E28|EVT:E6
1.0,EVT:E23|EVT:E28|EVT:E6
1.0,EVT:E2|EVT:E28|EVT:E6
1.0,EVT:E22|EVT:E28|EVT:E6
1.0,EVT:E21|EVT:E28|EVT:E6
1.0,EVT:E20|EVT:E28|EVT:E6
1.0,EVT:E18|EVT:E28|EVT:E6
1.0,EVT:E19|EVT:E28|EVT:E6
1.0,EVT:E17|EVT:E28|EVT:E6
1.0,EVT:E16|EVT:E28|EVT:E6
1.0,COMP:wsgi_server|EVT:E28|EVT:E6
1.0,EVT:E15|EVT:E28|EVT:E6
1.0,EVT:E14|EVT:E28|EVT:E6
1.0,EVT:E13|EVT:E28|EVT:E6
1.0,EVT:E12|EVT:E28|EVT:E6
1.0,EVT:E11|EVT:E28|EVT:E6
1.0,EVT:E10|EVT:E28|EVT:E6
1.0,EVT:E1|EVT:E28|EVT:E6
1.0,COMP:compute_server_external_events|EVT:E28|EVT:E6
1.0,COMP:openstack_wsgi|EVT:E28|EVT:E6
1.0,COMP:libvirt_imagecache|EVT:E28|EVT:E6
1.0,COMP:libvirt_driver|EVT:E28|EVT:E6
1.0,COMP:compute_manager|EVT:E28|EVT:E6
1.0,COMP:compute_resource_tracker|EVT:E28|EVT:E6
1.0,COMP:compute_claims|EVT:E28|EVT:E6
0.6,EVT:E28|EVT:E29|EVT:E6
1.0,EVT:E25|EVT:E27|EVT:E6
1.0,EVT:E26|EVT:E27|EVT:E6
1.0,EVT:E24|EVT:E27|EVT:E6
1.0,EVT:E23|EVT:E27|EVT:E6
1.0,EVT:E2|EVT:E27|EVT:E6
1.0,EVT:E22|EVT:E27|EVT:E6
1.0,EVT:E21|EVT:E27|EVT:E6
1.0,EVT:E20|EVT:E27|EVT:E6
1.0,EVT:E18|EVT:E27|EVT:E6
1.0,EVT:E19|EVT:E27|EVT:E6
1.0,EVT:E17|EVT:E27|EVT:E6
1.0,EVT:E16|EVT:E27|EVT:E6
1.0,COMP:wsgi_server|EVT:E27|EVT:E6
1.0,EVT:E15|EVT:E27|EVT:E6
1.0,EVT:E14|EVT:E27|EVT:E6
1.0,EVT:E13|EVT:E27|EVT:E6
1.0,EVT:E12|EVT:E27|EVT:E6
1.0,EVT:E11|EVT:E27|EVT:E6
1.0,EVT:E10|EVT:E27|EVT:E6
1.0,EVT:E1|EVT:E27|EVT:E6
1.0,COMP:compute_server_external_events|EVT:E27|EVT:E6
1.0,COMP:openstack_wsgi|EVT:E27|EVT:E6
1.0,COMP:libvirt_imagecache|EVT:E27|EVT:E6
1.0,COMP:libvirt_driver|EVT:E27|EVT:E6
1.0,COMP:compute_manager|EVT:E27|EVT:E6
1.0,COMP:compute_resource_tracker|EVT:E27|EVT:E6
1.0,COMP:compute_claims|EVT:E27|EVT:E6
0.6,EVT:E27|EVT:E29|EVT:E6
1.0,EVT:E25|EVT:E26|EVT:E6
1.0,EVT:E24|EVT:E25|EVT:E6
1.0,EVT:E23|EVT:E25|EVT:E6
1.0,EVT:E2|EVT:E25|EVT:E6
1.0,EVT:E22|EVT:E25|EVT:E6
1.0,EVT:E21|EVT:E25|EVT:E6
1.0,EVT:E20|EVT:E25|EVT:E6
1.0,EVT:E18|EVT:E25|EVT:E6
1.0,EVT:E19|EVT:E25|EVT:E6
1.0,EVT:E17|EVT:E25|EVT:E6
1.0,EVT:E16|EVT:E25|EVT:E6
1.0,COMP:wsgi_server|EVT:E25|EVT:E6
1.0,EVT:E15|EVT:E25|EVT:E6
1.0,EVT:E14|EVT:E25|EVT:E6
1.0,EVT:E13|EVT:E25|EVT:E6
1.0,EVT:E12|EVT:E25|EVT:E6
1.0,EVT:E11|EVT:E25|EVT:E6
1.0,EVT:E10|EVT:E25|EVT:E6
1.0,EVT:E1|EVT:E25|EVT:E6
1.0,COMP:compute_server_external_events|EVT:E25|EVT:E6
1.0,COMP:openstack_wsgi|EVT:E25|EVT:E6
1.0,COMP:libvirt_imagecache|EVT:E25|EVT:E6
1.0,COMP:libvirt_driver|EVT:E25|EVT:E6
1.0,COMP:compute_manager|EVT:E25|EVT:E6
1.0,COMP:compute_resource_tracker|EVT:E25|EVT:E6
1.0,COMP:compute_claims|EVT:E25|EVT:E6
0.6,EVT:E25|EVT:E29|EVT:E6
1.0,EVT:E24|EVT:E26|EVT:E6
1.0,EVT:E23|EVT:E26|EVT:E6
1.0,EVT:E2|EVT:E26|EVT:E6
1.0,EVT:E22|EVT:E26|EVT:E6
1.0,EVT:E21|EVT:E26|EVT:E6
1.0,EVT:E20|EVT:E26|EVT:E6
1.0,EVT:E18|EVT:E26|EVT:E6
1.0,EVT:E19|EVT:E26|EVT:E6
1.0,EVT:E17|EVT:E26|EVT:E6
1.0,EVT:E16|EVT:E26|EVT:E6
1.0,COMP:wsgi_server|EVT:E26|EVT:E6
1.0,EVT:E15|EVT:E26|EVT:E6
1.0,EVT:E14|EVT:E26|EVT:E6
1.0,EVT:E13|EVT:E26|EVT:E6
1.0,EVT:E12|EVT:E26|EVT:E6
1.0,EVT:E11|EVT:E26|EVT:E6
1.0,EVT:E10|EVT:E26|EVT:E6
1.0,EVT:E1|EVT:E26|EVT:E6
1.0,COMP:compute_server_external_events|EVT:E26|EVT:E6
1.0,COMP:openstack_wsgi|EVT:E26|EVT:E6
1.0,COMP:libvirt_imagecache|EVT:E26|EVT:E6
1.0,COMP:libvirt_driver|EVT:E26|EVT:E6
1.0,COMP:compute_manager|EVT:E26|EVT:E6
1.0,COMP:compute_resource_tracker|EVT:E26|EVT:E6
1.0,COMP:compute_claims|EVT:E26|EVT:E6
0.6,EVT:E26|EVT:E29|EVT:E6
1.0,EVT:E23|EVT:E24|EVT:E6
1.0,EVT:E2|EVT:E24|EVT:E6
1.0,EVT:E22|EVT:E24|EVT:E6
1.0,EVT:E21|EVT:E24|EVT:E6
1.0,EVT:E20|EVT:E24|EVT:E6
1.0,EVT:E18|EVT:E24|EVT:E6
1.0,EVT:E19|EVT:E24|EVT:E6
1.0,EVT:E17|EVT:E24|EVT:E6
1.0,EVT:E16|EVT:E24|EVT:E6
1.0,COMP:wsgi_server|EVT:E24|EVT:E6
1.0,EVT:E15|EVT:E24|EVT:E6
1.0,EVT:E14|EVT:E24|EVT:E6
1.0,EVT:E13|EVT:E24|EVT:E6
1.0,EVT:E12|EVT:E24|EVT:E6
1.0,EVT:E11|EVT:E24|EVT:E6
1.0,EVT:E10|EVT:E24|EVT:E6
1.0,EVT:E1|EVT:E24|EVT:E6
1.0,COMP:compute_server_external_events|EVT:E24|EVT:E6
1.0,COMP:openstack_wsgi|EVT:E24|EVT:E6
1.0,COMP:libvirt_imagecache|EVT:E24|EVT:E6
1.0,COMP:libvirt_driver|EVT:E24|EVT:E6
1.0,COMP:compute_manager|EVT:E24|EVT:E6
1.0,COMP:compute_resource_tracker|EVT:E24|EVT:E6
1.0,COMP:compute_claims|EVT:E24|EVT:E6
0.6,EVT:E24|EVT:E29|EVT:E6
1.0,EVT:E2|EVT:E23|EVT:E6
1.0,EVT:E22|EVT:E23|EVT:E6
1.0,EVT:E21|EVT:E23|EVT:E6
1.0,EVT:E20|EVT:E23|EVT:E6
1.0,EVT:E18|EVT:E23|EVT:E6
1.0,EVT:E19|EVT:E23|EVT:E6
1.0,EVT:E17|EVT:E23|EVT:E6
1.0,EVT:E16|EVT:E23|EVT:E6
1.0,COMP:wsgi_server|EVT:E23|EVT:E6
1.0,EVT:E15|EVT:E23|EVT:E6
1.0,EVT:E14|EVT:E23|EVT:E6
1.0,EVT:E13|EVT:E23|EVT:E6
1.0,EVT:E12|EVT:E23|EVT:E6
1.0,EVT:E11|EVT:E23|EVT:E6
1.0,EVT:E10|EVT:E23|EVT:E6
1.0,EVT:E1|EVT:E23|EVT:E6
1.0,COMP:compute_server_external_events|EVT:E23|EVT:E6
1.0,COMP:openstack_wsgi|EVT:E23|EVT:E6
1.0,COMP:libvirt_imagecache|EVT:E23|EVT:E6
1.0,COMP:libvirt_driver|EVT:E23|EVT:E6
1.0,COMP:compute_manager|EVT:E23|EVT:E6
1.0,COMP:compute_resource_tracker|EVT:E23|EVT:E6
1.0,COMP:compute_claims|EVT:E23|EVT:E6
0.6,EVT:E23|EVT:E29|EVT:E6
1.0,EVT:E2|EVT:E22|EVT:E6
1.0,EVT:E2|EVT:E21|EVT:E6
1.0,EVT:E2|EVT:E20|EVT:E6
1.0,EVT:E18|EVT:E2|EVT:E6
1.0,EVT:E19|EVT:E2|EVT:E6
1.0,EVT:E17|EVT:E2|EVT:E6
1.0,EVT:E16|EVT:E2|EVT:E6
1.0,COMP:wsgi_server|EVT:E2|EVT:E6
1.0,EVT:E15|EVT:E2|EVT:E6
1.0,EVT:E14|EVT:E2|EVT:E6
1.0,EVT:E13|EVT:E2|EVT:E6
1.0,EVT:E12|EVT:E2|EVT:E6
1.0,EVT:E11|EVT:E2|EVT:E6
1.0,EVT:E10|EVT:E2|EVT:E6
1.0,EVT:E1|EVT:E2|EVT:E6
1.0,COMP:compute_server_external_events|EVT:E2|EVT:E6
1.0,COMP:openstack_wsgi|EVT:E2|EVT:E6
1.0,COMP:libvirt_imagecache|EVT:E2|EVT:E6
1.0,COMP:libvirt_driver|EVT:E2|EVT:E6
1.0,COMP:compute_manager|EVT:E2|EVT:E6
1.0,COMP:compute_resource_tracker|EVT:E2|EVT:E6
1.0,COMP:compute_claims|EVT:E2|EVT:E6
0.6,EVT:E2|EVT:E29|EVT:E6
1.0,EVT:E21|EVT:E22|EVT:E6
1.0,EVT:E20|EVT:E22|EVT:E6
1.0,EVT:E18|EVT:E22|EVT:E6
1.0,EVT:E19|EVT:E22|EVT:E6
1.0,EVT:E17|EVT:E22|EVT:E6
1.0,EVT:E16|EVT:E22|EVT:E6
1.0,COMP:wsgi_server|EVT:E22|EVT:E6
1.0,EVT:E15|EVT:E22|EVT:E6
1.0,EVT:E14|EVT:E22|EVT:E6
1.0,EVT:E13|EVT:E22|EVT:E6
1.0,EVT:E12|EVT:E22|EVT:E6
1.0,EVT:E11|EVT:E22|EVT:E6
1.0,EVT:E10|EVT:E22|EVT:E6
1.0,EVT:E1|EVT:E22|EVT:E6
1.0,COMP:compute_server_external_events|EVT:E22|EVT:E6
1.0,COMP:openstack_wsgi|EVT:E22|EVT:E6
1.0,COMP:libvirt_imagecache|EVT:E22|EVT:E6
1.0,COMP:libvirt_driver|EVT:E22|EVT:E6
1.0,COMP:compute_manager|EVT:E22|EVT:E6
1.0,COMP:compute_resource_tracker|EVT:E22|EVT:E6
1.0,COMP:compute_claims|EVT:E22|EVT:E6
0.6,EVT:E22|EVT:E29|EVT:E6
1.0,EVT:E20|EVT:E21|EVT:E6
1.0,EVT:E18|EVT:E21|EVT:E6
1.0,EVT:E19|EVT:E21|EVT:E6
1.0,EVT:E17|EVT:E21|EVT:E6
1.0,EVT:E16|EVT:E21|EVT:E6
1.0,COMP:wsgi_server|EVT:E21|EVT:E6
1.0,EVT:E15|EVT:E21|EVT:E6
1.0,EVT:E14|EVT:E21|EVT:E6
1.0,EVT:E13|EVT:E21|EVT:E6
1.0,EVT:E12|EVT:E21|EVT:E6
1.0,EVT:E11|EVT:E21|EVT:E6
1.0,EVT:E10|EVT:E21|EVT:E6
1.0,EVT:E1|EVT:E21|EVT:E6
1.0,COMP:compute_server_external_events|EVT:E21|EVT:E6
1.0,COMP:openstack_wsgi|EVT:E21|EVT:E6
1.0,COMP:libvirt_imagecache|EVT:E21|EVT:E6
1.0,COMP:libvirt_driver|EVT:E21|EVT:E6
1.0,COMP:compute_manager|EVT:E21|EVT:E6
1.0,COMP:compute_resource_tracker|EVT:E21|EVT:E6
1.0,COMP:compute_claims|EVT:E21|EVT:E6
0.6,EVT:E21|EVT:E29|EVT:E6
1.0,EVT:E18|EVT:E20|EVT:E6
1.0,EVT:E19|EVT:E20|EVT:E6
1.0,EVT:E17|EVT:E20|EVT:E6
1.0,EVT:E16|EVT:E20|EVT:E6
1.0,COMP:wsgi_server|EVT:E20|EVT:E6
1.0,EVT:E15|EVT:E20|EVT:E6
1.0,EVT:E14|EVT:E20|EVT:E6
1.0,EVT:E13|EVT:E20|EVT:E6
1.0,EVT:E12|EVT:E20|EVT:E6
1.0,EVT:E11|EVT:E20|EVT:E6
1.0,EVT:E10|EVT:E20|EVT:E6
1.0,EVT:E1|EVT:E20|EVT:E6
1.0,COMP:compute_server_external_events|EVT:E20|EVT:E6
1.0,COMP:openstack_wsgi|EVT:E20|EVT:E6
1.0,COMP:libvirt_imagecache|EVT:E20|EVT:E6
1.0,COMP:libvirt_driver|EVT:E20|EVT:E6
1.0,COMP:compute_manager|EVT:E20|EVT:E6
1.0,COMP:compute_resource_tracker|EVT:E20|EVT:E6
1.0,COMP:compute_claims|EVT:E20|EVT:E6
0.6,EVT:E20|EVT:E29|EVT:E6
1.0,EVT:E18|EVT:E19|EVT:E6
1.0,EVT:E17|EVT:E18|EVT:E6
1.0,EVT:E16|EVT:E18|EVT:E6
1.0,COMP:wsgi_server|EVT:E18|EVT:E6
1.0,EVT:E15|EVT:E18|EVT:E6
1.0,EVT:E14|EVT:E18|EVT:E6
1.0,EVT:E13|EVT:E18|EVT:E6
1.0,EVT:E12|EVT:E18|EVT:E6
1.0,EVT:E11|EVT:E18|EVT:E6
1.0,EVT:E10|EVT:E18|EVT:E6
1.0,EVT:E1|EVT:E18|EVT:E6
1.0,COMP:compute_server_external_events|EVT:E18|EVT:E6
1.0,COMP:openstack_wsgi|EVT:E18|EVT:E6
1.0,COMP:libvirt_imagecache|EVT:E18|EVT:E6
1.0,COMP:libvirt_driver|EVT:E18|EVT:E6
1.0,COMP:compute_manager|EVT:E18|EVT:E6
1.0,COMP:compute_resource_tracker|EVT:E18|EVT:E6
1.0,COMP:compute_claims|EVT:E18|EVT:E6
0.6,EVT:E18|EVT:E29|EVT:E6
1.0,EVT:E17|EVT:E19|EVT:E6
1.0,EVT:E16|EVT:E19|EVT:E6
1.0,COMP:wsgi_server|EVT:E19|EVT:E6
1.0,EVT:E15|EVT:E19|EVT:E6
1.0,EVT:E14|EVT:E19|EVT:E6
1.0,EVT:E13|EVT:E19|EVT:E6
1.0,EVT:E12|EVT:E19|EVT:E6
1.0,EVT:E11|EVT:E19|EVT:E6
1.0,EVT:E10|EVT:E19|EVT:E6
1.0,EVT:E1|EVT:E19|EVT:E6
1.0,COMP:compute_server_external_events|EVT:E19|EVT:E6
1.0,COMP:openstack_wsgi|EVT:E19|EVT:E6
1.0,COMP:libvirt_imagecache|EVT:E19|EVT:E6
1.0,COMP:libvirt_driver|EVT:E19|EVT:E6
1.0,COMP:compute_manager|EVT:E19|EVT:E6
1.0,COMP:compute_resource_tracker|EVT:E19|EVT:E6
1.0,COMP:compute_claims|EVT:E19|EVT:E6
0.6,EVT:E19|EVT:E29|EVT:E6
1.0,EVT:E16|EVT:E17|EVT:E6
1.0,COMP:wsgi_server|EVT:E17|EVT:E6
1.0,EVT:E15|EVT:E17|EVT:E6
1.0,EVT:E14|EVT:E17|EVT:E6
1.0,EVT:E13|EVT:E17|EVT:E6
1.0,EVT:E12|EVT:E17|EVT:E6
1.0,EVT:E11|EVT:E17|EVT:E6
1.0,EVT:E10|EVT:E17|EVT:E6
1.0,EVT:E1|EVT:E17|EVT:E6
1.0,COMP:compute_server_external_events|EVT:E17|EVT:E6
1.0,COMP:openstack_wsgi|EVT:E17|EVT:E6
1.0,COMP:libvirt_imagecache|EVT:E17|EVT:E6
1.0,COMP:libvirt_driver|EVT:E17|EVT:E6
1.0,COMP:compute_manager|EVT:E17|EVT:E6
1.0,COMP:compute_resource_tracker|EVT:E17|EVT:E6
1.0,COMP:compute_claims|EVT:E17|EVT:E6
0.6,EVT:E17|EVT:E29|EVT:E6
1.0,COMP:wsgi_server|EVT:E16|EVT:E6
1.0,EVT:E15|EVT:E16|EVT:E6
1.0,EVT:E14|EVT:E16|EVT:E6
1.0,EVT:E13|EVT:E16|EVT:E6
1.0,EVT:E12|EVT:E16|EVT:E6
1.0,EVT:E11|EVT:E16|EVT:E6
1.0,EVT:E10|EVT:E16|EVT:E6
1.0,EVT:E1|EVT:E16|EVT:E6
1.0,COMP:compute_server_external_events|EVT:E16|EVT:E6
1.0,COMP:openstack_wsgi|EVT:E16|EVT:E6
1.0,COMP:libvirt_imagecache|EVT:E16|EVT:E6
1.0,COMP:libvirt_driver|EVT:E16|EVT:E6
1.0,COMP:compute_manager|EVT:E16|EVT:E6
1.0,COMP:compute_resource_tracker|EVT:E16|EVT:E6
1.0,COMP:compute_claims|EVT:E16|EVT:E6
0.6,EVT:E16|EVT:E29|EVT:E6
1.0,COMP:wsgi_server|EVT:E15|EVT:E6
1.0,COMP:wsgi_server|EVT:E14|EVT:E6
1.0,COMP:wsgi_server|EVT:E13|EVT:E6
1.0,COMP:wsgi_server|EVT:E12|EVT:E6
1.0,COMP:wsgi_server|EVT:E11|EVT:E6
1.0,COMP:wsgi_server|EVT:E10|EVT:E6
1.0,COMP:wsgi_server|EVT:E1|EVT:E6
1.0,COMP:compute_server_external_events|COMP:wsgi_server|EVT:E6
1.0,COMP:openstack_wsgi|COMP:wsgi_server|EVT:E6
1.0,COMP:libvirt_imagecache|COMP:wsgi_server|EVT:E6
1.0,COMP:libvirt_driver|COMP:wsgi_server|EVT:E6
1.0,COMP:compute_manager|COMP:wsgi_server|EVT:E6
1.0,COMP:compute_resource_tracker|COMP:wsgi_server|EVT:E6
1.0,COMP:compute_claims|COMP:wsgi_server|EVT:E6
0.6,COMP:wsgi_server|EVT:E29|EVT:E6
1.0,EVT:E14|EVT:E15|EVT:E6
1.0,EVT:E13|EVT:E15|EVT:E6
1.0,EVT:E12|EVT:E15|EVT:E6
1.0,EVT:E11|EVT:E15|EVT:E6
1.0,EVT:E10|EVT:E15|EVT:E6
1.0,EVT:E1|EVT:E15|EVT:E6
1.0,COMP:compute_server_external_events|EVT:E15|EVT:E6
1.0,COMP:openstack_wsgi|EVT:E15|EVT:E6
1.0,COMP:libvirt_imagecache|EVT:E15|EVT:E6
1.0,COMP:libvirt_driver|EVT:E15|EVT:E6
1.0,COMP:compute_manager|EVT:E15|EVT:E6
1.0,COMP:compute_resource_tracker|EVT:E15|EVT:E6
1.0,COMP:compute_claims|EVT:E15|EVT:E6
0.6,EVT:E15|EVT:E29|EVT:E6
1.0,EVT:E13|EVT:E14|EVT:E6
1.0,EVT:E12|EVT:E14|EVT:E6
1.0,EVT:E11|EVT:E14|EVT:E6
1.0,EVT:E10|EVT:E14|EVT:E6
1.0,EVT:E1|EVT:E14|EVT:E6
1.0,COMP:compute_server_external_events|EVT:E14|EVT:E6
1.0,COMP:openstack_wsgi|EVT:E14|EVT:E6
1.0,COMP:libvirt_imagecache|EVT:E14|EVT:E6
1.0,COMP:libvirt_driver|EVT:E14|EVT:E6
1.0,COMP:compute_manager|EVT:E14|EVT:E6
1.0,COMP:compute_resource_tracker|EVT:E14|EVT:E6
1.0,COMP:compute_claims|EVT:E14|EVT:E6
0.6,EVT:E14|EVT:E29|EVT:E6
1.0,EVT:E12|EVT:E13|EVT:E6
1.0,EVT:E11|EVT:E13|EVT:E6
1.0,EVT:E10|EVT:E13|EVT:E6
1.0,EVT:E1|EVT:E13|EVT:E6
1.0,COMP:compute_server_external_events|EVT:E13|EVT:E6
1.0,COMP:openstack_wsgi|EVT:E13|EVT:E6
1.0,COMP:libvirt_imagecache|EVT:E13|EVT:E6
1.0,COMP:libvirt_driver|EVT:E13|EVT:E6
1.0,COMP:compute_manager|EVT:E13|EVT:E6
1.0,COMP:compute_resource_tracker|EVT:E13|EVT:E6
1.0,COMP:compute_claims|EVT:E13|EVT:E6
0.6,EVT:E13|EVT:E29|EVT:E6
1.0,EVT:E11|EVT:E12|EVT:E6
1.0,EVT:E10|EVT:E12|EVT:E6
1.0,EVT:E1|EVT:E12|EVT:E6
1.0,COMP:compute_server_external_events|EVT:E12|EVT:E6
1.0,COMP:openstack_wsgi|EVT:E12|EVT:E6
1.0,COMP:libvirt_imagecache|EVT:E12|EVT:E6
1.0,COMP:libvirt_driver|EVT:E12|EVT:E6
1.0,COMP:compute_manager|EVT:E12|EVT:E6
1.0,COMP:compute_resource_tracker|EVT:E12|EVT:E6
1.0,COMP:compute_claims|EVT:E12|EVT:E6
0.6,EVT:E12|EVT:E29|EVT:E6
1.0,EVT:E10|EVT:E11|EVT:E6
1.0,EVT:E1|EVT:E11|EVT:E6
1.0,COMP:compute_server_external_events|EVT:E11|EVT:E6
1.0,COMP:openstack_wsgi|EVT:E11|EVT:E6
1.0,COMP:libvirt_imagecache|EVT:E11|EVT:E6
1.0,COMP:libvirt_driver|EVT:E11|EVT:E6
1.0,COMP:compute_manager|EVT:E11|EVT:E6
1.0,COMP:compute_resource_tracker|EVT:E11|EVT:E6
1.0,COMP:compute_claims|EVT:E11|EVT:E6
0.6,EVT:E11|EVT:E29|EVT:E6
1.0,EVT:E1|EVT:E10|EVT:E6
1.0,COMP:compute_server_external_events|EVT:E10|EVT:E6
1.0,COMP:openstack_wsgi|EVT:E10|EVT:E6
1.0,COMP:libvirt_imagecache|EVT:E10|EVT:E6
1.0,COMP:libvirt_driver|EVT:E10|EVT:E6
1.0,COMP:compute_manager|EVT:E10|EVT:E6
1.0,COMP:compute_resource_tracker|EVT:E10|EVT:E6
1.0,COMP:compute_claims|EVT:E10|EVT:E6
0.6,EVT:E10|EVT:E29|EVT:E6
1.0,COMP:compute_server_external_events|EVT:E1|EVT:E6
1.0,COMP:openstack_wsgi|EVT:E1|EVT:E6
1.0,COMP:libvirt_imagecache|EVT:E1|EVT:E6
1.0,COMP:libvirt_driver|EVT:E1|EVT:E6
1.0,COMP:compute_manager|EVT:E1|EVT:E6
1.0,COMP:compute_resource_tracker|EVT:E1|EVT:E6
1.0,COMP:compute_claims|EVT:E1|EVT:E6
0.6,EVT:E1|EVT:E29|EVT:E6
1.0,COMP:compute_server_external_events|COMP:openstack_wsgi|EVT:E6
1.0,COMP:compute_server_external_events|COMP:libvirt_imagecache|EVT:E6
1.0,COMP:compute_server_external_events|COMP:libvirt_driver|EVT:E6
1.0,COMP:compute_manager|COMP:compute_server_external_events|EVT:E6
1.0,COMP:compute_resource_tracker|COMP:compute_server_external_events|EVT:E6
1.0,COMP:compute_claims|COMP:compute_server_external_events|EVT:E6
0.6,COMP:compute_server_external_events|EVT:E29|EVT:E6
1.0,COMP:libvirt_imagecache|COMP:openstack_wsgi|EVT:E6
1.0,COMP:libvirt_driver|COMP:openstack_wsgi|EVT:E6
1.0,COMP:compute_manager|COMP:openstack_wsgi|EVT:E6
1.0,COMP:compute_resource_tracker|COMP:openstack_wsgi|EVT:E6
1.0,COMP:compute_claims|COMP:openstack_wsgi|EVT:E6
0.6,COMP:openstack_wsgi|EVT:E29|EVT:E6
1.0,COMP:libvirt_driver|COMP:libvirt_imagecache|EVT:E6
1.0,COMP:compute_manager|COMP:libvirt_imagecache|EVT:E6
1.0,COMP:compute_resource_tracker|COMP:libvirt_imagecache|EVT:E6
1.0,COMP:compute_claims|COMP:libvirt_imagecache|EVT:E6
0.6,COMP:libvirt_imagecache|EVT:E29|EVT:E6
1.0,COMP:compute_manager|COMP:libvirt_driver|EVT:E6
1.0,COMP:compute_resource_tracker|COMP:libvirt_driver|EVT:E6
1.0,COMP:compute_claims|COMP:libvirt_driver|EVT:E6
0.6,COMP:libvirt_driver|EVT:E29|EVT:E6
1.0,COMP:compute_manager|COMP:compute_resource_tracker|EVT:E6
1.0,COMP:compute_claims|COMP:compute_manager|EVT:E6
0.6,COMP:compute_manager|EVT:E29|EVT:E6
1.0,COMP:compute_claims|COMP:compute_resource_tracker|EVT:E6
0.6,COMP:compute_resource_tracker|EVT:E29|EVT:E6
0.6,COMP:compute_claims|EVT:E29|EVT:E6
1.0,EVT:E41|EVT:E42|EVT:E5
1.0,EVT:E4|EVT:E42|EVT:E5
1.0,EVT:E37|EVT:E42|EVT:E5
1.0,EVT:E36|EVT:E42|EVT:E5
1.0,EVT:E35|EVT:E42|EVT:E5
1.0,EVT:E34|EVT:E42|EVT:E5
1.0,EVT:E33|EVT:E42|EVT:E5
1.0,EVT:E32|EVT:E42|EVT:E5
1.0,EVT:E31|EVT:E42|EVT:E5
1.0,EVT:E30|EVT:E42|EVT:E5
1.0,EVT:E3|EVT:E42|EVT:E5
1.0,EVT:E28|EVT:E42|EVT:E5
1.0,EVT:E27|EVT:E42|EVT:E5
1.0,EVT:E25|EVT:E42|EVT:E5
1.0,EVT:E26|EVT:E42|EVT:E5
1.0,EVT:E24|EVT:E42|EVT:E5
1.0,EVT:E23|EVT:E42|EVT:E5
1.0,EVT:E2|EVT:E42|EVT:E5
1.0,EVT:E22|EVT:E42|EVT:E5
1.0,EVT:E21|EVT:E42|EVT:E5
1.0,EVT:E20|EVT:E42|EVT:E5
1.0,EVT:E18|EVT:E42|EVT:E5
1.0,EVT:E19|EVT:E42|EVT:E5
1.0,EVT:E17|EVT:E42|EVT:E5
1.0,EVT:E16|EVT:E42|EVT:E5
1.0,COMP:wsgi_server|EVT:E42|EVT:E5
1.0,EVT:E15|EVT:E42|EVT:E5
1.0,EVT:E14|EVT:E42|EVT:E5
1.0,EVT:E13|EVT:E42|EVT:E5
1.0,EVT:E12|EVT:E42|EVT:E5
1.0,EVT:E11|EVT:E42|EVT:E5
1.0,EVT:E10|EVT:E42|EVT:E5
1.0,EVT:E1|EVT:E42|EVT:E5
1.0,COMP:compute_server_external_events|EVT:E42|EVT:E5
1.0,COMP:openstack_wsgi|EVT:E42|EVT:E5
1.0,COMP:libvirt_imagecache|EVT:E42|EVT:E5
1.0,COMP:libvirt_driver|EVT:E42|EVT:E5
1.0,COMP:compute_manager|EVT:E42|EVT:E5
1.0,COMP:compute_resource_tracker|EVT:E42|EVT:E5
1.0,COMP:compute_claims|EVT:E42|EVT:E5
0.6,EVT:E29|EVT:E42|EVT:E5
1.0,EVT:E4|EVT:E41|EVT:E5
1.0,EVT:E37|EVT:E41|EVT:E5
1.0,EVT:E36|EVT:E41|EVT:E5
1.0,EVT:E35|EVT:E41|EVT:E5
1.0,EVT:E34|EVT:E41|EVT:E5
1.0,EVT:E33|EVT:E41|EVT:E5
1.0,EVT:E32|EVT:E41|EVT:E5
1.0,EVT:E31|EVT:E41|EVT:E5
1.0,EVT:E30|EVT:E41|EVT:E5
1.0,EVT:E3|EVT:E41|EVT:E5
1.0,EVT:E28|EVT:E41|EVT:E5
1.0,EVT:E27|EVT:E41|EVT:E5
1.0,EVT:E25|EVT:E41|EVT:E5
1.0,EVT:E26|EVT:E41|EVT:E5
1.0,EVT:E24|EVT:E41|EVT:E5
1.0,EVT:E23|EVT:E41|EVT:E5
1.0,EVT:E2|EVT:E41|EVT:E5
1.0,EVT:E22|EVT:E41|EVT:E5
1.0,EVT:E21|EVT:E41|EVT:E5
1.0,EVT:E20|EVT:E41|EVT:E5
1.0,EVT:E18|EVT:E41|EVT:E5
1.0,EVT:E19|EVT:E41|EVT:E5
1.0,EVT:E17|EVT:E41|EVT:E5
1.0,EVT:E16|EVT:E41|EVT:E5
1.0,COMP:wsgi_server|EVT:E41|EVT:E5
1.0,EVT:E15|EVT:E41|EVT:E5
1.0,EVT:E14|EVT:E41|EVT:E5
1.0,EVT:E13|EVT:E41|EVT:E5
1.0,EVT:E12|EVT:E41|EVT:E5
1.0,EVT:E11|EVT:E41|EVT:E5
1.0,EVT:E10|EVT:E41|EVT:E5
1.0,EVT:E1|EVT:E41|EVT:E5
1.0,COMP:compute_server_external_events|EVT:E41|EVT:E5
1.0,COMP:openstack_wsgi|EVT:E41|EVT:E5
1.0,COMP:libvirt_imagecache|EVT:E41|EVT:E5
1.0,COMP:libvirt_driver|EVT:E41|EVT:E5
1.0,COMP:compute_manager|EVT:E41|EVT:E5
1.0,COMP:compute_resource_tracker|EVT:E41|EVT:E5
1.0,COMP:compute_claims|EVT:E41|EVT:E5
0.6,EVT:E29|EVT:E41|EVT:E5
1.0,EVT:E37|EVT:E4|EVT:E5
1.0,EVT:E36|EVT:E4|EVT:E5
1.0,EVT:E35|EVT:E4|EVT:E5
1.0,EVT:E34|EVT:E4|EVT:E5
1.0,EVT:E33|EVT:E4|EVT:E5
1.0,EVT:E32|EVT:E4|EVT:E5
1.0,EVT:E31|EVT:E4|EVT:E5
1.0,EVT:E30|EVT:E4|EVT:E5
1.0,EVT:E3|EVT:E4|EVT:E5
1.0,EVT:E28|EVT:E4|EVT:E5
1.0,EVT:E27|EVT:E4|EVT:E5
1.0,EVT:E25|EVT:E4|EVT:E5
1.0,EVT:E26|EVT:E4|EVT:E5
1.0,EVT:E24|EVT:E4|EVT:E5
1.0,EVT:E23|EVT:E4|EVT:E5
1.0,EVT:E2|EVT:E4|EVT:E5
1.0,EVT:E22|EVT:E4|EVT:E5
1.0,EVT:E21|EVT:E4|EVT:E5
1.0,EVT:E20|EVT:E4|EVT:E5
1.0,EVT:E18|EVT:E4|EVT:E5
1.0,EVT:E19|EVT:E4|EVT:E5
1.0,EVT:E17|EVT:E4|EVT:E5
1.0,EVT:E16|EVT:E4|EVT:E5
1.0,COMP:wsgi_server|EVT:E4|EVT:E5
1.0,EVT:E15|EVT:E4|EVT:E5
1.0,EVT:E14|EVT:E4|EVT:E5
1.0,EVT:E13|EVT:E4|EVT:E5
1.0,EVT:E12|EVT:E4|EVT:E5
1.0,EVT:E11|EVT:E4|EVT:E5
1.0,EVT:E10|EVT:E4|EVT:E5
1.0,EVT:E1|EVT:E4|EVT:E5
1.0,COMP:compute_server_external_events|EVT:E4|EVT:E5
1.0,COMP:openstack_wsgi|EVT:E4|EVT:E5
1.0,COMP:libvirt_imagecache|EVT:E4|EVT:E5
1.0,COMP:libvirt_driver|EVT:E4|EVT:E5
1.0,COMP:compute_manager|EVT:E4|EVT:E5
1.0,COMP:compute_resource_tracker|EVT:E4|EVT:E5
1.0,COMP:compute_claims|EVT:E4|EVT:E5
0.6,EVT:E29|EVT:E4|EVT:E5
1.0,EVT:E36|EVT:E37|EVT:E5
1.0,EVT:E35|EVT:E37|EVT:E5
1.0,EVT:E34|EVT:E37|EVT:E5
1.0,EVT:E33|EVT:E37|EVT:E5
1.0,EVT:E32|EVT:E37|EVT:E5
1.0,EVT:E31|EVT:E37|EVT:E5
1.0,EVT:E30|EVT:E37|EVT:E5
1.0,EVT:E3|EVT:E37|EVT:E5
1.0,EVT:E28|EVT:E37|EVT:E5
1.0,EVT:E27|EVT:E37|EVT:E5
1.0,EVT:E25|EVT:E37|EVT:E5
1.0,EVT:E26|EVT:E37|EVT:E5
1.0,EVT:E24|EVT:E37|EVT:E5
1.0,EVT:E23|EVT:E37|EVT:E5
1.0,EVT:E2|EVT:E37|EVT:E5
1.0,EVT:E22|EVT:E37|EVT:E5
1.0,EVT:E21|EVT:E37|EVT:E5
1.0,EVT:E20|EVT:E37|EVT:E5
1.0,EVT:E18|EVT:E37|EVT:E5
1.0,EVT:E19|EVT:E37|EVT:E5
1.0,EVT:E17|EVT:E37|EVT:E5
1.0,EVT:E16|EVT:E37|EVT:E5
1.0,COMP:wsgi_server|EVT:E37|EVT:E5
1.0,EVT:E15|EVT:E37|EVT:E5
1.0,EVT:E14|EVT:E37|EVT:E5
1.0,EVT:E13|EVT:E37|EVT:E5
1.0,EVT:E12|EVT:E37|EVT:E5
1.0,EVT:E11|EVT:E37|EVT:E5
1.0,EVT:E10|EVT:E37|EVT:E5
1.0,EVT:E1|EVT:E37|EVT:E5
1.0,COMP:compute_server_external_events|EVT:E37|EVT:E5
1.0,COMP:openstack_wsgi|EVT:E37|EVT:E5
1.0,COMP:libvirt_imagecache|EVT:E37|EVT:E5
1.0,COMP:libvirt_driver|EVT:E37|EVT:E5
1.0,COMP:compute_manager|EVT:E37|EVT:E5
1.0,COMP:compute_resource_tracker|EVT:E37|EVT:E5
1.0,COMP:compute_claims|EVT:E37|EVT:E5
0.6,EVT:E29|EVT:E37|EVT:E5
1.0,EVT:E35|EVT:E36|EVT:E5
1.0,EVT:E34|EVT:E36|EVT:E5
1.0,EVT:E33|EVT:E36|EVT:E5
1.0,EVT:E32|EVT:E36|EVT:E5
1.0,EVT:E31|EVT:E36|EVT:E5
1.0,EVT:E30|EVT:E36|EVT:E5
1.0,EVT:E3|EVT:E36|EVT:E5
1.0,EVT:E28|EVT:E36|EVT:E5
1.0,EVT:E27|EVT:E36|EVT:E5
1.0,EVT:E25|EVT:E36|EVT:E5
1.0,EVT:E26|EVT:E36|EVT:E5
1.0,EVT:E24|EVT:E36|EVT:E5
1.0,EVT:E23|EVT:E36|EVT:E5
1.0,EVT:E2|EVT:E36|EVT:E5
1.0,EVT:E22|EVT:E36|EVT:E5
1.0,EVT:E21|EVT:E36|EVT:E5
1.0,EVT:E20|EVT:E36|EVT:E5
1.0,EVT:E18|EVT:E36|EVT:E5
1.0,EVT:E19|EVT:E36|EVT:E5
1.0,EVT:E17|EVT:E36|EVT:E5
1.0,EVT:E16|EVT:E36|EVT:E5
1.0,COMP:wsgi_server|EVT:E36|EVT:E5
1.0,EVT:E15|EVT:E36|EVT:E5
1.0,EVT:E14|EVT:E36|EVT:E5
1.0,EVT:E13|EVT:E36|EVT:E5
1.0,EVT:E12|EVT:E36|EVT:E5
1.0,EVT:E11|EVT:E36|EVT:E5
1.0,EVT:E10|EVT:E36|EVT:E5
1.0,EVT:E1|EVT:E36|EVT:E5
1.0,COMP:compute_server_external_events|EVT:E36|EVT:E5
1.0,COMP:openstack_wsgi|EVT:E36|EVT:E5
1.0,COMP:libvirt_imagecache|EVT:E36|EVT:E5
1.0,COMP:libvirt_driver|EVT:E36|EVT:E5
1.0,COMP:compute_manager|EVT:E36|EVT:E5
1.0,COMP:compute_resource_tracker|EVT:E36|EVT:E5
1.0,COMP:compute_claims|EVT:E36|EVT:E5
0.6,EVT:E29|EVT:E36|EVT:E5
1.0,EVT:E34|EVT:E35|EVT:E5
1.0,EVT:E33|EVT:E35|EVT:E5
1.0,EVT:E32|EVT:E35|EVT:E5
1.0,EVT:E31|EVT:E35|EVT:E5
1.0,EVT:E30|EVT:E35|EVT:E5
1.0,EVT:E3|EVT:E35|EVT:E5
1.0,EVT:E28|EVT:E35|EVT:E5
1.0,EVT:E27|EVT:E35|EVT:E5
1.0,EVT:E25|EVT:E35|EVT:E5
1.0,EVT:E26|EVT:E35|EVT:E5
1.0,EVT:E24|EVT:E35|EVT:E5
1.0,EVT:E23|EVT:E35|EVT:E5
1.0,EVT:E2|EVT:E35|EVT:E5
1.0,EVT:E22|EVT:E35|EVT:E5
1.0,EVT:E21|EVT:E35|EVT:E5
1.0,EVT:E20|EVT:E35|EVT:E5
1.0,EVT:E18|EVT:E35|EVT:E5
1.0,EVT:E19|EVT:E35|EVT:E5
1.0,EVT:E17|EVT:E35|EVT:E5
1.0,EVT:E16|EVT:E35|EVT:E5
1.0,COMP:wsgi_server|EVT:E35|EVT:E5
1.0,EVT:E15|EVT:E35|EVT:E5
1.0,EVT:E14|EVT:E35|EVT:E5
1.0,EVT:E13|EVT:E35|EVT:E5
1.0,EVT:E12|EVT:E35|EVT:E5
1.0,EVT:E11|EVT:E35|EVT:E5
1.0,EVT:E10|EVT:E35|EVT:E5
1.0,EVT:E1|EVT:E35|EVT:E5
1.0,COMP:compute_server_external_events|EVT:E35|EVT:E5
1.0,COMP:openstack_wsgi|EVT:E35|EVT:E5
1.0,COMP:libvirt_imagecache|EVT:E35|EVT:E5
1.0,COMP:libvirt_driver|EVT:E35|EVT:E5
1.0,COMP:compute_manager|EVT:E35|EVT:E5
1.0,COMP:compute_resource_tracker|EVT:E35|EVT:E5
1.0,COMP:compute_claims|EVT:E35|EVT:E5
0.6,EVT:E29|EVT:E35|EVT:E5
1.0,EVT:E33|EVT:E34|EVT:E5
1.0,EVT:E32|EVT:E34|EVT:E5
1.0,EVT:E31|EVT:E34|EVT:E5
1.0,EVT:E30|EVT:E34|EVT:E5
1.0,EVT:E3|EVT:E34|EVT:E5
1.0,EVT:E28|EVT:E34|EVT:E5
1.0,EVT:E27|EVT:E34|EVT:E5
1.0,EVT:E25|EVT:E34|EVT:E5
1.0,EVT:E26|EVT:E34|EVT:E5
1.0,EVT:E24|EVT:E34|EVT:E5
1.0,EVT:E23|EVT:E34|EVT:E5
1.0,EVT:E2|EVT:E34|EVT:E5
1.0,EVT:E22|EVT:E34|EVT:E5
1.0,EVT:E21|EVT:E34|EVT:E5
1.0,EVT:E20|EVT:E34|EVT:E5
1.0,EVT:E18|EVT:E34|EVT:E5
1.0,EVT:E19|EVT:E34|EVT:E5
1.0,EVT:E17|EVT:E34|EVT:E5
1.0,EVT:E16|EVT:E34|EVT:E5
1.0,COMP:wsgi_server|EVT:E34|EVT:E5
1.0,EVT:E15|EVT:E34|EVT:E5
1.0,EVT:E14|EVT:E34|EVT:E5
1.0,EVT:E13|EVT:E34|EVT:E5
1.0,EVT:E12|EVT:E34|EVT:E5
1.0,EVT:E11|EVT:E34|EVT:E5
1.0,EVT:E10|EVT:E34|EVT:E5
1.0,EVT:E1|EVT:E34|EVT:E5
1.0,COMP:compute_server_external_events|EVT:E34|EVT:E5
1.0,COMP:openstack_wsgi|EVT:E34|EVT:E5
1.0,COMP:libvirt_imagecache|EVT:E34|EVT:E5
1.0,COMP:libvirt_driver|EVT:E34|EVT:E5
1.0,COMP:compute_manager|EVT:E34|EVT:E5
1.0,COMP:compute_resource_tracker|EVT:E34|EVT:E5
1.0,COMP:compute_claims|EVT:E34|EVT:E5
0.6,EVT:E29|EVT:E34|EVT:E5
1.0,EVT:E32|EVT:E33|EVT:E5
1.0,EVT:E31|EVT:E33|EVT:E5
1.0,EVT:E30|EVT:E33|EVT:E5
1.0,EVT:E3|EVT:E33|EVT:E5
1.0,EVT:E28|EVT:E33|EVT:E5
1.0,EVT:E27|EVT:E33|EVT:E5
1.0,EVT:E25|EVT:E33|EVT:E5
1.0,EVT:E26|EVT:E33|EVT:E5
1.0,EVT:E24|EVT:E33|EVT:E5
1.0,EVT:E23|EVT:E33|EVT:E5
1.0,EVT:E2|EVT:E33|EVT:E5
1.0,EVT:E22|EVT:E33|EVT:E5
1.0,EVT:E21|EVT:E33|EVT:E5
1.0,EVT:E20|EVT:E33|EVT:E5
1.0,EVT:E18|EVT:E33|EVT:E5
1.0,EVT:E19|EVT:E33|EVT:E5
1.0,EVT:E17|EVT:E33|EVT:E5
1.0,EVT:E16|EVT:E33|EVT:E5
1.0,COMP:wsgi_server|EVT:E33|EVT:E5
1.0,EVT:E15|EVT:E33|EVT:E5
1.0,EVT:E14|EVT:E33|EVT:E5
1.0,EVT:E13|EVT:E33|EVT:E5
1.0,EVT:E12|EVT:E33|EVT:E5
1.0,EVT:E11|EVT:E33|EVT:E5
1.0,EVT:E10|EVT:E33|EVT:E5
1.0,EVT:E1|EVT:E33|EVT:E5
1.0,COMP:compute_server_external_events|EVT:E33|EVT:E5
1.0,COMP:openstack_wsgi|EVT:E33|EVT:E5
1.0,COMP:libvirt_imagecache|EVT:E33|EVT:E5
1.0,COMP:libvirt_driver|EVT:E33|EVT:E5
1.0,COMP:compute_manager|EVT:E33|EVT:E5
1.0,COMP:compute_resource_tracker|EVT:E33|EVT:E5
1.0,COMP:compute_claims|EVT:E33|EVT:E5
0.6,EVT:E29|EVT:E33|EVT:E5
1.0,EVT:E31|EVT:E32|EVT:E5
1.0,EVT:E30|EVT:E32|EVT:E5
1.0,EVT:E3|EVT:E32|EVT:E5
1.0,EVT:E28|EVT:E32|EVT:E5
1.0,EVT:E27|EVT:E32|EVT:E5
1.0,EVT:E25|EVT:E32|EVT:E5
1.0,EVT:E26|EVT:E32|EVT:E5
1.0,EVT:E24|EVT:E32|EVT:E5
1.0,EVT:E23|EVT:E32|EVT:E5
1.0,EVT:E2|EVT:E32|EVT:E5
1.0,EVT:E22|EVT:E32|EVT:E5
1.0,EVT:E21|EVT:E32|EVT:E5
1.0,EVT:E20|EVT:E32|EVT:E5
1.0,EVT:E18|EVT:E32|EVT:E5
1.0,EVT:E19|EVT:E32|EVT:E5
1.0,EVT:E17|EVT:E32|EVT:E5
1.0,EVT:E16|EVT:E32|EVT:E5
1.0,COMP:wsgi_server|EVT:E32|EVT:E5
1.0,EVT:E15|EVT:E32|EVT:E5
1.0,EVT:E14|EVT:E32|EVT:E5
1.0,EVT:E13|EVT:E32|EVT:E5
1.0,EVT:E12|EVT:E32|EVT:E5
1.0,EVT:E11|EVT:E32|EVT:E5
1.0,EVT:E10|EVT:E32|EVT:E5
1.0,EVT:E1|EVT:E32|EVT:E5
1.0,COMP:compute_server_external_events|EVT:E32|EVT:E5
1.0,COMP:openstack_wsgi|EVT:E32|EVT:E5
1.0,COMP:libvirt_imagecache|EVT:E32|EVT:E5
1.0,COMP:libvirt_driver|EVT:E32|EVT:E5
1.0,COMP:compute_manager|EVT:E32|EVT:E5
1.0,COMP:compute_resource_tracker|EVT:E32|EVT:E5
1.0,COMP:compute_claims|EVT:E32|EVT:E5
0.6,EVT:E29|EVT:E32|EVT:E5
1.0,EVT:E30|EVT:E31|EVT:E5
1.0,EVT:E3|EVT:E31|EVT:E5
1.0,EVT:E28|EVT:E31|EVT:E5
1.0,EVT:E27|EVT:E31|EVT:E5
1.0,EVT:E25|EVT:E31|EVT:E5
1.0,EVT:E26|EVT:E31|EVT:E5
1.0,EVT:E24|EVT:E31|EVT:E5
1.0,EVT:E23|EVT:E31|EVT:E5
1.0,EVT:E2|EVT:E31|EVT:E5
1.0,EVT:E22|EVT:E31|EVT:E5
1.0,EVT:E21|EVT:E31|EVT:E5
1.0,EVT:E20|EVT:E31|EVT:E5
1.0,EVT:E18|EVT:E31|EVT:E5
1.0,EVT:E19|EVT:E31|EVT:E5
1.0,EVT:E17|EVT:E31|EVT:E5
1.0,EVT:E16|EVT:E31|EVT:E5
1.0,COMP:wsgi_server|EVT:E31|EVT:E5
1.0,EVT:E15|EVT:E31|EVT:E5
1.0,EVT:E14|EVT:E31|EVT:E5
1.0,EVT:E13|EVT:E31|EVT:E5
1.0,EVT:E12|EVT:E31|EVT:E5
1.0,EVT:E11|EVT:E31|EVT:E5
1.0,EVT:E10|EVT:E31|EVT:E5
1.0,EVT:E1|EVT:E31|EVT:E5
1.0,COMP:compute_server_external_events|EVT:E31|EVT:E5
1.0,COMP:openstack_wsgi|EVT:E31|EVT:E5
1.0,COMP:libvirt_imagecache|EVT:E31|EVT:E5
1.0,COMP:libvirt_driver|EVT:E31|EVT:E5
1.0,COMP:compute_manager|EVT:E31|EVT:E5
1.0,COMP:compute_resource_tracker|EVT:E31|EVT:E5
1.0,COMP:compute_claims|EVT:E31|EVT:E5
0.6,EVT:E29|EVT:E31|EVT:E5
1.0,EVT:E3|EVT:E30|EVT:E5
1.0,EVT:E28|EVT:E30|EVT:E5
1.0,EVT:E27|EVT:E30|EVT:E5
1.0,EVT:E25|EVT:E30|EVT:E5
1.0,EVT:E26|EVT:E30|EVT:E5
1.0,EVT:E24|EVT:E30|EVT:E5
1.0,EVT:E23|EVT:E30|EVT:E5
1.0,EVT:E2|EVT:E30|EVT:E5
1.0,EVT:E22|EVT:E30|EVT:E5
1.0,EVT:E21|EVT:E30|EVT:E5
1.0,EVT:E20|EVT:E30|EVT:E5
1.0,EVT:E18|EVT:E30|EVT:E5
1.0,EVT:E19|EVT:E30|EVT:E5
1.0,EVT:E17|EVT:E30|EVT:E5
1.0,EVT:E16|EVT:E30|EVT:E5
1.0,COMP:wsgi_server|EVT:E30|EVT:E5
1.0,EVT:E15|EVT:E30|EVT:E5
1.0,EVT:E14|EVT:E30|EVT:E5
1.0,EVT:E13|EVT:E30|EVT:E5
1.0,EVT:E12|EVT:E30|EVT:E5
1.0,EVT:E11|EVT:E30|EVT:E5
1.0,EVT:E10|EVT:E30|EVT:E5
1.0,EVT:E1|EVT:E30|EVT:E5
1.0,COMP:compute_server_external_events|EVT:E30|EVT:E5
1.0,COMP:openstack_wsgi|EVT:E30|EVT:E5
1.0,COMP:libvirt_imagecache|EVT:E30|EVT:E5
1.0,COMP:libvirt_driver|EVT:E30|EVT:E5
1.0,COMP:compute_manager|EVT:E30|EVT:E5
1.0,COMP:compute_resource_tracker|EVT:E30|EVT:E5
1.0,COMP:compute_claims|EVT:E30|EVT:E5
0.6,EVT:E29|EVT:E30|EVT:E5
1.0,EVT:E28|EVT:E3|EVT:E5
1.0,EVT:E27|EVT:E3|EVT:E5
1.0,EVT:E25|EVT:E3|EVT:E5
1.0,EVT:E26|EVT:E3|EVT:E5
1.0,EVT:E24|EVT:E3|EVT:E5
1.0,EVT:E23|EVT:E3|EVT:E5
1.0,EVT:E2|EVT:E3|EVT:E5
1.0,EVT:E22|EVT:E3|EVT:E5
1.0,EVT:E21|EVT:E3|EVT:E5
1.0,EVT:E20|EVT:E3|EVT:E5
1.0,EVT:E18|EVT:E3|EVT:E5
1.0,EVT:E19|EVT:E3|EVT:E5
1.0,EVT:E17|EVT:E3|EVT:E5
1.0,EVT:E16|EVT:E3|EVT:E5
1.0,COMP:wsgi_server|EVT:E3|EVT:E5
1.0,EVT:E15|EVT:E3|EVT:E5
1.0,EVT:E14|EVT:E3|EVT:E5
1.0,EVT:E13|EVT:E3|EVT:E5
1.0,EVT:E12|EVT:E3|EVT:E5
1.0,EVT:E11|EVT:E3|EVT:E5
1.0,EVT:E10|EVT:E3|EVT:E5
1.0,EVT:E1|EVT:E3|EVT:E5
1.0,COMP:compute_server_external_events|EVT:E3|EVT:E5
1.0,COMP:openstack_wsgi|EVT:E3|EVT:E5
1.0,COMP:libvirt_imagecache|EVT:E3|EVT:E5
1.0,COMP:libvirt_driver|EVT:E3|EVT:E5
1.0,COMP:compute_manager|EVT:E3|EVT:E5
1.0,COMP:compute_resource_tracker|EVT:E3|EVT:E5
1.0,COMP:compute_claims|EVT:E3|EVT:E5
0.6,EVT:E29|EVT:E3|EVT:E5
1.0,EVT:E27|EVT:E28|EVT:E5
1.0,EVT:E25|EVT:E28|EVT:E5
1.0,EVT:E26|EVT:E28|EVT:E5
1.0,EVT:E24|EVT:E28|EVT:E5
1.0,EVT:E23|EVT:E28|EVT:E5
1.0,EVT:E2|EVT:E28|EVT:E5
1.0,EVT:E22|EVT:E28|EVT:E5
1.0,EVT:E21|EVT:E28|EVT:E5
1.0,EVT:E20|EVT:E28|EVT:E5
1.0,EVT:E18|EVT:E28|EVT:E5
1.0,EVT:E19|EVT:E28|EVT:E5
1.0,EVT:E17|EVT:E28|EVT:E5
1.0,EVT:E16|EVT:E28|EVT:E5
1.0,COMP:wsgi_server|EVT:E28|EVT:E5
1.0,EVT:E15|EVT:E28|EVT:E5
1.0,EVT:E14|EVT:E28|EVT:E5
1.0,EVT:E13|EVT:E28|EVT:E5
1.0,EVT:E12|EVT:E28|EVT:E5
1.0,EVT:E11|EVT:E28|EVT:E5
1.0,EVT:E10|EVT:E28|EVT:E5
1.0,EVT:E1|EVT:E28|EVT:E5
1.0,COMP:compute_server_external_events|EVT:E28|EVT:E5
1.0,COMP:openstack_wsgi|EVT:E28|EVT:E5
1.0,COMP:libvirt_imagecache|EVT:E28|EVT:E5
1.0,COMP:libvirt_driver|EVT:E28|EVT:E5
1.0,COMP:compute_manager|EVT:E28|EVT:E5
1.0,COMP:compute_resource_tracker|EVT:E28|EVT:E5
1.0,COMP:compute_claims|EVT:E28|EVT:E5
0.6,EVT:E28|EVT:E29|EVT:E5
1.0,EVT:E25|EVT:E27|EVT:E5
1.0,EVT:E26|EVT:E27|EVT:E5
1.0,EVT:E24|EVT:E27|EVT:E5
1.0,EVT:E23|EVT:E27|EVT:E5
1.0,EVT:E2|EVT:E27|EVT:E5
1.0,EVT:E22|EVT:E27|EVT:E5
1.0,EVT:E21|EVT:E27|EVT:E5
1.0,EVT:E20|EVT:E27|EVT:E5
1.0,EVT:E18|EVT:E27|EVT:E5
1.0,EVT:E19|EVT:E27|EVT:E5
1.0,EVT:E17|EVT:E27|EVT:E5
1.0,EVT:E16|EVT:E27|EVT:E5
1.0,COMP:wsgi_server|EVT:E27|EVT:E5
1.0,EVT:E15|EVT:E27|EVT:E5
1.0,EVT:E14|EVT:E27|EVT:E5
1.0,EVT:E13|EVT:E27|EVT:E5
1.0,EVT:E12|EVT:E27|EVT:E5
1.0,EVT:E11|EVT:E27|EVT:E5
1.0,EVT:E10|EVT:E27|EVT:E5
1.0,EVT:E1|EVT:E27|EVT:E5
1.0,COMP:compute_server_external_events|EVT:E27|EVT:E5
1.0,COMP:openstack_wsgi|EVT:E27|EVT:E5
1.0,COMP:libvirt_imagecache|EVT:E27|EVT:E5
1.0,COMP:libvirt_driver|EVT:E27|EVT:E5
1.0,COMP:compute_manager|EVT:E27|EVT:E5
1.0,COMP:compute_resource_tracker|EVT:E27|EVT:E5
1.0,COMP:compute_claims|EVT:E27|EVT:E5
0.6,EVT:E27|EVT:E29|EVT:E5
1.0,EVT:E25|EVT:E26|EVT:E5
1.0,EVT:E24|EVT:E25|EVT:E5
1.0,EVT:E23|EVT:E25|EVT:E5
1.0,EVT:E2|EVT:E25|EVT:E5
1.0,EVT:E22|EVT:E25|EVT:E5
1.0,EVT:E21|EVT:E25|EVT:E5
1.0,EVT:E20|EVT:E25|EVT:E5
1.0,EVT:E18|EVT:E25|EVT:E5
1.0,EVT:E19|EVT:E25|EVT:E5
1.0,EVT:E17|EVT:E25|EVT:E5
1.0,EVT:E16|EVT:E25|EVT:E5
1.0,COMP:wsgi_server|EVT:E25|EVT:E5
1.0,EVT:E15|EVT:E25|EVT:E5
1.0,EVT:E14|EVT:E25|EVT:E5
1.0,EVT:E13|EVT:E25|EVT:E5
1.0,EVT:E12|EVT:E25|EVT:E5
1.0,EVT:E11|EVT:E25|EVT:E5
1.0,EVT:E10|EVT:E25|EVT:E5
1.0,EVT:E1|EVT:E25|EVT:E5
1.0,COMP:compute_server_external_events|EVT:E25|EVT:E5
1.0,COMP:openstack_wsgi|EVT:E25|EVT:E5
1.0,COMP:libvirt_imagecache|EVT:E25|EVT:E5
1.0,COMP:libvirt_driver|EVT:E25|EVT:E5
1.0,COMP:compute_manager|EVT:E25|EVT:E5
1.0,COMP:compute_resource_tracker|EVT:E25|EVT:E5
1.0,COMP:compute_claims|EVT:E25|EVT:E5
0.6,EVT:E25|EVT:E29|EVT:E5
1.0,EVT:E24|EVT:E26|EVT:E5
1.0,EVT:E23|EVT:E26|EVT:E5
1.0,EVT:E2|EVT:E26|EVT:E5
1.0,EVT:E22|EVT:E26|EVT:E5
1.0,EVT:E21|EVT:E26|EVT:E5
1.0,EVT:E20|EVT:E26|EVT:E5
1.0,EVT:E18|EVT:E26|EVT:E5
1.0,EVT:E19|EVT:E26|EVT:E5
1.0,EVT:E17|EVT:E26|EVT:E5
1.0,EVT:E16|EVT:E26|EVT:E5
1.0,COMP:wsgi_server|EVT:E26|EVT:E5
1.0,EVT:E15|EVT:E26|EVT:E5
1.0,EVT:E14|EVT:E26|EVT:E5
1.0,EVT:E13|EVT:E26|EVT:E5
1.0,EVT:E12|EVT:E26|EVT:E5
1.0,EVT:E11|EVT:E26|EVT:E5
1.0,EVT:E10|EVT:E26|EVT:E5
1.0,EVT:E1|EVT:E26|EVT:E5
1.0,COMP:compute_server_external_events|EVT:E26|EVT:E5
1.0,COMP:openstack_wsgi|EVT:E26|EVT:E5
1.0,COMP:libvirt_imagecache|EVT:E26|EVT:E5
1.0,COMP:libvirt_driver|EVT:E26|EVT:E5
1.0,COMP:compute_manager|EVT:E26|EVT:E5
1.0,COMP:compute_resource_tracker|EVT:E26|EVT:E5
1.0,COMP:compute_claims|EVT:E26|EVT:E5
0.6,EVT:E26|EVT:E29|EVT:E5
1.0,EVT:E23|EVT:E24|EVT:E5
1.0,EVT:E2|EVT:E24|EVT:E5
1.0,EVT:E22|EVT:E24|EVT:E5
1.0,EVT:E21|EVT:E24|EVT:E5
1.0,EVT:E20|EVT:E24|EVT:E5
1.0,EVT:E18|EVT:E24|EVT:E5
1.0,EVT:E19|EVT:E24|EVT:E5
1.0,EVT:E17|EVT:E24|EVT:E5
1.0,EVT:E16|EVT:E24|EVT:E5
1.0,COMP:wsgi_server|EVT:E24|EVT:E5
1.0,EVT:E15|EVT:E24|EVT:E5
1.0,EVT:E14|EVT:E24|EVT:E5
1.0,EVT:E13|EVT:E24|EVT:E5
1.0,EVT:E12|EVT:E24|EVT:E5
1.0,EVT:E11|EVT:E24|EVT:E5
1.0,EVT:E10|EVT:E24|EVT:E5
1.0,EVT:E1|EVT:E24|EVT:E5
1.0,COMP:compute_server_external_events|EVT:E24|EVT:E5
1.0,COMP:openstack_wsgi|EVT:E24|EVT:E5
1.0,COMP:libvirt_imagecache|EVT:E24|EVT:E5
1.0,COMP:libvirt_driver|EVT:E24|EVT:E5
1.0,COMP:compute_manager|EVT:E24|EVT:E5
1.0,COMP:compute_resource_tracker|EVT:E24|EVT:E5
1.0,COMP:compute_claims|EVT:E24|EVT:E5
0.6,EVT:E24|EVT:E29|EVT:E5
1.0,EVT:E2|EVT:E23|EVT:E5
1.0,EVT:E22|EVT:E23|EVT:E5
1.0,EVT:E21|EVT:E23|EVT:E5
1.0,EVT:E20|EVT:E23|EVT:E5
1.0,EVT:E18|EVT:E23|EVT:E5
1.0,EVT:E19|EVT:E23|EVT:E5
1.0,EVT:E17|EVT:E23|EVT:E5
1.0,EVT:E16|EVT:E23|EVT:E5
1.0,COMP:wsgi_server|EVT:E23|EVT:E5
1.0,EVT:E15|EVT:E23|EVT:E5
1.0,EVT:E14|EVT:E23|EVT:E5
1.0,EVT:E13|EVT:E23|EVT:E5
1.0,EVT:E12|EVT:E23|EVT:E5
1.0,EVT:E11|EVT:E23|EVT:E5
1.0,EVT:E10|EVT:E23|EVT:E5
1.0,EVT:E1|EVT:E23|EVT:E5
1.0,COMP:compute_server_external_events|EVT:E23|EVT:E5
1.0,COMP:openstack_wsgi|EVT:E23|EVT:E5
1.0,COMP:libvirt_imagecache|EVT:E23|EVT:E5
1.0,COMP:libvirt_driver|EVT:E23|EVT:E5
1.0,COMP:compute_manager|EVT:E23|EVT:E5
1.0,COMP:compute_resource_tracker|EVT:E23|EVT:E5
1.0,COMP:compute_claims|EVT:E23|EVT:E5
0.6,EVT:E23|EVT:E29|EVT:E5
1.0,EVT:E2|EVT:E22|EVT:E5
1.0,EVT:E2|EVT:E21|EVT:E5
1.0,EVT:E2|EVT:E20|EVT:E5
1.0,EVT:E18|EVT:E2|EVT:E5
1.0,EVT:E19|EVT:E2|EVT:E5
1.0,EVT:E17|EVT:E2|EVT:E5
1.0,EVT:E16|EVT:E2|EVT:E5
1.0,COMP:wsgi_server|EVT:E2|EVT:E5
1.0,EVT:E15|EVT:E2|EVT:E5
1.0,EVT:E14|EVT:E2|EVT:E5
1.0,EVT:E13|EVT:E2|EVT:E5
1.0,EVT:E12|EVT:E2|EVT:E5
1.0,EVT:E11|EVT:E2|EVT:E5
1.0,EVT:E10|EVT:E2|EVT:E5
1.0,EVT:E1|EVT:E2|EVT:E5
1.0,COMP:compute_server_external_events|EVT:E2|EVT:E5
1.0,COMP:openstack_wsgi|EVT:E2|EVT:E5
1.0,COMP:libvirt_imagecache|EVT:E2|EVT:E5
1.0,COMP:libvirt_driver|EVT:E2|EVT:E5
1.0,COMP:compute_manager|EVT:E2|EVT:E5
1.0,COMP:compute_resource_tracker|EVT:E2|EVT:E5
1.0,COMP:compute_claims|EVT:E2|EVT:E5
0.6,EVT:E2|EVT:E29|EVT:E5
1.0,EVT:E21|EVT:E22|EVT:E5
1.0,EVT:E20|EVT:E22|EVT:E5
1.0,EVT:E18|EVT:E22|EVT:E5
1.0,EVT:E19|EVT:E22|EVT:E5
1.0,EVT:E17|EVT:E22|EVT:E5
1.0,EVT:E16|EVT:E22|EVT:E5
1.0,COMP:wsgi_server|EVT:E22|EVT:E5
1.0,EVT:E15|EVT:E22|EVT:E5
1.0,EVT:E14|EVT:E22|EVT:E5
1.0,EVT:E13|EVT:E22|EVT:E5
1.0,EVT:E12|EVT:E22|EVT:E5
1.0,EVT:E11|EVT:E22|EVT:E5
1.0,EVT:E10|EVT:E22|EVT:E5
1.0,EVT:E1|EVT:E22|EVT:E5
1.0,COMP:compute_server_external_events|EVT:E22|EVT:E5
1.0,COMP:openstack_wsgi|EVT:E22|EVT:E5
1.0,COMP:libvirt_imagecache|EVT:E22|EVT:E5
1.0,COMP:libvirt_driver|EVT:E22|EVT:E5
1.0,COMP:compute_manager|EVT:E22|EVT:E5
1.0,COMP:compute_resource_tracker|EVT:E22|EVT:E5
1.0,COMP:compute_claims|EVT:E22|EVT:E5
0.6,EVT:E22|EVT:E29|EVT:E5
1.0,EVT:E20|EVT:E21|EVT:E5
1.0,EVT:E18|EVT:E21|EVT:E5
1.0,EVT:E19|EVT:E21|EVT:E5
1.0,EVT:E17|EVT:E21|EVT:E5
1.0,EVT:E16|EVT:E21|EVT:E5
1.0,COMP:wsgi_server|EVT:E21|EVT:E5
1.0,EVT:E15|EVT:E21|EVT:E5
1.0,EVT:E14|EVT:E21|EVT:E5
1.0,EVT:E13|EVT:E21|EVT:E5
1.0,EVT:E12|EVT:E21|EVT:E5
1.0,EVT:E11|EVT:E21|EVT:E5
1.0,EVT:E10|EVT:E21|EVT:E5
1.0,EVT:E1|EVT:E21|EVT:E5
1.0,COMP:compute_server_external_events|EVT:E21|EVT:E5
1.0,COMP:openstack_wsgi|EVT:E21|EVT:E5
1.0,COMP:libvirt_imagecache|EVT:E21|EVT:E5
1.0,COMP:libvirt_driver|EVT:E21|EVT:E5
1.0,COMP:compute_manager|EVT:E21|EVT:E5
1.0,COMP:compute_resource_tracker|EVT:E21|EVT:E5
1.0,COMP:compute_claims|EVT:E21|EVT:E5
0.6,EVT:E21|EVT:E29|EVT:E5
1.0,EVT:E18|EVT:E20|EVT:E5
1.0,EVT:E19|EVT:E20|EVT:E5
1.0,EVT:E17|EVT:E20|EVT:E5
1.0,EVT:E16|EVT:E20|EVT:E5
1.0,COMP:wsgi_server|EVT:E20|EVT:E5
1.0,EVT:E15|EVT:E20|EVT:E5
1.0,EVT:E14|EVT:E20|EVT:E5
1.0,EVT:E13|EVT:E20|EVT:E5
1.0,EVT:E12|EVT:E20|EVT:E5
1.0,EVT:E11|EVT:E20|EVT:E5
1.0,EVT:E10|EVT:E20|EVT:E5
1.0,EVT:E1|EVT:E20|EVT:E5
1.0,COMP:compute_server_external_events|EVT:E20|EVT:E5
1.0,COMP:openstack_wsgi|EVT:E20|EVT:E5
1.0,COMP:libvirt_imagecache|EVT:E20|EVT:E5
1.0,COMP:libvirt_driver|EVT:E20|EVT:E5
1.0,COMP:compute_manager|EVT:E20|EVT:E5
1.0,COMP:compute_resource_tracker|EVT:E20|EVT:E5
1.0,COMP:compute_claims|EVT:E20|EVT:E5
0.6,EVT:E20|EVT:E29|EVT:E5
1.0,EVT:E18|EVT:E19|EVT:E5
1.0,EVT:E17|EVT:E18|EVT:E5
1.0,EVT:E16|EVT:E18|EVT:E5
1.0,COMP:wsgi_server|EVT:E18|EVT:E5
1.0,EVT:E15|EVT:E18|EVT:E5
1.0,EVT:E14|EVT:E18|EVT:E5
1.0,EVT:E13|EVT:E18|EVT:E5
1.0,EVT:E12|EVT:E18|EVT:E5
1.0,EVT:E11|EVT:E18|EVT:E5
1.0,EVT:E10|EVT:E18|EVT:E5
1.0,EVT:E1|EVT:E18|EVT:E5
1.0,COMP:compute_server_external_events|EVT:E18|EVT:E5
1.0,COMP:openstack_wsgi|EVT:E18|EVT:E5
1.0,COMP:libvirt_imagecache|EVT:E18|EVT:E5
1.0,COMP:libvirt_driver|EVT:E18|EVT:E5
1.0,COMP:compute_manager|EVT:E18|EVT:E5
1.0,COMP:compute_resource_tracker|EVT:E18|EVT:E5
1.0,COMP:compute_claims|EVT:E18|EVT:E5
0.6,EVT:E18|EVT:E29|EVT:E5
1.0,EVT:E17|EVT:E19|EVT:E5
1.0,EVT:E16|EVT:E19|EVT:E5
1.0,COMP:wsgi_server|EVT:E19|EVT:E5
1.0,EVT:E15|EVT:E19|EVT:E5
1.0,EVT:E14|EVT:E19|EVT:E5
1.0,EVT:E13|EVT:E19|EVT:E5
1.0,EVT:E12|EVT:E19|EVT:E5
1.0,EVT:E11|EVT:E19|EVT:E5
1.0,EVT:E10|EVT:E19|EVT:E5
1.0,EVT:E1|EVT:E19|EVT:E5
1.0,COMP:compute_server_external_events|EVT:E19|EVT:E5
1.0,COMP:openstack_wsgi|EVT:E19|EVT:E5
1.0,COMP:libvirt_imagecache|EVT:E19|EVT:E5
1.0,COMP:libvirt_driver|EVT:E19|EVT:E5
1.0,COMP:compute_manager|EVT:E19|EVT:E5
1.0,COMP:compute_resource_tracker|EVT:E19|EVT:E5
1.0,COMP:compute_claims|EVT:E19|EVT:E5
0.6,EVT:E19|EVT:E29|EVT:E5
1.0,EVT:E16|EVT:E17|EVT:E5
1.0,COMP:wsgi_server|EVT:E17|EVT:E5
1.0,EVT:E15|EVT:E17|EVT:E5
1.0,EVT:E14|EVT:E17|EVT:E5
1.0,EVT:E13|EVT:E17|EVT:E5
1.0,EVT:E12|EVT:E17|EVT:E5
1.0,EVT:E11|EVT:E17|EVT:E5
1.0,EVT:E10|EVT:E17|EVT:E5
1.0,EVT:E1|EVT:E17|EVT:E5
1.0,COMP:compute_server_external_events|EVT:E17|EVT:E5
1.0,COMP:openstack_wsgi|EVT:E17|EVT:E5
1.0,COMP:libvirt_imagecache|EVT:E17|EVT:E5
1.0,COMP:libvirt_driver|EVT:E17|EVT:E5
1.0,COMP:compute_manager|EVT:E17|EVT:E5
1.0,COMP:compute_resource_tracker|EVT:E17|EVT:E5
1.0,COMP:compute_claims|EVT:E17|EVT:E5
0.6,EVT:E17|EVT:E29|EVT:E5
1.0,COMP:wsgi_server|EVT:E16|EVT:E5
1.0,EVT:E15|EVT:E16|EVT:E5
1.0,EVT:E14|EVT:E16|EVT:E5
1.0,EVT:E13|EVT:E16|EVT:E5
1.0,EVT:E12|EVT:E16|EVT:E5
1.0,EVT:E11|EVT:E16|EVT:E5
1.0,EVT:E10|EVT:E16|EVT:E5
1.0,EVT:E1|EVT:E16|EVT:E5
1.0,COMP:compute_server_external_events|EVT:E16|EVT:E5
1.0,COMP:openstack_wsgi|EVT:E16|EVT:E5
1.0,COMP:libvirt_imagecache|EVT:E16|EVT:E5
1.0,COMP:libvirt_driver|EVT:E16|EVT:E5
1.0,COMP:compute_manager|EVT:E16|EVT:E5
1.0,COMP:compute_resource_tracker|EVT:E16|EVT:E5
1.0,COMP:compute_claims|EVT:E16|EVT:E5
0.6,EVT:E16|EVT:E29|EVT:E5
1.0,COMP:wsgi_server|EVT:E15|EVT:E5
1.0,COMP:wsgi_server|EVT:E14|EVT:E5
1.0,COMP:wsgi_server|EVT:E13|EVT:E5
1.0,COMP:wsgi_server|EVT:E12|EVT:E5
1.0,COMP:wsgi_server|EVT:E11|EVT:E5
1.0,COMP:wsgi_server|EVT:E10|EVT:E5
1.0,COMP:wsgi_server|EVT:E1|EVT:E5
1.0,COMP:compute_server_external_events|COMP:wsgi_server|EVT:E5
1.0,COMP:openstack_wsgi|COMP:wsgi_server|EVT:E5
1.0,COMP:libvirt_imagecache|COMP:wsgi_server|EVT:E5
1.0,COMP:libvirt_driver|COMP:wsgi_server|EVT:E5
1.0,COMP:compute_manager|COMP:wsgi_server|EVT:E5
1.0,COMP:compute_resource_tracker|COMP:wsgi_server|EVT:E5
1.0,COMP:compute_claims|COMP:wsgi_server|EVT:E5
0.6,COMP:wsgi_server|EVT:E29|EVT:E5
1.0,EVT:E14|EVT:E15|EVT:E5
1.0,EVT:E13|EVT:E15|EVT:E5
1.0,EVT:E12|EVT:E15|EVT:E5
1.0,EVT:E11|EVT:E15|EVT:E5
1.0,EVT:E10|EVT:E15|EVT:E5
1.0,EVT:E1|EVT:E15|EVT:E5
1.0,COMP:compute_server_external_events|EVT:E15|EVT:E5
1.0,COMP:openstack_wsgi|EVT:E15|EVT:E5
1.0,COMP:libvirt_imagecache|EVT:E15|EVT:E5
1.0,COMP:libvirt_driver|EVT:E15|EVT:E5
1.0,COMP:compute_manager|EVT:E15|EVT:E5
1.0,COMP:compute_resource_tracker|EVT:E15|EVT:E5
1.0,COMP:compute_claims|EVT:E15|EVT:E5
0.6,EVT:E15|EVT:E29|EVT:E5
1.0,EVT:E13|EVT:E14|EVT:E5
1.0,EVT:E12|EVT:E14|EVT:E5
1.0,EVT:E11|EVT:E14|EVT:E5
1.0,EVT:E10|EVT:E14|EVT:E5
1.0,EVT:E1|EVT:E14|EVT:E5
1.0,COMP:compute_server_external_events|EVT:E14|EVT:E5
1.0,COMP:openstack_wsgi|EVT:E14|EVT:E5
1.0,COMP:libvirt_imagecache|EVT:E14|EVT:E5
1.0,COMP:libvirt_driver|EVT:E14|EVT:E5
1.0,COMP:compute_manager|EVT:E14|EVT:E5
1.0,COMP:compute_resource_tracker|EVT:E14|EVT:E5
1.0,COMP:compute_claims|EVT:E14|EVT:E5
0.6,EVT:E14|EVT:E29|EVT:E5
1.0,EVT:E12|EVT:E13|EVT:E5
1.0,EVT:E11|EVT:E13|EVT:E5
1.0,EVT:E10|EVT:E13|EVT:E5
1.0,EVT:E1|EVT:E13|EVT:E5
1.0,COMP:compute_server_external_events|EVT:E13|EVT:E5
1.0,COMP:openstack_wsgi|EVT:E13|EVT:E5
1.0,COMP:libvirt_imagecache|EVT:E13|EVT:E5
1.0,COMP:libvirt_driver|EVT:E13|EVT:E5
1.0,COMP:compute_manager|EVT:E13|EVT:E5
1.0,COMP:compute_resource_tracker|EVT:E13|EVT:E5
1.0,COMP:compute_claims|EVT:E13|EVT:E5
0.6,EVT:E13|EVT:E29|EVT:E5
1.0,EVT:E11|EVT:E12|EVT:E5
1.0,EVT:E10|EVT:E12|EVT:E5
1.0,EVT:E1|EVT:E12|EVT:E5
1.0,COMP:compute_server_external_events|EVT:E12|EVT:E5
1.0,COMP:openstack_wsgi|EVT:E12|EVT:E5
1.0,COMP:libvirt_imagecache|EVT:E12|EVT:E5
1.0,COMP:libvirt_driver|EVT:E12|EVT:E5
1.0,COMP:compute_manager|EVT:E12|EVT:E5
1.0,COMP:compute_resource_tracker|EVT:E12|EVT:E5
1.0,COMP:compute_claims|EVT:E12|EVT:E5
0.6,EVT:E12|EVT:E29|EVT:E5
1.0,EVT:E10|EVT:E11|EVT:E5
1.0,EVT:E1|EVT:E11|EVT:E5
1.0,COMP:compute_server_external_events|EVT:E11|EVT:E5
1.0,COMP:openstack_wsgi|EVT:E11|EVT:E5
1.0,COMP:libvirt_imagecache|EVT:E11|EVT:E5
1.0,COMP:libvirt_driver|EVT:E11|EVT:E5
1.0,COMP:compute_manager|EVT:E11|EVT:E5
1.0,COMP:compute_resource_tracker|EVT:E11|EVT:E5
1.0,COMP:compute_claims|EVT:E11|EVT:E5
0.6,EVT:E11|EVT:E29|EVT:E5
1.0,EVT:E1|EVT:E10|EVT:E5
1.0,COMP:compute_server_external_events|EVT:E10|EVT:E5
1.0,COMP:openstack_wsgi|EVT:E10|EVT:E5
1.0,COMP:libvirt_imagecache|EVT:E10|EVT:E5
1.0,COMP:libvirt_driver|EVT:E10|EVT:E5
1.0,COMP:compute_manager|EVT:E10|EVT:E5
1.0,COMP:compute_resource_tracker|EVT:E10|EVT:E5
1.0,COMP:compute_claims|EVT:E10|EVT:E5
0.6,EVT:E10|EVT:E29|EVT:E5
1.0,COMP:compute_server_external_events|EVT:E1|EVT:E5
1.0,COMP:openstack_wsgi|EVT:E1|EVT:E5
1.0,COMP:libvirt_imagecache|EVT:E1|EVT:E5
1.0,COMP:libvirt_driver|EVT:E1|EVT:E5
1.0,COMP:compute_manager|EVT:E1|EVT:E5
1.0,COMP:compute_resource_tracker|EVT:E1|EVT:E5
1.0,COMP:compute_claims|EVT:E1|EVT:E5
0.6,EVT:E1|EVT:E29|EVT:E5
1.0,COMP:compute_server_external_events|COMP:openstack_wsgi|EVT:E5
1.0,COMP:compute_server_external_events|COMP:libvirt_imagecache|EVT:E5
1.0,COMP:compute_server_external_events|COMP:libvirt_driver|EVT:E5
1.0,COMP:compute_manager|COMP:compute_server_external_events|EVT:E5
1.0,COMP:compute_resource_tracker|COMP:compute_server_external_events|EVT:E5
1.0,COMP:compute_claims|COMP:compute_server_external_events|EVT:E5
0.6,COMP:compute_server_external_events|EVT:E29|EVT:E5
1.0,COMP:libvirt_imagecache|COMP:openstack_wsgi|EVT:E5
1.0,COMP:libvirt_driver|COMP:openstack_wsgi|EVT:E5
1.0,COMP:compute_manager|COMP:openstack_wsgi|EVT:E5
1.0,COMP:compute_resource_tracker|COMP:openstack_wsgi|EVT:E5
1.0,COMP:compute_claims|COMP:openstack_wsgi|EVT:E5
0.6,COMP:openstack_wsgi|EVT:E29|EVT:E5
1.0,COMP:libvirt_driver|COMP:libvirt_imagecache|EVT:E5
1.0,COMP:compute_manager|COMP:libvirt_imagecache|EVT:E5
1.0,COMP:compute_resource_tracker|COMP:libvirt_imagecache|EVT:E5
1.0,COMP:compute_claims|COMP:libvirt_imagecache|EVT:E5
0.6,COMP:libvirt_imagecache|EVT:E29|EVT:E5
1.0,COMP:compute_manager|COMP:libvirt_driver|EVT:E5
1.0,COMP:compute_resource_tracker|COMP:libvirt_driver|EVT:E5
1.0,COMP:compute_claims|COMP:libvirt_driver|EVT:E5
0.6,COMP:libvirt_driver|EVT:E29|EVT:E5
1.0,COMP:compute_manager|COMP:compute_resource_tracker|EVT:E5
1.0,COMP:compute_claims|COMP:compute_manager|EVT:E5
0.6,COMP:compute_manager|EVT:E29|EVT:E5
1.0,COMP:compute_claims|COMP:compute_resource_tracker|EVT:E5
0.6,COMP:compute_resource_tracker|EVT:E29|EVT:E5
0.6,COMP:compute_claims|EVT:E29|EVT:E5
1.0,EVT:E4|EVT:E41|EVT:E42
1.0,EVT:E37|EVT:E41|EVT:E42
1.0,EVT:E36|EVT:E41|EVT:E42
1.0,EVT:E35|EVT:E41|EVT:E42
1.0,EVT:E34|EVT:E41|EVT:E42
1.0,EVT:E33|EVT:E41|EVT:E42
1.0,EVT:E32|EVT:E41|EVT:E42
1.0,EVT:E31|EVT:E41|EVT:E42
1.0,EVT:E30|EVT:E41|EVT:E42
1.0,EVT:E3|EVT:E41|EVT:E42
1.0,EVT:E28|EVT:E41|EVT:E42
1.0,EVT:E27|EVT:E41|EVT:E42
1.0,EVT:E25|EVT:E41|EVT:E42
1.0,EVT:E26|EVT:E41|EVT:E42
1.0,EVT:E24|EVT:E41|EVT:E42
1.0,EVT:E23|EVT:E41|EVT:E42
1.0,EVT:E2|EVT:E41|EVT:E42
1.0,EVT:E22|EVT:E41|EVT:E42
1.0,EVT:E21|EVT:E41|EVT:E42
1.0,EVT:E20|EVT:E41|EVT:E42
1.0,EVT:E18|EVT:E41|EVT:E42
1.0,EVT:E19|EVT:E41|EVT:E42
1.0,EVT:E17|EVT:E41|EVT:E42
1.0,EVT:E16|EVT:E41|EVT:E42
1.0,COMP:wsgi_server|EVT:E41|EVT:E42
1.0,EVT:E15|EVT:E41|EVT:E42
1.0,EVT:E14|EVT:E41|EVT:E42
1.0,EVT:E13|EVT:E41|EVT:E42
1.0,EVT:E12|EVT:E41|EVT:E42
1.0,EVT:E11|EVT:E41|EVT:E42
1.0,EVT:E10|EVT:E41|EVT:E42
1.0,EVT:E1|EVT:E41|EVT:E42
1.0,COMP:compute_server_external_events|EVT:E41|EVT:E42
1.0,COMP:openstack_wsgi|EVT:E41|EVT:E42
1.0,COMP:libvirt_imagecache|EVT:E41|EVT:E42
1.0,COMP:libvirt_driver|EVT:E41|EVT:E42
1.0,COMP:compute_manager|EVT:E41|EVT:E42
1.0,COMP:compute_resource_tracker|EVT:E41|EVT:E42
1.0,COMP:compute_claims|EVT:E41|EVT:E42
0.6,EVT:E29|EVT:E41|EVT:E42
1.0,EVT:E37|EVT:E4|EVT:E42
1.0,EVT:E36|EVT:E4|EVT:E42
1.0,EVT:E35|EVT:E4|EVT:E42
1.0,EVT:E34|EVT:E4|EVT:E42
1.0,EVT:E33|EVT:E4|EVT:E42
1.0,EVT:E32|EVT:E4|EVT:E42
1.0,EVT:E31|EVT:E4|EVT:E42
1.0,EVT:E30|EVT:E4|EVT:E42
1.0,EVT:E3|EVT:E4|EVT:E42
1.0,EVT:E28|EVT:E4|EVT:E42
1.0,EVT:E27|EVT:E4|EVT:E42
1.0,EVT:E25|EVT:E4|EVT:E42
1.0,EVT:E26|EVT:E4|EVT:E42
1.0,EVT:E24|EVT:E4|EVT:E42
1.0,EVT:E23|EVT:E4|EVT:E42
1.0,EVT:E2|EVT:E4|EVT:E42
1.0,EVT:E22|EVT:E4|EVT:E42
1.0,EVT:E21|EVT:E4|EVT:E42
1.0,EVT:E20|EVT:E4|EVT:E42
1.0,EVT:E18|EVT:E4|EVT:E42
1.0,EVT:E19|EVT:E4|EVT:E42
1.0,EVT:E17|EVT:E4|EVT:E42
1.0,EVT:E16|EVT:E4|EVT:E42
1.0,COMP:wsgi_server|EVT:E4|EVT:E42
1.0,EVT:E15|EVT:E4|EVT:E42
1.0,EVT:E14|EVT:E4|EVT:E42
1.0,EVT:E13|EVT:E4|EVT:E42
1.0,EVT:E12|EVT:E4|EVT:E42
1.0,EVT:E11|EVT:E4|EVT:E42
1.0,EVT:E10|EVT:E4|EVT:E42
1.0,EVT:E1|EVT:E4|EVT:E42
1.0,COMP:compute_server_external_events|EVT:E4|EVT:E42
1.0,COMP:openstack_wsgi|EVT:E4|EVT:E42
1.0,COMP:libvirt_imagecache|EVT:E4|EVT:E42
1.0,COMP:libvirt_driver|EVT:E4|EVT:E42
1.0,COMP:compute_manager|EVT:E4|EVT:E42
1.0,COMP:compute_resource_tracker|EVT:E4|EVT:E42
1.0,COMP:compute_claims|EVT:E4|EVT:E42
0.6,EVT:E29|EVT:E4|EVT:E42
1.0,EVT:E36|EVT:E37|EVT:E42
1.0,EVT:E35|EVT:E37|EVT:E42
1.0,EVT:E34|EVT:E37|EVT:E42
1.0,EVT:E33|EVT:E37|EVT:E42
1.0,EVT:E32|EVT:E37|EVT:E42
1.0,EVT:E31|EVT:E37|EVT:E42
1.0,EVT:E30|EVT:E37|EVT:E42
1.0,EVT:E3|EVT:E37|EVT:E42
1.0,EVT:E28|EVT:E37|EVT:E42
1.0,EVT:E27|EVT:E37|EVT:E42
1.0,EVT:E25|EVT:E37|EVT:E42
1.0,EVT:E26|EVT:E37|EVT:E42
1.0,EVT:E24|EVT:E37|EVT:E42
1.0,EVT:E23|EVT:E37|EVT:E42
1.0,EVT:E2|EVT:E37|EVT:E42
1.0,EVT:E22|EVT:E37|EVT:E42
1.0,EVT:E21|EVT:E37|EVT:E42
1.0,EVT:E20|EVT:E37|EVT:E42
1.0,EVT:E18|EVT:E37|EVT:E42
1.0,EVT:E19|EVT:E37|EVT:E42
1.0,EVT:E17|EVT:E37|EVT:E42
1.0,EVT:E16|EVT:E37|EVT:E42
1.0,COMP:wsgi_server|EVT:E37|EVT:E42
1.0,EVT:E15|EVT:E37|EVT:E42
1.0,EVT:E14|EVT:E37|EVT:E42
1.0,EVT:E13|EVT:E37|EVT:E42
1.0,EVT:E12|EVT:E37|EVT:E42
1.0,EVT:E11|EVT:E37|EVT:E42
1.0,EVT:E10|EVT:E37|EVT:E42
1.0,EVT:E1|EVT:E37|EVT:E42
1.0,COMP:compute_server_external_events|EVT:E37|EVT:E42
1.0,COMP:openstack_wsgi|EVT:E37|EVT:E42
1.0,COMP:libvirt_imagecache|EVT:E37|EVT:E42
1.0,COMP:libvirt_driver|EVT:E37|EVT:E42
1.0,COMP:compute_manager|EVT:E37|EVT:E42
1.0,COMP:compute_resource_tracker|EVT:E37|EVT:E42
1.0,COMP:compute_claims|EVT:E37|EVT:E42
0.6,EVT:E29|EVT:E37|EVT:E42
1.0,EVT:E35|EVT:E36|EVT:E42
1.0,EVT:E34|EVT:E36|EVT:E42
1.0,EVT:E33|EVT:E36|EVT:E42
1.0,EVT:E32|EVT:E36|EVT:E42
1.0,EVT:E31|EVT:E36|EVT:E42
1.0,EVT:E30|EVT:E36|EVT:E42
1.0,EVT:E3|EVT:E36|EVT:E42
1.0,EVT:E28|EVT:E36|EVT:E42
1.0,EVT:E27|EVT:E36|EVT:E42
1.0,EVT:E25|EVT:E36|EVT:E42
1.0,EVT:E26|EVT:E36|EVT:E42
1.0,EVT:E24|EVT:E36|EVT:E42
1.0,EVT:E23|EVT:E36|EVT:E42
1.0,EVT:E2|EVT:E36|EVT:E42
1.0,EVT:E22|EVT:E36|EVT:E42
1.0,EVT:E21|EVT:E36|EVT:E42
1.0,EVT:E20|EVT:E36|EVT:E42
1.0,EVT:E18|EVT:E36|EVT:E42
1.0,EVT:E19|EVT:E36|EVT:E42
1.0,EVT:E17|EVT:E36|EVT:E42
1.0,EVT:E16|EVT:E36|EVT:E42
1.0,COMP:wsgi_server|EVT:E36|EVT:E42
1.0,EVT:E15|EVT:E36|EVT:E42
1.0,EVT:E14|EVT:E36|EVT:E42
1.0,EVT:E13|EVT:E36|EVT:E42
1.0,EVT:E12|EVT:E36|EVT:E42
1.0,EVT:E11|EVT:E36|EVT:E42
1.0,EVT:E10|EVT:E36|EVT:E42
1.0,EVT:E1|EVT:E36|EVT:E42
1.0,COMP:compute_server_external_events|EVT:E36|EVT:E42
1.0,COMP:openstack_wsgi|EVT:E36|EVT:E42
1.0,COMP:libvirt_imagecache|EVT:E36|EVT:E42
1.0,COMP:libvirt_driver|EVT:E36|EVT:E42
1.0,COMP:compute_manager|EVT:E36|EVT:E42
1.0,COMP:compute_resource_tracker|EVT:E36|EVT:E42
1.0,COMP:compute_claims|EVT:E36|EVT:E42
0.6,EVT:E29|EVT:E36|EVT:E42
1.0,EVT:E34|EVT:E35|EVT:E42
1.0,EVT:E33|EVT:E35|EVT:E42
1.0,EVT:E32|EVT:E35|EVT:E42
1.0,EVT:E31|EVT:E35|EVT:E42
1.0,EVT:E30|EVT:E35|EVT:E42
1.0,EVT:E3|EVT:E35|EVT:E42
1.0,EVT:E28|EVT:E35|EVT:E42
1.0,EVT:E27|EVT:E35|EVT:E42
1.0,EVT:E25|EVT:E35|EVT:E42
1.0,EVT:E26|EVT:E35|EVT:E42
1.0,EVT:E24|EVT:E35|EVT:E42
1.0,EVT:E23|EVT:E35|EVT:E42
1.0,EVT:E2|EVT:E35|EVT:E42
1.0,EVT:E22|EVT:E35|EVT:E42
1.0,EVT:E21|EVT:E35|EVT:E42
1.0,EVT:E20|EVT:E35|EVT:E42
1.0,EVT:E18|EVT:E35|EVT:E42
1.0,EVT:E19|EVT:E35|EVT:E42
1.0,EVT:E17|EVT:E35|EVT:E42
1.0,EVT:E16|EVT:E35|EVT:E42
1.0,COMP:wsgi_server|EVT:E35|EVT:E42
1.0,EVT:E15|EVT:E35|EVT:E42
1.0,EVT:E14|EVT:E35|EVT:E42
1.0,EVT:E13|EVT:E35|EVT:E42
1.0,EVT:E12|EVT:E35|EVT:E42
1.0,EVT:E11|EVT:E35|EVT:E42
1.0,EVT:E10|EVT:E35|EVT:E42
1.0,EVT:E1|EVT:E35|EVT:E42
1.0,COMP:compute_server_external_events|EVT:E35|EVT:E42
1.0,COMP:openstack_wsgi|EVT:E35|EVT:E42
1.0,COMP:libvirt_imagecache|EVT:E35|EVT:E42
1.0,COMP:libvirt_driver|EVT:E35|EVT:E42
1.0,COMP:compute_manager|EVT:E35|EVT:E42
1.0,COMP:compute_resource_tracker|EVT:E35|EVT:E42
1.0,COMP:compute_claims|EVT:E35|EVT:E42
0.6,EVT:E29|EVT:E35|EVT:E42
1.0,EVT:E33|EVT:E34|EVT:E42
1.0,EVT:E32|EVT:E34|EVT:E42
1.0,EVT:E31|EVT:E34|EVT:E42
1.0,EVT:E30|EVT:E34|EVT:E42
1.0,EVT:E3|EVT:E34|EVT:E42
1.0,EVT:E28|EVT:E34|EVT:E42
1.0,EVT:E27|EVT:E34|EVT:E42
1.0,EVT:E25|EVT:E34|EVT:E42
1.0,EVT:E26|EVT:E34|EVT:E42
1.0,EVT:E24|EVT:E34|EVT:E42
1.0,EVT:E23|EVT:E34|EVT:E42
1.0,EVT:E2|EVT:E34|EVT:E42
1.0,EVT:E22|EVT:E34|EVT:E42
1.0,EVT:E21|EVT:E34|EVT:E42
1.0,EVT:E20|EVT:E34|EVT:E42
1.0,EVT:E18|EVT:E34|EVT:E42
1.0,EVT:E19|EVT:E34|EVT:E42
1.0,EVT:E17|EVT:E34|EVT:E42
1.0,EVT:E16|EVT:E34|EVT:E42
1.0,COMP:wsgi_server|EVT:E34|EVT:E42
1.0,EVT:E15|EVT:E34|EVT:E42
1.0,EVT:E14|EVT:E34|EVT:E42
1.0,EVT:E13|EVT:E34|EVT:E42
1.0,EVT:E12|EVT:E34|EVT:E42
1.0,EVT:E11|EVT:E34|EVT:E42
1.0,EVT:E10|EVT:E34|EVT:E42
1.0,EVT:E1|EVT:E34|EVT:E42
1.0,COMP:compute_server_external_events|EVT:E34|EVT:E42
1.0,COMP:openstack_wsgi|EVT:E34|EVT:E42
1.0,COMP:libvirt_imagecache|EVT:E34|EVT:E42
1.0,COMP:libvirt_driver|EVT:E34|EVT:E42
1.0,COMP:compute_manager|EVT:E34|EVT:E42
1.0,COMP:compute_resource_tracker|EVT:E34|EVT:E42
1.0,COMP:compute_claims|EVT:E34|EVT:E42
0.6,EVT:E29|EVT:E34|EVT:E42
1.0,EVT:E32|EVT:E33|EVT:E42
1.0,EVT:E31|EVT:E33|EVT:E42
1.0,EVT:E30|EVT:E33|EVT:E42
1.0,EVT:E3|EVT:E33|EVT:E42
1.0,EVT:E28|EVT:E33|EVT:E42
1.0,EVT:E27|EVT:E33|EVT:E42
1.0,EVT:E25|EVT:E33|EVT:E42
1.0,EVT:E26|EVT:E33|EVT:E42
1.0,EVT:E24|EVT:E33|EVT:E42
1.0,EVT:E23|EVT:E33|EVT:E42
1.0,EVT:E2|EVT:E33|EVT:E42
1.0,EVT:E22|EVT:E33|EVT:E42
1.0,EVT:E21|EVT:E33|EVT:E42
1.0,EVT:E20|EVT:E33|EVT:E42
1.0,EVT:E18|EVT:E33|EVT:E42
1.0,EVT:E19|EVT:E33|EVT:E42
1.0,EVT:E17|EVT:E33|EVT:E42
1.0,EVT:E16|EVT:E33|EVT:E42
1.0,COMP:wsgi_server|EVT:E33|EVT:E42
1.0,EVT:E15|EVT:E33|EVT:E42
1.0,EVT:E14|EVT:E33|EVT:E42
1.0,EVT:E13|EVT:E33|EVT:E42
1.0,EVT:E12|EVT:E33|EVT:E42
1.0,EVT:E11|EVT:E33|EVT:E42
1.0,EVT:E10|EVT:E33|EVT:E42
1.0,EVT:E1|EVT:E33|EVT:E42
1.0,COMP:compute_server_external_events|EVT:E33|EVT:E42
1.0,COMP:openstack_wsgi|EVT:E33|EVT:E42
1.0,COMP:libvirt_imagecache|EVT:E33|EVT:E42
1.0,COMP:libvirt_driver|EVT:E33|EVT:E42
1.0,COMP:compute_manager|EVT:E33|EVT:E42
1.0,COMP:compute_resource_tracker|EVT:E33|EVT:E42
1.0,COMP:compute_claims|EVT:E33|EVT:E42
0.6,EVT:E29|EVT:E33|EVT:E42
1.0,EVT:E31|EVT:E32|EVT:E42
1.0,EVT:E30|EVT:E32|EVT:E42
1.0,EVT:E3|EVT:E32|EVT:E42
1.0,EVT:E28|EVT:E32|EVT:E42
1.0,EVT:E27|EVT:E32|EVT:E42
1.0,EVT:E25|EVT:E32|EVT:E42
1.0,EVT:E26|EVT:E32|EVT:E42
1.0,EVT:E24|EVT:E32|EVT:E42
1.0,EVT:E23|EVT:E32|EVT:E42
1.0,EVT:E2|EVT:E32|EVT:E42
1.0,EVT:E22|EVT:E32|EVT:E42
1.0,EVT:E21|EVT:E32|EVT:E42
1.0,EVT:E20|EVT:E32|EVT:E42
1.0,EVT:E18|EVT:E32|EVT:E42
1.0,EVT:E19|EVT:E32|EVT:E42
1.0,EVT:E17|EVT:E32|EVT:E42
1.0,EVT:E16|EVT:E32|EVT:E42
1.0,COMP:wsgi_server|EVT:E32|EVT:E42
1.0,EVT:E15|EVT:E32|EVT:E42
1.0,EVT:E14|EVT:E32|EVT:E42
1.0,EVT:E13|EVT:E32|EVT:E42
1.0,EVT:E12|EVT:E32|EVT:E42
1.0,EVT:E11|EVT:E32|EVT:E42
1.0,EVT:E10|EVT:E32|EVT:E42
1.0,EVT:E1|EVT:E32|EVT:E42
1.0,COMP:compute_server_external_events|EVT:E32|EVT:E42
1.0,COMP:openstack_wsgi|EVT:E32|EVT:E42
1.0,COMP:libvirt_imagecache|EVT:E32|EVT:E42
1.0,COMP:libvirt_driver|EVT:E32|EVT:E42
1.0,COMP:compute_manager|EVT:E32|EVT:E42
1.0,COMP:compute_resource_tracker|EVT:E32|EVT:E42
1.0,COMP:compute_claims|EVT:E32|EVT:E42
0.6,EVT:E29|EVT:E32|EVT:E42
1.0,EVT:E30|EVT:E31|EVT:E42
1.0,EVT:E3|EVT:E31|EVT:E42
1.0,EVT:E28|EVT:E31|EVT:E42
1.0,EVT:E27|EVT:E31|EVT:E42
1.0,EVT:E25|EVT:E31|EVT:E42
1.0,EVT:E26|EVT:E31|EVT:E42
1.0,EVT:E24|EVT:E31|EVT:E42
1.0,EVT:E23|EVT:E31|EVT:E42
1.0,EVT:E2|EVT:E31|EVT:E42
1.0,EVT:E22|EVT:E31|EVT:E42
1.0,EVT:E21|EVT:E31|EVT:E42
1.0,EVT:E20|EVT:E31|EVT:E42
1.0,EVT:E18|EVT:E31|EVT:E42
1.0,EVT:E19|EVT:E31|EVT:E42
1.0,EVT:E17|EVT:E31|EVT:E42
1.0,EVT:E16|EVT:E31|EVT:E42
1.0,COMP:wsgi_server|EVT:E31|EVT:E42
1.0,EVT:E15|EVT:E31|EVT:E42
1.0,EVT:E14|EVT:E31|EVT:E42
1.0,EVT:E13|EVT:E31|EVT:E42
1.0,EVT:E12|EVT:E31|EVT:E42
1.0,EVT:E11|EVT:E31|EVT:E42
1.0,EVT:E10|EVT:E31|EVT:E42
1.0,EVT:E1|EVT:E31|EVT:E42
1.0,COMP:compute_server_external_events|EVT:E31|EVT:E42
1.0,COMP:openstack_wsgi|EVT:E31|EVT:E42
1.0,COMP:libvirt_imagecache|EVT:E31|EVT:E42
1.0,COMP:libvirt_driver|EVT:E31|EVT:E42
1.0,COMP:compute_manager|EVT:E31|EVT:E42
1.0,COMP:compute_resource_tracker|EVT:E31|EVT:E42
1.0,COMP:compute_claims|EVT:E31|EVT:E42
0.6,EVT:E29|EVT:E31|EVT:E42
1.0,EVT:E3|EVT:E30|EVT:E42
1.0,EVT:E28|EVT:E30|EVT:E42
1.0,EVT:E27|EVT:E30|EVT:E42
1.0,EVT:E25|EVT:E30|EVT:E42
1.0,EVT:E26|EVT:E30|EVT:E42
1.0,EVT:E24|EVT:E30|EVT:E42
1.0,EVT:E23|EVT:E30|EVT:E42
1.0,EVT:E2|EVT:E30|EVT:E42
1.0,EVT:E22|EVT:E30|EVT:E42
1.0,EVT:E21|EVT:E30|EVT:E42
1.0,EVT:E20|EVT:E30|EVT:E42
1.0,EVT:E18|EVT:E30|EVT:E42
1.0,EVT:E19|EVT:E30|EVT:E42
1.0,EVT:E17|EVT:E30|EVT:E42
1.0,EVT:E16|EVT:E30|EVT:E42
1.0,COMP:wsgi_server|EVT:E30|EVT:E42
1.0,EVT:E15|EVT:E30|EVT:E42
1.0,EVT:E14|EVT:E30|EVT:E42
1.0,EVT:E13|EVT:E30|EVT:E42
1.0,EVT:E12|EVT:E30|EVT:E42
1.0,EVT:E11|EVT:E30|EVT:E42
1.0,EVT:E10|EVT:E30|EVT:E42
1.0,EVT:E1|EVT:E30|EVT:E42
1.0,COMP:compute_server_external_events|EVT:E30|EVT:E42
1.0,COMP:openstack_wsgi|EVT:E30|EVT:E42
1.0,COMP:libvirt_imagecache|EVT:E30|EVT:E42
1.0,COMP:libvirt_driver|EVT:E30|EVT:E42
1.0,COMP:compute_manager|EVT:E30|EVT:E42
1.0,COMP:compute_resource_tracker|EVT:E30|EVT:E42
1.0,COMP:compute_claims|EVT:E30|EVT:E42
0.6,EVT:E29|EVT:E30|EVT:E42
1.0,EVT:E28|EVT:E3|EVT:E42
1.0,EVT:E27|EVT:E3|EVT:E42
1.0,EVT:E25|EVT:E3|EVT:E42
1.0,EVT:E26|EVT:E3|EVT:E42
1.0,EVT:E24|EVT:E3|EVT:E42
1.0,EVT:E23|EVT:E3|EVT:E42
1.0,EVT:E2|EVT:E3|EVT:E42
1.0,EVT:E22|EVT:E3|EVT:E42
1.0,EVT:E21|EVT:E3|EVT:E42
1.0,EVT:E20|EVT:E3|EVT:E42
1.0,EVT:E18|EVT:E3|EVT:E42
1.0,EVT:E19|EVT:E3|EVT:E42
1.0,EVT:E17|EVT:E3|EVT:E42
1.0,EVT:E16|EVT:E3|EVT:E42
1.0,COMP:wsgi_server|EVT:E3|EVT:E42
1.0,EVT:E15|EVT:E3|EVT:E42
1.0,EVT:E14|EVT:E3|EVT:E42
1.0,EVT:E13|EVT:E3|EVT:E42
1.0,EVT:E12|EVT:E3|EVT:E42
1.0,EVT:E11|EVT:E3|EVT:E42
1.0,EVT:E10|EVT:E3|EVT:E42
1.0,EVT:E1|EVT:E3|EVT:E42
1.0,COMP:compute_server_external_events|EVT:E3|EVT:E42
1.0,COMP:openstack_wsgi|EVT:E3|EVT:E42
1.0,COMP:libvirt_imagecache|EVT:E3|EVT:E42
1.0,COMP:libvirt_driver|EVT:E3|EVT:E42
1.0,COMP:compute_manager|EVT:E3|EVT:E42
1.0,COMP:compute_resource_tracker|EVT:E3|EVT:E42
1.0,COMP:compute_claims|EVT:E3|EVT:E42
0.6,EVT:E29|EVT:E3|EVT:E42
1.0,EVT:E27|EVT:E28|EVT:E42
1.0,EVT:E25|EVT:E28|EVT:E42
1.0,EVT:E26|EVT:E28|EVT:E42
1.0,EVT:E24|EVT:E28|EVT:E42
1.0,EVT:E23|EVT:E28|EVT:E42
1.0,EVT:E2|EVT:E28|EVT:E42
1.0,EVT:E22|EVT:E28|EVT:E42
1.0,EVT:E21|EVT:E28|EVT:E42
1.0,EVT:E20|EVT:E28|EVT:E42
1.0,EVT:E18|EVT:E28|EVT:E42
1.0,EVT:E19|EVT:E28|EVT:E42
1.0,EVT:E17|EVT:E28|EVT:E42
1.0,EVT:E16|EVT:E28|EVT:E42
1.0,COMP:wsgi_server|EVT:E28|EVT:E42
1.0,EVT:E15|EVT:E28|EVT:E42
1.0,EVT:E14|EVT:E28|EVT:E42
1.0,EVT:E13|EVT:E28|EVT:E42
1.0,EVT:E12|EVT:E28|EVT:E42
1.0,EVT:E11|EVT:E28|EVT:E42
1.0,EVT:E10|EVT:E28|EVT:E42
1.0,EVT:E1|EVT:E28|EVT:E42
1.0,COMP:compute_server_external_events|EVT:E28|EVT:E42
1.0,COMP:openstack_wsgi|EVT:E28|EVT:E42
1.0,COMP:libvirt_imagecache|EVT:E28|EVT:E42
1.0,COMP:libvirt_driver|EVT:E28|EVT:E42
1.0,COMP:compute_manager|EVT:E28|EVT:E42
1.0,COMP:compute_resource_tracker|EVT:E28|EVT:E42
1.0,COMP:compute_claims|EVT:E28|EVT:E42
0.6,EVT:E28|EVT:E29|EVT:E42
1.0,EVT:E25|EVT:E27|EVT:E42
1.0,EVT:E26|EVT:E27|EVT:E42
1.0,EVT:E24|EVT:E27|EVT:E42
1.0,EVT:E23|EVT:E27|EVT:E42
1.0,EVT:E2|EVT:E27|EVT:E42
1.0,EVT:E22|EVT:E27|EVT:E42
1.0,EVT:E21|EVT:E27|EVT:E42
1.0,EVT:E20|EVT:E27|EVT:E42
1.0,EVT:E18|EVT:E27|EVT:E42
1.0,EVT:E19|EVT:E27|EVT:E42
1.0,EVT:E17|EVT:E27|EVT:E42
1.0,EVT:E16|EVT:E27|EVT:E42
1.0,COMP:wsgi_server|EVT:E27|EVT:E42
1.0,EVT:E15|EVT:E27|EVT:E42
1.0,EVT:E14|EVT:E27|EVT:E42
1.0,EVT:E13|EVT:E27|EVT:E42
1.0,EVT:E12|EVT:E27|EVT:E42
1.0,EVT:E11|EVT:E27|EVT:E42
1.0,EVT:E10|EVT:E27|EVT:E42
1.0,EVT:E1|EVT:E27|EVT:E42
1.0,COMP:compute_server_external_events|EVT:E27|EVT:E42
1.0,COMP:openstack_wsgi|EVT:E27|EVT:E42
1.0,COMP:libvirt_imagecache|EVT:E27|EVT:E42
1.0,COMP:libvirt_driver|EVT:E27|EVT:E42
1.0,COMP:compute_manager|EVT:E27|EVT:E42
1.0,COMP:compute_resource_tracker|EVT:E27|EVT:E42
1.0,COMP:compute_claims|EVT:E27|EVT:E42
0.6,EVT:E27|EVT:E29|EVT:E42
1.0,EVT:E25|EVT:E26|EVT:E42
1.0,EVT:E24|EVT:E25|EVT:E42
1.0,EVT:E23|EVT:E25|EVT:E42
1.0,EVT:E2|EVT:E25|EVT:E42
1.0,EVT:E22|EVT:E25|EVT:E42
1.0,EVT:E21|EVT:E25|EVT:E42
1.0,EVT:E20|EVT:E25|EVT:E42
1.0,EVT:E18|EVT:E25|EVT:E42
1.0,EVT:E19|EVT:E25|EVT:E42
1.0,EVT:E17|EVT:E25|EVT:E42
1.0,EVT:E16|EVT:E25|EVT:E42
1.0,COMP:wsgi_server|EVT:E25|EVT:E42
1.0,EVT:E15|EVT:E25|EVT:E42
1.0,EVT:E14|EVT:E25|EVT:E42
1.0,EVT:E13|EVT:E25|EVT:E42
1.0,EVT:E12|EVT:E25|EVT:E42
1.0,EVT:E11|EVT:E25|EVT:E42
1.0,EVT:E10|EVT:E25|EVT:E42
1.0,EVT:E1|EVT:E25|EVT:E42
1.0,COMP:compute_server_external_events|EVT:E25|EVT:E42
1.0,COMP:openstack_wsgi|EVT:E25|EVT:E42
1.0,COMP:libvirt_imagecache|EVT:E25|EVT:E42
1.0,COMP:libvirt_driver|EVT:E25|EVT:E42
1.0,COMP:compute_manager|EVT:E25|EVT:E42
1.0,COMP:compute_resource_tracker|EVT:E25|EVT:E42
1.0,COMP:compute_claims|EVT:E25|EVT:E42
0.6,EVT:E25|EVT:E29|EVT:E42
1.0,EVT:E24|EVT:E26|EVT:E42
1.0,EVT:E23|EVT:E26|EVT:E42
1.0,EVT:E2|EVT:E26|EVT:E42
1.0,EVT:E22|EVT:E26|EVT:E42
1.0,EVT:E21|EVT:E26|EVT:E42
1.0,EVT:E20|EVT:E26|EVT:E42
1.0,EVT:E18|EVT:E26|EVT:E42
1.0,EVT:E19|EVT:E26|EVT:E42
1.0,EVT:E17|EVT:E26|EVT:E42
1.0,EVT:E16|EVT:E26|EVT:E42
1.0,COMP:wsgi_server|EVT:E26|EVT:E42
1.0,EVT:E15|EVT:E26|EVT:E42
1.0,EVT:E14|EVT:E26|EVT:E42
1.0,EVT:E13|EVT:E26|EVT:E42
1.0,EVT:E12|EVT:E26|EVT:E42
1.0,EVT:E11|EVT:E26|EVT:E42
1.0,EVT:E10|EVT:E26|EVT:E42
1.0,EVT:E1|EVT:E26|EVT:E42
1.0,COMP:compute_server_external_events|EVT:E26|EVT:E42
1.0,COMP:openstack_wsgi|EVT:E26|EVT:E42
1.0,COMP:libvirt_imagecache|EVT:E26|EVT:E42
1.0,COMP:libvirt_driver|EVT:E26|EVT:E42
1.0,COMP:compute_manager|EVT:E26|EVT:E42
1.0,COMP:compute_resource_tracker|EVT:E26|EVT:E42
1.0,COMP:compute_claims|EVT:E26|EVT:E42
0.6,EVT:E26|EVT:E29|EVT:E42
1.0,EVT:E23|EVT:E24|EVT:E42
1.0,EVT:E2|EVT:E24|EVT:E42
1.0,EVT:E22|EVT:E24|EVT:E42
1.0,EVT:E21|EVT:E24|EVT:E42
1.0,EVT:E20|EVT:E24|EVT:E42
1.0,EVT:E18|EVT:E24|EVT:E42
1.0,EVT:E19|EVT:E24|EVT:E42
1.0,EVT:E17|EVT:E24|EVT:E42
1.0,EVT:E16|EVT:E24|EVT:E42
1.0,COMP:wsgi_server|EVT:E24|EVT:E42
1.0,EVT:E15|EVT:E24|EVT:E42
1.0,EVT:E14|EVT:E24|EVT:E42
1.0,EVT:E13|EVT:E24|EVT:E42
1.0,EVT:E12|EVT:E24|EVT:E42
1.0,EVT:E11|EVT:E24|EVT:E42
1.0,EVT:E10|EVT:E24|EVT:E42
1.0,EVT:E1|EVT:E24|EVT:E42
1.0,COMP:compute_server_external_events|EVT:E24|EVT:E42
1.0,COMP:openstack_wsgi|EVT:E24|EVT:E42
1.0,COMP:libvirt_imagecache|EVT:E24|EVT:E42
1.0,COMP:libvirt_driver|EVT:E24|EVT:E42
1.0,COMP:compute_manager|EVT:E24|EVT:E42
1.0,COMP:compute_resource_tracker|EVT:E24|EVT:E42
1.0,COMP:compute_claims|EVT:E24|EVT:E42
0.6,EVT:E24|EVT:E29|EVT:E42
1.0,EVT:E2|EVT:E23|EVT:E42
1.0,EVT:E22|EVT:E23|EVT:E42
1.0,EVT:E21|EVT:E23|EVT:E42
1.0,EVT:E20|EVT:E23|EVT:E42
1.0,EVT:E18|EVT:E23|EVT:E42
1.0,EVT:E19|EVT:E23|EVT:E42
1.0,EVT:E17|EVT:E23|EVT:E42
1.0,EVT:E16|EVT:E23|EVT:E42
1.0,COMP:wsgi_server|EVT:E23|EVT:E42
1.0,EVT:E15|EVT:E23|EVT:E42
1.0,EVT:E14|EVT:E23|EVT:E42
1.0,EVT:E13|EVT:E23|EVT:E42
1.0,EVT:E12|EVT:E23|EVT:E42
1.0,EVT:E11|EVT:E23|EVT:E42
1.0,EVT:E10|EVT:E23|EVT:E42
1.0,EVT:E1|EVT:E23|EVT:E42
1.0,COMP:compute_server_external_events|EVT:E23|EVT:E42
1.0,COMP:openstack_wsgi|EVT:E23|EVT:E42
1.0,COMP:libvirt_imagecache|EVT:E23|EVT:E42
1.0,COMP:libvirt_driver|EVT:E23|EVT:E42
1.0,COMP:compute_manager|EVT:E23|EVT:E42
1.0,COMP:compute_resource_tracker|EVT:E23|EVT:E42
1.0,COMP:compute_claims|EVT:E23|EVT:E42
0.6,EVT:E23|EVT:E29|EVT:E42
1.0,EVT:E2|EVT:E22|EVT:E42
1.0,EVT:E2|EVT:E21|EVT:E42
1.0,EVT:E2|EVT:E20|EVT:E42
1.0,EVT:E18|EVT:E2|EVT:E42
1.0,EVT:E19|EVT:E2|EVT:E42
1.0,EVT:E17|EVT:E2|EVT:E42
1.0,EVT:E16|EVT:E2|EVT:E42
1.0,COMP:wsgi_server|EVT:E2|EVT:E42
1.0,EVT:E15|EVT:E2|EVT:E42
1.0,EVT:E14|EVT:E2|EVT:E42
1.0,EVT:E13|EVT:E2|EVT:E42
1.0,EVT:E12|EVT:E2|EVT:E42
1.0,EVT:E11|EVT:E2|EVT:E42
1.0,EVT:E10|EVT:E2|EVT:E42
1.0,EVT:E1|EVT:E2|EVT:E42
1.0,COMP:compute_server_external_events|EVT:E2|EVT:E42
1.0,COMP:openstack_wsgi|EVT:E2|EVT:E42
1.0,COMP:libvirt_imagecache|EVT:E2|EVT:E42
1.0,COMP:libvirt_driver|EVT:E2|EVT:E42
1.0,COMP:compute_manager|EVT:E2|EVT:E42
1.0,COMP:compute_resource_tracker|EVT:E2|EVT:E42
1.0,COMP:compute_claims|EVT:E2|EVT:E42
0.6,EVT:E2|EVT:E29|EVT:E42
1.0,EVT:E21|EVT:E22|EVT:E42
1.0,EVT:E20|EVT:E22|EVT:E42
1.0,EVT:E18|EVT:E22|EVT:E42
1.0,EVT:E19|EVT:E22|EVT:E42
1.0,EVT:E17|EVT:E22|EVT:E42
1.0,EVT:E16|EVT:E22|EVT:E42
1.0,COMP:wsgi_server|EVT:E22|EVT:E42
1.0,EVT:E15|EVT:E22|EVT:E42
1.0,EVT:E14|EVT:E22|EVT:E42
1.0,EVT:E13|EVT:E22|EVT:E42
1.0,EVT:E12|EVT:E22|EVT:E42
1.0,EVT:E11|EVT:E22|EVT:E42
1.0,EVT:E10|EVT:E22|EVT:E42
1.0,EVT:E1|EVT:E22|EVT:E42
1.0,COMP:compute_server_external_events|EVT:E22|EVT:E42
1.0,COMP:openstack_wsgi|EVT:E22|EVT:E42
1.0,COMP:libvirt_imagecache|EVT:E22|EVT:E42
1.0,COMP:libvirt_driver|EVT:E22|EVT:E42
1.0,COMP:compute_manager|EVT:E22|EVT:E42
1.0,COMP:compute_resource_tracker|EVT:E22|EVT:E42
1.0,COMP:compute_claims|EVT:E22|EVT:E42
0.6,EVT:E22|EVT:E29|EVT:E42
1.0,EVT:E20|EVT:E21|EVT:E42
1.0,EVT:E18|EVT:E21|EVT:E42
1.0,EVT:E19|EVT:E21|EVT:E42
1.0,EVT:E17|EVT:E21|EVT:E42
1.0,EVT:E16|EVT:E21|EVT:E42
1.0,COMP:wsgi_server|EVT:E21|EVT:E42
1.0,EVT:E15|EVT:E21|EVT:E42
1.0,EVT:E14|EVT:E21|EVT:E42
1.0,EVT:E13|EVT:E21|EVT:E42
1.0,EVT:E12|EVT:E21|EVT:E42
1.0,EVT:E11|EVT:E21|EVT:E42
1.0,EVT:E10|EVT:E21|EVT:E42
1.0,EVT:E1|EVT:E21|EVT:E42
1.0,COMP:compute_server_external_events|EVT:E21|EVT:E42
1.0,COMP:openstack_wsgi|EVT:E21|EVT:E42
1.0,COMP:libvirt_imagecache|EVT:E21|EVT:E42
1.0,COMP:libvirt_driver|EVT:E21|EVT:E42
1.0,COMP:compute_manager|EVT:E21|EVT:E42
1.0,COMP:compute_resource_tracker|EVT:E21|EVT:E42
1.0,COMP:compute_claims|EVT:E21|EVT:E42
0.6,EVT:E21|EVT:E29|EVT:E42
1.0,EVT:E18|EVT:E20|EVT:E42
1.0,EVT:E19|EVT:E20|EVT:E42
1.0,EVT:E17|EVT:E20|EVT:E42
1.0,EVT:E16|EVT:E20|EVT:E42
1.0,COMP:wsgi_server|EVT:E20|EVT:E42
1.0,EVT:E15|EVT:E20|EVT:E42
1.0,EVT:E14|EVT:E20|EVT:E42
1.0,EVT:E13|EVT:E20|EVT:E42
1.0,EVT:E12|EVT:E20|EVT:E42
1.0,EVT:E11|EVT:E20|EVT:E42
1.0,EVT:E10|EVT:E20|EVT:E42
1.0,EVT:E1|EVT:E20|EVT:E42
1.0,COMP:compute_server_external_events|EVT:E20|EVT:E42
1.0,COMP:openstack_wsgi|EVT:E20|EVT:E42
1.0,COMP:libvirt_imagecache|EVT:E20|EVT:E42
1.0,COMP:libvirt_driver|EVT:E20|EVT:E42
1.0,COMP:compute_manager|EVT:E20|EVT:E42
1.0,COMP:compute_resource_tracker|EVT:E20|EVT:E42
1.0,COMP:compute_claims|EVT:E20|EVT:E42
0.6,EVT:E20|EVT:E29|EVT:E42
1.0,EVT:E18|EVT:E19|EVT:E42
1.0,EVT:E17|EVT:E18|EVT:E42
1.0,EVT:E16|EVT:E18|EVT:E42
1.0,COMP:wsgi_server|EVT:E18|EVT:E42
1.0,EVT:E15|EVT:E18|EVT:E42
1.0,EVT:E14|EVT:E18|EVT:E42
1.0,EVT:E13|EVT:E18|EVT:E42
1.0,EVT:E12|EVT:E18|EVT:E42
1.0,EVT:E11|EVT:E18|EVT:E42
1.0,EVT:E10|EVT:E18|EVT:E42
1.0,EVT:E1|EVT:E18|EVT:E42
1.0,COMP:compute_server_external_events|EVT:E18|EVT:E42
1.0,COMP:openstack_wsgi|EVT:E18|EVT:E42
1.0,COMP:libvirt_imagecache|EVT:E18|EVT:E42
1.0,COMP:libvirt_driver|EVT:E18|EVT:E42
1.0,COMP:compute_manager|EVT:E18|EVT:E42
1.0,COMP:compute_resource_tracker|EVT:E18|EVT:E42
1.0,COMP:compute_claims|EVT:E18|EVT:E42
0.6,EVT:E18|EVT:E29|EVT:E42
1.0,EVT:E17|EVT:E19|EVT:E42
1.0,EVT:E16|EVT:E19|EVT:E42
1.0,COMP:wsgi_server|EVT:E19|EVT:E42
1.0,EVT:E15|EVT:E19|EVT:E42
1.0,EVT:E14|EVT:E19|EVT:E42
1.0,EVT:E13|EVT:E19|EVT:E42
1.0,EVT:E12|EVT:E19|EVT:E42
1.0,EVT:E11|EVT:E19|EVT:E42
1.0,EVT:E10|EVT:E19|EVT:E42
1.0,EVT:E1|EVT:E19|EVT:E42
1.0,COMP:compute_server_external_events|EVT:E19|EVT:E42
1.0,COMP:openstack_wsgi|EVT:E19|EVT:E42
1.0,COMP:libvirt_imagecache|EVT:E19|EVT:E42
1.0,COMP:libvirt_driver|EVT:E19|EVT:E42
1.0,COMP:compute_manager|EVT:E19|EVT:E42
1.0,COMP:compute_resource_tracker|EVT:E19|EVT:E42
1.0,COMP:compute_claims|EVT:E19|EVT:E42
0.6,EVT:E19|EVT:E29|EVT:E42
1.0,EVT:E16|EVT:E17|EVT:E42
1.0,COMP:wsgi_server|EVT:E17|EVT:E42
1.0,EVT:E15|EVT:E17|EVT:E42
1.0,EVT:E14|EVT:E17|EVT:E42
1.0,EVT:E13|EVT:E17|EVT:E42
1.0,EVT:E12|EVT:E17|EVT:E42
1.0,EVT:E11|EVT:E17|EVT:E42
1.0,EVT:E10|EVT:E17|EVT:E42
1.0,EVT:E1|EVT:E17|EVT:E42
1.0,COMP:compute_server_external_events|EVT:E17|EVT:E42
1.0,COMP:openstack_wsgi|EVT:E17|EVT:E42
1.0,COMP:libvirt_imagecache|EVT:E17|EVT:E42
1.0,COMP:libvirt_driver|EVT:E17|EVT:E42
1.0,COMP:compute_manager|EVT:E17|EVT:E42
1.0,COMP:compute_resource_tracker|EVT:E17|EVT:E42
1.0,COMP:compute_claims|EVT:E17|EVT:E42
0.6,EVT:E17|EVT:E29|EVT:E42
1.0,COMP:wsgi_server|EVT:E16|EVT:E42
1.0,EVT:E15|EVT:E16|EVT:E42
1.0,EVT:E14|EVT:E16|EVT:E42
1.0,EVT:E13|EVT:E16|EVT:E42
1.0,EVT:E12|EVT:E16|EVT:E42
1.0,EVT:E11|EVT:E16|EVT:E42
1.0,EVT:E10|EVT:E16|EVT:E42
1.0,EVT:E1|EVT:E16|EVT:E42
1.0,COMP:compute_server_external_events|EVT:E16|EVT:E42
1.0,COMP:openstack_wsgi|EVT:E16|EVT:E42
1.0,COMP:libvirt_imagecache|EVT:E16|EVT:E42
1.0,COMP:libvirt_driver|EVT:E16|EVT:E42
1.0,COMP:compute_manager|EVT:E16|EVT:E42
1.0,COMP:compute_resource_tracker|EVT:E16|EVT:E42
1.0,COMP:compute_claims|EVT:E16|EVT:E42
0.6,EVT:E16|EVT:E29|EVT:E42
1.0,COMP:wsgi_server|EVT:E15|EVT:E42
1.0,COMP:wsgi_server|EVT:E14|EVT:E42
1.0,COMP:wsgi_server|EVT:E13|EVT:E42
1.0,COMP:wsgi_server|EVT:E12|EVT:E42
1.0,COMP:wsgi_server|EVT:E11|EVT:E42
1.0,COMP:wsgi_server|EVT:E10|EVT:E42
1.0,COMP:wsgi_server|EVT:E1|EVT:E42
1.0,COMP:compute_server_external_events|COMP:wsgi_server|EVT:E42
1.0,COMP:openstack_wsgi|COMP:wsgi_server|EVT:E42
1.0,COMP:libvirt_imagecache|COMP:wsgi_server|EVT:E42
1.0,COMP:libvirt_driver|COMP:wsgi_server|EVT:E42
1.0,COMP:compute_manager|COMP:wsgi_server|EVT:E42
1.0,COMP:compute_resource_tracker|COMP:wsgi_server|EVT:E42
1.0,COMP:compute_claims|COMP:wsgi_server|EVT:E42
0.6,COMP:wsgi_server|EVT:E29|EVT:E42
1.0,EVT:E14|EVT:E15|EVT:E42
1.0,EVT:E13|EVT:E15|EVT:E42
1.0,EVT:E12|EVT:E15|EVT:E42
1.0,EVT:E11|EVT:E15|EVT:E42
1.0,EVT:E10|EVT:E15|EVT:E42
1.0,EVT:E1|EVT:E15|EVT:E42
1.0,COMP:compute_server_external_events|EVT:E15|EVT:E42
1.0,COMP:openstack_wsgi|EVT:E15|EVT:E42
1.0,COMP:libvirt_imagecache|EVT:E15|EVT:E42
1.0,COMP:libvirt_driver|EVT:E15|EVT:E42
1.0,COMP:compute_manager|EVT:E15|EVT:E42
1.0,COMP:compute_resource_tracker|EVT:E15|EVT:E42
1.0,COMP:compute_claims|EVT:E15|EVT:E42
0.6,EVT:E15|EVT:E29|EVT:E42
1.0,EVT:E13|EVT:E14|EVT:E42
1.0,EVT:E12|EVT:E14|EVT:E42
1.0,EVT:E11|EVT:E14|EVT:E42
1.0,EVT:E10|EVT:E14|EVT:E42
1.0,EVT:E1|EVT:E14|EVT:E42
1.0,COMP:compute_server_external_events|EVT:E14|EVT:E42
1.0,COMP:openstack_wsgi|EVT:E14|EVT:E42
1.0,COMP:libvirt_imagecache|EVT:E14|EVT:E42
1.0,COMP:libvirt_driver|EVT:E14|EVT:E42
1.0,COMP:compute_manager|EVT:E14|EVT:E42
1.0,COMP:compute_resource_tracker|EVT:E14|EVT:E42
1.0,COMP:compute_claims|EVT:E14|EVT:E42
0.6,EVT:E14|EVT:E29|EVT:E42
1.0,EVT:E12|EVT:E13|EVT:E42
1.0,EVT:E11|EVT:E13|EVT:E42
1.0,EVT:E10|EVT:E13|EVT:E42
1.0,EVT:E1|EVT:E13|EVT:E42
1.0,COMP:compute_server_external_events|EVT:E13|EVT:E42
1.0,COMP:openstack_wsgi|EVT:E13|EVT:E42
1.0,COMP:libvirt_imagecache|EVT:E13|EVT:E42
1.0,COMP:libvirt_driver|EVT:E13|EVT:E42
1.0,COMP:compute_manager|EVT:E13|EVT:E42
1.0,COMP:compute_resource_tracker|EVT:E13|EVT:E42
1.0,COMP:compute_claims|EVT:E13|EVT:E42
0.6,EVT:E13|EVT:E29|EVT:E42
1.0,EVT:E11|EVT:E12|EVT:E42
1.0,EVT:E10|EVT:E12|EVT:E42
1.0,EVT:E1|EVT:E12|EVT:E42
1.0,COMP:compute_server_external_events|EVT:E12|EVT:E42
1.0,COMP:openstack_wsgi|EVT:E12|EVT:E42
1.0,COMP:libvirt_imagecache|EVT:E12|EVT:E42
1.0,COMP:libvirt_driver|EVT:E12|EVT:E42
1.0,COMP:compute_manager|EVT:E12|EVT:E42
1.0,COMP:compute_resource_tracker|EVT:E12|EVT:E42
1.0,COMP:compute_claims|EVT:E12|EVT:E42
0.6,EVT:E12|EVT:E29|EVT:E42
1.0,EVT:E10|EVT:E11|EVT:E42
1.0,EVT:E1|EVT:E11|EVT:E42
1.0,COMP:compute_server_external_events|EVT:E11|EVT:E42
1.0,COMP:openstack_wsgi|EVT:E11|EVT:E42
1.0,COMP:libvirt_imagecache|EVT:E11|EVT:E42
1.0,COMP:libvirt_driver|EVT:E11|EVT:E42
1.0,COMP:compute_manager|EVT:E11|EVT:E42
1.0,COMP:compute_resource_tracker|EVT:E11|EVT:E42
1.0,COMP:compute_claims|EVT:E11|EVT:E42
0.6,EVT:E11|EVT:E29|EVT:E42
1.0,EVT:E1|EVT:E10|EVT:E42
1.0,COMP:compute_server_external_events|EVT:E10|EVT:E42
1.0,COMP:openstack_wsgi|EVT:E10|EVT:E42
1.0,COMP:libvirt_imagecache|EVT:E10|EVT:E42
1.0,COMP:libvirt_driver|EVT:E10|EVT:E42
1.0,COMP:compute_manager|EVT:E10|EVT:E42
1.0,COMP:compute_resource_tracker|EVT:E10|EVT:E42
1.0,COMP:compute_claims|EVT:E10|EVT:E42
0.6,EVT:E10|EVT:E29|EVT:E42
1.0,COMP:compute_server_external_events|EVT:E1|EVT:E42
1.0,COMP:openstack_wsgi|EVT:E1|EVT:E42
1.0,COMP:libvirt_imagecache|EVT:E1|EVT:E42
1.0,COMP:libvirt_driver|EVT:E1|EVT:E42
1.0,COMP:compute_manager|EVT:E1|EVT:E42
1.0,COMP:compute_resource_tracker|EVT:E1|EVT:E42
1.0,COMP:compute_claims|EVT:E1|EVT:E42
0.6,EVT:E1|EVT:E29|EVT:E42
1.0,COMP:compute_server_external_events|COMP:openstack_wsgi|EVT:E42
1.0,COMP:compute_server_external_events|COMP:libvirt_imagecache|EVT:E42
1.0,COMP:compute_server_external_events|COMP:libvirt_driver|EVT:E42
1.0,COMP:compute_manager|COMP:compute_server_external_events|EVT:E42
1.0,COMP:compute_resource_tracker|COMP:compute_server_external_events|EVT:E42
1.0,COMP:compute_claims|COMP:compute_server_external_events|EVT:E42
0.6,COMP:compute_server_external_events|EVT:E29|EVT:E42
1.0,COMP:libvirt_imagecache|COMP:openstack_wsgi|EVT:E42
1.0,COMP:libvirt_driver|COMP:openstack_wsgi|EVT:E42
1.0,COMP:compute_manager|COMP:openstack_wsgi|EVT:E42
1.0,COMP:compute_resource_tracker|COMP:openstack_wsgi|EVT:E42
1.0,COMP:compute_claims|COMP:openstack_wsgi|EVT:E42
0.6,COMP:openstack_wsgi|EVT:E29|EVT:E42
1.0,COMP:libvirt_driver|COMP:libvirt_imagecache|EVT:E42
1.0,COMP:compute_manager|COMP:libvirt_imagecache|EVT:E42
1.0,COMP:compute_resource_tracker|COMP:libvirt_imagecache|EVT:E42
1.0,COMP:compute_claims|COMP:libvirt_imagecache|EVT:E42
0.6,COMP:libvirt_imagecache|EVT:E29|EVT:E42
1.0,COMP:compute_manager|COMP:libvirt_driver|EVT:E42
1.0,COMP:compute_resource_tracker|COMP:libvirt_driver|EVT:E42
1.0,COMP:compute_claims|COMP:libvirt_driver|EVT:E42
0.6,COMP:libvirt_driver|EVT:E29|EVT:E42
1.0,COMP:compute_manager|COMP:compute_resource_tracker|EVT:E42
1.0,COMP:compute_claims|COMP:compute_manager|EVT:E42
0.6,COMP:compute_manager|EVT:E29|EVT:E42
1.0,COMP:compute_claims|COMP:compute_resource_tracker|EVT:E42
0.6,COMP:compute_resource_tracker|EVT:E29|EVT:E42
0.6,COMP:compute_claims|EVT:E29|EVT:E42
1.0,EVT:E37|EVT:E4|EVT:E41
1.0,EVT:E36|EVT:E4|EVT:E41
1.0,EVT:E35|EVT:E4|EVT:E41
1.0,EVT:E34|EVT:E4|EVT:E41
1.0,EVT:E33|EVT:E4|EVT:E41
1.0,EVT:E32|EVT:E4|EVT:E41
1.0,EVT:E31|EVT:E4|EVT:E41
1.0,EVT:E30|EVT:E4|EVT:E41
1.0,EVT:E3|EVT:E4|EVT:E41
1.0,EVT:E28|EVT:E4|EVT:E41
1.0,EVT:E27|EVT:E4|EVT:E41
1.0,EVT:E25|EVT:E4|EVT:E41
1.0,EVT:E26|EVT:E4|EVT:E41
1.0,EVT:E24|EVT:E4|EVT:E41
1.0,EVT:E23|EVT:E4|EVT:E41
1.0,EVT:E2|EVT:E4|EVT:E41
1.0,EVT:E22|EVT:E4|EVT:E41
1.0,EVT:E21|EVT:E4|EVT:E41
1.0,EVT:E20|EVT:E4|EVT:E41
1.0,EVT:E18|EVT:E4|EVT:E41
1.0,EVT:E19|EVT:E4|EVT:E41
1.0,EVT:E17|EVT:E4|EVT:E41
1.0,EVT:E16|EVT:E4|EVT:E41
1.0,COMP:wsgi_server|EVT:E4|EVT:E41
1.0,EVT:E15|EVT:E4|EVT:E41
1.0,EVT:E14|EVT:E4|EVT:E41
1.0,EVT:E13|EVT:E4|EVT:E41
1.0,EVT:E12|EVT:E4|EVT:E41
1.0,EVT:E11|EVT:E4|EVT:E41
1.0,EVT:E10|EVT:E4|EVT:E41
1.0,EVT:E1|EVT:E4|EVT:E41
1.0,COMP:compute_server_external_events|EVT:E4|EVT:E41
1.0,COMP:openstack_wsgi|EVT:E4|EVT:E41
1.0,COMP:libvirt_imagecache|EVT:E4|EVT:E41
1.0,COMP:libvirt_driver|EVT:E4|EVT:E41
1.0,COMP:compute_manager|EVT:E4|EVT:E41
1.0,COMP:compute_resource_tracker|EVT:E4|EVT:E41
1.0,COMP:compute_claims|EVT:E4|EVT:E41
0.6,EVT:E29|EVT:E4|EVT:E41
1.0,EVT:E36|EVT:E37|EVT:E41
1.0,EVT:E35|EVT:E37|EVT:E41
1.0,EVT:E34|EVT:E37|EVT:E41
1.0,EVT:E33|EVT:E37|EVT:E41
1.0,EVT:E32|EVT:E37|EVT:E41
1.0,EVT:E31|EVT:E37|EVT:E41
1.0,EVT:E30|EVT:E37|EVT:E41
1.0,EVT:E3|EVT:E37|EVT:E41
1.0,EVT:E28|EVT:E37|EVT:E41
1.0,EVT:E27|EVT:E37|EVT:E41
1.0,EVT:E25|EVT:E37|EVT:E41
1.0,EVT:E26|EVT:E37|EVT:E41
1.0,EVT:E24|EVT:E37|EVT:E41
1.0,EVT:E23|EVT:E37|EVT:E41
1.0,EVT:E2|EVT:E37|EVT:E41
1.0,EVT:E22|EVT:E37|EVT:E41
1.0,EVT:E21|EVT:E37|EVT:E41
1.0,EVT:E20|EVT:E37|EVT:E41
1.0,EVT:E18|EVT:E37|EVT:E41
1.0,EVT:E19|EVT:E37|EVT:E41
1.0,EVT:E17|EVT:E37|EVT:E41
1.0,EVT:E16|EVT:E37|EVT:E41
1.0,COMP:wsgi_server|EVT:E37|EVT:E41
1.0,EVT:E15|EVT:E37|EVT:E41
1.0,EVT:E14|EVT:E37|EVT:E41
1.0,EVT:E13|EVT:E37|EVT:E41
1.0,EVT:E12|EVT:E37|EVT:E41
1.0,EVT:E11|EVT:E37|EVT:E41
1.0,EVT:E10|EVT:E37|EVT:E41
1.0,EVT:E1|EVT:E37|EVT:E41
1.0,COMP:compute_server_external_events|EVT:E37|EVT:E41
1.0,COMP:openstack_wsgi|EVT:E37|EVT:E41
1.0,COMP:libvirt_imagecache|EVT:E37|EVT:E41
1.0,COMP:libvirt_driver|EVT:E37|EVT:E41
1.0,COMP:compute_manager|EVT:E37|EVT:E41
1.0,COMP:compute_resource_tracker|EVT:E37|EVT:E41
1.0,COMP:compute_claims|EVT:E37|EVT:E41
0.6,EVT:E29|EVT:E37|EVT:E41
1.0,EVT:E35|EVT:E36|EVT:E41
1.0,EVT:E34|EVT:E36|EVT:E41
1.0,EVT:E33|EVT:E36|EVT:E41
1.0,EVT:E32|EVT:E36|EVT:E41
1.0,EVT:E31|EVT:E36|EVT:E41
1.0,EVT:E30|EVT:E36|EVT:E41
1.0,EVT:E3|EVT:E36|EVT:E41
1.0,EVT:E28|EVT:E36|EVT:E41
1.0,EVT:E27|EVT:E36|EVT:E41
1.0,EVT:E25|EVT:E36|EVT:E41
1.0,EVT:E26|EVT:E36|EVT:E41
1.0,EVT:E24|EVT:E36|EVT:E41
1.0,EVT:E23|EVT:E36|EVT:E41
1.0,EVT:E2|EVT:E36|EVT:E41
1.0,EVT:E22|EVT:E36|EVT:E41
1.0,EVT:E21|EVT:E36|EVT:E41
1.0,EVT:E20|EVT:E36|EVT:E41
1.0,EVT:E18|EVT:E36|EVT:E41
1.0,EVT:E19|EVT:E36|EVT:E41
1.0,EVT:E17|EVT:E36|EVT:E41
1.0,EVT:E16|EVT:E36|EVT:E41
1.0,COMP:wsgi_server|EVT:E36|EVT:E41
1.0,EVT:E15|EVT:E36|EVT:E41
1.0,EVT:E14|EVT:E36|EVT:E41
1.0,EVT:E13|EVT:E36|EVT:E41
1.0,EVT:E12|EVT:E36|EVT:E41
1.0,EVT:E11|EVT:E36|EVT:E41
1.0,EVT:E10|EVT:E36|EVT:E41
1.0,EVT:E1|EVT:E36|EVT:E41
1.0,COMP:compute_server_external_events|EVT:E36|EVT:E41
1.0,COMP:openstack_wsgi|EVT:E36|EVT:E41
1.0,COMP:libvirt_imagecache|EVT:E36|EVT:E41
1.0,COMP:libvirt_driver|EVT:E36|EVT:E41
1.0,COMP:compute_manager|EVT:E36|EVT:E41
1.0,COMP:compute_resource_tracker|EVT:E36|EVT:E41
1.0,COMP:compute_claims|EVT:E36|EVT:E41
0.6,EVT:E29|EVT:E36|EVT:E41
1.0,EVT:E34|EVT:E35|EVT:E41
1.0,EVT:E33|EVT:E35|EVT:E41
1.0,EVT:E32|EVT:E35|EVT:E41
1.0,EVT:E31|EVT:E35|EVT:E41
1.0,EVT:E30|EVT:E35|EVT:E41
1.0,EVT:E3|EVT:E35|EVT:E41
1.0,EVT:E28|EVT:E35|EVT:E41
1.0,EVT:E27|EVT:E35|EVT:E41
1.0,EVT:E25|EVT:E35|EVT:E41
1.0,EVT:E26|EVT:E35|EVT:E41
1.0,EVT:E24|EVT:E35|EVT:E41
1.0,EVT:E23|EVT:E35|EVT:E41
1.0,EVT:E2|EVT:E35|EVT:E41
1.0,EVT:E22|EVT:E35|EVT:E41
1.0,EVT:E21|EVT:E35|EVT:E41
1.0,EVT:E20|EVT:E35|EVT:E41
1.0,EVT:E18|EVT:E35|EVT:E41
1.0,EVT:E19|EVT:E35|EVT:E41
1.0,EVT:E17|EVT:E35|EVT:E41
1.0,EVT:E16|EVT:E35|EVT:E41
1.0,COMP:wsgi_server|EVT:E35|EVT:E41
1.0,EVT:E15|EVT:E35|EVT:E41
1.0,EVT:E14|EVT:E35|EVT:E41
1.0,EVT:E13|EVT:E35|EVT:E41
1.0,EVT:E12|EVT:E35|EVT:E41
1.0,EVT:E11|EVT:E35|EVT:E41
1.0,EVT:E10|EVT:E35|EVT:E41
1.0,EVT:E1|EVT:E35|EVT:E41
1.0,COMP:compute_server_external_events|EVT:E35|EVT:E41
1.0,COMP:openstack_wsgi|EVT:E35|EVT:E41
1.0,COMP:libvirt_imagecache|EVT:E35|EVT:E41
1.0,COMP:libvirt_driver|EVT:E35|EVT:E41
1.0,COMP:compute_manager|EVT:E35|EVT:E41
1.0,COMP:compute_resource_tracker|EVT:E35|EVT:E41
1.0,COMP:compute_claims|EVT:E35|EVT:E41
0.6,EVT:E29|EVT:E35|EVT:E41
1.0,EVT:E33|EVT:E34|EVT:E41
1.0,EVT:E32|EVT:E34|EVT:E41
1.0,EVT:E31|EVT:E34|EVT:E41
1.0,EVT:E30|EVT:E34|EVT:E41
1.0,EVT:E3|EVT:E34|EVT:E41
1.0,EVT:E28|EVT:E34|EVT:E41
1.0,EVT:E27|EVT:E34|EVT:E41
1.0,EVT:E25|EVT:E34|EVT:E41
1.0,EVT:E26|EVT:E34|EVT:E41
1.0,EVT:E24|EVT:E34|EVT:E41
1.0,EVT:E23|EVT:E34|EVT:E41
1.0,EVT:E2|EVT:E34|EVT:E41
1.0,EVT:E22|EVT:E34|EVT:E41
1.0,EVT:E21|EVT:E34|EVT:E41
1.0,EVT:E20|EVT:E34|EVT:E41
1.0,EVT:E18|EVT:E34|EVT:E41
1.0,EVT:E19|EVT:E34|EVT:E41
1.0,EVT:E17|EVT:E34|EVT:E41
1.0,EVT:E16|EVT:E34|EVT:E41
1.0,COMP:wsgi_server|EVT:E34|EVT:E41
1.0,EVT:E15|EVT:E34|EVT:E41
1.0,EVT:E14|EVT:E34|EVT:E41
1.0,EVT:E13|EVT:E34|EVT:E41
1.0,EVT:E12|EVT:E34|EVT:E41
1.0,EVT:E11|EVT:E34|EVT:E41
1.0,EVT:E10|EVT:E34|EVT:E41
1.0,EVT:E1|EVT:E34|EVT:E41
1.0,COMP:compute_server_external_events|EVT:E34|EVT:E41
1.0,COMP:openstack_wsgi|EVT:E34|EVT:E41
1.0,COMP:libvirt_imagecache|EVT:E34|EVT:E41
1.0,COMP:libvirt_driver|EVT:E34|EVT:E41
1.0,COMP:compute_manager|EVT:E34|EVT:E41
1.0,COMP:compute_resource_tracker|EVT:E34|EVT:E41
1.0,COMP:compute_claims|EVT:E34|EVT:E41
0.6,EVT:E29|EVT:E34|EVT:E41
1.0,EVT:E32|EVT:E33|EVT:E41
1.0,EVT:E31|EVT:E33|EVT:E41
1.0,EVT:E30|EVT:E33|EVT:E41
1.0,EVT:E3|EVT:E33|EVT:E41
1.0,EVT:E28|EVT:E33|EVT:E41
1.0,EVT:E27|EVT:E33|EVT:E41
1.0,EVT:E25|EVT:E33|EVT:E41
1.0,EVT:E26|EVT:E33|EVT:E41
1.0,EVT:E24|EVT:E33|EVT:E41
1.0,EVT:E23|EVT:E33|EVT:E41
1.0,EVT:E2|EVT:E33|EVT:E41
1.0,EVT:E22|EVT:E33|EVT:E41
1.0,EVT:E21|EVT:E33|EVT:E41
1.0,EVT:E20|EVT:E33|EVT:E41
1.0,EVT:E18|EVT:E33|EVT:E41
1.0,EVT:E19|EVT:E33|EVT:E41
1.0,EVT:E17|EVT:E33|EVT:E41
1.0,EVT:E16|EVT:E33|EVT:E41
1.0,COMP:wsgi_server|EVT:E33|EVT:E41
1.0,EVT:E15|EVT:E33|EVT:E41
1.0,EVT:E14|EVT:E33|EVT:E41
1.0,EVT:E13|EVT:E33|EVT:E41
1.0,EVT:E12|EVT:E33|EVT:E41
1.0,EVT:E11|EVT:E33|EVT:E41
1.0,EVT:E10|EVT:E33|EVT:E41
1.0,EVT:E1|EVT:E33|EVT:E41
1.0,COMP:compute_server_external_events|EVT:E33|EVT:E41
1.0,COMP:openstack_wsgi|EVT:E33|EVT:E41
1.0,COMP:libvirt_imagecache|EVT:E33|EVT:E41
1.0,COMP:libvirt_driver|EVT:E33|EVT:E41
1.0,COMP:compute_manager|EVT:E33|EVT:E41
1.0,COMP:compute_resource_tracker|EVT:E33|EVT:E41
1.0,COMP:compute_claims|EVT:E33|EVT:E41
0.6,EVT:E29|EVT:E33|EVT:E41
1.0,EVT:E31|EVT:E32|EVT:E41
1.0,EVT:E30|EVT:E32|EVT:E41
1.0,EVT:E3|EVT:E32|EVT:E41
1.0,EVT:E28|EVT:E32|EVT:E41
1.0,EVT:E27|EVT:E32|EVT:E41
1.0,EVT:E25|EVT:E32|EVT:E41
1.0,EVT:E26|EVT:E32|EVT:E41
1.0,EVT:E24|EVT:E32|EVT:E41
1.0,EVT:E23|EVT:E32|EVT:E41
1.0,EVT:E2|EVT:E32|EVT:E41
1.0,EVT:E22|EVT:E32|EVT:E41
1.0,EVT:E21|EVT:E32|EVT:E41
1.0,EVT:E20|EVT:E32|EVT:E41
1.0,EVT:E18|EVT:E32|EVT:E41
1.0,EVT:E19|EVT:E32|EVT:E41
1.0,EVT:E17|EVT:E32|EVT:E41
1.0,EVT:E16|EVT:E32|EVT:E41
1.0,COMP:wsgi_server|EVT:E32|EVT:E41
1.0,EVT:E15|EVT:E32|EVT:E41
1.0,EVT:E14|EVT:E32|EVT:E41
1.0,EVT:E13|EVT:E32|EVT:E41
1.0,EVT:E12|EVT:E32|EVT:E41
1.0,EVT:E11|EVT:E32|EVT:E41
1.0,EVT:E10|EVT:E32|EVT:E41
1.0,EVT:E1|EVT:E32|EVT:E41
1.0,COMP:compute_server_external_events|EVT:E32|EVT:E41
1.0,COMP:openstack_wsgi|EVT:E32|EVT:E41
1.0,COMP:libvirt_imagecache|EVT:E32|EVT:E41
1.0,COMP:libvirt_driver|EVT:E32|EVT:E41
1.0,COMP:compute_manager|EVT:E32|EVT:E41
1.0,COMP:compute_resource_tracker|EVT:E32|EVT:E41
1.0,COMP:compute_claims|EVT:E32|EVT:E41
0.6,EVT:E29|EVT:E32|EVT:E41
1.0,EVT:E30|EVT:E31|EVT:E41
1.0,EVT:E3|EVT:E31|EVT:E41
1.0,EVT:E28|EVT:E31|EVT:E41
1.0,EVT:E27|EVT:E31|EVT:E41
1.0,EVT:E25|EVT:E31|EVT:E41
1.0,EVT:E26|EVT:E31|EVT:E41
1.0,EVT:E24|EVT:E31|EVT:E41
1.0,EVT:E23|EVT:E31|EVT:E41
1.0,EVT:E2|EVT:E31|EVT:E41
1.0,EVT:E22|EVT:E31|EVT:E41
1.0,EVT:E21|EVT:E31|EVT:E41
1.0,EVT:E20|EVT:E31|EVT:E41
1.0,EVT:E18|EVT:E31|EVT:E41
1.0,EVT:E19|EVT:E31|EVT:E41
1.0,EVT:E17|EVT:E31|EVT:E41
1.0,EVT:E16|EVT:E31|EVT:E41
1.0,COMP:wsgi_server|EVT:E31|EVT:E41
1.0,EVT:E15|EVT:E31|EVT:E41
1.0,EVT:E14|EVT:E31|EVT:E41
1.0,EVT:E13|EVT:E31|EVT:E41
1.0,EVT:E12|EVT:E31|EVT:E41
1.0,EVT:E11|EVT:E31|EVT:E41
1.0,EVT:E10|EVT:E31|EVT:E41
1.0,EVT:E1|EVT:E31|EVT:E41
1.0,COMP:compute_server_external_events|EVT:E31|EVT:E41
1.0,COMP:openstack_wsgi|EVT:E31|EVT:E41
1.0,COMP:libvirt_imagecache|EVT:E31|EVT:E41
1.0,COMP:libvirt_driver|EVT:E31|EVT:E41
1.0,COMP:compute_manager|EVT:E31|EVT:E41
1.0,COMP:compute_resource_tracker|EVT:E31|EVT:E41
1.0,COMP:compute_claims|EVT:E31|EVT:E41
0.6,EVT:E29|EVT:E31|EVT:E41
1.0,EVT:E3|EVT:E30|EVT:E41
1.0,EVT:E28|EVT:E30|EVT:E41
1.0,EVT:E27|EVT:E30|EVT:E41
1.0,EVT:E25|EVT:E30|EVT:E41
1.0,EVT:E26|EVT:E30|EVT:E41
1.0,EVT:E24|EVT:E30|EVT:E41
1.0,EVT:E23|EVT:E30|EVT:E41
1.0,EVT:E2|EVT:E30|EVT:E41
1.0,EVT:E22|EVT:E30|EVT:E41
1.0,EVT:E21|EVT:E30|EVT:E41
1.0,EVT:E20|EVT:E30|EVT:E41
1.0,EVT:E18|EVT:E30|EVT:E41
1.0,EVT:E19|EVT:E30|EVT:E41
1.0,EVT:E17|EVT:E30|EVT:E41
1.0,EVT:E16|EVT:E30|EVT:E41
1.0,COMP:wsgi_server|EVT:E30|EVT:E41
1.0,EVT:E15|EVT:E30|EVT:E41
1.0,EVT:E14|EVT:E30|EVT:E41
1.0,EVT:E13|EVT:E30|EVT:E41
1.0,EVT:E12|EVT:E30|EVT:E41
1.0,EVT:E11|EVT:E30|EVT:E41
1.0,EVT:E10|EVT:E30|EVT:E41
1.0,EVT:E1|EVT:E30|EVT:E41
1.0,COMP:compute_server_external_events|EVT:E30|EVT:E41
1.0,COMP:openstack_wsgi|EVT:E30|EVT:E41
1.0,COMP:libvirt_imagecache|EVT:E30|EVT:E41
1.0,COMP:libvirt_driver|EVT:E30|EVT:E41
1.0,COMP:compute_manager|EVT:E30|EVT:E41
1.0,COMP:compute_resource_tracker|EVT:E30|EVT:E41
1.0,COMP:compute_claims|EVT:E30|EVT:E41
0.6,EVT:E29|EVT:E30|EVT:E41
1.0,EVT:E28|EVT:E3|EVT:E41
1.0,EVT:E27|EVT:E3|EVT:E41
1.0,EVT:E25|EVT:E3|EVT:E41
1.0,EVT:E26|EVT:E3|EVT:E41
1.0,EVT:E24|EVT:E3|EVT:E41
1.0,EVT:E23|EVT:E3|EVT:E41
1.0,EVT:E2|EVT:E3|EVT:E41
1.0,EVT:E22|EVT:E3|EVT:E41
1.0,EVT:E21|EVT:E3|EVT:E41
1.0,EVT:E20|EVT:E3|EVT:E41
1.0,EVT:E18|EVT:E3|EVT:E41
1.0,EVT:E19|EVT:E3|EVT:E41
1.0,EVT:E17|EVT:E3|EVT:E41
1.0,EVT:E16|EVT:E3|EVT:E41
1.0,COMP:wsgi_server|EVT:E3|EVT:E41
1.0,EVT:E15|EVT:E3|EVT:E41
1.0,EVT:E14|EVT:E3|EVT:E41
1.0,EVT:E13|EVT:E3|EVT:E41
1.0,EVT:E12|EVT:E3|EVT:E41
1.0,EVT:E11|EVT:E3|EVT:E41
1.0,EVT:E10|EVT:E3|EVT:E41
1.0,EVT:E1|EVT:E3|EVT:E41
1.0,COMP:compute_server_external_events|EVT:E3|EVT:E41
1.0,COMP:openstack_wsgi|EVT:E3|EVT:E41
1.0,COMP:libvirt_imagecache|EVT:E3|EVT:E41
1.0,COMP:libvirt_driver|EVT:E3|EVT:E41
1.0,COMP:compute_manager|EVT:E3|EVT:E41
1.0,COMP:compute_resource_tracker|EVT:E3|EVT:E41
1.0,COMP:compute_claims|EVT:E3|EVT:E41
0.6,EVT:E29|EVT:E3|EVT:E41
1.0,EVT:E27|EVT:E28|EVT:E41
1.0,EVT:E25|EVT:E28|EVT:E41
1.0,EVT:E26|EVT:E28|EVT:E41
1.0,EVT:E24|EVT:E28|EVT:E41
1.0,EVT:E23|EVT:E28|EVT:E41
1.0,EVT:E2|EVT:E28|EVT:E41
1.0,EVT:E22|EVT:E28|EVT:E41
1.0,EVT:E21|EVT:E28|EVT:E41
1.0,EVT:E20|EVT:E28|EVT:E41
1.0,EVT:E18|EVT:E28|EVT:E41
1.0,EVT:E19|EVT:E28|EVT:E41
1.0,EVT:E17|EVT:E28|EVT:E41
1.0,EVT:E16|EVT:E28|EVT:E41
1.0,COMP:wsgi_server|EVT:E28|EVT:E41
1.0,EVT:E15|EVT:E28|EVT:E41
1.0,EVT:E14|EVT:E28|EVT:E41
1.0,EVT:E13|EVT:E28|EVT:E41
1.0,EVT:E12|EVT:E28|EVT:E41
1.0,EVT:E11|EVT:E28|EVT:E41
1.0,EVT:E10|EVT:E28|EVT:E41
1.0,EVT:E1|EVT:E28|EVT:E41
1.0,COMP:compute_server_external_events|EVT:E28|EVT:E41
1.0,COMP:openstack_wsgi|EVT:E28|EVT:E41
1.0,COMP:libvirt_imagecache|EVT:E28|EVT:E41
1.0,COMP:libvirt_driver|EVT:E28|EVT:E41
1.0,COMP:compute_manager|EVT:E28|EVT:E41
1.0,COMP:compute_resource_tracker|EVT:E28|EVT:E41
1.0,COMP:compute_claims|EVT:E28|EVT:E41
0.6,EVT:E28|EVT:E29|EVT:E41
1.0,EVT:E25|EVT:E27|EVT:E41
1.0,EVT:E26|EVT:E27|EVT:E41
1.0,EVT:E24|EVT:E27|EVT:E41
1.0,EVT:E23|EVT:E27|EVT:E41
1.0,EVT:E2|EVT:E27|EVT:E41
1.0,EVT:E22|EVT:E27|EVT:E41
1.0,EVT:E21|EVT:E27|EVT:E41
1.0,EVT:E20|EVT:E27|EVT:E41
1.0,EVT:E18|EVT:E27|EVT:E41
1.0,EVT:E19|EVT:E27|EVT:E41
1.0,EVT:E17|EVT:E27|EVT:E41
1.0,EVT:E16|EVT:E27|EVT:E41
1.0,COMP:wsgi_server|EVT:E27|EVT:E41
1.0,EVT:E15|EVT:E27|EVT:E41
1.0,EVT:E14|EVT:E27|EVT:E41
1.0,EVT:E13|EVT:E27|EVT:E41
1.0,EVT:E12|EVT:E27|EVT:E41
1.0,EVT:E11|EVT:E27|EVT:E41
1.0,EVT:E10|EVT:E27|EVT:E41
1.0,EVT:E1|EVT:E27|EVT:E41
1.0,COMP:compute_server_external_events|EVT:E27|EVT:E41
1.0,COMP:openstack_wsgi|EVT:E27|EVT:E41
1.0,COMP:libvirt_imagecache|EVT:E27|EVT:E41
1.0,COMP:libvirt_driver|EVT:E27|EVT:E41
1.0,COMP:compute_manager|EVT:E27|EVT:E41
1.0,COMP:compute_resource_tracker|EVT:E27|EVT:E41
1.0,COMP:compute_claims|EVT:E27|EVT:E41
0.6,EVT:E27|EVT:E29|EVT:E41
1.0,EVT:E25|EVT:E26|EVT:E41
1.0,EVT:E24|EVT:E25|EVT:E41
1.0,EVT:E23|EVT:E25|EVT:E41
1.0,EVT:E2|EVT:E25|EVT:E41
1.0,EVT:E22|EVT:E25|EVT:E41
1.0,EVT:E21|EVT:E25|EVT:E41
1.0,EVT:E20|EVT:E25|EVT:E41
1.0,EVT:E18|EVT:E25|EVT:E41
1.0,EVT:E19|EVT:E25|EVT:E41
1.0,EVT:E17|EVT:E25|EVT:E41
1.0,EVT:E16|EVT:E25|EVT:E41
1.0,COMP:wsgi_server|EVT:E25|EVT:E41
1.0,EVT:E15|EVT:E25|EVT:E41
1.0,EVT:E14|EVT:E25|EVT:E41
1.0,EVT:E13|EVT:E25|EVT:E41
1.0,EVT:E12|EVT:E25|EVT:E41
1.0,EVT:E11|EVT:E25|EVT:E41
1.0,EVT:E10|EVT:E25|EVT:E41
1.0,EVT:E1|EVT:E25|EVT:E41
1.0,COMP:compute_server_external_events|EVT:E25|EVT:E41
1.0,COMP:openstack_wsgi|EVT:E25|EVT:E41
1.0,COMP:libvirt_imagecache|EVT:E25|EVT:E41
1.0,COMP:libvirt_driver|EVT:E25|EVT:E41
1.0,COMP:compute_manager|EVT:E25|EVT:E41
1.0,COMP:compute_resource_tracker|EVT:E25|EVT:E41
1.0,COMP:compute_claims|EVT:E25|EVT:E41
0.6,EVT:E25|EVT:E29|EVT:E41
1.0,EVT:E24|EVT:E26|EVT:E41
1.0,EVT:E23|EVT:E26|EVT:E41
1.0,EVT:E2|EVT:E26|EVT:E41
1.0,EVT:E22|EVT:E26|EVT:E41
1.0,EVT:E21|EVT:E26|EVT:E41
1.0,EVT:E20|EVT:E26|EVT:E41
1.0,EVT:E18|EVT:E26|EVT:E41
1.0,EVT:E19|EVT:E26|EVT:E41
1.0,EVT:E17|EVT:E26|EVT:E41
1.0,EVT:E16|EVT:E26|EVT:E41
1.0,COMP:wsgi_server|EVT:E26|EVT:E41
1.0,EVT:E15|EVT:E26|EVT:E41
1.0,EVT:E14|EVT:E26|EVT:E41
1.0,EVT:E13|EVT:E26|EVT:E41
1.0,EVT:E12|EVT:E26|EVT:E41
1.0,EVT:E11|EVT:E26|EVT:E41
1.0,EVT:E10|EVT:E26|EVT:E41
1.0,EVT:E1|EVT:E26|EVT:E41
1.0,COMP:compute_server_external_events|EVT:E26|EVT:E41
1.0,COMP:openstack_wsgi|EVT:E26|EVT:E41
1.0,COMP:libvirt_imagecache|EVT:E26|EVT:E41
1.0,COMP:libvirt_driver|EVT:E26|EVT:E41
1.0,COMP:compute_manager|EVT:E26|EVT:E41
1.0,COMP:compute_resource_tracker|EVT:E26|EVT:E41
1.0,COMP:compute_claims|EVT:E26|EVT:E41
0.6,EVT:E26|EVT:E29|EVT:E41
1.0,EVT:E23|EVT:E24|EVT:E41
1.0,EVT:E2|EVT:E24|EVT:E41
1.0,EVT:E22|EVT:E24|EVT:E41
1.0,EVT:E21|EVT:E24|EVT:E41
1.0,EVT:E20|EVT:E24|EVT:E41
1.0,EVT:E18|EVT:E24|EVT:E41
1.0,EVT:E19|EVT:E24|EVT:E41
1.0,EVT:E17|EVT:E24|EVT:E41
1.0,EVT:E16|EVT:E24|EVT:E41
1.0,COMP:wsgi_server|EVT:E24|EVT:E41
1.0,EVT:E15|EVT:E24|EVT:E41
1.0,EVT:E14|EVT:E24|EVT:E41
1.0,EVT:E13|EVT:E24|EVT:E41
1.0,EVT:E12|EVT:E24|EVT:E41
1.0,EVT:E11|EVT:E24|EVT:E41
1.0,EVT:E10|EVT:E24|EVT:E41
1.0,EVT:E1|EVT:E24|EVT:E41
1.0,COMP:compute_server_external_events|EVT:E24|EVT:E41
1.0,COMP:openstack_wsgi|EVT:E24|EVT:E41
1.0,COMP:libvirt_imagecache|EVT:E24|EVT:E41
1.0,COMP:libvirt_driver|EVT:E24|EVT:E41
1.0,COMP:compute_manager|EVT:E24|EVT:E41
1.0,COMP:compute_resource_tracker|EVT:E24|EVT:E41
1.0,COMP:compute_claims|EVT:E24|EVT:E41
0.6,EVT:E24|EVT:E29|EVT:E41
1.0,EVT:E2|EVT:E23|EVT:E41
1.0,EVT:E22|EVT:E23|EVT:E41
1.0,EVT:E21|EVT:E23|EVT:E41
1.0,EVT:E20|EVT:E23|EVT:E41
1.0,EVT:E18|EVT:E23|EVT:E41
1.0,EVT:E19|EVT:E23|EVT:E41
1.0,EVT:E17|EVT:E23|EVT:E41
1.0,EVT:E16|EVT:E23|EVT:E41
1.0,COMP:wsgi_server|EVT:E23|EVT:E41
1.0,EVT:E15|EVT:E23|EVT:E41
1.0,EVT:E14|EVT:E23|EVT:E41
1.0,EVT:E13|EVT:E23|EVT:E41
1.0,EVT:E12|EVT:E23|EVT:E41
1.0,EVT:E11|EVT:E23|EVT:E41
1.0,EVT:E10|EVT:E23|EVT:E41
1.0,EVT:E1|EVT:E23|EVT:E41
1.0,COMP:compute_server_external_events|EVT:E23|EVT:E41
1.0,COMP:openstack_wsgi|EVT:E23|EVT:E41
1.0,COMP:libvirt_imagecache|EVT:E23|EVT:E41
1.0,COMP:libvirt_driver|EVT:E23|EVT:E41
1.0,COMP:compute_manager|EVT:E23|EVT:E41
1.0,COMP:compute_resource_tracker|EVT:E23|EVT:E41
1.0,COMP:compute_claims|EVT:E23|EVT:E41
0.6,EVT:E23|EVT:E29|EVT:E41
1.0,EVT:E2|EVT:E22|EVT:E41
1.0,EVT:E2|EVT:E21|EVT:E41
1.0,EVT:E2|EVT:E20|EVT:E41
1.0,EVT:E18|EVT:E2|EVT:E41
1.0,EVT:E19|EVT:E2|EVT:E41
1.0,EVT:E17|EVT:E2|EVT:E41
1.0,EVT:E16|EVT:E2|EVT:E41
1.0,COMP:wsgi_server|EVT:E2|EVT:E41
1.0,EVT:E15|EVT:E2|EVT:E41
1.0,EVT:E14|EVT:E2|EVT:E41
1.0,EVT:E13|EVT:E2|EVT:E41
1.0,EVT:E12|EVT:E2|EVT:E41
1.0,EVT:E11|EVT:E2|EVT:E41
1.0,EVT:E10|EVT:E2|EVT:E41
1.0,EVT:E1|EVT:E2|EVT:E41
1.0,COMP:compute_server_external_events|EVT:E2|EVT:E41
1.0,COMP:openstack_wsgi|EVT:E2|EVT:E41
1.0,COMP:libvirt_imagecache|EVT:E2|EVT:E41
1.0,COMP:libvirt_driver|EVT:E2|EVT:E41
1.0,COMP:compute_manager|EVT:E2|EVT:E41
1.0,COMP:compute_resource_tracker|EVT:E2|EVT:E41
1.0,COMP:compute_claims|EVT:E2|EVT:E41
0.6,EVT:E2|EVT:E29|EVT:E41
1.0,EVT:E21|EVT:E22|EVT:E41
1.0,EVT:E20|EVT:E22|EVT:E41
1.0,EVT:E18|EVT:E22|EVT:E41
1.0,EVT:E19|EVT:E22|EVT:E41
1.0,EVT:E17|EVT:E22|EVT:E41
1.0,EVT:E16|EVT:E22|EVT:E41
1.0,COMP:wsgi_server|EVT:E22|EVT:E41
1.0,EVT:E15|EVT:E22|EVT:E41
1.0,EVT:E14|EVT:E22|EVT:E41
1.0,EVT:E13|EVT:E22|EVT:E41
1.0,EVT:E12|EVT:E22|EVT:E41
1.0,EVT:E11|EVT:E22|EVT:E41
1.0,EVT:E10|EVT:E22|EVT:E41
1.0,EVT:E1|EVT:E22|EVT:E41
1.0,COMP:compute_server_external_events|EVT:E22|EVT:E41
1.0,COMP:openstack_wsgi|EVT:E22|EVT:E41
1.0,COMP:libvirt_imagecache|EVT:E22|EVT:E41
1.0,COMP:libvirt_driver|EVT:E22|EVT:E41
1.0,COMP:compute_manager|EVT:E22|EVT:E41
1.0,COMP:compute_resource_tracker|EVT:E22|EVT:E41
1.0,COMP:compute_claims|EVT:E22|EVT:E41
0.6,EVT:E22|EVT:E29|EVT:E41
1.0,EVT:E20|EVT:E21|EVT:E41
1.0,EVT:E18|EVT:E21|EVT:E41
1.0,EVT:E19|EVT:E21|EVT:E41
1.0,EVT:E17|EVT:E21|EVT:E41
1.0,EVT:E16|EVT:E21|EVT:E41
1.0,COMP:wsgi_server|EVT:E21|EVT:E41
1.0,EVT:E15|EVT:E21|EVT:E41
1.0,EVT:E14|EVT:E21|EVT:E41
1.0,EVT:E13|EVT:E21|EVT:E41
1.0,EVT:E12|EVT:E21|EVT:E41
1.0,EVT:E11|EVT:E21|EVT:E41
1.0,EVT:E10|EVT:E21|EVT:E41
1.0,EVT:E1|EVT:E21|EVT:E41
1.0,COMP:compute_server_external_events|EVT:E21|EVT:E41
1.0,COMP:openstack_wsgi|EVT:E21|EVT:E41
1.0,COMP:libvirt_imagecache|EVT:E21|EVT:E41
1.0,COMP:libvirt_driver|EVT:E21|EVT:E41
1.0,COMP:compute_manager|EVT:E21|EVT:E41
1.0,COMP:compute_resource_tracker|EVT:E21|EVT:E41
1.0,COMP:compute_claims|EVT:E21|EVT:E41
0.6,EVT:E21|EVT:E29|EVT:E41
1.0,EVT:E18|EVT:E20|EVT:E41
1.0,EVT:E19|EVT:E20|EVT:E41
1.0,EVT:E17|EVT:E20|EVT:E41
1.0,EVT:E16|EVT:E20|EVT:E41
1.0,COMP:wsgi_server|EVT:E20|EVT:E41
1.0,EVT:E15|EVT:E20|EVT:E41
1.0,EVT:E14|EVT:E20|EVT:E41
1.0,EVT:E13|EVT:E20|EVT:E41
1.0,EVT:E12|EVT:E20|EVT:E41
1.0,EVT:E11|EVT:E20|EVT:E41
1.0,EVT:E10|EVT:E20|EVT:E41
1.0,EVT:E1|EVT:E20|EVT:E41
1.0,COMP:compute_server_external_events|EVT:E20|EVT:E41
1.0,COMP:openstack_wsgi|EVT:E20|EVT:E41
1.0,COMP:libvirt_imagecache|EVT:E20|EVT:E41
1.0,COMP:libvirt_driver|EVT:E20|EVT:E41
1.0,COMP:compute_manager|EVT:E20|EVT:E41
1.0,COMP:compute_resource_tracker|EVT:E20|EVT:E41
1.0,COMP:compute_claims|EVT:E20|EVT:E41
0.6,EVT:E20|EVT:E29|EVT:E41
1.0,EVT:E18|EVT:E19|EVT:E41
1.0,EVT:E17|EVT:E18|EVT:E41
1.0,EVT:E16|EVT:E18|EVT:E41
1.0,COMP:wsgi_server|EVT:E18|EVT:E41
1.0,EVT:E15|EVT:E18|EVT:E41
1.0,EVT:E14|EVT:E18|EVT:E41
1.0,EVT:E13|EVT:E18|EVT:E41
1.0,EVT:E12|EVT:E18|EVT:E41
1.0,EVT:E11|EVT:E18|EVT:E41
1.0,EVT:E10|EVT:E18|EVT:E41
1.0,EVT:E1|EVT:E18|EVT:E41
1.0,COMP:compute_server_external_events|EVT:E18|EVT:E41
1.0,COMP:openstack_wsgi|EVT:E18|EVT:E41
1.0,COMP:libvirt_imagecache|EVT:E18|EVT:E41
1.0,COMP:libvirt_driver|EVT:E18|EVT:E41
1.0,COMP:compute_manager|EVT:E18|EVT:E41
1.0,COMP:compute_resource_tracker|EVT:E18|EVT:E41
1.0,COMP:compute_claims|EVT:E18|EVT:E41
0.6,EVT:E18|EVT:E29|EVT:E41
1.0,EVT:E17|EVT:E19|EVT:E41
1.0,EVT:E16|EVT:E19|EVT:E41
1.0,COMP:wsgi_server|EVT:E19|EVT:E41
1.0,EVT:E15|EVT:E19|EVT:E41
1.0,EVT:E14|EVT:E19|EVT:E41
1.0,EVT:E13|EVT:E19|EVT:E41
1.0,EVT:E12|EVT:E19|EVT:E41
1.0,EVT:E11|EVT:E19|EVT:E41
1.0,EVT:E10|EVT:E19|EVT:E41
1.0,EVT:E1|EVT:E19|EVT:E41
1.0,COMP:compute_server_external_events|EVT:E19|EVT:E41
1.0,COMP:openstack_wsgi|EVT:E19|EVT:E41
1.0,COMP:libvirt_imagecache|EVT:E19|EVT:E41
1.0,COMP:libvirt_driver|EVT:E19|EVT:E41
1.0,COMP:compute_manager|EVT:E19|EVT:E41
1.0,COMP:compute_resource_tracker|EVT:E19|EVT:E41
1.0,COMP:compute_claims|EVT:E19|EVT:E41
0.6,EVT:E19|EVT:E29|EVT:E41
1.0,EVT:E16|EVT:E17|EVT:E41
1.0,COMP:wsgi_server|EVT:E17|EVT:E41
1.0,EVT:E15|EVT:E17|EVT:E41
1.0,EVT:E14|EVT:E17|EVT:E41
1.0,EVT:E13|EVT:E17|EVT:E41
1.0,EVT:E12|EVT:E17|EVT:E41
1.0,EVT:E11|EVT:E17|EVT:E41
1.0,EVT:E10|EVT:E17|EVT:E41
1.0,EVT:E1|EVT:E17|EVT:E41
1.0,COMP:compute_server_external_events|EVT:E17|EVT:E41
1.0,COMP:openstack_wsgi|EVT:E17|EVT:E41
1.0,COMP:libvirt_imagecache|EVT:E17|EVT:E41
1.0,COMP:libvirt_driver|EVT:E17|EVT:E41
1.0,COMP:compute_manager|EVT:E17|EVT:E41
1.0,COMP:compute_resource_tracker|EVT:E17|EVT:E41
1.0,COMP:compute_claims|EVT:E17|EVT:E41
0.6,EVT:E17|EVT:E29|EVT:E41
1.0,COMP:wsgi_server|EVT:E16|EVT:E41
1.0,EVT:E15|EVT:E16|EVT:E41
1.0,EVT:E14|EVT:E16|EVT:E41
1.0,EVT:E13|EVT:E16|EVT:E41
1.0,EVT:E12|EVT:E16|EVT:E41
1.0,EVT:E11|EVT:E16|EVT:E41
1.0,EVT:E10|EVT:E16|EVT:E41
1.0,EVT:E1|EVT:E16|EVT:E41
1.0,COMP:compute_server_external_events|EVT:E16|EVT:E41
1.0,COMP:openstack_wsgi|EVT:E16|EVT:E41
1.0,COMP:libvirt_imagecache|EVT:E16|EVT:E41
1.0,COMP:libvirt_driver|EVT:E16|EVT:E41
1.0,COMP:compute_manager|EVT:E16|EVT:E41
1.0,COMP:compute_resource_tracker|EVT:E16|EVT:E41
1.0,COMP:compute_claims|EVT:E16|EVT:E41
0.6,EVT:E16|EVT:E29|EVT:E41
1.0,COMP:wsgi_server|EVT:E15|EVT:E41
1.0,COMP:wsgi_server|EVT:E14|EVT:E41
1.0,COMP:wsgi_server|EVT:E13|EVT:E41
1.0,COMP:wsgi_server|EVT:E12|EVT:E41
1.0,COMP:wsgi_server|EVT:E11|EVT:E41
1.0,COMP:wsgi_server|EVT:E10|EVT:E41
1.0,COMP:wsgi_server|EVT:E1|EVT:E41
1.0,COMP:compute_server_external_events|COMP:wsgi_server|EVT:E41
1.0,COMP:openstack_wsgi|COMP:wsgi_server|EVT:E41
1.0,COMP:libvirt_imagecache|COMP:wsgi_server|EVT:E41
1.0,COMP:libvirt_driver|COMP:wsgi_server|EVT:E41
1.0,COMP:compute_manager|COMP:wsgi_server|EVT:E41
1.0,COMP:compute_resource_tracker|COMP:wsgi_server|EVT:E41
1.0,COMP:compute_claims|COMP:wsgi_server|EVT:E41
0.6,COMP:wsgi_server|EVT:E29|EVT:E41
1.0,EVT:E14|EVT:E15|EVT:E41
1.0,EVT:E13|EVT:E15|EVT:E41
1.0,EVT:E12|EVT:E15|EVT:E41
1.0,EVT:E11|EVT:E15|EVT:E41
1.0,EVT:E10|EVT:E15|EVT:E41
1.0,EVT:E1|EVT:E15|EVT:E41
1.0,COMP:compute_server_external_events|EVT:E15|EVT:E41
1.0,COMP:openstack_wsgi|EVT:E15|EVT:E41
1.0,COMP:libvirt_imagecache|EVT:E15|EVT:E41
1.0,COMP:libvirt_driver|EVT:E15|EVT:E41
1.0,COMP:compute_manager|EVT:E15|EVT:E41
1.0,COMP:compute_resource_tracker|EVT:E15|EVT:E41
1.0,COMP:compute_claims|EVT:E15|EVT:E41
0.6,EVT:E15|EVT:E29|EVT:E41
1.0,EVT:E13|EVT:E14|EVT:E41
1.0,EVT:E12|EVT:E14|EVT:E41
1.0,EVT:E11|EVT:E14|EVT:E41
1.0,EVT:E10|EVT:E14|EVT:E41
1.0,EVT:E1|EVT:E14|EVT:E41
1.0,COMP:compute_server_external_events|EVT:E14|EVT:E41
1.0,COMP:openstack_wsgi|EVT:E14|EVT:E41
1.0,COMP:libvirt_imagecache|EVT:E14|EVT:E41
1.0,COMP:libvirt_driver|EVT:E14|EVT:E41
1.0,COMP:compute_manager|EVT:E14|EVT:E41
1.0,COMP:compute_resource_tracker|EVT:E14|EVT:E41
1.0,COMP:compute_claims|EVT:E14|EVT:E41
0.6,EVT:E14|EVT:E29|EVT:E41
1.0,EVT:E12|EVT:E13|EVT:E41
1.0,EVT:E11|EVT:E13|EVT:E41
1.0,EVT:E10|EVT:E13|EVT:E41
1.0,EVT:E1|EVT:E13|EVT:E41
1.0,COMP:compute_server_external_events|EVT:E13|EVT:E41
1.0,COMP:openstack_wsgi|EVT:E13|EVT:E41
1.0,COMP:libvirt_imagecache|EVT:E13|EVT:E41
1.0,COMP:libvirt_driver|EVT:E13|EVT:E41
1.0,COMP:compute_manager|EVT:E13|EVT:E41
1.0,COMP:compute_resource_tracker|EVT:E13|EVT:E41
1.0,COMP:compute_claims|EVT:E13|EVT:E41
0.6,EVT:E13|EVT:E29|EVT:E41
1.0,EVT:E11|EVT:E12|EVT:E41
1.0,EVT:E10|EVT:E12|EVT:E41
1.0,EVT:E1|EVT:E12|EVT:E41
1.0,COMP:compute_server_external_events|EVT:E12|EVT:E41
1.0,COMP:openstack_wsgi|EVT:E12|EVT:E41
1.0,COMP:libvirt_imagecache|EVT:E12|EVT:E41
1.0,COMP:libvirt_driver|EVT:E12|EVT:E41
1.0,COMP:compute_manager|EVT:E12|EVT:E41
1.0,COMP:compute_resource_tracker|EVT:E12|EVT:E41
1.0,COMP:compute_claims|EVT:E12|EVT:E41
0.6,EVT:E12|EVT:E29|EVT:E41
1.0,EVT:E10|EVT:E11|EVT:E41
1.0,EVT:E1|EVT:E11|EVT:E41
1.0,COMP:compute_server_external_events|EVT:E11|EVT:E41
1.0,COMP:openstack_wsgi|EVT:E11|EVT:E41
1.0,COMP:libvirt_imagecache|EVT:E11|EVT:E41
1.0,COMP:libvirt_driver|EVT:E11|EVT:E41
1.0,COMP:compute_manager|EVT:E11|EVT:E41
1.0,COMP:compute_resource_tracker|EVT:E11|EVT:E41
1.0,COMP:compute_claims|EVT:E11|EVT:E41
0.6,EVT:E11|EVT:E29|EVT:E41
1.0,EVT:E1|EVT:E10|EVT:E41
1.0,COMP:compute_server_external_events|EVT:E10|EVT:E41
1.0,COMP:openstack_wsgi|EVT:E10|EVT:E41
1.0,COMP:libvirt_imagecache|EVT:E10|EVT:E41
1.0,COMP:libvirt_driver|EVT:E10|EVT:E41
1.0,COMP:compute_manager|EVT:E10|EVT:E41
1.0,COMP:compute_resource_tracker|EVT:E10|EVT:E41
1.0,COMP:compute_claims|EVT:E10|EVT:E41
0.6,EVT:E10|EVT:E29|EVT:E41
1.0,COMP:compute_server_external_events|EVT:E1|EVT:E41
1.0,COMP:openstack_wsgi|EVT:E1|EVT:E41
1.0,COMP:libvirt_imagecache|EVT:E1|EVT:E41
1.0,COMP:libvirt_driver|EVT:E1|EVT:E41
1.0,COMP:compute_manager|EVT:E1|EVT:E41
1.0,COMP:compute_resource_tracker|EVT:E1|EVT:E41
1.0,COMP:compute_claims|EVT:E1|EVT:E41
0.6,EVT:E1|EVT:E29|EVT:E41
1.0,COMP:compute_server_external_events|COMP:openstack_wsgi|EVT:E41
1.0,COMP:compute_server_external_events|COMP:libvirt_imagecache|EVT:E41
1.0,COMP:compute_server_external_events|COMP:libvirt_driver|EVT:E41
1.0,COMP:compute_manager|COMP:compute_server_external_events|EVT:E41
1.0,COMP:compute_resource_tracker|COMP:compute_server_external_events|EVT:E41
1.0,COMP:compute_claims|COMP:compute_server_external_events|EVT:E41
0.6,COMP:compute_server_external_events|EVT:E29|EVT:E41
1.0,COMP:libvirt_imagecache|COMP:openstack_wsgi|EVT:E41
1.0,COMP:libvirt_driver|COMP:openstack_wsgi|EVT:E41
1.0,COMP:compute_manager|COMP:openstack_wsgi|EVT:E41
1.0,COMP:compute_resource_tracker|COMP:openstack_wsgi|EVT:E41
1.0,COMP:compute_claims|COMP:openstack_wsgi|EVT:E41
0.6,COMP:openstack_wsgi|EVT:E29|EVT:E41
1.0,COMP:libvirt_driver|COMP:libvirt_imagecache|EVT:E41
1.0,COMP:compute_manager|COMP:libvirt_imagecache|EVT:E41
1.0,COMP:compute_resource_tracker|COMP:libvirt_imagecache|EVT:E41
1.0,COMP:compute_claims|COMP:libvirt_imagecache|EVT:E41
0.6,COMP:libvirt_imagecache|EVT:E29|EVT:E41
1.0,COMP:compute_manager|COMP:libvirt_driver|EVT:E41
1.0,COMP:compute_resource_tracker|COMP:libvirt_driver|EVT:E41
1.0,COMP:compute_claims|COMP:libvirt_driver|EVT:E41
0.6,COMP:libvirt_driver|EVT:E29|EVT:E41
1.0,COMP:compute_manager|COMP:compute_resource_tracker|EVT:E41
1.0,COMP:compute_claims|COMP:compute_manager|EVT:E41
0.6,COMP:compute_manager|EVT:E29|EVT:E41
1.0,COMP:compute_claims|COMP:compute_resource_tracker|EVT:E41
0.6,COMP:compute_resource_tracker|EVT:E29|EVT:E41
0.6,COMP:compute_claims|EVT:E29|EVT:E41
1.0,EVT:E36|EVT:E37|EVT:E4
1.0,EVT:E35|EVT:E37|EVT:E4
1.0,EVT:E34|EVT:E37|EVT:E4
1.0,EVT:E33|EVT:E37|EVT:E4
1.0,EVT:E32|EVT:E37|EVT:E4
1.0,EVT:E31|EVT:E37|EVT:E4
1.0,EVT:E30|EVT:E37|EVT:E4
1.0,EVT:E3|EVT:E37|EVT:E4
1.0,EVT:E28|EVT:E37|EVT:E4
1.0,EVT:E27|EVT:E37|EVT:E4
1.0,EVT:E25|EVT:E37|EVT:E4
1.0,EVT:E26|EVT:E37|EVT:E4
1.0,EVT:E24|EVT:E37|EVT:E4
1.0,EVT:E23|EVT:E37|EVT:E4
1.0,EVT:E2|EVT:E37|EVT:E4
1.0,EVT:E22|EVT:E37|EVT:E4
1.0,EVT:E21|EVT:E37|EVT:E4
1.0,EVT:E20|EVT:E37|EVT:E4
1.0,EVT:E18|EVT:E37|EVT:E4
1.0,EVT:E19|EVT:E37|EVT:E4
1.0,EVT:E17|EVT:E37|EVT:E4
1.0,EVT:E16|EVT:E37|EVT:E4
1.0,COMP:wsgi_server|EVT:E37|EVT:E4
1.0,EVT:E15|EVT:E37|EVT:E4
1.0,EVT:E14|EVT:E37|EVT:E4
1.0,EVT:E13|EVT:E37|EVT:E4
1.0,EVT:E12|EVT:E37|EVT:E4
1.0,EVT:E11|EVT:E37|EVT:E4
1.0,EVT:E10|EVT:E37|EVT:E4
1.0,EVT:E1|EVT:E37|EVT:E4
1.0,COMP:compute_server_external_events|EVT:E37|EVT:E4
1.0,COMP:openstack_wsgi|EVT:E37|EVT:E4
1.0,COMP:libvirt_imagecache|EVT:E37|EVT:E4
1.0,COMP:libvirt_driver|EVT:E37|EVT:E4
1.0,COMP:compute_manager|EVT:E37|EVT:E4
1.0,COMP:compute_resource_tracker|EVT:E37|EVT:E4
1.0,COMP:compute_claims|EVT:E37|EVT:E4
0.6,EVT:E29|EVT:E37|EVT:E4
1.0,EVT:E35|EVT:E36|EVT:E4
1.0,EVT:E34|EVT:E36|EVT:E4
1.0,EVT:E33|EVT:E36|EVT:E4
1.0,EVT:E32|EVT:E36|EVT:E4
1.0,EVT:E31|EVT:E36|EVT:E4
1.0,EVT:E30|EVT:E36|EVT:E4
1.0,EVT:E3|EVT:E36|EVT:E4
1.0,EVT:E28|EVT:E36|EVT:E4
1.0,EVT:E27|EVT:E36|EVT:E4
1.0,EVT:E25|EVT:E36|EVT:E4
1.0,EVT:E26|EVT:E36|EVT:E4
1.0,EVT:E24|EVT:E36|EVT:E4
1.0,EVT:E23|EVT:E36|EVT:E4
1.0,EVT:E2|EVT:E36|EVT:E4
1.0,EVT:E22|EVT:E36|EVT:E4
1.0,EVT:E21|EVT:E36|EVT:E4
1.0,EVT:E20|EVT:E36|EVT:E4
1.0,EVT:E18|EVT:E36|EVT:E4
1.0,EVT:E19|EVT:E36|EVT:E4
1.0,EVT:E17|EVT:E36|EVT:E4
1.0,EVT:E16|EVT:E36|EVT:E4
1.0,COMP:wsgi_server|EVT:E36|EVT:E4
1.0,EVT:E15|EVT:E36|EVT:E4
1.0,EVT:E14|EVT:E36|EVT:E4
1.0,EVT:E13|EVT:E36|EVT:E4
1.0,EVT:E12|EVT:E36|EVT:E4
1.0,EVT:E11|EVT:E36|EVT:E4
1.0,EVT:E10|EVT:E36|EVT:E4
1.0,EVT:E1|EVT:E36|EVT:E4
1.0,COMP:compute_server_external_events|EVT:E36|EVT:E4
1.0,COMP:openstack_wsgi|EVT:E36|EVT:E4
1.0,COMP:libvirt_imagecache|EVT:E36|EVT:E4
1.0,COMP:libvirt_driver|EVT:E36|EVT:E4
1.0,COMP:compute_manager|EVT:E36|EVT:E4
1.0,COMP:compute_resource_tracker|EVT:E36|EVT:E4
1.0,COMP:compute_claims|EVT:E36|EVT:E4
0.6,EVT:E29|EVT:E36|EVT:E4
1.0,EVT:E34|EVT:E35|EVT:E4
1.0,EVT:E33|EVT:E35|EVT:E4
1.0,EVT:E32|EVT:E35|EVT:E4
1.0,EVT:E31|EVT:E35|EVT:E4
1.0,EVT:E30|EVT:E35|EVT:E4
1.0,EVT:E3|EVT:E35|EVT:E4
1.0,EVT:E28|EVT:E35|EVT:E4
1.0,EVT:E27|EVT:E35|EVT:E4
1.0,EVT:E25|EVT:E35|EVT:E4
1.0,EVT:E26|EVT:E35|EVT:E4
1.0,EVT:E24|EVT:E35|EVT:E4
1.0,EVT:E23|EVT:E35|EVT:E4
1.0,EVT:E2|EVT:E35|EVT:E4
1.0,EVT:E22|EVT:E35|EVT:E4
1.0,EVT:E21|EVT:E35|EVT:E4
1.0,EVT:E20|EVT:E35|EVT:E4
1.0,EVT:E18|EVT:E35|EVT:E4
1.0,EVT:E19|EVT:E35|EVT:E4
1.0,EVT:E17|EVT:E35|EVT:E4
1.0,EVT:E16|EVT:E35|EVT:E4
1.0,COMP:wsgi_server|EVT:E35|EVT:E4
1.0,EVT:E15|EVT:E35|EVT:E4
1.0,EVT:E14|EVT:E35|EVT:E4
1.0,EVT:E13|EVT:E35|EVT:E4
1.0,EVT:E12|EVT:E35|EVT:E4
1.0,EVT:E11|EVT:E35|EVT:E4
1.0,EVT:E10|EVT:E35|EVT:E4
1.0,EVT:E1|EVT:E35|EVT:E4
1.0,COMP:compute_server_external_events|EVT:E35|EVT:E4
1.0,COMP:openstack_wsgi|EVT:E35|EVT:E4
1.0,COMP:libvirt_imagecache|EVT:E35|EVT:E4
1.0,COMP:libvirt_driver|EVT:E35|EVT:E4
1.0,COMP:compute_manager|EVT:E35|EVT:E4
1.0,COMP:compute_resource_tracker|EVT:E35|EVT:E4
1.0,COMP:compute_claims|EVT:E35|EVT:E4
0.6,EVT:E29|EVT:E35|EVT:E4
1.0,EVT:E33|EVT:E34|EVT:E4
1.0,EVT:E32|EVT:E34|EVT:E4
1.0,EVT:E31|EVT:E34|EVT:E4
1.0,EVT:E30|EVT:E34|EVT:E4
1.0,EVT:E3|EVT:E34|EVT:E4
1.0,EVT:E28|EVT:E34|EVT:E4
1.0,EVT:E27|EVT:E34|EVT:E4
1.0,EVT:E25|EVT:E34|EVT:E4
1.0,EVT:E26|EVT:E34|EVT:E4
1.0,EVT:E24|EVT:E34|EVT:E4
1.0,EVT:E23|EVT:E34|EVT:E4
1.0,EVT:E2|EVT:E34|EVT:E4
1.0,EVT:E22|EVT:E34|EVT:E4
1.0,EVT:E21|EVT:E34|EVT:E4
1.0,EVT:E20|EVT:E34|EVT:E4
1.0,EVT:E18|EVT:E34|EVT:E4
1.0,EVT:E19|EVT:E34|EVT:E4
1.0,EVT:E17|EVT:E34|EVT:E4
1.0,EVT:E16|EVT:E34|EVT:E4
1.0,COMP:wsgi_server|EVT:E34|EVT:E4
1.0,EVT:E15|EVT:E34|EVT:E4
1.0,EVT:E14|EVT:E34|EVT:E4
1.0,EVT:E13|EVT:E34|EVT:E4
1.0,EVT:E12|EVT:E34|EVT:E4
1.0,EVT:E11|EVT:E34|EVT:E4
1.0,EVT:E10|EVT:E34|EVT:E4
1.0,EVT:E1|EVT:E34|EVT:E4
1.0,COMP:compute_server_external_events|EVT:E34|EVT:E4
1.0,COMP:openstack_wsgi|EVT:E34|EVT:E4
1.0,COMP:libvirt_imagecache|EVT:E34|EVT:E4
1.0,COMP:libvirt_driver|EVT:E34|EVT:E4
1.0,COMP:compute_manager|EVT:E34|EVT:E4
1.0,COMP:compute_resource_tracker|EVT:E34|EVT:E4
1.0,COMP:compute_claims|EVT:E34|EVT:E4
0.6,EVT:E29|EVT:E34|EVT:E4
1.0,EVT:E32|EVT:E33|EVT:E4
1.0,EVT:E31|EVT:E33|EVT:E4
1.0,EVT:E30|EVT:E33|EVT:E4
1.0,EVT:E3|EVT:E33|EVT:E4
1.0,EVT:E28|EVT:E33|EVT:E4
1.0,EVT:E27|EVT:E33|EVT:E4
1.0,EVT:E25|EVT:E33|EVT:E4
1.0,EVT:E26|EVT:E33|EVT:E4
1.0,EVT:E24|EVT:E33|EVT:E4
1.0,EVT:E23|EVT:E33|EVT:E4
1.0,EVT:E2|EVT:E33|EVT:E4
1.0,EVT:E22|EVT:E33|EVT:E4
1.0,EVT:E21|EVT:E33|EVT:E4
1.0,EVT:E20|EVT:E33|EVT:E4
1.0,EVT:E18|EVT:E33|EVT:E4
1.0,EVT:E19|EVT:E33|EVT:E4
1.0,EVT:E17|EVT:E33|EVT:E4
1.0,EVT:E16|EVT:E33|EVT:E4
1.0,COMP:wsgi_server|EVT:E33|EVT:E4
1.0,EVT:E15|EVT:E33|EVT:E4
1.0,EVT:E14|EVT:E33|EVT:E4
1.0,EVT:E13|EVT:E33|EVT:E4
1.0,EVT:E12|EVT:E33|EVT:E4
1.0,EVT:E11|EVT:E33|EVT:E4
1.0,EVT:E10|EVT:E33|EVT:E4
1.0,EVT:E1|EVT:E33|EVT:E4
1.0,COMP:compute_server_external_events|EVT:E33|EVT:E4
1.0,COMP:openstack_wsgi|EVT:E33|EVT:E4
1.0,COMP:libvirt_imagecache|EVT:E33|EVT:E4
1.0,COMP:libvirt_driver|EVT:E33|EVT:E4
1.0,COMP:compute_manager|EVT:E33|EVT:E4
1.0,COMP:compute_resource_tracker|EVT:E33|EVT:E4
1.0,COMP:compute_claims|EVT:E33|EVT:E4
0.6,EVT:E29|EVT:E33|EVT:E4
1.0,EVT:E31|EVT:E32|EVT:E4
1.0,EVT:E30|EVT:E32|EVT:E4
1.0,EVT:E3|EVT:E32|EVT:E4
1.0,EVT:E28|EVT:E32|EVT:E4
1.0,EVT:E27|EVT:E32|EVT:E4
1.0,EVT:E25|EVT:E32|EVT:E4
1.0,EVT:E26|EVT:E32|EVT:E4
1.0,EVT:E24|EVT:E32|EVT:E4
1.0,EVT:E23|EVT:E32|EVT:E4
1.0,EVT:E2|EVT:E32|EVT:E4
1.0,EVT:E22|EVT:E32|EVT:E4
1.0,EVT:E21|EVT:E32|EVT:E4
1.0,EVT:E20|EVT:E32|EVT:E4
1.0,EVT:E18|EVT:E32|EVT:E4
1.0,EVT:E19|EVT:E32|EVT:E4
1.0,EVT:E17|EVT:E32|EVT:E4
1.0,EVT:E16|EVT:E32|EVT:E4
1.0,COMP:wsgi_server|EVT:E32|EVT:E4
1.0,EVT:E15|EVT:E32|EVT:E4
1.0,EVT:E14|EVT:E32|EVT:E4
1.0,EVT:E13|EVT:E32|EVT:E4
1.0,EVT:E12|EVT:E32|EVT:E4
1.0,EVT:E11|EVT:E32|EVT:E4
1.0,EVT:E10|EVT:E32|EVT:E4
1.0,EVT:E1|EVT:E32|EVT:E4
1.0,COMP:compute_server_external_events|EVT:E32|EVT:E4
1.0,COMP:openstack_wsgi|EVT:E32|EVT:E4
1.0,COMP:libvirt_imagecache|EVT:E32|EVT:E4
1.0,COMP:libvirt_driver|EVT:E32|EVT:E4
1.0,COMP:compute_manager|EVT:E32|EVT:E4
1.0,COMP:compute_resource_tracker|EVT:E32|EVT:E4
1.0,COMP:compute_claims|EVT:E32|EVT:E4
0.6,EVT:E29|EVT:E32|EVT:E4
1.0,EVT:E30|EVT:E31|EVT:E4
1.0,EVT:E3|EVT:E31|EVT:E4
1.0,EVT:E28|EVT:E31|EVT:E4
1.0,EVT:E27|EVT:E31|EVT:E4
1.0,EVT:E25|EVT:E31|EVT:E4
1.0,EVT:E26|EVT:E31|EVT:E4
1.0,EVT:E24|EVT:E31|EVT:E4
1.0,EVT:E23|EVT:E31|EVT:E4
1.0,EVT:E2|EVT:E31|EVT:E4
1.0,EVT:E22|EVT:E31|EVT:E4
1.0,EVT:E21|EVT:E31|EVT:E4
1.0,EVT:E20|EVT:E31|EVT:E4
1.0,EVT:E18|EVT:E31|EVT:E4
1.0,EVT:E19|EVT:E31|EVT:E4
1.0,EVT:E17|EVT:E31|EVT:E4
1.0,EVT:E16|EVT:E31|EVT:E4
1.0,COMP:wsgi_server|EVT:E31|EVT:E4
1.0,EVT:E15|EVT:E31|EVT:E4
1.0,EVT:E14|EVT:E31|EVT:E4
1.0,EVT:E13|EVT:E31|EVT:E4
1.0,EVT:E12|EVT:E31|EVT:E4
1.0,EVT:E11|EVT:E31|EVT:E4
1.0,EVT:E10|EVT:E31|EVT:E4
1.0,EVT:E1|EVT:E31|EVT:E4
1.0,COMP:compute_server_external_events|EVT:E31|EVT:E4
1.0,COMP:openstack_wsgi|EVT:E31|EVT:E4
1.0,COMP:libvirt_imagecache|EVT:E31|EVT:E4
1.0,COMP:libvirt_driver|EVT:E31|EVT:E4
1.0,COMP:compute_manager|EVT:E31|EVT:E4
1.0,COMP:compute_resource_tracker|EVT:E31|EVT:E4
1.0,COMP:compute_claims|EVT:E31|EVT:E4
0.6,EVT:E29|EVT:E31|EVT:E4
1.0,EVT:E3|EVT:E30|EVT:E4
1.0,EVT:E28|EVT:E30|EVT:E4
1.0,EVT:E27|EVT:E30|EVT:E4
1.0,EVT:E25|EVT:E30|EVT:E4
1.0,EVT:E26|EVT:E30|EVT:E4
1.0,EVT:E24|EVT:E30|EVT:E4
1.0,EVT:E23|EVT:E30|EVT:E4
1.0,EVT:E2|EVT:E30|EVT:E4
1.0,EVT:E22|EVT:E30|EVT:E4
1.0,EVT:E21|EVT:E30|EVT:E4
1.0,EVT:E20|EVT:E30|EVT:E4
1.0,EVT:E18|EVT:E30|EVT:E4
1.0,EVT:E19|EVT:E30|EVT:E4
1.0,EVT:E17|EVT:E30|EVT:E4
1.0,EVT:E16|EVT:E30|EVT:E4
1.0,COMP:wsgi_server|EVT:E30|EVT:E4
1.0,EVT:E15|EVT:E30|EVT:E4
1.0,EVT:E14|EVT:E30|EVT:E4
1.0,EVT:E13|EVT:E30|EVT:E4
1.0,EVT:E12|EVT:E30|EVT:E4
1.0,EVT:E11|EVT:E30|EVT:E4
1.0,EVT:E10|EVT:E30|EVT:E4
1.0,EVT:E1|EVT:E30|EVT:E4
1.0,COMP:compute_server_external_events|EVT:E30|EVT:E4
1.0,COMP:openstack_wsgi|EVT:E30|EVT:E4
1.0,COMP:libvirt_imagecache|EVT:E30|EVT:E4
1.0,COMP:libvirt_driver|EVT:E30|EVT:E4
1.0,COMP:compute_manager|EVT:E30|EVT:E4
1.0,COMP:compute_resource_tracker|EVT:E30|EVT:E4
1.0,COMP:compute_claims|EVT:E30|EVT:E4
0.6,EVT:E29|EVT:E30|EVT:E4
1.0,EVT:E28|EVT:E3|EVT:E4
1.0,EVT:E27|EVT:E3|EVT:E4
1.0,EVT:E25|EVT:E3|EVT:E4
1.0,EVT:E26|EVT:E3|EVT:E4
1.0,EVT:E24|EVT:E3|EVT:E4
1.0,EVT:E23|EVT:E3|EVT:E4
1.0,EVT:E2|EVT:E3|EVT:E4
1.0,EVT:E22|EVT:E3|EVT:E4
1.0,EVT:E21|EVT:E3|EVT:E4
1.0,EVT:E20|EVT:E3|EVT:E4
1.0,EVT:E18|EVT:E3|EVT:E4
1.0,EVT:E19|EVT:E3|EVT:E4
1.0,EVT:E17|EVT:E3|EVT:E4
1.0,EVT:E16|EVT:E3|EVT:E4
1.0,COMP:wsgi_server|EVT:E3|EVT:E4
1.0,EVT:E15|EVT:E3|EVT:E4
1.0,EVT:E14|EVT:E3|EVT:E4
1.0,EVT:E13|EVT:E3|EVT:E4
1.0,EVT:E12|EVT:E3|EVT:E4
1.0,EVT:E11|EVT:E3|EVT:E4
1.0,EVT:E10|EVT:E3|EVT:E4
1.0,EVT:E1|EVT:E3|EVT:E4
1.0,COMP:compute_server_external_events|EVT:E3|EVT:E4
1.0,COMP:openstack_wsgi|EVT:E3|EVT:E4
1.0,COMP:libvirt_imagecache|EVT:E3|EVT:E4
1.0,COMP:libvirt_driver|EVT:E3|EVT:E4
1.0,COMP:compute_manager|EVT:E3|EVT:E4
1.0,COMP:compute_resource_tracker|EVT:E3|EVT:E4
1.0,COMP:compute_claims|EVT:E3|EVT:E4
0.6,EVT:E29|EVT:E3|EVT:E4
1.0,EVT:E27|EVT:E28|EVT:E4
1.0,EVT:E25|EVT:E28|EVT:E4
1.0,EVT:E26|EVT:E28|EVT:E4
1.0,EVT:E24|EVT:E28|EVT:E4
1.0,EVT:E23|EVT:E28|EVT:E4
1.0,EVT:E2|EVT:E28|EVT:E4
1.0,EVT:E22|EVT:E28|EVT:E4
1.0,EVT:E21|EVT:E28|EVT:E4
1.0,EVT:E20|EVT:E28|EVT:E4
1.0,EVT:E18|EVT:E28|EVT:E4
1.0,EVT:E19|EVT:E28|EVT:E4
1.0,EVT:E17|EVT:E28|EVT:E4
1.0,EVT:E16|EVT:E28|EVT:E4
1.0,COMP:wsgi_server|EVT:E28|EVT:E4
1.0,EVT:E15|EVT:E28|EVT:E4
1.0,EVT:E14|EVT:E28|EVT:E4
1.0,EVT:E13|EVT:E28|EVT:E4
1.0,EVT:E12|EVT:E28|EVT:E4
1.0,EVT:E11|EVT:E28|EVT:E4
1.0,EVT:E10|EVT:E28|EVT:E4
1.0,EVT:E1|EVT:E28|EVT:E4
1.0,COMP:compute_server_external_events|EVT:E28|EVT:E4
1.0,COMP:openstack_wsgi|EVT:E28|EVT:E4
1.0,COMP:libvirt_imagecache|EVT:E28|EVT:E4
1.0,COMP:libvirt_driver|EVT:E28|EVT:E4
1.0,COMP:compute_manager|EVT:E28|EVT:E4
1.0,COMP:compute_resource_tracker|EVT:E28|EVT:E4
1.0,COMP:compute_claims|EVT:E28|EVT:E4
0.6,EVT:E28|EVT:E29|EVT:E4
1.0,EVT:E25|EVT:E27|EVT:E4
1.0,EVT:E26|EVT:E27|EVT:E4
1.0,EVT:E24|EVT:E27|EVT:E4
1.0,EVT:E23|EVT:E27|EVT:E4
1.0,EVT:E2|EVT:E27|EVT:E4
1.0,EVT:E22|EVT:E27|EVT:E4
1.0,EVT:E21|EVT:E27|EVT:E4
1.0,EVT:E20|EVT:E27|EVT:E4
1.0,EVT:E18|EVT:E27|EVT:E4
1.0,EVT:E19|EVT:E27|EVT:E4
1.0,EVT:E17|EVT:E27|EVT:E4
1.0,EVT:E16|EVT:E27|EVT:E4
1.0,COMP:wsgi_server|EVT:E27|EVT:E4
1.0,EVT:E15|EVT:E27|EVT:E4
1.0,EVT:E14|EVT:E27|EVT:E4
1.0,EVT:E13|EVT:E27|EVT:E4
1.0,EVT:E12|EVT:E27|EVT:E4
1.0,EVT:E11|EVT:E27|EVT:E4
1.0,EVT:E10|EVT:E27|EVT:E4
1.0,EVT:E1|EVT:E27|EVT:E4
1.0,COMP:compute_server_external_events|EVT:E27|EVT:E4
1.0,COMP:openstack_wsgi|EVT:E27|EVT:E4
1.0,COMP:libvirt_imagecache|EVT:E27|EVT:E4
1.0,COMP:libvirt_driver|EVT:E27|EVT:E4
1.0,COMP:compute_manager|EVT:E27|EVT:E4
1.0,COMP:compute_resource_tracker|EVT:E27|EVT:E4
1.0,COMP:compute_claims|EVT:E27|EVT:E4
0.6,EVT:E27|EVT:E29|EVT:E4
1.0,EVT:E25|EVT:E26|EVT:E4
1.0,EVT:E24|EVT:E25|EVT:E4
1.0,EVT:E23|EVT:E25|EVT:E4
1.0,EVT:E2|EVT:E25|EVT:E4
1.0,EVT:E22|EVT:E25|EVT:E4
1.0,EVT:E21|EVT:E25|EVT:E4
1.0,EVT:E20|EVT:E25|EVT:E4
1.0,EVT:E18|EVT:E25|EVT:E4
1.0,EVT:E19|EVT:E25|EVT:E4
1.0,EVT:E17|EVT:E25|EVT:E4
1.0,EVT:E16|EVT:E25|EVT:E4
1.0,COMP:wsgi_server|EVT:E25|EVT:E4
1.0,EVT:E15|EVT:E25|EVT:E4
1.0,EVT:E14|EVT:E25|EVT:E4
1.0,EVT:E13|EVT:E25|EVT:E4
1.0,EVT:E12|EVT:E25|EVT:E4
1.0,EVT:E11|EVT:E25|EVT:E4
1.0,EVT:E10|EVT:E25|EVT:E4
1.0,EVT:E1|EVT:E25|EVT:E4
1.0,COMP:compute_server_external_events|EVT:E25|EVT:E4
1.0,COMP:openstack_wsgi|EVT:E25|EVT:E4
1.0,COMP:libvirt_imagecache|EVT:E25|EVT:E4
1.0,COMP:libvirt_driver|EVT:E25|EVT:E4
1.0,COMP:compute_manager|EVT:E25|EVT:E4
1.0,COMP:compute_resource_tracker|EVT:E25|EVT:E4
1.0,COMP:compute_claims|EVT:E25|EVT:E4
0.6,EVT:E25|EVT:E29|EVT:E4
1.0,EVT:E24|EVT:E26|EVT:E4
1.0,EVT:E23|EVT:E26|EVT:E4
1.0,EVT:E2|EVT:E26|EVT:E4
1.0,EVT:E22|EVT:E26|EVT:E4
1.0,EVT:E21|EVT:E26|EVT:E4
1.0,EVT:E20|EVT:E26|EVT:E4
1.0,EVT:E18|EVT:E26|EVT:E4
1.0,EVT:E19|EVT:E26|EVT:E4
1.0,EVT:E17|EVT:E26|EVT:E4
1.0,EVT:E16|EVT:E26|EVT:E4
1.0,COMP:wsgi_server|EVT:E26|EVT:E4
1.0,EVT:E15|EVT:E26|EVT:E4
1.0,EVT:E14|EVT:E26|EVT:E4
1.0,EVT:E13|EVT:E26|EVT:E4
1.0,EVT:E12|EVT:E26|EVT:E4
1.0,EVT:E11|EVT:E26|EVT:E4
1.0,EVT:E10|EVT:E26|EVT:E4
1.0,EVT:E1|EVT:E26|EVT:E4
1.0,COMP:compute_server_external_events|EVT:E26|EVT:E4
1.0,COMP:openstack_wsgi|EVT:E26|EVT:E4
1.0,COMP:libvirt_imagecache|EVT:E26|EVT:E4
1.0,COMP:libvirt_driver|EVT:E26|EVT:E4
1.0,COMP:compute_manager|EVT:E26|EVT:E4
1.0,COMP:compute_resource_tracker|EVT:E26|EVT:E4
1.0,COMP:compute_claims|EVT:E26|EVT:E4
0.6,EVT:E26|EVT:E29|EVT:E4
1.0,EVT:E23|EVT:E24|EVT:E4
1.0,EVT:E2|EVT:E24|EVT:E4
1.0,EVT:E22|EVT:E24|EVT:E4
1.0,EVT:E21|EVT:E24|EVT:E4
1.0,EVT:E20|EVT:E24|EVT:E4
1.0,EVT:E18|EVT:E24|EVT:E4
1.0,EVT:E19|EVT:E24|EVT:E4
1.0,EVT:E17|EVT:E24|EVT:E4
1.0,EVT:E16|EVT:E24|EVT:E4
1.0,COMP:wsgi_server|EVT:E24|EVT:E4
1.0,EVT:E15|EVT:E24|EVT:E4
1.0,EVT:E14|EVT:E24|EVT:E4
1.0,EVT:E13|EVT:E24|EVT:E4
1.0,EVT:E12|EVT:E24|EVT:E4
1.0,EVT:E11|EVT:E24|EVT:E4
1.0,EVT:E10|EVT:E24|EVT:E4
1.0,EVT:E1|EVT:E24|EVT:E4
1.0,COMP:compute_server_external_events|EVT:E24|EVT:E4
1.0,COMP:openstack_wsgi|EVT:E24|EVT:E4
1.0,COMP:libvirt_imagecache|EVT:E24|EVT:E4
1.0,COMP:libvirt_driver|EVT:E24|EVT:E4
1.0,COMP:compute_manager|EVT:E24|EVT:E4
1.0,COMP:compute_resource_tracker|EVT:E24|EVT:E4
1.0,COMP:compute_claims|EVT:E24|EVT:E4
0.6,EVT:E24|EVT:E29|EVT:E4
1.0,EVT:E2|EVT:E23|EVT:E4
1.0,EVT:E22|EVT:E23|EVT:E4
1.0,EVT:E21|EVT:E23|EVT:E4
1.0,EVT:E20|EVT:E23|EVT:E4
1.0,EVT:E18|EVT:E23|EVT:E4
1.0,EVT:E19|EVT:E23|EVT:E4
1.0,EVT:E17|EVT:E23|EVT:E4
1.0,EVT:E16|EVT:E23|EVT:E4
1.0,COMP:wsgi_server|EVT:E23|EVT:E4
1.0,EVT:E15|EVT:E23|EVT:E4
1.0,EVT:E14|EVT:E23|EVT:E4
1.0,EVT:E13|EVT:E23|EVT:E4
1.0,EVT:E12|EVT:E23|EVT:E4
1.0,EVT:E11|EVT:E23|EVT:E4
1.0,EVT:E10|EVT:E23|EVT:E4
1.0,EVT:E1|EVT:E23|EVT:E4
1.0,COMP:compute_server_external_events|EVT:E23|EVT:E4
1.0,COMP:openstack_wsgi|EVT:E23|EVT:E4
1.0,COMP:libvirt_imagecache|EVT:E23|EVT:E4
1.0,COMP:libvirt_driver|EVT:E23|EVT:E4
1.0,COMP:compute_manager|EVT:E23|EVT:E4
1.0,COMP:compute_resource_tracker|EVT:E23|EVT:E4
1.0,COMP:compute_claims|EVT:E23|EVT:E4
0.6,EVT:E23|EVT:E29|EVT:E4
1.0,EVT:E2|EVT:E22|EVT:E4
1.0,EVT:E2|EVT:E21|EVT:E4
1.0,EVT:E2|EVT:E20|EVT:E4
1.0,EVT:E18|EVT:E2|EVT:E4
1.0,EVT:E19|EVT:E2|EVT:E4
1.0,EVT:E17|EVT:E2|EVT:E4
1.0,EVT:E16|EVT:E2|EVT:E4
1.0,COMP:wsgi_server|EVT:E2|EVT:E4
1.0,EVT:E15|EVT:E2|EVT:E4
1.0,EVT:E14|EVT:E2|EVT:E4
1.0,EVT:E13|EVT:E2|EVT:E4
1.0,EVT:E12|EVT:E2|EVT:E4
1.0,EVT:E11|EVT:E2|EVT:E4
1.0,EVT:E10|EVT:E2|EVT:E4
1.0,EVT:E1|EVT:E2|EVT:E4
1.0,COMP:compute_server_external_events|EVT:E2|EVT:E4
1.0,COMP:openstack_wsgi|EVT:E2|EVT:E4
1.0,COMP:libvirt_imagecache|EVT:E2|EVT:E4
1.0,COMP:libvirt_driver|EVT:E2|EVT:E4
1.0,COMP:compute_manager|EVT:E2|EVT:E4
1.0,COMP:compute_resource_tracker|EVT:E2|EVT:E4
1.0,COMP:compute_claims|EVT:E2|EVT:E4
0.6,EVT:E2|EVT:E29|EVT:E4
1.0,EVT:E21|EVT:E22|EVT:E4
1.0,EVT:E20|EVT:E22|EVT:E4
1.0,EVT:E18|EVT:E22|EVT:E4
1.0,EVT:E19|EVT:E22|EVT:E4
1.0,EVT:E17|EVT:E22|EVT:E4
1.0,EVT:E16|EVT:E22|EVT:E4
1.0,COMP:wsgi_server|EVT:E22|EVT:E4
1.0,EVT:E15|EVT:E22|EVT:E4
1.0,EVT:E14|EVT:E22|EVT:E4
1.0,EVT:E13|EVT:E22|EVT:E4
1.0,EVT:E12|EVT:E22|EVT:E4
1.0,EVT:E11|EVT:E22|EVT:E4
1.0,EVT:E10|EVT:E22|EVT:E4
1.0,EVT:E1|EVT:E22|EVT:E4
1.0,COMP:compute_server_external_events|EVT:E22|EVT:E4
1.0,COMP:openstack_wsgi|EVT:E22|EVT:E4
1.0,COMP:libvirt_imagecache|EVT:E22|EVT:E4
1.0,COMP:libvirt_driver|EVT:E22|EVT:E4
1.0,COMP:compute_manager|EVT:E22|EVT:E4
1.0,COMP:compute_resource_tracker|EVT:E22|EVT:E4
1.0,COMP:compute_claims|EVT:E22|EVT:E4
0.6,EVT:E22|EVT:E29|EVT:E4
1.0,EVT:E20|EVT:E21|EVT:E4
1.0,EVT:E18|EVT:E21|EVT:E4
1.0,EVT:E19|EVT:E21|EVT:E4
1.0,EVT:E17|EVT:E21|EVT:E4
1.0,EVT:E16|EVT:E21|EVT:E4
1.0,COMP:wsgi_server|EVT:E21|EVT:E4
1.0,EVT:E15|EVT:E21|EVT:E4
1.0,EVT:E14|EVT:E21|EVT:E4
1.0,EVT:E13|EVT:E21|EVT:E4
1.0,EVT:E12|EVT:E21|EVT:E4
1.0,EVT:E11|EVT:E21|EVT:E4
1.0,EVT:E10|EVT:E21|EVT:E4
1.0,EVT:E1|EVT:E21|EVT:E4
1.0,COMP:compute_server_external_events|EVT:E21|EVT:E4
1.0,COMP:openstack_wsgi|EVT:E21|EVT:E4
1.0,COMP:libvirt_imagecache|EVT:E21|EVT:E4
1.0,COMP:libvirt_driver|EVT:E21|EVT:E4
1.0,COMP:compute_manager|EVT:E21|EVT:E4
1.0,COMP:compute_resource_tracker|EVT:E21|EVT:E4
1.0,COMP:compute_claims|EVT:E21|EVT:E4
0.6,EVT:E21|EVT:E29|EVT:E4
1.0,EVT:E18|EVT:E20|EVT:E4
1.0,EVT:E19|EVT:E20|EVT:E4
1.0,EVT:E17|EVT:E20|EVT:E4
1.0,EVT:E16|EVT:E20|EVT:E4
1.0,COMP:wsgi_server|EVT:E20|EVT:E4
1.0,EVT:E15|EVT:E20|EVT:E4
1.0,EVT:E14|EVT:E20|EVT:E4
1.0,EVT:E13|EVT:E20|EVT:E4
1.0,EVT:E12|EVT:E20|EVT:E4
1.0,EVT:E11|EVT:E20|EVT:E4
1.0,EVT:E10|EVT:E20|EVT:E4
1.0,EVT:E1|EVT:E20|EVT:E4
1.0,COMP:compute_server_external_events|EVT:E20|EVT:E4
1.0,COMP:openstack_wsgi|EVT:E20|EVT:E4
1.0,COMP:libvirt_imagecache|EVT:E20|EVT:E4
1.0,COMP:libvirt_driver|EVT:E20|EVT:E4
1.0,COMP:compute_manager|EVT:E20|EVT:E4
1.0,COMP:compute_resource_tracker|EVT:E20|EVT:E4
1.0,COMP:compute_claims|EVT:E20|EVT:E4
0.6,EVT:E20|EVT:E29|EVT:E4
1.0,EVT:E18|EVT:E19|EVT:E4
1.0,EVT:E17|EVT:E18|EVT:E4
1.0,EVT:E16|EVT:E18|EVT:E4
1.0,COMP:wsgi_server|EVT:E18|EVT:E4
1.0,EVT:E15|EVT:E18|EVT:E4
1.0,EVT:E14|EVT:E18|EVT:E4
1.0,EVT:E13|EVT:E18|EVT:E4
1.0,EVT:E12|EVT:E18|EVT:E4
1.0,EVT:E11|EVT:E18|EVT:E4
1.0,EVT:E10|EVT:E18|EVT:E4
1.0,EVT:E1|EVT:E18|EVT:E4
1.0,COMP:compute_server_external_events|EVT:E18|EVT:E4
1.0,COMP:openstack_wsgi|EVT:E18|EVT:E4
1.0,COMP:libvirt_imagecache|EVT:E18|EVT:E4
1.0,COMP:libvirt_driver|EVT:E18|EVT:E4
1.0,COMP:compute_manager|EVT:E18|EVT:E4
1.0,COMP:compute_resource_tracker|EVT:E18|EVT:E4
1.0,COMP:compute_claims|EVT:E18|EVT:E4
0.6,EVT:E18|EVT:E29|EVT:E4
1.0,EVT:E17|EVT:E19|EVT:E4
1.0,EVT:E16|EVT:E19|EVT:E4
1.0,COMP:wsgi_server|EVT:E19|EVT:E4
1.0,EVT:E15|EVT:E19|EVT:E4
1.0,EVT:E14|EVT:E19|EVT:E4
1.0,EVT:E13|EVT:E19|EVT:E4
1.0,EVT:E12|EVT:E19|EVT:E4
1.0,EVT:E11|EVT:E19|EVT:E4
1.0,EVT:E10|EVT:E19|EVT:E4
1.0,EVT:E1|EVT:E19|EVT:E4
1.0,COMP:compute_server_external_events|EVT:E19|EVT:E4
1.0,COMP:openstack_wsgi|EVT:E19|EVT:E4
1.0,COMP:libvirt_imagecache|EVT:E19|EVT:E4
1.0,COMP:libvirt_driver|EVT:E19|EVT:E4
1.0,COMP:compute_manager|EVT:E19|EVT:E4
1.0,COMP:compute_resource_tracker|EVT:E19|EVT:E4
1.0,COMP:compute_claims|EVT:E19|EVT:E4
0.6,EVT:E19|EVT:E29|EVT:E4
1.0,EVT:E16|EVT:E17|EVT:E4
1.0,COMP:wsgi_server|EVT:E17|EVT:E4
1.0,EVT:E15|EVT:E17|EVT:E4
1.0,EVT:E14|EVT:E17|EVT:E4
1.0,EVT:E13|EVT:E17|EVT:E4
1.0,EVT:E12|EVT:E17|EVT:E4
1.0,EVT:E11|EVT:E17|EVT:E4
1.0,EVT:E10|EVT:E17|EVT:E4
1.0,EVT:E1|EVT:E17|EVT:E4
1.0,COMP:compute_server_external_events|EVT:E17|EVT:E4
1.0,COMP:openstack_wsgi|EVT:E17|EVT:E4
1.0,COMP:libvirt_imagecache|EVT:E17|EVT:E4
1.0,COMP:libvirt_driver|EVT:E17|EVT:E4
1.0,COMP:compute_manager|EVT:E17|EVT:E4
1.0,COMP:compute_resource_tracker|EVT:E17|EVT:E4
1.0,COMP:compute_claims|EVT:E17|EVT:E4
0.6,EVT:E17|EVT:E29|EVT:E4
1.0,COMP:wsgi_server|EVT:E16|EVT:E4
1.0,EVT:E15|EVT:E16|EVT:E4
1.0,EVT:E14|EVT:E16|EVT:E4
1.0,EVT:E13|EVT:E16|EVT:E4
1.0,EVT:E12|EVT:E16|EVT:E4
1.0,EVT:E11|EVT:E16|EVT:E4
1.0,EVT:E10|EVT:E16|EVT:E4
1.0,EVT:E1|EVT:E16|EVT:E4
1.0,COMP:compute_server_external_events|EVT:E16|EVT:E4
1.0,COMP:openstack_wsgi|EVT:E16|EVT:E4
1.0,COMP:libvirt_imagecache|EVT:E16|EVT:E4
1.0,COMP:libvirt_driver|EVT:E16|EVT:E4
1.0,COMP:compute_manager|EVT:E16|EVT:E4
1.0,COMP:compute_resource_tracker|EVT:E16|EVT:E4
1.0,COMP:compute_claims|EVT:E16|EVT:E4
0.6,EVT:E16|EVT:E29|EVT:E4
1.0,COMP:wsgi_server|EVT:E15|EVT:E4
1.0,COMP:wsgi_server|EVT:E14|EVT:E4
1.0,COMP:wsgi_server|EVT:E13|EVT:E4
1.0,COMP:wsgi_server|EVT:E12|EVT:E4
1.0,COMP:wsgi_server|EVT:E11|EVT:E4
1.0,COMP:wsgi_server|EVT:E10|EVT:E4
1.0,COMP:wsgi_server|EVT:E1|EVT:E4
1.0,COMP:compute_server_external_events|COMP:wsgi_server|EVT:E4
1.0,COMP:openstack_wsgi|COMP:wsgi_server|EVT:E4
1.0,COMP:libvirt_imagecache|COMP:wsgi_server|EVT:E4
1.0,COMP:libvirt_driver|COMP:wsgi_server|EVT:E4
1.0,COMP:compute_manager|COMP:wsgi_server|EVT:E4
1.0,COMP:compute_resource_tracker|COMP:wsgi_server|EVT:E4
1.0,COMP:compute_claims|COMP:wsgi_server|EVT:E4
0.6,COMP:wsgi_server|EVT:E29|EVT:E4
1.0,EVT:E14|EVT:E15|EVT:E4
1.0,EVT:E13|EVT:E15|EVT:E4
1.0,EVT:E12|EVT:E15|EVT:E4
1.0,EVT:E11|EVT:E15|EVT:E4
1.0,EVT:E10|EVT:E15|EVT:E4
1.0,EVT:E1|EVT:E15|EVT:E4
1.0,COMP:compute_server_external_events|EVT:E15|EVT:E4
1.0,COMP:openstack_wsgi|EVT:E15|EVT:E4
1.0,COMP:libvirt_imagecache|EVT:E15|EVT:E4
1.0,COMP:libvirt_driver|EVT:E15|EVT:E4
1.0,COMP:compute_manager|EVT:E15|EVT:E4
1.0,COMP:compute_resource_tracker|EVT:E15|EVT:E4
1.0,COMP:compute_claims|EVT:E15|EVT:E4
0.6,EVT:E15|EVT:E29|EVT:E4
1.0,EVT:E13|EVT:E14|EVT:E4
1.0,EVT:E12|EVT:E14|EVT:E4
1.0,EVT:E11|EVT:E14|EVT:E4
1.0,EVT:E10|EVT:E14|EVT:E4
1.0,EVT:E1|EVT:E14|EVT:E4
1.0,COMP:compute_server_external_events|EVT:E14|EVT:E4
1.0,COMP:openstack_wsgi|EVT:E14|EVT:E4
1.0,COMP:libvirt_imagecache|EVT:E14|EVT:E4
1.0,COMP:libvirt_driver|EVT:E14|EVT:E4
1.0,COMP:compute_manager|EVT:E14|EVT:E4
1.0,COMP:compute_resource_tracker|EVT:E14|EVT:E4
1.0,COMP:compute_claims|EVT:E14|EVT:E4
0.6,EVT:E14|EVT:E29|EVT:E4
1.0,EVT:E12|EVT:E13|EVT:E4
1.0,EVT:E11|EVT:E13|EVT:E4
1.0,EVT:E10|EVT:E13|EVT:E4
1.0,EVT:E1|EVT:E13|EVT:E4
1.0,COMP:compute_server_external_events|EVT:E13|EVT:E4
1.0,COMP:openstack_wsgi|EVT:E13|EVT:E4
1.0,COMP:libvirt_imagecache|EVT:E13|EVT:E4
1.0,COMP:libvirt_driver|EVT:E13|EVT:E4
1.0,COMP:compute_manager|EVT:E13|EVT:E4
1.0,COMP:compute_resource_tracker|EVT:E13|EVT:E4
1.0,COMP:compute_claims|EVT:E13|EVT:E4
0.6,EVT:E13|EVT:E29|EVT:E4
1.0,EVT:E11|EVT:E12|EVT:E4
1.0,EVT:E10|EVT:E12|EVT:E4
1.0,EVT:E1|EVT:E12|EVT:E4
1.0,COMP:compute_server_external_events|EVT:E12|EVT:E4
1.0,COMP:openstack_wsgi|EVT:E12|EVT:E4
1.0,COMP:libvirt_imagecache|EVT:E12|EVT:E4
1.0,COMP:libvirt_driver|EVT:E12|EVT:E4
1.0,COMP:compute_manager|EVT:E12|EVT:E4
1.0,COMP:compute_resource_tracker|EVT:E12|EVT:E4
1.0,COMP:compute_claims|EVT:E12|EVT:E4
0.6,EVT:E12|EVT:E29|EVT:E4
1.0,EVT:E10|EVT:E11|EVT:E4
1.0,EVT:E1|EVT:E11|EVT:E4
1.0,COMP:compute_server_external_events|EVT:E11|EVT:E4
1.0,COMP:openstack_wsgi|EVT:E11|EVT:E4
1.0,COMP:libvirt_imagecache|EVT:E11|EVT:E4
1.0,COMP:libvirt_driver|EVT:E11|EVT:E4
1.0,COMP:compute_manager|EVT:E11|EVT:E4
1.0,COMP:compute_resource_tracker|EVT:E11|EVT:E4
1.0,COMP:compute_claims|EVT:E11|EVT:E4
0.6,EVT:E11|EVT:E29|EVT:E4
1.0,EVT:E1|EVT:E10|EVT:E4
1.0,COMP:compute_server_external_events|EVT:E10|EVT:E4
1.0,COMP:openstack_wsgi|EVT:E10|EVT:E4
1.0,COMP:libvirt_imagecache|EVT:E10|EVT:E4
1.0,COMP:libvirt_driver|EVT:E10|EVT:E4
1.0,COMP:compute_manager|EVT:E10|EVT:E4
1.0,COMP:compute_resource_tracker|EVT:E10|EVT:E4
1.0,COMP:compute_claims|EVT:E10|EVT:E4
0.6,EVT:E10|EVT:E29|EVT:E4
1.0,COMP:compute_server_external_events|EVT:E1|EVT:E4
1.0,COMP:openstack_wsgi|EVT:E1|EVT:E4
1.0,COMP:libvirt_imagecache|EVT:E1|EVT:E4
1.0,COMP:libvirt_driver|EVT:E1|EVT:E4
1.0,COMP:compute_manager|EVT:E1|EVT:E4
1.0,COMP:compute_resource_tracker|EVT:E1|EVT:E4
1.0,COMP:compute_claims|EVT:E1|EVT:E4
0.6,EVT:E1|EVT:E29|EVT:E4
1.0,COMP:compute_server_external_events|COMP:openstack_wsgi|EVT:E4
1.0,COMP:compute_server_external_events|COMP:libvirt_imagecache|EVT:E4
1.0,COMP:compute_server_external_events|COMP:libvirt_driver|EVT:E4
1.0,COMP:compute_manager|COMP:compute_server_external_events|EVT:E4
1.0,COMP:compute_resource_tracker|COMP:compute_server_external_events|EVT:E4
1.0,COMP:compute_claims|COMP:compute_server_external_events|EVT:E4
0.6,COMP:compute_server_external_events|EVT:E29|EVT:E4
1.0,COMP:libvirt_imagecache|COMP:openstack_wsgi|EVT:E4
1.0,COMP:libvirt_driver|COMP:openstack_wsgi|EVT:E4
1.0,COMP:compute_manager|COMP:openstack_wsgi|EVT:E4
1.0,COMP:compute_resource_tracker|COMP:openstack_wsgi|EVT:E4
1.0,COMP:compute_claims|COMP:openstack_wsgi|EVT:E4
0.6,COMP:openstack_wsgi|EVT:E29|EVT:E4
1.0,COMP:libvirt_driver|COMP:libvirt_imagecache|EVT:E4
1.0,COMP:compute_manager|COMP:libvirt_imagecache|EVT:E4
1.0,COMP:compute_resource_tracker|COMP:libvirt_imagecache|EVT:E4
1.0,COMP:compute_claims|COMP:libvirt_imagecache|EVT:E4
0.6,COMP:libvirt_imagecache|EVT:E29|EVT:E4
1.0,COMP:compute_manager|COMP:libvirt_driver|EVT:E4
1.0,COMP:compute_resource_tracker|COMP:libvirt_driver|EVT:E4
1.0,COMP:compute_claims|COMP:libvirt_driver|EVT:E4
0.6,COMP:libvirt_driver|EVT:E29|EVT:E4
1.0,COMP:compute_manager|COMP:compute_resource_tracker|EVT:E4
1.0,COMP:compute_claims|COMP:compute_manager|EVT:E4
0.6,COMP:compute_manager|EVT:E29|EVT:E4
1.0,COMP:compute_claims|COMP:compute_resource_tracker|EVT:E4
0.6,COMP:compute_resource_tracker|EVT:E29|EVT:E4
0.6,COMP:compute_claims|EVT:E29|EVT:E4
1.0,EVT:E35|EVT:E36|EVT:E37
1.0,EVT:E34|EVT:E36|EVT:E37
1.0,EVT:E33|EVT:E36|EVT:E37
1.0,EVT:E32|EVT:E36|EVT:E37
1.0,EVT:E31|EVT:E36|EVT:E37
1.0,EVT:E30|EVT:E36|EVT:E37
1.0,EVT:E3|EVT:E36|EVT:E37
1.0,EVT:E28|EVT:E36|EVT:E37
1.0,EVT:E27|EVT:E36|EVT:E37
1.0,EVT:E25|EVT:E36|EVT:E37
1.0,EVT:E26|EVT:E36|EVT:E37
1.0,EVT:E24|EVT:E36|EVT:E37
1.0,EVT:E23|EVT:E36|EVT:E37
1.0,EVT:E2|EVT:E36|EVT:E37
1.0,EVT:E22|EVT:E36|EVT:E37
1.0,EVT:E21|EVT:E36|EVT:E37
1.0,EVT:E20|EVT:E36|EVT:E37
1.0,EVT:E18|EVT:E36|EVT:E37
1.0,EVT:E19|EVT:E36|EVT:E37
1.0,EVT:E17|EVT:E36|EVT:E37
1.0,EVT:E16|EVT:E36|EVT:E37
1.0,COMP:wsgi_server|EVT:E36|EVT:E37
1.0,EVT:E15|EVT:E36|EVT:E37
1.0,EVT:E14|EVT:E36|EVT:E37
1.0,EVT:E13|EVT:E36|EVT:E37
1.0,EVT:E12|EVT:E36|EVT:E37
1.0,EVT:E11|EVT:E36|EVT:E37
1.0,EVT:E10|EVT:E36|EVT:E37
1.0,EVT:E1|EVT:E36|EVT:E37
1.0,COMP:compute_server_external_events|EVT:E36|EVT:E37
1.0,COMP:openstack_wsgi|EVT:E36|EVT:E37
1.0,COMP:libvirt_imagecache|EVT:E36|EVT:E37
1.0,COMP:libvirt_driver|EVT:E36|EVT:E37
1.0,COMP:compute_manager|EVT:E36|EVT:E37
1.0,COMP:compute_resource_tracker|EVT:E36|EVT:E37
1.0,COMP:compute_claims|EVT:E36|EVT:E37
0.6,EVT:E29|EVT:E36|EVT:E37
1.0,EVT:E34|EVT:E35|EVT:E37
1.0,EVT:E33|EVT:E35|EVT:E37
1.0,EVT:E32|EVT:E35|EVT:E37
1.0,EVT:E31|EVT:E35|EVT:E37
1.0,EVT:E30|EVT:E35|EVT:E37
1.0,EVT:E3|EVT:E35|EVT:E37
1.0,EVT:E28|EVT:E35|EVT:E37
1.0,EVT:E27|EVT:E35|EVT:E37
1.0,EVT:E25|EVT:E35|EVT:E37
1.0,EVT:E26|EVT:E35|EVT:E37
1.0,EVT:E24|EVT:E35|EVT:E37
1.0,EVT:E23|EVT:E35|EVT:E37
1.0,EVT:E2|EVT:E35|EVT:E37
1.0,EVT:E22|EVT:E35|EVT:E37
1.0,EVT:E21|EVT:E35|EVT:E37
1.0,EVT:E20|EVT:E35|EVT:E37
1.0,EVT:E18|EVT:E35|EVT:E37
1.0,EVT:E19|EVT:E35|EVT:E37
1.0,EVT:E17|EVT:E35|EVT:E37
1.0,EVT:E16|EVT:E35|EVT:E37
1.0,COMP:wsgi_server|EVT:E35|EVT:E37
1.0,EVT:E15|EVT:E35|EVT:E37
1.0,EVT:E14|EVT:E35|EVT:E37
1.0,EVT:E13|EVT:E35|EVT:E37
1.0,EVT:E12|EVT:E35|EVT:E37
1.0,EVT:E11|EVT:E35|EVT:E37
1.0,EVT:E10|EVT:E35|EVT:E37
1.0,EVT:E1|EVT:E35|EVT:E37
1.0,COMP:compute_server_external_events|EVT:E35|EVT:E37
1.0,COMP:openstack_wsgi|EVT:E35|EVT:E37
1.0,COMP:libvirt_imagecache|EVT:E35|EVT:E37
1.0,COMP:libvirt_driver|EVT:E35|EVT:E37
1.0,COMP:compute_manager|EVT:E35|EVT:E37
1.0,COMP:compute_resource_tracker|EVT:E35|EVT:E37
1.0,COMP:compute_claims|EVT:E35|EVT:E37
0.6,EVT:E29|EVT:E35|EVT:E37
1.0,EVT:E33|EVT:E34|EVT:E37
1.0,EVT:E32|EVT:E34|EVT:E37
1.0,EVT:E31|EVT:E34|EVT:E37
1.0,EVT:E30|EVT:E34|EVT:E37
1.0,EVT:E3|EVT:E34|EVT:E37
1.0,EVT:E28|EVT:E34|EVT:E37
1.0,EVT:E27|EVT:E34|EVT:E37
1.0,EVT:E25|EVT:E34|EVT:E37
1.0,EVT:E26|EVT:E34|EVT:E37
1.0,EVT:E24|EVT:E34|EVT:E37
1.0,EVT:E23|EVT:E34|EVT:E37
1.0,EVT:E2|EVT:E34|EVT:E37
1.0,EVT:E22|EVT:E34|EVT:E37
1.0,EVT:E21|EVT:E34|EVT:E37
1.0,EVT:E20|EVT:E34|EVT:E37
1.0,EVT:E18|EVT:E34|EVT:E37
1.0,EVT:E19|EVT:E34|EVT:E37
1.0,EVT:E17|EVT:E34|EVT:E37
1.0,EVT:E16|EVT:E34|EVT:E37
1.0,COMP:wsgi_server|EVT:E34|EVT:E37
1.0,EVT:E15|EVT:E34|EVT:E37
1.0,EVT:E14|EVT:E34|EVT:E37
1.0,EVT:E13|EVT:E34|EVT:E37
1.0,EVT:E12|EVT:E34|EVT:E37
1.0,EVT:E11|EVT:E34|EVT:E37
1.0,EVT:E10|EVT:E34|EVT:E37
1.0,EVT:E1|EVT:E34|EVT:E37
1.0,COMP:compute_server_external_events|EVT:E34|EVT:E37
1.0,COMP:openstack_wsgi|EVT:E34|EVT:E37
1.0,COMP:libvirt_imagecache|EVT:E34|EVT:E37
1.0,COMP:libvirt_driver|EVT:E34|EVT:E37
1.0,COMP:compute_manager|EVT:E34|EVT:E37
1.0,COMP:compute_resource_tracker|EVT:E34|EVT:E37
1.0,COMP:compute_claims|EVT:E34|EVT:E37
0.6,EVT:E29|EVT:E34|EVT:E37
1.0,EVT:E32|EVT:E33|EVT:E37
1.0,EVT:E31|EVT:E33|EVT:E37
1.0,EVT:E30|EVT:E33|EVT:E37
1.0,EVT:E3|EVT:E33|EVT:E37
1.0,EVT:E28|EVT:E33|EVT:E37
1.0,EVT:E27|EVT:E33|EVT:E37
1.0,EVT:E25|EVT:E33|EVT:E37
1.0,EVT:E26|EVT:E33|EVT:E37
1.0,EVT:E24|EVT:E33|EVT:E37
1.0,EVT:E23|EVT:E33|EVT:E37
1.0,EVT:E2|EVT:E33|EVT:E37
1.0,EVT:E22|EVT:E33|EVT:E37
1.0,EVT:E21|EVT:E33|EVT:E37
1.0,EVT:E20|EVT:E33|EVT:E37
1.0,EVT:E18|EVT:E33|EVT:E37
1.0,EVT:E19|EVT:E33|EVT:E37
1.0,EVT:E17|EVT:E33|EVT:E37
1.0,EVT:E16|EVT:E33|EVT:E37
1.0,COMP:wsgi_server|EVT:E33|EVT:E37
1.0,EVT:E15|EVT:E33|EVT:E37
1.0,EVT:E14|EVT:E33|EVT:E37
1.0,EVT:E13|EVT:E33|EVT:E37
1.0,EVT:E12|EVT:E33|EVT:E37
1.0,EVT:E11|EVT:E33|EVT:E37
1.0,EVT:E10|EVT:E33|EVT:E37
1.0,EVT:E1|EVT:E33|EVT:E37
1.0,COMP:compute_server_external_events|EVT:E33|EVT:E37
1.0,COMP:openstack_wsgi|EVT:E33|EVT:E37
1.0,COMP:libvirt_imagecache|EVT:E33|EVT:E37
1.0,COMP:libvirt_driver|EVT:E33|EVT:E37
1.0,COMP:compute_manager|EVT:E33|EVT:E37
1.0,COMP:compute_resource_tracker|EVT:E33|EVT:E37
1.0,COMP:compute_claims|EVT:E33|EVT:E37
0.6,EVT:E29|EVT:E33|EVT:E37
1.0,EVT:E31|EVT:E32|EVT:E37
1.0,EVT:E30|EVT:E32|EVT:E37
1.0,EVT:E3|EVT:E32|EVT:E37
1.0,EVT:E28|EVT:E32|EVT:E37
1.0,EVT:E27|EVT:E32|EVT:E37
1.0,EVT:E25|EVT:E32|EVT:E37
1.0,EVT:E26|EVT:E32|EVT:E37
1.0,EVT:E24|EVT:E32|EVT:E37
1.0,EVT:E23|EVT:E32|EVT:E37
1.0,EVT:E2|EVT:E32|EVT:E37
1.0,EVT:E22|EVT:E32|EVT:E37
1.0,EVT:E21|EVT:E32|EVT:E37
1.0,EVT:E20|EVT:E32|EVT:E37
1.0,EVT:E18|EVT:E32|EVT:E37
1.0,EVT:E19|EVT:E32|EVT:E37
1.0,EVT:E17|EVT:E32|EVT:E37
1.0,EVT:E16|EVT:E32|EVT:E37
1.0,COMP:wsgi_server|EVT:E32|EVT:E37
1.0,EVT:E15|EVT:E32|EVT:E37
1.0,EVT:E14|EVT:E32|EVT:E37
1.0,EVT:E13|EVT:E32|EVT:E37
1.0,EVT:E12|EVT:E32|EVT:E37
1.0,EVT:E11|EVT:E32|EVT:E37
1.0,EVT:E10|EVT:E32|EVT:E37
1.0,EVT:E1|EVT:E32|EVT:E37
1.0,COMP:compute_server_external_events|EVT:E32|EVT:E37
1.0,COMP:openstack_wsgi|EVT:E32|EVT:E37
1.0,COMP:libvirt_imagecache|EVT:E32|EVT:E37
1.0,COMP:libvirt_driver|EVT:E32|EVT:E37
1.0,COMP:compute_manager|EVT:E32|EVT:E37
1.0,COMP:compute_resource_tracker|EVT:E32|EVT:E37
1.0,COMP:compute_claims|EVT:E32|EVT:E37
0.6,EVT:E29|EVT:E32|EVT:E37
1.0,EVT:E30|EVT:E31|EVT:E37
1.0,EVT:E3|EVT:E31|EVT:E37
1.0,EVT:E28|EVT:E31|EVT:E37
1.0,EVT:E27|EVT:E31|EVT:E37
1.0,EVT:E25|EVT:E31|EVT:E37
1.0,EVT:E26|EVT:E31|EVT:E37
1.0,EVT:E24|EVT:E31|EVT:E37
1.0,EVT:E23|EVT:E31|EVT:E37
1.0,EVT:E2|EVT:E31|EVT:E37
1.0,EVT:E22|EVT:E31|EVT:E37
1.0,EVT:E21|EVT:E31|EVT:E37
1.0,EVT:E20|EVT:E31|EVT:E37
1.0,EVT:E18|EVT:E31|EVT:E37
1.0,EVT:E19|EVT:E31|EVT:E37
1.0,EVT:E17|EVT:E31|EVT:E37
1.0,EVT:E16|EVT:E31|EVT:E37
1.0,COMP:wsgi_server|EVT:E31|EVT:E37
1.0,EVT:E15|EVT:E31|EVT:E37
1.0,EVT:E14|EVT:E31|EVT:E37
1.0,EVT:E13|EVT:E31|EVT:E37
1.0,EVT:E12|EVT:E31|EVT:E37
1.0,EVT:E11|EVT:E31|EVT:E37
1.0,EVT:E10|EVT:E31|EVT:E37
1.0,EVT:E1|EVT:E31|EVT:E37
1.0,COMP:compute_server_external_events|EVT:E31|EVT:E37
1.0,COMP:openstack_wsgi|EVT:E31|EVT:E37
1.0,COMP:libvirt_imagecache|EVT:E31|EVT:E37
1.0,COMP:libvirt_driver|EVT:E31|EVT:E37
1.0,COMP:compute_manager|EVT:E31|EVT:E37
1.0,COMP:compute_resource_tracker|EVT:E31|EVT:E37
1.0,COMP:compute_claims|EVT:E31|EVT:E37
0.6,EVT:E29|EVT:E31|EVT:E37
1.0,EVT:E3|EVT:E30|EVT:E37
1.0,EVT:E28|EVT:E30|EVT:E37
1.0,EVT:E27|EVT:E30|EVT:E37
1.0,EVT:E25|EVT:E30|EVT:E37
1.0,EVT:E26|EVT:E30|EVT:E37
1.0,EVT:E24|EVT:E30|EVT:E37
1.0,EVT:E23|EVT:E30|EVT:E37
1.0,EVT:E2|EVT:E30|EVT:E37
1.0,EVT:E22|EVT:E30|EVT:E37
1.0,EVT:E21|EVT:E30|EVT:E37
1.0,EVT:E20|EVT:E30|EVT:E37
1.0,EVT:E18|EVT:E30|EVT:E37
1.0,EVT:E19|EVT:E30|EVT:E37
1.0,EVT:E17|EVT:E30|EVT:E37
1.0,EVT:E16|EVT:E30|EVT:E37
1.0,COMP:wsgi_server|EVT:E30|EVT:E37
1.0,EVT:E15|EVT:E30|EVT:E37
1.0,EVT:E14|EVT:E30|EVT:E37
1.0,EVT:E13|EVT:E30|EVT:E37
1.0,EVT:E12|EVT:E30|EVT:E37
1.0,EVT:E11|EVT:E30|EVT:E37
1.0,EVT:E10|EVT:E30|EVT:E37
1.0,EVT:E1|EVT:E30|EVT:E37
1.0,COMP:compute_server_external_events|EVT:E30|EVT:E37
1.0,COMP:openstack_wsgi|EVT:E30|EVT:E37
1.0,COMP:libvirt_imagecache|EVT:E30|EVT:E37
1.0,COMP:libvirt_driver|EVT:E30|EVT:E37
1.0,COMP:compute_manager|EVT:E30|EVT:E37
1.0,COMP:compute_resource_tracker|EVT:E30|EVT:E37
1.0,COMP:compute_claims|EVT:E30|EVT:E37
0.6,EVT:E29|EVT:E30|EVT:E37
1.0,EVT:E28|EVT:E3|EVT:E37
1.0,EVT:E27|EVT:E3|EVT:E37
1.0,EVT:E25|EVT:E3|EVT:E37
1.0,EVT:E26|EVT:E3|EVT:E37
1.0,EVT:E24|EVT:E3|EVT:E37
1.0,EVT:E23|EVT:E3|EVT:E37
1.0,EVT:E2|EVT:E3|EVT:E37
1.0,EVT:E22|EVT:E3|EVT:E37
1.0,EVT:E21|EVT:E3|EVT:E37
1.0,EVT:E20|EVT:E3|EVT:E37
1.0,EVT:E18|EVT:E3|EVT:E37
1.0,EVT:E19|EVT:E3|EVT:E37
1.0,EVT:E17|EVT:E3|EVT:E37
1.0,EVT:E16|EVT:E3|EVT:E37
1.0,COMP:wsgi_server|EVT:E3|EVT:E37
1.0,EVT:E15|EVT:E3|EVT:E37
1.0,EVT:E14|EVT:E3|EVT:E37
1.0,EVT:E13|EVT:E3|EVT:E37
1.0,EVT:E12|EVT:E3|EVT:E37
1.0,EVT:E11|EVT:E3|EVT:E37
1.0,EVT:E10|EVT:E3|EVT:E37
1.0,EVT:E1|EVT:E3|EVT:E37
1.0,COMP:compute_server_external_events|EVT:E3|EVT:E37
1.0,COMP:openstack_wsgi|EVT:E3|EVT:E37
1.0,COMP:libvirt_imagecache|EVT:E3|EVT:E37
1.0,COMP:libvirt_driver|EVT:E3|EVT:E37
1.0,COMP:compute_manager|EVT:E3|EVT:E37
1.0,COMP:compute_resource_tracker|EVT:E3|EVT:E37
1.0,COMP:compute_claims|EVT:E3|EVT:E37
0.6,EVT:E29|EVT:E3|EVT:E37
1.0,EVT:E27|EVT:E28|EVT:E37
1.0,EVT:E25|EVT:E28|EVT:E37
1.0,EVT:E26|EVT:E28|EVT:E37
1.0,EVT:E24|EVT:E28|EVT:E37
1.0,EVT:E23|EVT:E28|EVT:E37
1.0,EVT:E2|EVT:E28|EVT:E37
1.0,EVT:E22|EVT:E28|EVT:E37
1.0,EVT:E21|EVT:E28|EVT:E37
1.0,EVT:E20|EVT:E28|EVT:E37
1.0,EVT:E18|EVT:E28|EVT:E37
1.0,EVT:E19|EVT:E28|EVT:E37
1.0,EVT:E17|EVT:E28|EVT:E37
1.0,EVT:E16|EVT:E28|EVT:E37
1.0,COMP:wsgi_server|EVT:E28|EVT:E37
1.0,EVT:E15|EVT:E28|EVT:E37
1.0,EVT:E14|EVT:E28|EVT:E37
1.0,EVT:E13|EVT:E28|EVT:E37
1.0,EVT:E12|EVT:E28|EVT:E37
1.0,EVT:E11|EVT:E28|EVT:E37
1.0,EVT:E10|EVT:E28|EVT:E37
1.0,EVT:E1|EVT:E28|EVT:E37
1.0,COMP:compute_server_external_events|EVT:E28|EVT:E37
1.0,COMP:openstack_wsgi|EVT:E28|EVT:E37
1.0,COMP:libvirt_imagecache|EVT:E28|EVT:E37
1.0,COMP:libvirt_driver|EVT:E28|EVT:E37
1.0,COMP:compute_manager|EVT:E28|EVT:E37
1.0,COMP:compute_resource_tracker|EVT:E28|EVT:E37
1.0,COMP:compute_claims|EVT:E28|EVT:E37
0.6,EVT:E28|EVT:E29|EVT:E37
1.0,EVT:E25|EVT:E27|EVT:E37
1.0,EVT:E26|EVT:E27|EVT:E37
1.0,EVT:E24|EVT:E27|EVT:E37
1.0,EVT:E23|EVT:E27|EVT:E37
1.0,EVT:E2|EVT:E27|EVT:E37
1.0,EVT:E22|EVT:E27|EVT:E37
1.0,EVT:E21|EVT:E27|EVT:E37
1.0,EVT:E20|EVT:E27|EVT:E37
1.0,EVT:E18|EVT:E27|EVT:E37
1.0,EVT:E19|EVT:E27|EVT:E37
1.0,EVT:E17|EVT:E27|EVT:E37
1.0,EVT:E16|EVT:E27|EVT:E37
1.0,COMP:wsgi_server|EVT:E27|EVT:E37
1.0,EVT:E15|EVT:E27|EVT:E37
1.0,EVT:E14|EVT:E27|EVT:E37
1.0,EVT:E13|EVT:E27|EVT:E37
1.0,EVT:E12|EVT:E27|EVT:E37
1.0,EVT:E11|EVT:E27|EVT:E37
1.0,EVT:E10|EVT:E27|EVT:E37
1.0,EVT:E1|EVT:E27|EVT:E37
1.0,COMP:compute_server_external_events|EVT:E27|EVT:E37
1.0,COMP:openstack_wsgi|EVT:E27|EVT:E37
1.0,COMP:libvirt_imagecache|EVT:E27|EVT:E37
1.0,COMP:libvirt_driver|EVT:E27|EVT:E37
1.0,COMP:compute_manager|EVT:E27|EVT:E37
1.0,COMP:compute_resource_tracker|EVT:E27|EVT:E37
1.0,COMP:compute_claims|EVT:E27|EVT:E37
0.6,EVT:E27|EVT:E29|EVT:E37
1.0,EVT:E25|EVT:E26|EVT:E37
1.0,EVT:E24|EVT:E25|EVT:E37
1.0,EVT:E23|EVT:E25|EVT:E37
1.0,EVT:E2|EVT:E25|EVT:E37
1.0,EVT:E22|EVT:E25|EVT:E37
1.0,EVT:E21|EVT:E25|EVT:E37
1.0,EVT:E20|EVT:E25|EVT:E37
1.0,EVT:E18|EVT:E25|EVT:E37
1.0,EVT:E19|EVT:E25|EVT:E37
1.0,EVT:E17|EVT:E25|EVT:E37
1.0,EVT:E16|EVT:E25|EVT:E37
1.0,COMP:wsgi_server|EVT:E25|EVT:E37
1.0,EVT:E15|EVT:E25|EVT:E37
1.0,EVT:E14|EVT:E25|EVT:E37
1.0,EVT:E13|EVT:E25|EVT:E37
1.0,EVT:E12|EVT:E25|EVT:E37
1.0,EVT:E11|EVT:E25|EVT:E37
1.0,EVT:E10|EVT:E25|EVT:E37
1.0,EVT:E1|EVT:E25|EVT:E37
1.0,COMP:compute_server_external_events|EVT:E25|EVT:E37
1.0,COMP:openstack_wsgi|EVT:E25|EVT:E37
1.0,COMP:libvirt_imagecache|EVT:E25|EVT:E37
1.0,COMP:libvirt_driver|EVT:E25|EVT:E37
1.0,COMP:compute_manager|EVT:E25|EVT:E37
1.0,COMP:compute_resource_tracker|EVT:E25|EVT:E37
1.0,COMP:compute_claims|EVT:E25|EVT:E37
0.6,EVT:E25|EVT:E29|EVT:E37
1.0,EVT:E24|EVT:E26|EVT:E37
1.0,EVT:E23|EVT:E26|EVT:E37
1.0,EVT:E2|EVT:E26|EVT:E37
1.0,EVT:E22|EVT:E26|EVT:E37
1.0,EVT:E21|EVT:E26|EVT:E37
1.0,EVT:E20|EVT:E26|EVT:E37
1.0,EVT:E18|EVT:E26|EVT:E37
1.0,EVT:E19|EVT:E26|EVT:E37
1.0,EVT:E17|EVT:E26|EVT:E37
1.0,EVT:E16|EVT:E26|EVT:E37
1.0,COMP:wsgi_server|EVT:E26|EVT:E37
1.0,EVT:E15|EVT:E26|EVT:E37
1.0,EVT:E14|EVT:E26|EVT:E37
1.0,EVT:E13|EVT:E26|EVT:E37
1.0,EVT:E12|EVT:E26|EVT:E37
1.0,EVT:E11|EVT:E26|EVT:E37
1.0,EVT:E10|EVT:E26|EVT:E37
1.0,EVT:E1|EVT:E26|EVT:E37
1.0,COMP:compute_server_external_events|EVT:E26|EVT:E37
1.0,COMP:openstack_wsgi|EVT:E26|EVT:E37
1.0,COMP:libvirt_imagecache|EVT:E26|EVT:E37
1.0,COMP:libvirt_driver|EVT:E26|EVT:E37
1.0,COMP:compute_manager|EVT:E26|EVT:E37
1.0,COMP:compute_resource_tracker|EVT:E26|EVT:E37
1.0,COMP:compute_claims|EVT:E26|EVT:E37
0.6,EVT:E26|EVT:E29|EVT:E37
1.0,EVT:E23|EVT:E24|EVT:E37
1.0,EVT:E2|EVT:E24|EVT:E37
1.0,EVT:E22|EVT:E24|EVT:E37
1.0,EVT:E21|EVT:E24|EVT:E37
1.0,EVT:E20|EVT:E24|EVT:E37
1.0,EVT:E18|EVT:E24|EVT:E37
1.0,EVT:E19|EVT:E24|EVT:E37
1.0,EVT:E17|EVT:E24|EVT:E37
1.0,EVT:E16|EVT:E24|EVT:E37
1.0,COMP:wsgi_server|EVT:E24|EVT:E37
1.0,EVT:E15|EVT:E24|EVT:E37
1.0,EVT:E14|EVT:E24|EVT:E37
1.0,EVT:E13|EVT:E24|EVT:E37
1.0,EVT:E12|EVT:E24|EVT:E37
1.0,EVT:E11|EVT:E24|EVT:E37
1.0,EVT:E10|EVT:E24|EVT:E37
1.0,EVT:E1|EVT:E24|EVT:E37
1.0,COMP:compute_server_external_events|EVT:E24|EVT:E37
1.0,COMP:openstack_wsgi|EVT:E24|EVT:E37
1.0,COMP:libvirt_imagecache|EVT:E24|EVT:E37
1.0,COMP:libvirt_driver|EVT:E24|EVT:E37
1.0,COMP:compute_manager|EVT:E24|EVT:E37
1.0,COMP:compute_resource_tracker|EVT:E24|EVT:E37
1.0,COMP:compute_claims|EVT:E24|EVT:E37
0.6,EVT:E24|EVT:E29|EVT:E37
1.0,EVT:E2|EVT:E23|EVT:E37
1.0,EVT:E22|EVT:E23|EVT:E37
1.0,EVT:E21|EVT:E23|EVT:E37
1.0,EVT:E20|EVT:E23|EVT:E37
1.0,EVT:E18|EVT:E23|EVT:E37
1.0,EVT:E19|EVT:E23|EVT:E37
1.0,EVT:E17|EVT:E23|EVT:E37
1.0,EVT:E16|EVT:E23|EVT:E37
1.0,COMP:wsgi_server|EVT:E23|EVT:E37
1.0,EVT:E15|EVT:E23|EVT:E37
1.0,EVT:E14|EVT:E23|EVT:E37
1.0,EVT:E13|EVT:E23|EVT:E37
1.0,EVT:E12|EVT:E23|EVT:E37
1.0,EVT:E11|EVT:E23|EVT:E37
1.0,EVT:E10|EVT:E23|EVT:E37
1.0,EVT:E1|EVT:E23|EVT:E37
1.0,COMP:compute_server_external_events|EVT:E23|EVT:E37
1.0,COMP:openstack_wsgi|EVT:E23|EVT:E37
1.0,COMP:libvirt_imagecache|EVT:E23|EVT:E37
1.0,COMP:libvirt_driver|EVT:E23|EVT:E37
1.0,COMP:compute_manager|EVT:E23|EVT:E37
1.0,COMP:compute_resource_tracker|EVT:E23|EVT:E37
1.0,COMP:compute_claims|EVT:E23|EVT:E37
0.6,EVT:E23|EVT:E29|EVT:E37
1.0,EVT:E2|EVT:E22|EVT:E37
1.0,EVT:E2|EVT:E21|EVT:E37
1.0,EVT:E2|EVT:E20|EVT:E37
1.0,EVT:E18|EVT:E2|EVT:E37
1.0,EVT:E19|EVT:E2|EVT:E37
1.0,EVT:E17|EVT:E2|EVT:E37
1.0,EVT:E16|EVT:E2|EVT:E37
1.0,COMP:wsgi_server|EVT:E2|EVT:E37
1.0,EVT:E15|EVT:E2|EVT:E37
1.0,EVT:E14|EVT:E2|EVT:E37
1.0,EVT:E13|EVT:E2|EVT:E37
1.0,EVT:E12|EVT:E2|EVT:E37
1.0,EVT:E11|EVT:E2|EVT:E37
1.0,EVT:E10|EVT:E2|EVT:E37
1.0,EVT:E1|EVT:E2|EVT:E37
1.0,COMP:compute_server_external_events|EVT:E2|EVT:E37
1.0,COMP:openstack_wsgi|EVT:E2|EVT:E37
1.0,COMP:libvirt_imagecache|EVT:E2|EVT:E37
1.0,COMP:libvirt_driver|EVT:E2|EVT:E37
1.0,COMP:compute_manager|EVT:E2|EVT:E37
1.0,COMP:compute_resource_tracker|EVT:E2|EVT:E37
1.0,COMP:compute_claims|EVT:E2|EVT:E37
0.6,EVT:E2|EVT:E29|EVT:E37
1.0,EVT:E21|EVT:E22|EVT:E37
1.0,EVT:E20|EVT:E22|EVT:E37
1.0,EVT:E18|EVT:E22|EVT:E37
1.0,EVT:E19|EVT:E22|EVT:E37
1.0,EVT:E17|EVT:E22|EVT:E37
1.0,EVT:E16|EVT:E22|EVT:E37
1.0,COMP:wsgi_server|EVT:E22|EVT:E37
1.0,EVT:E15|EVT:E22|EVT:E37
1.0,EVT:E14|EVT:E22|EVT:E37
1.0,EVT:E13|EVT:E22|EVT:E37
1.0,EVT:E12|EVT:E22|EVT:E37
1.0,EVT:E11|EVT:E22|EVT:E37
1.0,EVT:E10|EVT:E22|EVT:E37
1.0,EVT:E1|EVT:E22|EVT:E37
1.0,COMP:compute_server_external_events|EVT:E22|EVT:E37
1.0,COMP:openstack_wsgi|EVT:E22|EVT:E37
1.0,COMP:libvirt_imagecache|EVT:E22|EVT:E37
1.0,COMP:libvirt_driver|EVT:E22|EVT:E37
1.0,COMP:compute_manager|EVT:E22|EVT:E37
1.0,COMP:compute_resource_tracker|EVT:E22|EVT:E37
1.0,COMP:compute_claims|EVT:E22|EVT:E37
0.6,EVT:E22|EVT:E29|EVT:E37
1.0,EVT:E20|EVT:E21|EVT:E37
1.0,EVT:E18|EVT:E21|EVT:E37
1.0,EVT:E19|EVT:E21|EVT:E37
1.0,EVT:E17|EVT:E21|EVT:E37
1.0,EVT:E16|EVT:E21|EVT:E37
1.0,COMP:wsgi_server|EVT:E21|EVT:E37
1.0,EVT:E15|EVT:E21|EVT:E37
1.0,EVT:E14|EVT:E21|EVT:E37
1.0,EVT:E13|EVT:E21|EVT:E37
1.0,EVT:E12|EVT:E21|EVT:E37
1.0,EVT:E11|EVT:E21|EVT:E37
1.0,EVT:E10|EVT:E21|EVT:E37
1.0,EVT:E1|EVT:E21|EVT:E37
1.0,COMP:compute_server_external_events|EVT:E21|EVT:E37
1.0,COMP:openstack_wsgi|EVT:E21|EVT:E37
1.0,COMP:libvirt_imagecache|EVT:E21|EVT:E37
1.0,COMP:libvirt_driver|EVT:E21|EVT:E37
1.0,COMP:compute_manager|EVT:E21|EVT:E37
1.0,COMP:compute_resource_tracker|EVT:E21|EVT:E37
1.0,COMP:compute_claims|EVT:E21|EVT:E37
0.6,EVT:E21|EVT:E29|EVT:E37
1.0,EVT:E18|EVT:E20|EVT:E37
1.0,EVT:E19|EVT:E20|EVT:E37
1.0,EVT:E17|EVT:E20|EVT:E37
1.0,EVT:E16|EVT:E20|EVT:E37
1.0,COMP:wsgi_server|EVT:E20|EVT:E37
1.0,EVT:E15|EVT:E20|EVT:E37
1.0,EVT:E14|EVT:E20|EVT:E37
1.0,EVT:E13|EVT:E20|EVT:E37
1.0,EVT:E12|EVT:E20|EVT:E37
1.0,EVT:E11|EVT:E20|EVT:E37
1.0,EVT:E10|EVT:E20|EVT:E37
1.0,EVT:E1|EVT:E20|EVT:E37
1.0,COMP:compute_server_external_events|EVT:E20|EVT:E37
1.0,COMP:openstack_wsgi|EVT:E20|EVT:E37
1.0,COMP:libvirt_imagecache|EVT:E20|EVT:E37
1.0,COMP:libvirt_driver|EVT:E20|EVT:E37
1.0,COMP:compute_manager|EVT:E20|EVT:E37
1.0,COMP:compute_resource_tracker|EVT:E20|EVT:E37
1.0,COMP:compute_claims|EVT:E20|EVT:E37
0.6,EVT:E20|EVT:E29|EVT:E37
1.0,EVT:E18|EVT:E19|EVT:E37
1.0,EVT:E17|EVT:E18|EVT:E37
1.0,EVT:E16|EVT:E18|EVT:E37
1.0,COMP:wsgi_server|EVT:E18|EVT:E37
1.0,EVT:E15|EVT:E18|EVT:E37
1.0,EVT:E14|EVT:E18|EVT:E37
1.0,EVT:E13|EVT:E18|EVT:E37
1.0,EVT:E12|EVT:E18|EVT:E37
1.0,EVT:E11|EVT:E18|EVT:E37
1.0,EVT:E10|EVT:E18|EVT:E37
1.0,EVT:E1|EVT:E18|EVT:E37
1.0,COMP:compute_server_external_events|EVT:E18|EVT:E37
1.0,COMP:openstack_wsgi|EVT:E18|EVT:E37
1.0,COMP:libvirt_imagecache|EVT:E18|EVT:E37
1.0,COMP:libvirt_driver|EVT:E18|EVT:E37
1.0,COMP:compute_manager|EVT:E18|EVT:E37
1.0,COMP:compute_resource_tracker|EVT:E18|EVT:E37
1.0,COMP:compute_claims|EVT:E18|EVT:E37
0.6,EVT:E18|EVT:E29|EVT:E37
1.0,EVT:E17|EVT:E19|EVT:E37
1.0,EVT:E16|EVT:E19|EVT:E37
1.0,COMP:wsgi_server|EVT:E19|EVT:E37
1.0,EVT:E15|EVT:E19|EVT:E37
1.0,EVT:E14|EVT:E19|EVT:E37
1.0,EVT:E13|EVT:E19|EVT:E37
1.0,EVT:E12|EVT:E19|EVT:E37
1.0,EVT:E11|EVT:E19|EVT:E37
1.0,EVT:E10|EVT:E19|EVT:E37
1.0,EVT:E1|EVT:E19|EVT:E37
1.0,COMP:compute_server_external_events|EVT:E19|EVT:E37
1.0,COMP:openstack_wsgi|EVT:E19|EVT:E37
1.0,COMP:libvirt_imagecache|EVT:E19|EVT:E37
1.0,COMP:libvirt_driver|EVT:E19|EVT:E37
1.0,COMP:compute_manager|EVT:E19|EVT:E37
1.0,COMP:compute_resource_tracker|EVT:E19|EVT:E37
1.0,COMP:compute_claims|EVT:E19|EVT:E37
0.6,EVT:E19|EVT:E29|EVT:E37
1.0,EVT:E16|EVT:E17|EVT:E37
1.0,COMP:wsgi_server|EVT:E17|EVT:E37
1.0,EVT:E15|EVT:E17|EVT:E37
1.0,EVT:E14|EVT:E17|EVT:E37
1.0,EVT:E13|EVT:E17|EVT:E37
1.0,EVT:E12|EVT:E17|EVT:E37
1.0,EVT:E11|EVT:E17|EVT:E37
1.0,EVT:E10|EVT:E17|EVT:E37
1.0,EVT:E1|EVT:E17|EVT:E37
1.0,COMP:compute_server_external_events|EVT:E17|EVT:E37
1.0,COMP:openstack_wsgi|EVT:E17|EVT:E37
1.0,COMP:libvirt_imagecache|EVT:E17|EVT:E37
1.0,COMP:libvirt_driver|EVT:E17|EVT:E37
1.0,COMP:compute_manager|EVT:E17|EVT:E37
1.0,COMP:compute_resource_tracker|EVT:E17|EVT:E37
1.0,COMP:compute_claims|EVT:E17|EVT:E37
0.6,EVT:E17|EVT:E29|EVT:E37
1.0,COMP:wsgi_server|EVT:E16|EVT:E37
1.0,EVT:E15|EVT:E16|EVT:E37
1.0,EVT:E14|EVT:E16|EVT:E37
1.0,EVT:E13|EVT:E16|EVT:E37
1.0,EVT:E12|EVT:E16|EVT:E37
1.0,EVT:E11|EVT:E16|EVT:E37
1.0,EVT:E10|EVT:E16|EVT:E37
1.0,EVT:E1|EVT:E16|EVT:E37
1.0,COMP:compute_server_external_events|EVT:E16|EVT:E37
1.0,COMP:openstack_wsgi|EVT:E16|EVT:E37
1.0,COMP:libvirt_imagecache|EVT:E16|EVT:E37
1.0,COMP:libvirt_driver|EVT:E16|EVT:E37
1.0,COMP:compute_manager|EVT:E16|EVT:E37
1.0,COMP:compute_resource_tracker|EVT:E16|EVT:E37
1.0,COMP:compute_claims|EVT:E16|EVT:E37
0.6,EVT:E16|EVT:E29|EVT:E37
1.0,COMP:wsgi_server|EVT:E15|EVT:E37
1.0,COMP:wsgi_server|EVT:E14|EVT:E37
1.0,COMP:wsgi_server|EVT:E13|EVT:E37
1.0,COMP:wsgi_server|EVT:E12|EVT:E37
1.0,COMP:wsgi_server|EVT:E11|EVT:E37
1.0,COMP:wsgi_server|EVT:E10|EVT:E37
1.0,COMP:wsgi_server|EVT:E1|EVT:E37
1.0,COMP:compute_server_external_events|COMP:wsgi_server|EVT:E37
1.0,COMP:openstack_wsgi|COMP:wsgi_server|EVT:E37
1.0,COMP:libvirt_imagecache|COMP:wsgi_server|EVT:E37
1.0,COMP:libvirt_driver|COMP:wsgi_server|EVT:E37
1.0,COMP:compute_manager|COMP:wsgi_server|EVT:E37
1.0,COMP:compute_resource_tracker|COMP:wsgi_server|EVT:E37
1.0,COMP:compute_claims|COMP:wsgi_server|EVT:E37
0.6,COMP:wsgi_server|EVT:E29|EVT:E37
1.0,EVT:E14|EVT:E15|EVT:E37
1.0,EVT:E13|EVT:E15|EVT:E37
1.0,EVT:E12|EVT:E15|EVT:E37
1.0,EVT:E11|EVT:E15|EVT:E37
1.0,EVT:E10|EVT:E15|EVT:E37
1.0,EVT:E1|EVT:E15|EVT:E37
1.0,COMP:compute_server_external_events|EVT:E15|EVT:E37
1.0,COMP:openstack_wsgi|EVT:E15|EVT:E37
1.0,COMP:libvirt_imagecache|EVT:E15|EVT:E37
1.0,COMP:libvirt_driver|EVT:E15|EVT:E37
1.0,COMP:compute_manager|EVT:E15|EVT:E37
1.0,COMP:compute_resource_tracker|EVT:E15|EVT:E37
1.0,COMP:compute_claims|EVT:E15|EVT:E37
0.6,EVT:E15|EVT:E29|EVT:E37
1.0,EVT:E13|EVT:E14|EVT:E37
1.0,EVT:E12|EVT:E14|EVT:E37
1.0,EVT:E11|EVT:E14|EVT:E37
1.0,EVT:E10|EVT:E14|EVT:E37
1.0,EVT:E1|EVT:E14|EVT:E37
1.0,COMP:compute_server_external_events|EVT:E14|EVT:E37
1.0,COMP:openstack_wsgi|EVT:E14|EVT:E37
1.0,COMP:libvirt_imagecache|EVT:E14|EVT:E37
1.0,COMP:libvirt_driver|EVT:E14|EVT:E37
1.0,COMP:compute_manager|EVT:E14|EVT:E37
1.0,COMP:compute_resource_tracker|EVT:E14|EVT:E37
1.0,COMP:compute_claims|EVT:E14|EVT:E37
0.6,EVT:E14|EVT:E29|EVT:E37
1.0,EVT:E12|EVT:E13|EVT:E37
1.0,EVT:E11|EVT:E13|EVT:E37
1.0,EVT:E10|EVT:E13|EVT:E37
1.0,EVT:E1|EVT:E13|EVT:E37
1.0,COMP:compute_server_external_events|EVT:E13|EVT:E37
1.0,COMP:openstack_wsgi|EVT:E13|EVT:E37
1.0,COMP:libvirt_imagecache|EVT:E13|EVT:E37
1.0,COMP:libvirt_driver|EVT:E13|EVT:E37
1.0,COMP:compute_manager|EVT:E13|EVT:E37
1.0,COMP:compute_resource_tracker|EVT:E13|EVT:E37
1.0,COMP:compute_claims|EVT:E13|EVT:E37
0.6,EVT:E13|EVT:E29|EVT:E37
1.0,EVT:E11|EVT:E12|EVT:E37
1.0,EVT:E10|EVT:E12|EVT:E37
1.0,EVT:E1|EVT:E12|EVT:E37
1.0,COMP:compute_server_external_events|EVT:E12|EVT:E37
1.0,COMP:openstack_wsgi|EVT:E12|EVT:E37
1.0,COMP:libvirt_imagecache|EVT:E12|EVT:E37
1.0,COMP:libvirt_driver|EVT:E12|EVT:E37
1.0,COMP:compute_manager|EVT:E12|EVT:E37
1.0,COMP:compute_resource_tracker|EVT:E12|EVT:E37
1.0,COMP:compute_claims|EVT:E12|EVT:E37
0.6,EVT:E12|EVT:E29|EVT:E37
1.0,EVT:E10|EVT:E11|EVT:E37
1.0,EVT:E1|EVT:E11|EVT:E37
1.0,COMP:compute_server_external_events|EVT:E11|EVT:E37
1.0,COMP:openstack_wsgi|EVT:E11|EVT:E37
1.0,COMP:libvirt_imagecache|EVT:E11|EVT:E37
1.0,COMP:libvirt_driver|EVT:E11|EVT:E37
1.0,COMP:compute_manager|EVT:E11|EVT:E37
1.0,COMP:compute_resource_tracker|EVT:E11|EVT:E37
1.0,COMP:compute_claims|EVT:E11|EVT:E37
0.6,EVT:E11|EVT:E29|EVT:E37
1.0,EVT:E1|EVT:E10|EVT:E37
1.0,COMP:compute_server_external_events|EVT:E10|EVT:E37
1.0,COMP:openstack_wsgi|EVT:E10|EVT:E37
1.0,COMP:libvirt_imagecache|EVT:E10|EVT:E37
1.0,COMP:libvirt_driver|EVT:E10|EVT:E37
1.0,COMP:compute_manager|EVT:E10|EVT:E37
1.0,COMP:compute_resource_tracker|EVT:E10|EVT:E37
1.0,COMP:compute_claims|EVT:E10|EVT:E37
0.6,EVT:E10|EVT:E29|EVT:E37
1.0,COMP:compute_server_external_events|EVT:E1|EVT:E37
1.0,COMP:openstack_wsgi|EVT:E1|EVT:E37
1.0,COMP:libvirt_imagecache|EVT:E1|EVT:E37
1.0,COMP:libvirt_driver|EVT:E1|EVT:E37
1.0,COMP:compute_manager|EVT:E1|EVT:E37
1.0,COMP:compute_resource_tracker|EVT:E1|EVT:E37
1.0,COMP:compute_claims|EVT:E1|EVT:E37
0.6,EVT:E1|EVT:E29|EVT:E37
1.0,COMP:compute_server_external_events|COMP:openstack_wsgi|EVT:E37
1.0,COMP:compute_server_external_events|COMP:libvirt_imagecache|EVT:E37
1.0,COMP:compute_server_external_events|COMP:libvirt_driver|EVT:E37
1.0,COMP:compute_manager|COMP:compute_server_external_events|EVT:E37
1.0,COMP:compute_resource_tracker|COMP:compute_server_external_events|EVT:E37
1.0,COMP:compute_claims|COMP:compute_server_external_events|EVT:E37
0.6,COMP:compute_server_external_events|EVT:E29|EVT:E37
1.0,COMP:libvirt_imagecache|COMP:openstack_wsgi|EVT:E37
1.0,COMP:libvirt_driver|COMP:openstack_wsgi|EVT:E37
1.0,COMP:compute_manager|COMP:openstack_wsgi|EVT:E37
1.0,COMP:compute_resource_tracker|COMP:openstack_wsgi|EVT:E37
1.0,COMP:compute_claims|COMP:openstack_wsgi|EVT:E37
0.6,COMP:openstack_wsgi|EVT:E29|EVT:E37
1.0,COMP:libvirt_driver|COMP:libvirt_imagecache|EVT:E37
1.0,COMP:compute_manager|COMP:libvirt_imagecache|EVT:E37
1.0,COMP:compute_resource_tracker|COMP:libvirt_imagecache|EVT:E37
1.0,COMP:compute_claims|COMP:libvirt_imagecache|EVT:E37
0.6,COMP:libvirt_imagecache|EVT:E29|EVT:E37
1.0,COMP:compute_manager|COMP:libvirt_driver|EVT:E37
1.0,COMP:compute_resource_tracker|COMP:libvirt_driver|EVT:E37
1.0,COMP:compute_claims|COMP:libvirt_driver|EVT:E37
0.6,COMP:libvirt_driver|EVT:E29|EVT:E37
1.0,COMP:compute_manager|COMP:compute_resource_tracker|EVT:E37
1.0,COMP:compute_claims|COMP:compute_manager|EVT:E37
0.6,COMP:compute_manager|EVT:E29|EVT:E37
1.0,COMP:compute_claims|COMP:compute_resource_tracker|EVT:E37
0.6,COMP:compute_resource_tracker|EVT:E29|EVT:E37
0.6,COMP:compute_claims|EVT:E29|EVT:E37
1.0,EVT:E34|EVT:E35|EVT:E36
1.0,EVT:E33|EVT:E35|EVT:E36
1.0,EVT:E32|EVT:E35|EVT:E36
1.0,EVT:E31|EVT:E35|EVT:E36
1.0,EVT:E30|EVT:E35|EVT:E36
1.0,EVT:E3|EVT:E35|EVT:E36
1.0,EVT:E28|EVT:E35|EVT:E36
1.0,EVT:E27|EVT:E35|EVT:E36
1.0,EVT:E25|EVT:E35|EVT:E36
1.0,EVT:E26|EVT:E35|EVT:E36
1.0,EVT:E24|EVT:E35|EVT:E36
1.0,EVT:E23|EVT:E35|EVT:E36
1.0,EVT:E2|EVT:E35|EVT:E36
1.0,EVT:E22|EVT:E35|EVT:E36
1.0,EVT:E21|EVT:E35|EVT:E36
1.0,EVT:E20|EVT:E35|EVT:E36
1.0,EVT:E18|EVT:E35|EVT:E36
1.0,EVT:E19|EVT:E35|EVT:E36
1.0,EVT:E17|EVT:E35|EVT:E36
1.0,EVT:E16|EVT:E35|EVT:E36
1.0,COMP:wsgi_server|EVT:E35|EVT:E36
1.0,EVT:E15|EVT:E35|EVT:E36
1.0,EVT:E14|EVT:E35|EVT:E36
1.0,EVT:E13|EVT:E35|EVT:E36
1.0,EVT:E12|EVT:E35|EVT:E36
1.0,EVT:E11|EVT:E35|EVT:E36
1.0,EVT:E10|EVT:E35|EVT:E36
1.0,EVT:E1|EVT:E35|EVT:E36
1.0,COMP:compute_server_external_events|EVT:E35|EVT:E36
1.0,COMP:openstack_wsgi|EVT:E35|EVT:E36
1.0,COMP:libvirt_imagecache|EVT:E35|EVT:E36
1.0,COMP:libvirt_driver|EVT:E35|EVT:E36
1.0,COMP:compute_manager|EVT:E35|EVT:E36
1.0,COMP:compute_resource_tracker|EVT:E35|EVT:E36
1.0,COMP:compute_claims|EVT:E35|EVT:E36
0.6,EVT:E29|EVT:E35|EVT:E36
1.0,EVT:E33|EVT:E34|EVT:E36
1.0,EVT:E32|EVT:E34|EVT:E36
1.0,EVT:E31|EVT:E34|EVT:E36
1.0,EVT:E30|EVT:E34|EVT:E36
1.0,EVT:E3|EVT:E34|EVT:E36
1.0,EVT:E28|EVT:E34|EVT:E36
1.0,EVT:E27|EVT:E34|EVT:E36
1.0,EVT:E25|EVT:E34|EVT:E36
1.0,EVT:E26|EVT:E34|EVT:E36
1.0,EVT:E24|EVT:E34|EVT:E36
1.0,EVT:E23|EVT:E34|EVT:E36
1.0,EVT:E2|EVT:E34|EVT:E36
1.0,EVT:E22|EVT:E34|EVT:E36
1.0,EVT:E21|EVT:E34|EVT:E36
1.0,EVT:E20|EVT:E34|EVT:E36
1.0,EVT:E18|EVT:E34|EVT:E36
1.0,EVT:E19|EVT:E34|EVT:E36
1.0,EVT:E17|EVT:E34|EVT:E36
1.0,EVT:E16|EVT:E34|EVT:E36
1.0,COMP:wsgi_server|EVT:E34|EVT:E36
1.0,EVT:E15|EVT:E34|EVT:E36
1.0,EVT:E14|EVT:E34|EVT:E36
1.0,EVT:E13|EVT:E34|EVT:E36
1.0,EVT:E12|EVT:E34|EVT:E36
1.0,EVT:E11|EVT:E34|EVT:E36
1.0,EVT:E10|EVT:E34|EVT:E36
1.0,EVT:E1|EVT:E34|EVT:E36
1.0,COMP:compute_server_external_events|EVT:E34|EVT:E36
1.0,COMP:openstack_wsgi|EVT:E34|EVT:E36
1.0,COMP:libvirt_imagecache|EVT:E34|EVT:E36
1.0,COMP:libvirt_driver|EVT:E34|EVT:E36
1.0,COMP:compute_manager|EVT:E34|EVT:E36
1.0,COMP:compute_resource_tracker|EVT:E34|EVT:E36
1.0,COMP:compute_claims|EVT:E34|EVT:E36
0.6,EVT:E29|EVT:E34|EVT:E36
1.0,EVT:E32|EVT:E33|EVT:E36
1.0,EVT:E31|EVT:E33|EVT:E36
1.0,EVT:E30|EVT:E33|EVT:E36
1.0,EVT:E3|EVT:E33|EVT:E36
1.0,EVT:E28|EVT:E33|EVT:E36
1.0,EVT:E27|EVT:E33|EVT:E36
1.0,EVT:E25|EVT:E33|EVT:E36
1.0,EVT:E26|EVT:E33|EVT:E36
1.0,EVT:E24|EVT:E33|EVT:E36
1.0,EVT:E23|EVT:E33|EVT:E36
1.0,EVT:E2|EVT:E33|EVT:E36
1.0,EVT:E22|EVT:E33|EVT:E36
1.0,EVT:E21|EVT:E33|EVT:E36
1.0,EVT:E20|EVT:E33|EVT:E36
1.0,EVT:E18|EVT:E33|EVT:E36
1.0,EVT:E19|EVT:E33|EVT:E36
1.0,EVT:E17|EVT:E33|EVT:E36
1.0,EVT:E16|EVT:E33|EVT:E36
1.0,COMP:wsgi_server|EVT:E33|EVT:E36
1.0,EVT:E15|EVT:E33|EVT:E36
1.0,EVT:E14|EVT:E33|EVT:E36
1.0,EVT:E13|EVT:E33|EVT:E36
1.0,EVT:E12|EVT:E33|EVT:E36
1.0,EVT:E11|EVT:E33|EVT:E36
1.0,EVT:E10|EVT:E33|EVT:E36
1.0,EVT:E1|EVT:E33|EVT:E36
1.0,COMP:compute_server_external_events|EVT:E33|EVT:E36
1.0,COMP:openstack_wsgi|EVT:E33|EVT:E36
1.0,COMP:libvirt_imagecache|EVT:E33|EVT:E36
1.0,COMP:libvirt_driver|EVT:E33|EVT:E36
1.0,COMP:compute_manager|EVT:E33|EVT:E36
1.0,COMP:compute_resource_tracker|EVT:E33|EVT:E36
1.0,COMP:compute_claims|EVT:E33|EVT:E36
0.6,EVT:E29|EVT:E33|EVT:E36
1.0,EVT:E31|EVT:E32|EVT:E36
1.0,EVT:E30|EVT:E32|EVT:E36
1.0,EVT:E3|EVT:E32|EVT:E36
1.0,EVT:E28|EVT:E32|EVT:E36
1.0,EVT:E27|EVT:E32|EVT:E36
1.0,EVT:E25|EVT:E32|EVT:E36
1.0,EVT:E26|EVT:E32|EVT:E36
1.0,EVT:E24|EVT:E32|EVT:E36
1.0,EVT:E23|EVT:E32|EVT:E36
1.0,EVT:E2|EVT:E32|EVT:E36
1.0,EVT:E22|EVT:E32|EVT:E36
1.0,EVT:E21|EVT:E32|EVT:E36
1.0,EVT:E20|EVT:E32|EVT:E36
1.0,EVT:E18|EVT:E32|EVT:E36
1.0,EVT:E19|EVT:E32|EVT:E36
1.0,EVT:E17|EVT:E32|EVT:E36
1.0,EVT:E16|EVT:E32|EVT:E36
1.0,COMP:wsgi_server|EVT:E32|EVT:E36
1.0,EVT:E15|EVT:E32|EVT:E36
1.0,EVT:E14|EVT:E32|EVT:E36
1.0,EVT:E13|EVT:E32|EVT:E36
1.0,EVT:E12|EVT:E32|EVT:E36
1.0,EVT:E11|EVT:E32|EVT:E36
1.0,EVT:E10|EVT:E32|EVT:E36
1.0,EVT:E1|EVT:E32|EVT:E36
1.0,COMP:compute_server_external_events|EVT:E32|EVT:E36
1.0,COMP:openstack_wsgi|EVT:E32|EVT:E36
1.0,COMP:libvirt_imagecache|EVT:E32|EVT:E36
1.0,COMP:libvirt_driver|EVT:E32|EVT:E36
1.0,COMP:compute_manager|EVT:E32|EVT:E36
1.0,COMP:compute_resource_tracker|EVT:E32|EVT:E36
1.0,COMP:compute_claims|EVT:E32|EVT:E36
0.6,EVT:E29|EVT:E32|EVT:E36
1.0,EVT:E30|EVT:E31|EVT:E36
1.0,EVT:E3|EVT:E31|EVT:E36
1.0,EVT:E28|EVT:E31|EVT:E36
1.0,EVT:E27|EVT:E31|EVT:E36
1.0,EVT:E25|EVT:E31|EVT:E36
1.0,EVT:E26|EVT:E31|EVT:E36
1.0,EVT:E24|EVT:E31|EVT:E36
1.0,EVT:E23|EVT:E31|EVT:E36
1.0,EVT:E2|EVT:E31|EVT:E36
1.0,EVT:E22|EVT:E31|EVT:E36
1.0,EVT:E21|EVT:E31|EVT:E36
1.0,EVT:E20|EVT:E31|EVT:E36
1.0,EVT:E18|EVT:E31|EVT:E36
1.0,EVT:E19|EVT:E31|EVT:E36
1.0,EVT:E17|EVT:E31|EVT:E36
1.0,EVT:E16|EVT:E31|EVT:E36
1.0,COMP:wsgi_server|EVT:E31|EVT:E36
1.0,EVT:E15|EVT:E31|EVT:E36
1.0,EVT:E14|EVT:E31|EVT:E36
1.0,EVT:E13|EVT:E31|EVT:E36
1.0,EVT:E12|EVT:E31|EVT:E36
1.0,EVT:E11|EVT:E31|EVT:E36
1.0,EVT:E10|EVT:E31|EVT:E36
1.0,EVT:E1|EVT:E31|EVT:E36
1.0,COMP:compute_server_external_events|EVT:E31|EVT:E36
1.0,COMP:openstack_wsgi|EVT:E31|EVT:E36
1.0,COMP:libvirt_imagecache|EVT:E31|EVT:E36
1.0,COMP:libvirt_driver|EVT:E31|EVT:E36
1.0,COMP:compute_manager|EVT:E31|EVT:E36
1.0,COMP:compute_resource_tracker|EVT:E31|EVT:E36
1.0,COMP:compute_claims|EVT:E31|EVT:E36
0.6,EVT:E29|EVT:E31|EVT:E36
1.0,EVT:E3|EVT:E30|EVT:E36
1.0,EVT:E28|EVT:E30|EVT:E36
1.0,EVT:E27|EVT:E30|EVT:E36
1.0,EVT:E25|EVT:E30|EVT:E36
1.0,EVT:E26|EVT:E30|EVT:E36
1.0,EVT:E24|EVT:E30|EVT:E36
1.0,EVT:E23|EVT:E30|EVT:E36
1.0,EVT:E2|EVT:E30|EVT:E36
1.0,EVT:E22|EVT:E30|EVT:E36
1.0,EVT:E21|EVT:E30|EVT:E36
1.0,EVT:E20|EVT:E30|EVT:E36
1.0,EVT:E18|EVT:E30|EVT:E36
1.0,EVT:E19|EVT:E30|EVT:E36
1.0,EVT:E17|EVT:E30|EVT:E36
1.0,EVT:E16|EVT:E30|EVT:E36
1.0,COMP:wsgi_server|EVT:E30|EVT:E36
1.0,EVT:E15|EVT:E30|EVT:E36
1.0,EVT:E14|EVT:E30|EVT:E36
1.0,EVT:E13|EVT:E30|EVT:E36
1.0,EVT:E12|EVT:E30|EVT:E36
1.0,EVT:E11|EVT:E30|EVT:E36
1.0,EVT:E10|EVT:E30|EVT:E36
1.0,EVT:E1|EVT:E30|EVT:E36
1.0,COMP:compute_server_external_events|EVT:E30|EVT:E36
1.0,COMP:openstack_wsgi|EVT:E30|EVT:E36
1.0,COMP:libvirt_imagecache|EVT:E30|EVT:E36
1.0,COMP:libvirt_driver|EVT:E30|EVT:E36
1.0,COMP:compute_manager|EVT:E30|EVT:E36
1.0,COMP:compute_resource_tracker|EVT:E30|EVT:E36
1.0,COMP:compute_claims|EVT:E30|EVT:E36
0.6,EVT:E29|EVT:E30|EVT:E36
1.0,EVT:E28|EVT:E3|EVT:E36
1.0,EVT:E27|EVT:E3|EVT:E36
1.0,EVT:E25|EVT:E3|EVT:E36
1.0,EVT:E26|EVT:E3|EVT:E36
1.0,EVT:E24|EVT:E3|EVT:E36
1.0,EVT:E23|EVT:E3|EVT:E36
1.0,EVT:E2|EVT:E3|EVT:E36
1.0,EVT:E22|EVT:E3|EVT:E36
1.0,EVT:E21|EVT:E3|EVT:E36
1.0,EVT:E20|EVT:E3|EVT:E36
1.0,EVT:E18|EVT:E3|EVT:E36
1.0,EVT:E19|EVT:E3|EVT:E36
1.0,EVT:E17|EVT:E3|EVT:E36
1.0,EVT:E16|EVT:E3|EVT:E36
1.0,COMP:wsgi_server|EVT:E3|EVT:E36
1.0,EVT:E15|EVT:E3|EVT:E36
1.0,EVT:E14|EVT:E3|EVT:E36
1.0,EVT:E13|EVT:E3|EVT:E36
1.0,EVT:E12|EVT:E3|EVT:E36
1.0,EVT:E11|EVT:E3|EVT:E36
1.0,EVT:E10|EVT:E3|EVT:E36
1.0,EVT:E1|EVT:E3|EVT:E36
1.0,COMP:compute_server_external_events|EVT:E3|EVT:E36
1.0,COMP:openstack_wsgi|EVT:E3|EVT:E36
1.0,COMP:libvirt_imagecache|EVT:E3|EVT:E36
1.0,COMP:libvirt_driver|EVT:E3|EVT:E36
1.0,COMP:compute_manager|EVT:E3|EVT:E36
1.0,COMP:compute_resource_tracker|EVT:E3|EVT:E36
1.0,COMP:compute_claims|EVT:E3|EVT:E36
0.6,EVT:E29|EVT:E3|EVT:E36
1.0,EVT:E27|EVT:E28|EVT:E36
1.0,EVT:E25|EVT:E28|EVT:E36
1.0,EVT:E26|EVT:E28|EVT:E36
1.0,EVT:E24|EVT:E28|EVT:E36
1.0,EVT:E23|EVT:E28|EVT:E36
1.0,EVT:E2|EVT:E28|EVT:E36
1.0,EVT:E22|EVT:E28|EVT:E36
1.0,EVT:E21|EVT:E28|EVT:E36
1.0,EVT:E20|EVT:E28|EVT:E36
1.0,EVT:E18|EVT:E28|EVT:E36
1.0,EVT:E19|EVT:E28|EVT:E36
1.0,EVT:E17|EVT:E28|EVT:E36
1.0,EVT:E16|EVT:E28|EVT:E36
1.0,COMP:wsgi_server|EVT:E28|EVT:E36
1.0,EVT:E15|EVT:E28|EVT:E36
1.0,EVT:E14|EVT:E28|EVT:E36
1.0,EVT:E13|EVT:E28|EVT:E36
1.0,EVT:E12|EVT:E28|EVT:E36
1.0,EVT:E11|EVT:E28|EVT:E36
1.0,EVT:E10|EVT:E28|EVT:E36
1.0,EVT:E1|EVT:E28|EVT:E36
1.0,COMP:compute_server_external_events|EVT:E28|EVT:E36
1.0,COMP:openstack_wsgi|EVT:E28|EVT:E36
1.0,COMP:libvirt_imagecache|EVT:E28|EVT:E36
1.0,COMP:libvirt_driver|EVT:E28|EVT:E36
1.0,COMP:compute_manager|EVT:E28|EVT:E36
1.0,COMP:compute_resource_tracker|EVT:E28|EVT:E36
1.0,COMP:compute_claims|EVT:E28|EVT:E36
0.6,EVT:E28|EVT:E29|EVT:E36
1.0,EVT:E25|EVT:E27|EVT:E36
1.0,EVT:E26|EVT:E27|EVT:E36
1.0,EVT:E24|EVT:E27|EVT:E36
1.0,EVT:E23|EVT:E27|EVT:E36
1.0,EVT:E2|EVT:E27|EVT:E36
1.0,EVT:E22|EVT:E27|EVT:E36
1.0,EVT:E21|EVT:E27|EVT:E36
1.0,EVT:E20|EVT:E27|EVT:E36
1.0,EVT:E18|EVT:E27|EVT:E36
1.0,EVT:E19|EVT:E27|EVT:E36
1.0,EVT:E17|EVT:E27|EVT:E36
1.0,EVT:E16|EVT:E27|EVT:E36
1.0,COMP:wsgi_server|EVT:E27|EVT:E36
1.0,EVT:E15|EVT:E27|EVT:E36
1.0,EVT:E14|EVT:E27|EVT:E36
1.0,EVT:E13|EVT:E27|EVT:E36
1.0,EVT:E12|EVT:E27|EVT:E36
1.0,EVT:E11|EVT:E27|EVT:E36
1.0,EVT:E10|EVT:E27|EVT:E36
1.0,EVT:E1|EVT:E27|EVT:E36
1.0,COMP:compute_server_external_events|EVT:E27|EVT:E36
1.0,COMP:openstack_wsgi|EVT:E27|EVT:E36
1.0,COMP:libvirt_imagecache|EVT:E27|EVT:E36
1.0,COMP:libvirt_driver|EVT:E27|EVT:E36
1.0,COMP:compute_manager|EVT:E27|EVT:E36
1.0,COMP:compute_resource_tracker|EVT:E27|EVT:E36
1.0,COMP:compute_claims|EVT:E27|EVT:E36
0.6,EVT:E27|EVT:E29|EVT:E36
1.0,EVT:E25|EVT:E26|EVT:E36
1.0,EVT:E24|EVT:E25|EVT:E36
1.0,EVT:E23|EVT:E25|EVT:E36
1.0,EVT:E2|EVT:E25|EVT:E36
1.0,EVT:E22|EVT:E25|EVT:E36
1.0,EVT:E21|EVT:E25|EVT:E36
1.0,EVT:E20|EVT:E25|EVT:E36
1.0,EVT:E18|EVT:E25|EVT:E36
1.0,EVT:E19|EVT:E25|EVT:E36
1.0,EVT:E17|EVT:E25|EVT:E36
1.0,EVT:E16|EVT:E25|EVT:E36
1.0,COMP:wsgi_server|EVT:E25|EVT:E36
1.0,EVT:E15|EVT:E25|EVT:E36
1.0,EVT:E14|EVT:E25|EVT:E36
1.0,EVT:E13|EVT:E25|EVT:E36
1.0,EVT:E12|EVT:E25|EVT:E36
1.0,EVT:E11|EVT:E25|EVT:E36
1.0,EVT:E10|EVT:E25|EVT:E36
1.0,EVT:E1|EVT:E25|EVT:E36
1.0,COMP:compute_server_external_events|EVT:E25|EVT:E36
1.0,COMP:openstack_wsgi|EVT:E25|EVT:E36
1.0,COMP:libvirt_imagecache|EVT:E25|EVT:E36
1.0,COMP:libvirt_driver|EVT:E25|EVT:E36
1.0,COMP:compute_manager|EVT:E25|EVT:E36
1.0,COMP:compute_resource_tracker|EVT:E25|EVT:E36
1.0,COMP:compute_claims|EVT:E25|EVT:E36
0.6,EVT:E25|EVT:E29|EVT:E36
1.0,EVT:E24|EVT:E26|EVT:E36
1.0,EVT:E23|EVT:E26|EVT:E36
1.0,EVT:E2|EVT:E26|EVT:E36
1.0,EVT:E22|EVT:E26|EVT:E36
1.0,EVT:E21|EVT:E26|EVT:E36
1.0,EVT:E20|EVT:E26|EVT:E36
1.0,EVT:E18|EVT:E26|EVT:E36
1.0,EVT:E19|EVT:E26|EVT:E36
1.0,EVT:E17|EVT:E26|EVT:E36
1.0,EVT:E16|EVT:E26|EVT:E36
1.0,COMP:wsgi_server|EVT:E26|EVT:E36
1.0,EVT:E15|EVT:E26|EVT:E36
1.0,EVT:E14|EVT:E26|EVT:E36
1.0,EVT:E13|EVT:E26|EVT:E36
1.0,EVT:E12|EVT:E26|EVT:E36
1.0,EVT:E11|EVT:E26|EVT:E36
1.0,EVT:E10|EVT:E26|EVT:E36
1.0,EVT:E1|EVT:E26|EVT:E36
1.0,COMP:compute_server_external_events|EVT:E26|EVT:E36
1.0,COMP:openstack_wsgi|EVT:E26|EVT:E36
1.0,COMP:libvirt_imagecache|EVT:E26|EVT:E36
1.0,COMP:libvirt_driver|EVT:E26|EVT:E36
1.0,COMP:compute_manager|EVT:E26|EVT:E36
1.0,COMP:compute_resource_tracker|EVT:E26|EVT:E36
1.0,COMP:compute_claims|EVT:E26|EVT:E36
0.6,EVT:E26|EVT:E29|EVT:E36
1.0,EVT:E23|EVT:E24|EVT:E36
1.0,EVT:E2|EVT:E24|EVT:E36
1.0,EVT:E22|EVT:E24|EVT:E36
1.0,EVT:E21|EVT:E24|EVT:E36
1.0,EVT:E20|EVT:E24|EVT:E36
1.0,EVT:E18|EVT:E24|EVT:E36
1.0,EVT:E19|EVT:E24|EVT:E36
1.0,EVT:E17|EVT:E24|EVT:E36
1.0,EVT:E16|EVT:E24|EVT:E36
1.0,COMP:wsgi_server|EVT:E24|EVT:E36
1.0,EVT:E15|EVT:E24|EVT:E36
1.0,EVT:E14|EVT:E24|EVT:E36
1.0,EVT:E13|EVT:E24|EVT:E36
1.0,EVT:E12|EVT:E24|EVT:E36
1.0,EVT:E11|EVT:E24|EVT:E36
1.0,EVT:E10|EVT:E24|EVT:E36
1.0,EVT:E1|EVT:E24|EVT:E36
1.0,COMP:compute_server_external_events|EVT:E24|EVT:E36
1.0,COMP:openstack_wsgi|EVT:E24|EVT:E36
1.0,COMP:libvirt_imagecache|EVT:E24|EVT:E36
1.0,COMP:libvirt_driver|EVT:E24|EVT:E36
1.0,COMP:compute_manager|EVT:E24|EVT:E36
1.0,COMP:compute_resource_tracker|EVT:E24|EVT:E36
1.0,COMP:compute_claims|EVT:E24|EVT:E36
0.6,EVT:E24|EVT:E29|EVT:E36
1.0,EVT:E2|EVT:E23|EVT:E36
1.0,EVT:E22|EVT:E23|EVT:E36
1.0,EVT:E21|EVT:E23|EVT:E36
1.0,EVT:E20|EVT:E23|EVT:E36
1.0,EVT:E18|EVT:E23|EVT:E36
1.0,EVT:E19|EVT:E23|EVT:E36
1.0,EVT:E17|EVT:E23|EVT:E36
1.0,EVT:E16|EVT:E23|EVT:E36
1.0,COMP:wsgi_server|EVT:E23|EVT:E36
1.0,EVT:E15|EVT:E23|EVT:E36
1.0,EVT:E14|EVT:E23|EVT:E36
1.0,EVT:E13|EVT:E23|EVT:E36
1.0,EVT:E12|EVT:E23|EVT:E36
1.0,EVT:E11|EVT:E23|EVT:E36
1.0,EVT:E10|EVT:E23|EVT:E36
1.0,EVT:E1|EVT:E23|EVT:E36
1.0,COMP:compute_server_external_events|EVT:E23|EVT:E36
1.0,COMP:openstack_wsgi|EVT:E23|EVT:E36
1.0,COMP:libvirt_imagecache|EVT:E23|EVT:E36
1.0,COMP:libvirt_driver|EVT:E23|EVT:E36
1.0,COMP:compute_manager|EVT:E23|EVT:E36
1.0,COMP:compute_resource_tracker|EVT:E23|EVT:E36
1.0,COMP:compute_claims|EVT:E23|EVT:E36
0.6,EVT:E23|EVT:E29|EVT:E36
1.0,EVT:E2|EVT:E22|EVT:E36
1.0,EVT:E2|EVT:E21|EVT:E36
1.0,EVT:E2|EVT:E20|EVT:E36
1.0,EVT:E18|EVT:E2|EVT:E36
1.0,EVT:E19|EVT:E2|EVT:E36
1.0,EVT:E17|EVT:E2|EVT:E36
1.0,EVT:E16|EVT:E2|EVT:E36
1.0,COMP:wsgi_server|EVT:E2|EVT:E36
1.0,EVT:E15|EVT:E2|EVT:E36
1.0,EVT:E14|EVT:E2|EVT:E36
1.0,EVT:E13|EVT:E2|EVT:E36
1.0,EVT:E12|EVT:E2|EVT:E36
1.0,EVT:E11|EVT:E2|EVT:E36
1.0,EVT:E10|EVT:E2|EVT:E36
1.0,EVT:E1|EVT:E2|EVT:E36
1.0,COMP:compute_server_external_events|EVT:E2|EVT:E36
1.0,COMP:openstack_wsgi|EVT:E2|EVT:E36
1.0,COMP:libvirt_imagecache|EVT:E2|EVT:E36
1.0,COMP:libvirt_driver|EVT:E2|EVT:E36
1.0,COMP:compute_manager|EVT:E2|EVT:E36
1.0,COMP:compute_resource_tracker|EVT:E2|EVT:E36
1.0,COMP:compute_claims|EVT:E2|EVT:E36
0.6,EVT:E2|EVT:E29|EVT:E36
1.0,EVT:E21|EVT:E22|EVT:E36
1.0,EVT:E20|EVT:E22|EVT:E36
1.0,EVT:E18|EVT:E22|EVT:E36
1.0,EVT:E19|EVT:E22|EVT:E36
1.0,EVT:E17|EVT:E22|EVT:E36
1.0,EVT:E16|EVT:E22|EVT:E36
1.0,COMP:wsgi_server|EVT:E22|EVT:E36
1.0,EVT:E15|EVT:E22|EVT:E36
1.0,EVT:E14|EVT:E22|EVT:E36
1.0,EVT:E13|EVT:E22|EVT:E36
1.0,EVT:E12|EVT:E22|EVT:E36
1.0,EVT:E11|EVT:E22|EVT:E36
1.0,EVT:E10|EVT:E22|EVT:E36
1.0,EVT:E1|EVT:E22|EVT:E36
1.0,COMP:compute_server_external_events|EVT:E22|EVT:E36
1.0,COMP:openstack_wsgi|EVT:E22|EVT:E36
1.0,COMP:libvirt_imagecache|EVT:E22|EVT:E36
1.0,COMP:libvirt_driver|EVT:E22|EVT:E36
1.0,COMP:compute_manager|EVT:E22|EVT:E36
1.0,COMP:compute_resource_tracker|EVT:E22|EVT:E36
1.0,COMP:compute_claims|EVT:E22|EVT:E36
0.6,EVT:E22|EVT:E29|EVT:E36
1.0,EVT:E20|EVT:E21|EVT:E36
1.0,EVT:E18|EVT:E21|EVT:E36
1.0,EVT:E19|EVT:E21|EVT:E36
1.0,EVT:E17|EVT:E21|EVT:E36
1.0,EVT:E16|EVT:E21|EVT:E36
1.0,COMP:wsgi_server|EVT:E21|EVT:E36
1.0,EVT:E15|EVT:E21|EVT:E36
1.0,EVT:E14|EVT:E21|EVT:E36
1.0,EVT:E13|EVT:E21|EVT:E36
1.0,EVT:E12|EVT:E21|EVT:E36
1.0,EVT:E11|EVT:E21|EVT:E36
1.0,EVT:E10|EVT:E21|EVT:E36
1.0,EVT:E1|EVT:E21|EVT:E36
1.0,COMP:compute_server_external_events|EVT:E21|EVT:E36
1.0,COMP:openstack_wsgi|EVT:E21|EVT:E36
1.0,COMP:libvirt_imagecache|EVT:E21|EVT:E36
1.0,COMP:libvirt_driver|EVT:E21|EVT:E36
1.0,COMP:compute_manager|EVT:E21|EVT:E36
1.0,COMP:compute_resource_tracker|EVT:E21|EVT:E36
1.0,COMP:compute_claims|EVT:E21|EVT:E36
0.6,EVT:E21|EVT:E29|EVT:E36
1.0,EVT:E18|EVT:E20|EVT:E36
1.0,EVT:E19|EVT:E20|EVT:E36
1.0,EVT:E17|EVT:E20|EVT:E36
1.0,EVT:E16|EVT:E20|EVT:E36
1.0,COMP:wsgi_server|EVT:E20|EVT:E36
1.0,EVT:E15|EVT:E20|EVT:E36
1.0,EVT:E14|EVT:E20|EVT:E36
1.0,EVT:E13|EVT:E20|EVT:E36
1.0,EVT:E12|EVT:E20|EVT:E36
1.0,EVT:E11|EVT:E20|EVT:E36
1.0,EVT:E10|EVT:E20|EVT:E36
1.0,EVT:E1|EVT:E20|EVT:E36
1.0,COMP:compute_server_external_events|EVT:E20|EVT:E36
1.0,COMP:openstack_wsgi|EVT:E20|EVT:E36
1.0,COMP:libvirt_imagecache|EVT:E20|EVT:E36
1.0,COMP:libvirt_driver|EVT:E20|EVT:E36
1.0,COMP:compute_manager|EVT:E20|EVT:E36
1.0,COMP:compute_resource_tracker|EVT:E20|EVT:E36
1.0,COMP:compute_claims|EVT:E20|EVT:E36
0.6,EVT:E20|EVT:E29|EVT:E36
1.0,EVT:E18|EVT:E19|EVT:E36
1.0,EVT:E17|EVT:E18|EVT:E36
1.0,EVT:E16|EVT:E18|EVT:E36
1.0,COMP:wsgi_server|EVT:E18|EVT:E36
1.0,EVT:E15|EVT:E18|EVT:E36
1.0,EVT:E14|EVT:E18|EVT:E36
1.0,EVT:E13|EVT:E18|EVT:E36
1.0,EVT:E12|EVT:E18|EVT:E36
1.0,EVT:E11|EVT:E18|EVT:E36
1.0,EVT:E10|EVT:E18|EVT:E36
1.0,EVT:E1|EVT:E18|EVT:E36
1.0,COMP:compute_server_external_events|EVT:E18|EVT:E36
1.0,COMP:openstack_wsgi|EVT:E18|EVT:E36
1.0,COMP:libvirt_imagecache|EVT:E18|EVT:E36
1.0,COMP:libvirt_driver|EVT:E18|EVT:E36
1.0,COMP:compute_manager|EVT:E18|EVT:E36
1.0,COMP:compute_resource_tracker|EVT:E18|EVT:E36
1.0,COMP:compute_claims|EVT:E18|EVT:E36
0.6,EVT:E18|EVT:E29|EVT:E36
1.0,EVT:E17|EVT:E19|EVT:E36
1.0,EVT:E16|EVT:E19|EVT:E36
1.0,COMP:wsgi_server|EVT:E19|EVT:E36
1.0,EVT:E15|EVT:E19|EVT:E36
1.0,EVT:E14|EVT:E19|EVT:E36
1.0,EVT:E13|EVT:E19|EVT:E36
1.0,EVT:E12|EVT:E19|EVT:E36
1.0,EVT:E11|EVT:E19|EVT:E36
1.0,EVT:E10|EVT:E19|EVT:E36
1.0,EVT:E1|EVT:E19|EVT:E36
1.0,COMP:compute_server_external_events|EVT:E19|EVT:E36
1.0,COMP:openstack_wsgi|EVT:E19|EVT:E36
1.0,COMP:libvirt_imagecache|EVT:E19|EVT:E36
1.0,COMP:libvirt_driver|EVT:E19|EVT:E36
1.0,COMP:compute_manager|EVT:E19|EVT:E36
1.0,COMP:compute_resource_tracker|EVT:E19|EVT:E36
1.0,COMP:compute_claims|EVT:E19|EVT:E36
0.6,EVT:E19|EVT:E29|EVT:E36
1.0,EVT:E16|EVT:E17|EVT:E36
1.0,COMP:wsgi_server|EVT:E17|EVT:E36
1.0,EVT:E15|EVT:E17|EVT:E36
1.0,EVT:E14|EVT:E17|EVT:E36
1.0,EVT:E13|EVT:E17|EVT:E36
1.0,EVT:E12|EVT:E17|EVT:E36
1.0,EVT:E11|EVT:E17|EVT:E36
1.0,EVT:E10|EVT:E17|EVT:E36
1.0,EVT:E1|EVT:E17|EVT:E36
1.0,COMP:compute_server_external_events|EVT:E17|EVT:E36
1.0,COMP:openstack_wsgi|EVT:E17|EVT:E36
1.0,COMP:libvirt_imagecache|EVT:E17|EVT:E36
1.0,COMP:libvirt_driver|EVT:E17|EVT:E36
1.0,COMP:compute_manager|EVT:E17|EVT:E36
1.0,COMP:compute_resource_tracker|EVT:E17|EVT:E36
1.0,COMP:compute_claims|EVT:E17|EVT:E36
0.6,EVT:E17|EVT:E29|EVT:E36
1.0,COMP:wsgi_server|EVT:E16|EVT:E36
1.0,EVT:E15|EVT:E16|EVT:E36
1.0,EVT:E14|EVT:E16|EVT:E36
1.0,EVT:E13|EVT:E16|EVT:E36
1.0,EVT:E12|EVT:E16|EVT:E36
1.0,EVT:E11|EVT:E16|EVT:E36
1.0,EVT:E10|EVT:E16|EVT:E36
1.0,EVT:E1|EVT:E16|EVT:E36
1.0,COMP:compute_server_external_events|EVT:E16|EVT:E36
1.0,COMP:openstack_wsgi|EVT:E16|EVT:E36
1.0,COMP:libvirt_imagecache|EVT:E16|EVT:E36
1.0,COMP:libvirt_driver|EVT:E16|EVT:E36
1.0,COMP:compute_manager|EVT:E16|EVT:E36
1.0,COMP:compute_resource_tracker|EVT:E16|EVT:E36
1.0,COMP:compute_claims|EVT:E16|EVT:E36
0.6,EVT:E16|EVT:E29|EVT:E36
1.0,COMP:wsgi_server|EVT:E15|EVT:E36
1.0,COMP:wsgi_server|EVT:E14|EVT:E36
1.0,COMP:wsgi_server|EVT:E13|EVT:E36
1.0,COMP:wsgi_server|EVT:E12|EVT:E36
1.0,COMP:wsgi_server|EVT:E11|EVT:E36
1.0,COMP:wsgi_server|EVT:E10|EVT:E36
1.0,COMP:wsgi_server|EVT:E1|EVT:E36
1.0,COMP:compute_server_external_events|COMP:wsgi_server|EVT:E36
1.0,COMP:openstack_wsgi|COMP:wsgi_server|EVT:E36
1.0,COMP:libvirt_imagecache|COMP:wsgi_server|EVT:E36
1.0,COMP:libvirt_driver|COMP:wsgi_server|EVT:E36
1.0,COMP:compute_manager|COMP:wsgi_server|EVT:E36
1.0,COMP:compute_resource_tracker|COMP:wsgi_server|EVT:E36
1.0,COMP:compute_claims|COMP:wsgi_server|EVT:E36
0.6,COMP:wsgi_server|EVT:E29|EVT:E36
1.0,EVT:E14|EVT:E15|EVT:E36
1.0,EVT:E13|EVT:E15|EVT:E36
1.0,EVT:E12|EVT:E15|EVT:E36
1.0,EVT:E11|EVT:E15|EVT:E36
1.0,EVT:E10|EVT:E15|EVT:E36
1.0,EVT:E1|EVT:E15|EVT:E36
1.0,COMP:compute_server_external_events|EVT:E15|EVT:E36
1.0,COMP:openstack_wsgi|EVT:E15|EVT:E36
1.0,COMP:libvirt_imagecache|EVT:E15|EVT:E36
1.0,COMP:libvirt_driver|EVT:E15|EVT:E36
1.0,COMP:compute_manager|EVT:E15|EVT:E36
1.0,COMP:compute_resource_tracker|EVT:E15|EVT:E36
1.0,COMP:compute_claims|EVT:E15|EVT:E36
0.6,EVT:E15|EVT:E29|EVT:E36
1.0,EVT:E13|EVT:E14|EVT:E36
1.0,EVT:E12|EVT:E14|EVT:E36
1.0,EVT:E11|EVT:E14|EVT:E36
1.0,EVT:E10|EVT:E14|EVT:E36
1.0,EVT:E1|EVT:E14|EVT:E36
1.0,COMP:compute_server_external_events|EVT:E14|EVT:E36
1.0,COMP:openstack_wsgi|EVT:E14|EVT:E36
1.0,COMP:libvirt_imagecache|EVT:E14|EVT:E36
1.0,COMP:libvirt_driver|EVT:E14|EVT:E36
1.0,COMP:compute_manager|EVT:E14|EVT:E36
1.0,COMP:compute_resource_tracker|EVT:E14|EVT:E36
1.0,COMP:compute_claims|EVT:E14|EVT:E36
0.6,EVT:E14|EVT:E29|EVT:E36
1.0,EVT:E12|EVT:E13|EVT:E36
1.0,EVT:E11|EVT:E13|EVT:E36
1.0,EVT:E10|EVT:E13|EVT:E36
1.0,EVT:E1|EVT:E13|EVT:E36
1.0,COMP:compute_server_external_events|EVT:E13|EVT:E36
1.0,COMP:openstack_wsgi|EVT:E13|EVT:E36
1.0,COMP:libvirt_imagecache|EVT:E13|EVT:E36
1.0,COMP:libvirt_driver|EVT:E13|EVT:E36
1.0,COMP:compute_manager|EVT:E13|EVT:E36
1.0,COMP:compute_resource_tracker|EVT:E13|EVT:E36
1.0,COMP:compute_claims|EVT:E13|EVT:E36
0.6,EVT:E13|EVT:E29|EVT:E36
1.0,EVT:E11|EVT:E12|EVT:E36
1.0,EVT:E10|EVT:E12|EVT:E36
1.0,EVT:E1|EVT:E12|EVT:E36
1.0,COMP:compute_server_external_events|EVT:E12|EVT:E36
1.0,COMP:openstack_wsgi|EVT:E12|EVT:E36
1.0,COMP:libvirt_imagecache|EVT:E12|EVT:E36
1.0,COMP:libvirt_driver|EVT:E12|EVT:E36
1.0,COMP:compute_manager|EVT:E12|EVT:E36
1.0,COMP:compute_resource_tracker|EVT:E12|EVT:E36
1.0,COMP:compute_claims|EVT:E12|EVT:E36
0.6,EVT:E12|EVT:E29|EVT:E36
1.0,EVT:E10|EVT:E11|EVT:E36
1.0,EVT:E1|EVT:E11|EVT:E36
1.0,COMP:compute_server_external_events|EVT:E11|EVT:E36
1.0,COMP:openstack_wsgi|EVT:E11|EVT:E36
1.0,COMP:libvirt_imagecache|EVT:E11|EVT:E36
1.0,COMP:libvirt_driver|EVT:E11|EVT:E36
1.0,COMP:compute_manager|EVT:E11|EVT:E36
1.0,COMP:compute_resource_tracker|EVT:E11|EVT:E36
1.0,COMP:compute_claims|EVT:E11|EVT:E36
0.6,EVT:E11|EVT:E29|EVT:E36
1.0,EVT:E1|EVT:E10|EVT:E36
1.0,COMP:compute_server_external_events|EVT:E10|EVT:E36
1.0,COMP:openstack_wsgi|EVT:E10|EVT:E36
1.0,COMP:libvirt_imagecache|EVT:E10|EVT:E36
1.0,COMP:libvirt_driver|EVT:E10|EVT:E36
1.0,COMP:compute_manager|EVT:E10|EVT:E36
1.0,COMP:compute_resource_tracker|EVT:E10|EVT:E36
1.0,COMP:compute_claims|EVT:E10|EVT:E36
0.6,EVT:E10|EVT:E29|EVT:E36
1.0,COMP:compute_server_external_events|EVT:E1|EVT:E36
1.0,COMP:openstack_wsgi|EVT:E1|EVT:E36
1.0,COMP:libvirt_imagecache|EVT:E1|EVT:E36
1.0,COMP:libvirt_driver|EVT:E1|EVT:E36
1.0,COMP:compute_manager|EVT:E1|EVT:E36
1.0,COMP:compute_resource_tracker|EVT:E1|EVT:E36
1.0,COMP:compute_claims|EVT:E1|EVT:E36
0.6,EVT:E1|EVT:E29|EVT:E36
1.0,COMP:compute_server_external_events|COMP:openstack_wsgi|EVT:E36
1.0,COMP:compute_server_external_events|COMP:libvirt_imagecache|EVT:E36
1.0,COMP:compute_server_external_events|COMP:libvirt_driver|EVT:E36
1.0,COMP:compute_manager|COMP:compute_server_external_events|EVT:E36
1.0,COMP:compute_resource_tracker|COMP:compute_server_external_events|EVT:E36
1.0,COMP:compute_claims|COMP:compute_server_external_events|EVT:E36
0.6,COMP:compute_server_external_events|EVT:E29|EVT:E36
1.0,COMP:libvirt_imagecache|COMP:openstack_wsgi|EVT:E36
1.0,COMP:libvirt_driver|COMP:openstack_wsgi|EVT:E36
1.0,COMP:compute_manager|COMP:openstack_wsgi|EVT:E36
1.0,COMP:compute_resource_tracker|COMP:openstack_wsgi|EVT:E36
1.0,COMP:compute_claims|COMP:openstack_wsgi|EVT:E36
0.6,COMP:openstack_wsgi|EVT:E29|EVT:E36
1.0,COMP:libvirt_driver|COMP:libvirt_imagecache|EVT:E36
1.0,COMP:compute_manager|COMP:libvirt_imagecache|EVT:E36
1.0,COMP:compute_resource_tracker|COMP:libvirt_imagecache|EVT:E36
1.0,COMP:compute_claims|COMP:libvirt_imagecache|EVT:E36
0.6,COMP:libvirt_imagecache|EVT:E29|EVT:E36
1.0,COMP:compute_manager|COMP:libvirt_driver|EVT:E36
1.0,COMP:compute_resource_tracker|COMP:libvirt_driver|EVT:E36
1.0,COMP:compute_claims|COMP:libvirt_driver|EVT:E36
0.6,COMP:libvirt_driver|EVT:E29|EVT:E36
1.0,COMP:compute_manager|COMP:compute_resource_tracker|EVT:E36
1.0,COMP:compute_claims|COMP:compute_manager|EVT:E36
0.6,COMP:compute_manager|EVT:E29|EVT:E36
1.0,COMP:compute_claims|COMP:compute_resource_tracker|EVT:E36
0.6,COMP:compute_resource_tracker|EVT:E29|EVT:E36
0.6,COMP:compute_claims|EVT:E29|EVT:E36
1.0,EVT:E33|EVT:E34|EVT:E35
1.0,EVT:E32|EVT:E34|EVT:E35
1.0,EVT:E31|EVT:E34|EVT:E35
1.0,EVT:E30|EVT:E34|EVT:E35
1.0,EVT:E3|EVT:E34|EVT:E35
1.0,EVT:E28|EVT:E34|EVT:E35
1.0,EVT:E27|EVT:E34|EVT:E35
1.0,EVT:E25|EVT:E34|EVT:E35
1.0,EVT:E26|EVT:E34|EVT:E35
1.0,EVT:E24|EVT:E34|EVT:E35
1.0,EVT:E23|EVT:E34|EVT:E35
1.0,EVT:E2|EVT:E34|EVT:E35
1.0,EVT:E22|EVT:E34|EVT:E35
1.0,EVT:E21|EVT:E34|EVT:E35
1.0,EVT:E20|EVT:E34|EVT:E35
1.0,EVT:E18|EVT:E34|EVT:E35
1.0,EVT:E19|EVT:E34|EVT:E35
1.0,EVT:E17|EVT:E34|EVT:E35
1.0,EVT:E16|EVT:E34|EVT:E35
1.0,COMP:wsgi_server|EVT:E34|EVT:E35
1.0,EVT:E15|EVT:E34|EVT:E35
1.0,EVT:E14|EVT:E34|EVT:E35
1.0,EVT:E13|EVT:E34|EVT:E35
1.0,EVT:E12|EVT:E34|EVT:E35
1.0,EVT:E11|EVT:E34|EVT:E35
1.0,EVT:E10|EVT:E34|EVT:E35
1.0,EVT:E1|EVT:E34|EVT:E35
1.0,COMP:compute_server_external_events|EVT:E34|EVT:E35
1.0,COMP:openstack_wsgi|EVT:E34|EVT:E35
1.0,COMP:libvirt_imagecache|EVT:E34|EVT:E35
1.0,COMP:libvirt_driver|EVT:E34|EVT:E35
1.0,COMP:compute_manager|EVT:E34|EVT:E35
1.0,COMP:compute_resource_tracker|EVT:E34|EVT:E35
1.0,COMP:compute_claims|EVT:E34|EVT:E35
0.6,EVT:E29|EVT:E34|EVT:E35
1.0,EVT:E32|EVT:E33|EVT:E35
1.0,EVT:E31|EVT:E33|EVT:E35
1.0,EVT:E30|EVT:E33|EVT:E35
1.0,EVT:E3|EVT:E33|EVT:E35
1.0,EVT:E28|EVT:E33|EVT:E35
1.0,EVT:E27|EVT:E33|EVT:E35
1.0,EVT:E25|EVT:E33|EVT:E35
1.0,EVT:E26|EVT:E33|EVT:E35
1.0,EVT:E24|EVT:E33|EVT:E35
1.0,EVT:E23|EVT:E33|EVT:E35
1.0,EVT:E2|EVT:E33|EVT:E35
1.0,EVT:E22|EVT:E33|EVT:E35
1.0,EVT:E21|EVT:E33|EVT:E35
1.0,EVT:E20|EVT:E33|EVT:E35
1.0,EVT:E18|EVT:E33|EVT:E35
1.0,EVT:E19|EVT:E33|EVT:E35
1.0,EVT:E17|EVT:E33|EVT:E35
1.0,EVT:E16|EVT:E33|EVT:E35
1.0,COMP:wsgi_server|EVT:E33|EVT:E35
1.0,EVT:E15|EVT:E33|EVT:E35
1.0,EVT:E14|EVT:E33|EVT:E35
1.0,EVT:E13|EVT:E33|EVT:E35
1.0,EVT:E12|EVT:E33|EVT:E35
1.0,EVT:E11|EVT:E33|EVT:E35
1.0,EVT:E10|EVT:E33|EVT:E35
1.0,EVT:E1|EVT:E33|EVT:E35
1.0,COMP:compute_server_external_events|EVT:E33|EVT:E35
1.0,COMP:openstack_wsgi|EVT:E33|EVT:E35
1.0,COMP:libvirt_imagecache|EVT:E33|EVT:E35
1.0,COMP:libvirt_driver|EVT:E33|EVT:E35
1.0,COMP:compute_manager|EVT:E33|EVT:E35
1.0,COMP:compute_resource_tracker|EVT:E33|EVT:E35
1.0,COMP:compute_claims|EVT:E33|EVT:E35
0.6,EVT:E29|EVT:E33|EVT:E35
1.0,EVT:E31|EVT:E32|EVT:E35
1.0,EVT:E30|EVT:E32|EVT:E35
1.0,EVT:E3|EVT:E32|EVT:E35
1.0,EVT:E28|EVT:E32|EVT:E35
1.0,EVT:E27|EVT:E32|EVT:E35
1.0,EVT:E25|EVT:E32|EVT:E35
1.0,EVT:E26|EVT:E32|EVT:E35
1.0,EVT:E24|EVT:E32|EVT:E35
1.0,EVT:E23|EVT:E32|EVT:E35
1.0,EVT:E2|EVT:E32|EVT:E35
1.0,EVT:E22|EVT:E32|EVT:E35
1.0,EVT:E21|EVT:E32|EVT:E35
1.0,EVT:E20|EVT:E32|EVT:E35
1.0,EVT:E18|EVT:E32|EVT:E35
1.0,EVT:E19|EVT:E32|EVT:E35
1.0,EVT:E17|EVT:E32|EVT:E35
1.0,EVT:E16|EVT:E32|EVT:E35
1.0,COMP:wsgi_server|EVT:E32|EVT:E35
1.0,EVT:E15|EVT:E32|EVT:E35
1.0,EVT:E14|EVT:E32|EVT:E35
1.0,EVT:E13|EVT:E32|EVT:E35
1.0,EVT:E12|EVT:E32|EVT:E35
1.0,EVT:E11|EVT:E32|EVT:E35
1.0,EVT:E10|EVT:E32|EVT:E35
1.0,EVT:E1|EVT:E32|EVT:E35
1.0,COMP:compute_server_external_events|EVT:E32|EVT:E35
1.0,COMP:openstack_wsgi|EVT:E32|EVT:E35
1.0,COMP:libvirt_imagecache|EVT:E32|EVT:E35
1.0,COMP:libvirt_driver|EVT:E32|EVT:E35
1.0,COMP:compute_manager|EVT:E32|EVT:E35
1.0,COMP:compute_resource_tracker|EVT:E32|EVT:E35
1.0,COMP:compute_claims|EVT:E32|EVT:E35
0.6,EVT:E29|EVT:E32|EVT:E35
1.0,EVT:E30|EVT:E31|EVT:E35
1.0,EVT:E3|EVT:E31|EVT:E35
1.0,EVT:E28|EVT:E31|EVT:E35
1.0,EVT:E27|EVT:E31|EVT:E35
1.0,EVT:E25|EVT:E31|EVT:E35
1.0,EVT:E26|EVT:E31|EVT:E35
1.0,EVT:E24|EVT:E31|EVT:E35
1.0,EVT:E23|EVT:E31|EVT:E35
1.0,EVT:E2|EVT:E31|EVT:E35
1.0,EVT:E22|EVT:E31|EVT:E35
1.0,EVT:E21|EVT:E31|EVT:E35
1.0,EVT:E20|EVT:E31|EVT:E35
1.0,EVT:E18|EVT:E31|EVT:E35
1.0,EVT:E19|EVT:E31|EVT:E35
1.0,EVT:E17|EVT:E31|EVT:E35
1.0,EVT:E16|EVT:E31|EVT:E35
1.0,COMP:wsgi_server|EVT:E31|EVT:E35
1.0,EVT:E15|EVT:E31|EVT:E35
1.0,EVT:E14|EVT:E31|EVT:E35
1.0,EVT:E13|EVT:E31|EVT:E35
1.0,EVT:E12|EVT:E31|EVT:E35
1.0,EVT:E11|EVT:E31|EVT:E35
1.0,EVT:E10|EVT:E31|EVT:E35
1.0,EVT:E1|EVT:E31|EVT:E35
1.0,COMP:compute_server_external_events|EVT:E31|EVT:E35
1.0,COMP:openstack_wsgi|EVT:E31|EVT:E35
1.0,COMP:libvirt_imagecache|EVT:E31|EVT:E35
1.0,COMP:libvirt_driver|EVT:E31|EVT:E35
1.0,COMP:compute_manager|EVT:E31|EVT:E35
1.0,COMP:compute_resource_tracker|EVT:E31|EVT:E35
1.0,COMP:compute_claims|EVT:E31|EVT:E35
0.6,EVT:E29|EVT:E31|EVT:E35
1.0,EVT:E3|EVT:E30|EVT:E35
1.0,EVT:E28|EVT:E30|EVT:E35
1.0,EVT:E27|EVT:E30|EVT:E35
1.0,EVT:E25|EVT:E30|EVT:E35
1.0,EVT:E26|EVT:E30|EVT:E35
1.0,EVT:E24|EVT:E30|EVT:E35
1.0,EVT:E23|EVT:E30|EVT:E35
1.0,EVT:E2|EVT:E30|EVT:E35
1.0,EVT:E22|EVT:E30|EVT:E35
1.0,EVT:E21|EVT:E30|EVT:E35
1.0,EVT:E20|EVT:E30|EVT:E35
1.0,EVT:E18|EVT:E30|EVT:E35
1.0,EVT:E19|EVT:E30|EVT:E35
1.0,EVT:E17|EVT:E30|EVT:E35
1.0,EVT:E16|EVT:E30|EVT:E35
1.0,COMP:wsgi_server|EVT:E30|EVT:E35
1.0,EVT:E15|EVT:E30|EVT:E35
1.0,EVT:E14|EVT:E30|EVT:E35
1.0,EVT:E13|EVT:E30|EVT:E35
1.0,EVT:E12|EVT:E30|EVT:E35
1.0,EVT:E11|EVT:E30|EVT:E35
1.0,EVT:E10|EVT:E30|EVT:E35
1.0,EVT:E1|EVT:E30|EVT:E35
1.0,COMP:compute_server_external_events|EVT:E30|EVT:E35
1.0,COMP:openstack_wsgi|EVT:E30|EVT:E35
1.0,COMP:libvirt_imagecache|EVT:E30|EVT:E35
1.0,COMP:libvirt_driver|EVT:E30|EVT:E35
1.0,COMP:compute_manager|EVT:E30|EVT:E35
1.0,COMP:compute_resource_tracker|EVT:E30|EVT:E35
1.0,COMP:compute_claims|EVT:E30|EVT:E35
0.6,EVT:E29|EVT:E30|EVT:E35
1.0,EVT:E28|EVT:E3|EVT:E35
1.0,EVT:E27|EVT:E3|EVT:E35
1.0,EVT:E25|EVT:E3|EVT:E35
1.0,EVT:E26|EVT:E3|EVT:E35
1.0,EVT:E24|EVT:E3|EVT:E35
1.0,EVT:E23|EVT:E3|EVT:E35
1.0,EVT:E2|EVT:E3|EVT:E35
1.0,EVT:E22|EVT:E3|EVT:E35
1.0,EVT:E21|EVT:E3|EVT:E35
1.0,EVT:E20|EVT:E3|EVT:E35
1.0,EVT:E18|EVT:E3|EVT:E35
1.0,EVT:E19|EVT:E3|EVT:E35
1.0,EVT:E17|EVT:E3|EVT:E35
1.0,EVT:E16|EVT:E3|EVT:E35
1.0,COMP:wsgi_server|EVT:E3|EVT:E35
1.0,EVT:E15|EVT:E3|EVT:E35
1.0,EVT:E14|EVT:E3|EVT:E35
1.0,EVT:E13|EVT:E3|EVT:E35
1.0,EVT:E12|EVT:E3|EVT:E35
1.0,EVT:E11|EVT:E3|EVT:E35
1.0,EVT:E10|EVT:E3|EVT:E35
1.0,EVT:E1|EVT:E3|EVT:E35
1.0,COMP:compute_server_external_events|EVT:E3|EVT:E35
1.0,COMP:openstack_wsgi|EVT:E3|EVT:E35
1.0,COMP:libvirt_imagecache|EVT:E3|EVT:E35
1.0,COMP:libvirt_driver|EVT:E3|EVT:E35
1.0,COMP:compute_manager|EVT:E3|EVT:E35
1.0,COMP:compute_resource_tracker|EVT:E3|EVT:E35
1.0,COMP:compute_claims|EVT:E3|EVT:E35
0.6,EVT:E29|EVT:E3|EVT:E35
1.0,EVT:E27|EVT:E28|EVT:E35
1.0,EVT:E25|EVT:E28|EVT:E35
1.0,EVT:E26|EVT:E28|EVT:E35
1.0,EVT:E24|EVT:E28|EVT:E35
1.0,EVT:E23|EVT:E28|EVT:E35
1.0,EVT:E2|EVT:E28|EVT:E35
1.0,EVT:E22|EVT:E28|EVT:E35
1.0,EVT:E21|EVT:E28|EVT:E35
1.0,EVT:E20|EVT:E28|EVT:E35
1.0,EVT:E18|EVT:E28|EVT:E35
1.0,EVT:E19|EVT:E28|EVT:E35
1.0,EVT:E17|EVT:E28|EVT:E35
1.0,EVT:E16|EVT:E28|EVT:E35
1.0,COMP:wsgi_server|EVT:E28|EVT:E35
1.0,EVT:E15|EVT:E28|EVT:E35
1.0,EVT:E14|EVT:E28|EVT:E35
1.0,EVT:E13|EVT:E28|EVT:E35
1.0,EVT:E12|EVT:E28|EVT:E35
1.0,EVT:E11|EVT:E28|EVT:E35
1.0,EVT:E10|EVT:E28|EVT:E35
1.0,EVT:E1|EVT:E28|EVT:E35
1.0,COMP:compute_server_external_events|EVT:E28|EVT:E35
1.0,COMP:openstack_wsgi|EVT:E28|EVT:E35
1.0,COMP:libvirt_imagecache|EVT:E28|EVT:E35
1.0,COMP:libvirt_driver|EVT:E28|EVT:E35
1.0,COMP:compute_manager|EVT:E28|EVT:E35
1.0,COMP:compute_resource_tracker|EVT:E28|EVT:E35
1.0,COMP:compute_claims|EVT:E28|EVT:E35
0.6,EVT:E28|EVT:E29|EVT:E35
1.0,EVT:E25|EVT:E27|EVT:E35
1.0,EVT:E26|EVT:E27|EVT:E35
1.0,EVT:E24|EVT:E27|EVT:E35
1.0,EVT:E23|EVT:E27|EVT:E35
1.0,EVT:E2|EVT:E27|EVT:E35
1.0,EVT:E22|EVT:E27|EVT:E35
1.0,EVT:E21|EVT:E27|EVT:E35
1.0,EVT:E20|EVT:E27|EVT:E35
1.0,EVT:E18|EVT:E27|EVT:E35
1.0,EVT:E19|EVT:E27|EVT:E35
1.0,EVT:E17|EVT:E27|EVT:E35
1.0,EVT:E16|EVT:E27|EVT:E35
1.0,COMP:wsgi_server|EVT:E27|EVT:E35
1.0,EVT:E15|EVT:E27|EVT:E35
1.0,EVT:E14|EVT:E27|EVT:E35
1.0,EVT:E13|EVT:E27|EVT:E35
1.0,EVT:E12|EVT:E27|EVT:E35
1.0,EVT:E11|EVT:E27|EVT:E35
1.0,EVT:E10|EVT:E27|EVT:E35
1.0,EVT:E1|EVT:E27|EVT:E35
1.0,COMP:compute_server_external_events|EVT:E27|EVT:E35
1.0,COMP:openstack_wsgi|EVT:E27|EVT:E35
1.0,COMP:libvirt_imagecache|EVT:E27|EVT:E35
1.0,COMP:libvirt_driver|EVT:E27|EVT:E35
1.0,COMP:compute_manager|EVT:E27|EVT:E35
1.0,COMP:compute_resource_tracker|EVT:E27|EVT:E35
1.0,COMP:compute_claims|EVT:E27|EVT:E35
0.6,EVT:E27|EVT:E29|EVT:E35
1.0,EVT:E25|EVT:E26|EVT:E35
1.0,EVT:E24|EVT:E25|EVT:E35
1.0,EVT:E23|EVT:E25|EVT:E35
1.0,EVT:E2|EVT:E25|EVT:E35
1.0,EVT:E22|EVT:E25|EVT:E35
1.0,EVT:E21|EVT:E25|EVT:E35
1.0,EVT:E20|EVT:E25|EVT:E35
1.0,EVT:E18|EVT:E25|EVT:E35
1.0,EVT:E19|EVT:E25|EVT:E35
1.0,EVT:E17|EVT:E25|EVT:E35
1.0,EVT:E16|EVT:E25|EVT:E35
1.0,COMP:wsgi_server|EVT:E25|EVT:E35
1.0,EVT:E15|EVT:E25|EVT:E35
1.0,EVT:E14|EVT:E25|EVT:E35
1.0,EVT:E13|EVT:E25|EVT:E35
1.0,EVT:E12|EVT:E25|EVT:E35
1.0,EVT:E11|EVT:E25|EVT:E35
1.0,EVT:E10|EVT:E25|EVT:E35
1.0,EVT:E1|EVT:E25|EVT:E35
1.0,COMP:compute_server_external_events|EVT:E25|EVT:E35
1.0,COMP:openstack_wsgi|EVT:E25|EVT:E35
1.0,COMP:libvirt_imagecache|EVT:E25|EVT:E35
1.0,COMP:libvirt_driver|EVT:E25|EVT:E35
1.0,COMP:compute_manager|EVT:E25|EVT:E35
1.0,COMP:compute_resource_tracker|EVT:E25|EVT:E35
1.0,COMP:compute_claims|EVT:E25|EVT:E35
0.6,EVT:E25|EVT:E29|EVT:E35
1.0,EVT:E24|EVT:E26|EVT:E35
1.0,EVT:E23|EVT:E26|EVT:E35
1.0,EVT:E2|EVT:E26|EVT:E35
1.0,EVT:E22|EVT:E26|EVT:E35
1.0,EVT:E21|EVT:E26|EVT:E35
1.0,EVT:E20|EVT:E26|EVT:E35
1.0,EVT:E18|EVT:E26|EVT:E35
1.0,EVT:E19|EVT:E26|EVT:E35
1.0,EVT:E17|EVT:E26|EVT:E35
1.0,EVT:E16|EVT:E26|EVT:E35
1.0,COMP:wsgi_server|EVT:E26|EVT:E35
1.0,EVT:E15|EVT:E26|EVT:E35
1.0,EVT:E14|EVT:E26|EVT:E35
1.0,EVT:E13|EVT:E26|EVT:E35
1.0,EVT:E12|EVT:E26|EVT:E35
1.0,EVT:E11|EVT:E26|EVT:E35
1.0,EVT:E10|EVT:E26|EVT:E35
1.0,EVT:E1|EVT:E26|EVT:E35
1.0,COMP:compute_server_external_events|EVT:E26|EVT:E35
1.0,COMP:openstack_wsgi|EVT:E26|EVT:E35
1.0,COMP:libvirt_imagecache|EVT:E26|EVT:E35
1.0,COMP:libvirt_driver|EVT:E26|EVT:E35
1.0,COMP:compute_manager|EVT:E26|EVT:E35
1.0,COMP:compute_resource_tracker|EVT:E26|EVT:E35
1.0,COMP:compute_claims|EVT:E26|EVT:E35
0.6,EVT:E26|EVT:E29|EVT:E35
1.0,EVT:E23|EVT:E24|EVT:E35
1.0,EVT:E2|EVT:E24|EVT:E35
1.0,EVT:E22|EVT:E24|EVT:E35
1.0,EVT:E21|EVT:E24|EVT:E35
1.0,EVT:E20|EVT:E24|EVT:E35
1.0,EVT:E18|EVT:E24|EVT:E35
1.0,EVT:E19|EVT:E24|EVT:E35
1.0,EVT:E17|EVT:E24|EVT:E35
1.0,EVT:E16|EVT:E24|EVT:E35
1.0,COMP:wsgi_server|EVT:E24|EVT:E35
1.0,EVT:E15|EVT:E24|EVT:E35
1.0,EVT:E14|EVT:E24|EVT:E35
1.0,EVT:E13|EVT:E24|EVT:E35
1.0,EVT:E12|EVT:E24|EVT:E35
1.0,EVT:E11|EVT:E24|EVT:E35
1.0,EVT:E10|EVT:E24|EVT:E35
1.0,EVT:E1|EVT:E24|EVT:E35
1.0,COMP:compute_server_external_events|EVT:E24|EVT:E35
1.0,COMP:openstack_wsgi|EVT:E24|EVT:E35
1.0,COMP:libvirt_imagecache|EVT:E24|EVT:E35
1.0,COMP:libvirt_driver|EVT:E24|EVT:E35
1.0,COMP:compute_manager|EVT:E24|EVT:E35
1.0,COMP:compute_resource_tracker|EVT:E24|EVT:E35
1.0,COMP:compute_claims|EVT:E24|EVT:E35
0.6,EVT:E24|EVT:E29|EVT:E35
1.0,EVT:E2|EVT:E23|EVT:E35
1.0,EVT:E22|EVT:E23|EVT:E35
1.0,EVT:E21|EVT:E23|EVT:E35
1.0,EVT:E20|EVT:E23|EVT:E35
1.0,EVT:E18|EVT:E23|EVT:E35
1.0,EVT:E19|EVT:E23|EVT:E35
1.0,EVT:E17|EVT:E23|EVT:E35
1.0,EVT:E16|EVT:E23|EVT:E35
1.0,COMP:wsgi_server|EVT:E23|EVT:E35
1.0,EVT:E15|EVT:E23|EVT:E35
1.0,EVT:E14|EVT:E23|EVT:E35
1.0,EVT:E13|EVT:E23|EVT:E35
1.0,EVT:E12|EVT:E23|EVT:E35
1.0,EVT:E11|EVT:E23|EVT:E35
1.0,EVT:E10|EVT:E23|EVT:E35
1.0,EVT:E1|EVT:E23|EVT:E35
1.0,COMP:compute_server_external_events|EVT:E23|EVT:E35
1.0,COMP:openstack_wsgi|EVT:E23|EVT:E35
1.0,COMP:libvirt_imagecache|EVT:E23|EVT:E35
1.0,COMP:libvirt_driver|EVT:E23|EVT:E35
1.0,COMP:compute_manager|EVT:E23|EVT:E35
1.0,COMP:compute_resource_tracker|EVT:E23|EVT:E35
1.0,COMP:compute_claims|EVT:E23|EVT:E35
0.6,EVT:E23|EVT:E29|EVT:E35
1.0,EVT:E2|EVT:E22|EVT:E35
1.0,EVT:E2|EVT:E21|EVT:E35
1.0,EVT:E2|EVT:E20|EVT:E35
1.0,EVT:E18|EVT:E2|EVT:E35
1.0,EVT:E19|EVT:E2|EVT:E35
1.0,EVT:E17|EVT:E2|EVT:E35
1.0,EVT:E16|EVT:E2|EVT:E35
1.0,COMP:wsgi_server|EVT:E2|EVT:E35
1.0,EVT:E15|EVT:E2|EVT:E35
1.0,EVT:E14|EVT:E2|EVT:E35
1.0,EVT:E13|EVT:E2|EVT:E35
1.0,EVT:E12|EVT:E2|EVT:E35
1.0,EVT:E11|EVT:E2|EVT:E35
1.0,EVT:E10|EVT:E2|EVT:E35
1.0,EVT:E1|EVT:E2|EVT:E35
1.0,COMP:compute_server_external_events|EVT:E2|EVT:E35
1.0,COMP:openstack_wsgi|EVT:E2|EVT:E35
1.0,COMP:libvirt_imagecache|EVT:E2|EVT:E35
1.0,COMP:libvirt_driver|EVT:E2|EVT:E35
1.0,COMP:compute_manager|EVT:E2|EVT:E35
1.0,COMP:compute_resource_tracker|EVT:E2|EVT:E35
1.0,COMP:compute_claims|EVT:E2|EVT:E35
0.6,EVT:E2|EVT:E29|EVT:E35
1.0,EVT:E21|EVT:E22|EVT:E35
1.0,EVT:E20|EVT:E22|EVT:E35
1.0,EVT:E18|EVT:E22|EVT:E35
1.0,EVT:E19|EVT:E22|EVT:E35
1.0,EVT:E17|EVT:E22|EVT:E35
1.0,EVT:E16|EVT:E22|EVT:E35
1.0,COMP:wsgi_server|EVT:E22|EVT:E35
1.0,EVT:E15|EVT:E22|EVT:E35
1.0,EVT:E14|EVT:E22|EVT:E35
1.0,EVT:E13|EVT:E22|EVT:E35
1.0,EVT:E12|EVT:E22|EVT:E35
1.0,EVT:E11|EVT:E22|EVT:E35
1.0,EVT:E10|EVT:E22|EVT:E35
1.0,EVT:E1|EVT:E22|EVT:E35
1.0,COMP:compute_server_external_events|EVT:E22|EVT:E35
1.0,COMP:openstack_wsgi|EVT:E22|EVT:E35
1.0,COMP:libvirt_imagecache|EVT:E22|EVT:E35
1.0,COMP:libvirt_driver|EVT:E22|EVT:E35
1.0,COMP:compute_manager|EVT:E22|EVT:E35
1.0,COMP:compute_resource_tracker|EVT:E22|EVT:E35
1.0,COMP:compute_claims|EVT:E22|EVT:E35
0.6,EVT:E22|EVT:E29|EVT:E35
1.0,EVT:E20|EVT:E21|EVT:E35
1.0,EVT:E18|EVT:E21|EVT:E35
1.0,EVT:E19|EVT:E21|EVT:E35
1.0,EVT:E17|EVT:E21|EVT:E35
1.0,EVT:E16|EVT:E21|EVT:E35
1.0,COMP:wsgi_server|EVT:E21|EVT:E35
1.0,EVT:E15|EVT:E21|EVT:E35
1.0,EVT:E14|EVT:E21|EVT:E35
1.0,EVT:E13|EVT:E21|EVT:E35
1.0,EVT:E12|EVT:E21|EVT:E35
1.0,EVT:E11|EVT:E21|EVT:E35
1.0,EVT:E10|EVT:E21|EVT:E35
1.0,EVT:E1|EVT:E21|EVT:E35
1.0,COMP:compute_server_external_events|EVT:E21|EVT:E35
1.0,COMP:openstack_wsgi|EVT:E21|EVT:E35
1.0,COMP:libvirt_imagecache|EVT:E21|EVT:E35
1.0,COMP:libvirt_driver|EVT:E21|EVT:E35
1.0,COMP:compute_manager|EVT:E21|EVT:E35
1.0,COMP:compute_resource_tracker|EVT:E21|EVT:E35
1.0,COMP:compute_claims|EVT:E21|EVT:E35
0.6,EVT:E21|EVT:E29|EVT:E35
1.0,EVT:E18|EVT:E20|EVT:E35
1.0,EVT:E19|EVT:E20|EVT:E35
1.0,EVT:E17|EVT:E20|EVT:E35
1.0,EVT:E16|EVT:E20|EVT:E35
1.0,COMP:wsgi_server|EVT:E20|EVT:E35
1.0,EVT:E15|EVT:E20|EVT:E35
1.0,EVT:E14|EVT:E20|EVT:E35
1.0,EVT:E13|EVT:E20|EVT:E35
1.0,EVT:E12|EVT:E20|EVT:E35
1.0,EVT:E11|EVT:E20|EVT:E35
1.0,EVT:E10|EVT:E20|EVT:E35
1.0,EVT:E1|EVT:E20|EVT:E35
1.0,COMP:compute_server_external_events|EVT:E20|EVT:E35
1.0,COMP:openstack_wsgi|EVT:E20|EVT:E35
1.0,COMP:libvirt_imagecache|EVT:E20|EVT:E35
1.0,COMP:libvirt_driver|EVT:E20|EVT:E35
1.0,COMP:compute_manager|EVT:E20|EVT:E35
1.0,COMP:compute_resource_tracker|EVT:E20|EVT:E35
1.0,COMP:compute_claims|EVT:E20|EVT:E35
0.6,EVT:E20|EVT:E29|EVT:E35
1.0,EVT:E18|EVT:E19|EVT:E35
1.0,EVT:E17|EVT:E18|EVT:E35
1.0,EVT:E16|EVT:E18|EVT:E35
1.0,COMP:wsgi_server|EVT:E18|EVT:E35
1.0,EVT:E15|EVT:E18|EVT:E35
1.0,EVT:E14|EVT:E18|EVT:E35
1.0,EVT:E13|EVT:E18|EVT:E35
1.0,EVT:E12|EVT:E18|EVT:E35
1.0,EVT:E11|EVT:E18|EVT:E35
1.0,EVT:E10|EVT:E18|EVT:E35
1.0,EVT:E1|EVT:E18|EVT:E35
1.0,COMP:compute_server_external_events|EVT:E18|EVT:E35
1.0,COMP:openstack_wsgi|EVT:E18|EVT:E35
1.0,COMP:libvirt_imagecache|EVT:E18|EVT:E35
1.0,COMP:libvirt_driver|EVT:E18|EVT:E35
1.0,COMP:compute_manager|EVT:E18|EVT:E35
1.0,COMP:compute_resource_tracker|EVT:E18|EVT:E35
1.0,COMP:compute_claims|EVT:E18|EVT:E35
0.6,EVT:E18|EVT:E29|EVT:E35
1.0,EVT:E17|EVT:E19|EVT:E35
1.0,EVT:E16|EVT:E19|EVT:E35
1.0,COMP:wsgi_server|EVT:E19|EVT:E35
1.0,EVT:E15|EVT:E19|EVT:E35
1.0,EVT:E14|EVT:E19|EVT:E35
1.0,EVT:E13|EVT:E19|EVT:E35
1.0,EVT:E12|EVT:E19|EVT:E35
1.0,EVT:E11|EVT:E19|EVT:E35
1.0,EVT:E10|EVT:E19|EVT:E35
1.0,EVT:E1|EVT:E19|EVT:E35
1.0,COMP:compute_server_external_events|EVT:E19|EVT:E35
1.0,COMP:openstack_wsgi|EVT:E19|EVT:E35
1.0,COMP:libvirt_imagecache|EVT:E19|EVT:E35
1.0,COMP:libvirt_driver|EVT:E19|EVT:E35
1.0,COMP:compute_manager|EVT:E19|EVT:E35
1.0,COMP:compute_resource_tracker|EVT:E19|EVT:E35
1.0,COMP:compute_claims|EVT:E19|EVT:E35
0.6,EVT:E19|EVT:E29|EVT:E35
1.0,EVT:E16|EVT:E17|EVT:E35
1.0,COMP:wsgi_server|EVT:E17|EVT:E35
1.0,EVT:E15|EVT:E17|EVT:E35
1.0,EVT:E14|EVT:E17|EVT:E35
1.0,EVT:E13|EVT:E17|EVT:E35
1.0,EVT:E12|EVT:E17|EVT:E35
1.0,EVT:E11|EVT:E17|EVT:E35
1.0,EVT:E10|EVT:E17|EVT:E35
1.0,EVT:E1|EVT:E17|EVT:E35
1.0,COMP:compute_server_external_events|EVT:E17|EVT:E35
1.0,COMP:openstack_wsgi|EVT:E17|EVT:E35
1.0,COMP:libvirt_imagecache|EVT:E17|EVT:E35
1.0,COMP:libvirt_driver|EVT:E17|EVT:E35
1.0,COMP:compute_manager|EVT:E17|EVT:E35
1.0,COMP:compute_resource_tracker|EVT:E17|EVT:E35
1.0,COMP:compute_claims|EVT:E17|EVT:E35
0.6,EVT:E17|EVT:E29|EVT:E35
1.0,COMP:wsgi_server|EVT:E16|EVT:E35
1.0,EVT:E15|EVT:E16|EVT:E35
1.0,EVT:E14|EVT:E16|EVT:E35
1.0,EVT:E13|EVT:E16|EVT:E35
1.0,EVT:E12|EVT:E16|EVT:E35
1.0,EVT:E11|EVT:E16|EVT:E35
1.0,EVT:E10|EVT:E16|EVT:E35
1.0,EVT:E1|EVT:E16|EVT:E35
1.0,COMP:compute_server_external_events|EVT:E16|EVT:E35
1.0,COMP:openstack_wsgi|EVT:E16|EVT:E35
1.0,COMP:libvirt_imagecache|EVT:E16|EVT:E35
1.0,COMP:libvirt_driver|EVT:E16|EVT:E35
1.0,COMP:compute_manager|EVT:E16|EVT:E35
1.0,COMP:compute_resource_tracker|EVT:E16|EVT:E35
1.0,COMP:compute_claims|EVT:E16|EVT:E35
0.6,EVT:E16|EVT:E29|EVT:E35
1.0,COMP:wsgi_server|EVT:E15|EVT:E35
1.0,COMP:wsgi_server|EVT:E14|EVT:E35
1.0,COMP:wsgi_server|EVT:E13|EVT:E35
1.0,COMP:wsgi_server|EVT:E12|EVT:E35
1.0,COMP:wsgi_server|EVT:E11|EVT:E35
1.0,COMP:wsgi_server|EVT:E10|EVT:E35
1.0,COMP:wsgi_server|EVT:E1|EVT:E35
1.0,COMP:compute_server_external_events|COMP:wsgi_server|EVT:E35
1.0,COMP:openstack_wsgi|COMP:wsgi_server|EVT:E35
1.0,COMP:libvirt_imagecache|COMP:wsgi_server|EVT:E35
1.0,COMP:libvirt_driver|COMP:wsgi_server|EVT:E35
1.0,COMP:compute_manager|COMP:wsgi_server|EVT:E35
1.0,COMP:compute_resource_tracker|COMP:wsgi_server|EVT:E35
1.0,COMP:compute_claims|COMP:wsgi_server|EVT:E35
0.6,COMP:wsgi_server|EVT:E29|EVT:E35
1.0,EVT:E14|EVT:E15|EVT:E35
1.0,EVT:E13|EVT:E15|EVT:E35
1.0,EVT:E12|EVT:E15|EVT:E35
1.0,EVT:E11|EVT:E15|EVT:E35
1.0,EVT:E10|EVT:E15|EVT:E35
1.0,EVT:E1|EVT:E15|EVT:E35
1.0,COMP:compute_server_external_events|EVT:E15|EVT:E35
1.0,COMP:openstack_wsgi|EVT:E15|EVT:E35
1.0,COMP:libvirt_imagecache|EVT:E15|EVT:E35
1.0,COMP:libvirt_driver|EVT:E15|EVT:E35
1.0,COMP:compute_manager|EVT:E15|EVT:E35
1.0,COMP:compute_resource_tracker|EVT:E15|EVT:E35
1.0,COMP:compute_claims|EVT:E15|EVT:E35
0.6,EVT:E15|EVT:E29|EVT:E35
1.0,EVT:E13|EVT:E14|EVT:E35
1.0,EVT:E12|EVT:E14|EVT:E35
1.0,EVT:E11|EVT:E14|EVT:E35
1.0,EVT:E10|EVT:E14|EVT:E35
1.0,EVT:E1|EVT:E14|EVT:E35
1.0,COMP:compute_server_external_events|EVT:E14|EVT:E35
1.0,COMP:openstack_wsgi|EVT:E14|EVT:E35
1.0,COMP:libvirt_imagecache|EVT:E14|EVT:E35
1.0,COMP:libvirt_driver|EVT:E14|EVT:E35
1.0,COMP:compute_manager|EVT:E14|EVT:E35
1.0,COMP:compute_resource_tracker|EVT:E14|EVT:E35
1.0,COMP:compute_claims|EVT:E14|EVT:E35
0.6,EVT:E14|EVT:E29|EVT:E35
1.0,EVT:E12|EVT:E13|EVT:E35
1.0,EVT:E11|EVT:E13|EVT:E35
1.0,EVT:E10|EVT:E13|EVT:E35
1.0,EVT:E1|EVT:E13|EVT:E35
1.0,COMP:compute_server_external_events|EVT:E13|EVT:E35
1.0,COMP:openstack_wsgi|EVT:E13|EVT:E35
1.0,COMP:libvirt_imagecache|EVT:E13|EVT:E35
1.0,COMP:libvirt_driver|EVT:E13|EVT:E35
1.0,COMP:compute_manager|EVT:E13|EVT:E35
1.0,COMP:compute_resource_tracker|EVT:E13|EVT:E35
1.0,COMP:compute_claims|EVT:E13|EVT:E35
0.6,EVT:E13|EVT:E29|EVT:E35
1.0,EVT:E11|EVT:E12|EVT:E35
1.0,EVT:E10|EVT:E12|EVT:E35
1.0,EVT:E1|EVT:E12|EVT:E35
1.0,COMP:compute_server_external_events|EVT:E12|EVT:E35
1.0,COMP:openstack_wsgi|EVT:E12|EVT:E35
1.0,COMP:libvirt_imagecache|EVT:E12|EVT:E35
1.0,COMP:libvirt_driver|EVT:E12|EVT:E35
1.0,COMP:compute_manager|EVT:E12|EVT:E35
1.0,COMP:compute_resource_tracker|EVT:E12|EVT:E35
1.0,COMP:compute_claims|EVT:E12|EVT:E35
0.6,EVT:E12|EVT:E29|EVT:E35
1.0,EVT:E10|EVT:E11|EVT:E35
1.0,EVT:E1|EVT:E11|EVT:E35
1.0,COMP:compute_server_external_events|EVT:E11|EVT:E35
1.0,COMP:openstack_wsgi|EVT:E11|EVT:E35
1.0,COMP:libvirt_imagecache|EVT:E11|EVT:E35
1.0,COMP:libvirt_driver|EVT:E11|EVT:E35
1.0,COMP:compute_manager|EVT:E11|EVT:E35
1.0,COMP:compute_resource_tracker|EVT:E11|EVT:E35
1.0,COMP:compute_claims|EVT:E11|EVT:E35
0.6,EVT:E11|EVT:E29|EVT:E35
1.0,EVT:E1|EVT:E10|EVT:E35
1.0,COMP:compute_server_external_events|EVT:E10|EVT:E35
1.0,COMP:openstack_wsgi|EVT:E10|EVT:E35
1.0,COMP:libvirt_imagecache|EVT:E10|EVT:E35
1.0,COMP:libvirt_driver|EVT:E10|EVT:E35
1.0,COMP:compute_manager|EVT:E10|EVT:E35
1.0,COMP:compute_resource_tracker|EVT:E10|EVT:E35
1.0,COMP:compute_claims|EVT:E10|EVT:E35
0.6,EVT:E10|EVT:E29|EVT:E35
1.0,COMP:compute_server_external_events|EVT:E1|EVT:E35
1.0,COMP:openstack_wsgi|EVT:E1|EVT:E35
1.0,COMP:libvirt_imagecache|EVT:E1|EVT:E35
1.0,COMP:libvirt_driver|EVT:E1|EVT:E35
1.0,COMP:compute_manager|EVT:E1|EVT:E35
1.0,COMP:compute_resource_tracker|EVT:E1|EVT:E35
1.0,COMP:compute_claims|EVT:E1|EVT:E35
0.6,EVT:E1|EVT:E29|EVT:E35
1.0,COMP:compute_server_external_events|COMP:openstack_wsgi|EVT:E35
1.0,COMP:compute_server_external_events|COMP:libvirt_imagecache|EVT:E35
1.0,COMP:compute_server_external_events|COMP:libvirt_driver|EVT:E35
1.0,COMP:compute_manager|COMP:compute_server_external_events|EVT:E35
1.0,COMP:compute_resource_tracker|COMP:compute_server_external_events|EVT:E35
1.0,COMP:compute_claims|COMP:compute_server_external_events|EVT:E35
0.6,COMP:compute_server_external_events|EVT:E29|EVT:E35
1.0,COMP:libvirt_imagecache|COMP:openstack_wsgi|EVT:E35
1.0,COMP:libvirt_driver|COMP:openstack_wsgi|EVT:E35
1.0,COMP:compute_manager|COMP:openstack_wsgi|EVT:E35
1.0,COMP:compute_resource_tracker|COMP:openstack_wsgi|EVT:E35
1.0,COMP:compute_claims|COMP:openstack_wsgi|EVT:E35
0.6,COMP:openstack_wsgi|EVT:E29|EVT:E35
1.0,COMP:libvirt_driver|COMP:libvirt_imagecache|EVT:E35
1.0,COMP:compute_manager|COMP:libvirt_imagecache|EVT:E35
1.0,COMP:compute_resource_tracker|COMP:libvirt_imagecache|EVT:E35
1.0,COMP:compute_claims|COMP:libvirt_imagecache|EVT:E35
0.6,COMP:libvirt_imagecache|EVT:E29|EVT:E35
1.0,COMP:compute_manager|COMP:libvirt_driver|EVT:E35
1.0,COMP:compute_resource_tracker|COMP:libvirt_driver|EVT:E35
1.0,COMP:compute_claims|COMP:libvirt_driver|EVT:E35
0.6,COMP:libvirt_driver|EVT:E29|EVT:E35
1.0,COMP:compute_manager|COMP:compute_resource_tracker|EVT:E35
1.0,COMP:compute_claims|COMP:compute_manager|EVT:E35
0.6,COMP:compute_manager|EVT:E29|EVT:E35
1.0,COMP:compute_claims|COMP:compute_resource_tracker|EVT:E35
0.6,COMP:compute_resource_tracker|EVT:E29|EVT:E35
0.6,COMP:compute_claims|EVT:E29|EVT:E35
1.0,EVT:E32|EVT:E33|EVT:E34
1.0,EVT:E31|EVT:E33|EVT:E34
1.0,EVT:E30|EVT:E33|EVT:E34
1.0,EVT:E3|EVT:E33|EVT:E34
1.0,EVT:E28|EVT:E33|EVT:E34
1.0,EVT:E27|EVT:E33|EVT:E34
1.0,EVT:E25|EVT:E33|EVT:E34
1.0,EVT:E26|EVT:E33|EVT:E34
1.0,EVT:E24|EVT:E33|EVT:E34
1.0,EVT:E23|EVT:E33|EVT:E34
1.0,EVT:E2|EVT:E33|EVT:E34
1.0,EVT:E22|EVT:E33|EVT:E34
1.0,EVT:E21|EVT:E33|EVT:E34
1.0,EVT:E20|EVT:E33|EVT:E34
1.0,EVT:E18|EVT:E33|EVT:E34
1.0,EVT:E19|EVT:E33|EVT:E34
1.0,EVT:E17|EVT:E33|EVT:E34
1.0,EVT:E16|EVT:E33|EVT:E34
1.0,COMP:wsgi_server|EVT:E33|EVT:E34
1.0,EVT:E15|EVT:E33|EVT:E34
1.0,EVT:E14|EVT:E33|EVT:E34
1.0,EVT:E13|EVT:E33|EVT:E34
1.0,EVT:E12|EVT:E33|EVT:E34
1.0,EVT:E11|EVT:E33|EVT:E34
1.0,EVT:E10|EVT:E33|EVT:E34
1.0,EVT:E1|EVT:E33|EVT:E34
1.0,COMP:compute_server_external_events|EVT:E33|EVT:E34
1.0,COMP:openstack_wsgi|EVT:E33|EVT:E34
1.0,COMP:libvirt_imagecache|EVT:E33|EVT:E34
1.0,COMP:libvirt_driver|EVT:E33|EVT:E34
1.0,COMP:compute_manager|EVT:E33|EVT:E34
1.0,COMP:compute_resource_tracker|EVT:E33|EVT:E34
1.0,COMP:compute_claims|EVT:E33|EVT:E34
0.6,EVT:E29|EVT:E33|EVT:E34
1.0,EVT:E31|EVT:E32|EVT:E34
1.0,EVT:E30|EVT:E32|EVT:E34
1.0,EVT:E3|EVT:E32|EVT:E34
1.0,EVT:E28|EVT:E32|EVT:E34
1.0,EVT:E27|EVT:E32|EVT:E34
1.0,EVT:E25|EVT:E32|EVT:E34
1.0,EVT:E26|EVT:E32|EVT:E34
1.0,EVT:E24|EVT:E32|EVT:E34
1.0,EVT:E23|EVT:E32|EVT:E34
1.0,EVT:E2|EVT:E32|EVT:E34
1.0,EVT:E22|EVT:E32|EVT:E34
1.0,EVT:E21|EVT:E32|EVT:E34
1.0,EVT:E20|EVT:E32|EVT:E34
1.0,EVT:E18|EVT:E32|EVT:E34
1.0,EVT:E19|EVT:E32|EVT:E34
1.0,EVT:E17|EVT:E32|EVT:E34
1.0,EVT:E16|EVT:E32|EVT:E34
1.0,COMP:wsgi_server|EVT:E32|EVT:E34
1.0,EVT:E15|EVT:E32|EVT:E34
1.0,EVT:E14|EVT:E32|EVT:E34
1.0,EVT:E13|EVT:E32|EVT:E34
1.0,EVT:E12|EVT:E32|EVT:E34
1.0,EVT:E11|EVT:E32|EVT:E34
1.0,EVT:E10|EVT:E32|EVT:E34
1.0,EVT:E1|EVT:E32|EVT:E34
1.0,COMP:compute_server_external_events|EVT:E32|EVT:E34
1.0,COMP:openstack_wsgi|EVT:E32|EVT:E34
1.0,COMP:libvirt_imagecache|EVT:E32|EVT:E34
1.0,COMP:libvirt_driver|EVT:E32|EVT:E34
1.0,COMP:compute_manager|EVT:E32|EVT:E34
1.0,COMP:compute_resource_tracker|EVT:E32|EVT:E34
1.0,COMP:compute_claims|EVT:E32|EVT:E34
0.6,EVT:E29|EVT:E32|EVT:E34
1.0,EVT:E30|EVT:E31|EVT:E34
1.0,EVT:E3|EVT:E31|EVT:E34
1.0,EVT:E28|EVT:E31|EVT:E34
1.0,EVT:E27|EVT:E31|EVT:E34
1.0,EVT:E25|EVT:E31|EVT:E34
1.0,EVT:E26|EVT:E31|EVT:E34
1.0,EVT:E24|EVT:E31|EVT:E34
1.0,EVT:E23|EVT:E31|EVT:E34
1.0,EVT:E2|EVT:E31|EVT:E34
1.0,EVT:E22|EVT:E31|EVT:E34
1.0,EVT:E21|EVT:E31|EVT:E34
1.0,EVT:E20|EVT:E31|EVT:E34
1.0,EVT:E18|EVT:E31|EVT:E34
1.0,EVT:E19|EVT:E31|EVT:E34
1.0,EVT:E17|EVT:E31|EVT:E34
1.0,EVT:E16|EVT:E31|EVT:E34
1.0,COMP:wsgi_server|EVT:E31|EVT:E34
1.0,EVT:E15|EVT:E31|EVT:E34
1.0,EVT:E14|EVT:E31|EVT:E34
1.0,EVT:E13|EVT:E31|EVT:E34
1.0,EVT:E12|EVT:E31|EVT:E34
1.0,EVT:E11|EVT:E31|EVT:E34
1.0,EVT:E10|EVT:E31|EVT:E34
1.0,EVT:E1|EVT:E31|EVT:E34
1.0,COMP:compute_server_external_events|EVT:E31|EVT:E34
1.0,COMP:openstack_wsgi|EVT:E31|EVT:E34
1.0,COMP:libvirt_imagecache|EVT:E31|EVT:E34
1.0,COMP:libvirt_driver|EVT:E31|EVT:E34
1.0,COMP:compute_manager|EVT:E31|EVT:E34
1.0,COMP:compute_resource_tracker|EVT:E31|EVT:E34
1.0,COMP:compute_claims|EVT:E31|EVT:E34
0.6,EVT:E29|EVT:E31|EVT:E34
1.0,EVT:E3|EVT:E30|EVT:E34
1.0,EVT:E28|EVT:E30|EVT:E34
1.0,EVT:E27|EVT:E30|EVT:E34
1.0,EVT:E25|EVT:E30|EVT:E34
1.0,EVT:E26|EVT:E30|EVT:E34
1.0,EVT:E24|EVT:E30|EVT:E34
1.0,EVT:E23|EVT:E30|EVT:E34
1.0,EVT:E2|EVT:E30|EVT:E34
1.0,EVT:E22|EVT:E30|EVT:E34
1.0,EVT:E21|EVT:E30|EVT:E34
1.0,EVT:E20|EVT:E30|EVT:E34
1.0,EVT:E18|EVT:E30|EVT:E34
1.0,EVT:E19|EVT:E30|EVT:E34
1.0,EVT:E17|EVT:E30|EVT:E34
1.0,EVT:E16|EVT:E30|EVT:E34
1.0,COMP:wsgi_server|EVT:E30|EVT:E34
1.0,EVT:E15|EVT:E30|EVT:E34
1.0,EVT:E14|EVT:E30|EVT:E34
1.0,EVT:E13|EVT:E30|EVT:E34
1.0,EVT:E12|EVT:E30|EVT:E34
1.0,EVT:E11|EVT:E30|EVT:E34
1.0,EVT:E10|EVT:E30|EVT:E34
1.0,EVT:E1|EVT:E30|EVT:E34
1.0,COMP:compute_server_external_events|EVT:E30|EVT:E34
1.0,COMP:openstack_wsgi|EVT:E30|EVT:E34
1.0,COMP:libvirt_imagecache|EVT:E30|EVT:E34
1.0,COMP:libvirt_driver|EVT:E30|EVT:E34
1.0,COMP:compute_manager|EVT:E30|EVT:E34
1.0,COMP:compute_resource_tracker|EVT:E30|EVT:E34
1.0,COMP:compute_claims|EVT:E30|EVT:E34
0.6,EVT:E29|EVT:E30|EVT:E34
1.0,EVT:E28|EVT:E3|EVT:E34
1.0,EVT:E27|EVT:E3|EVT:E34
1.0,EVT:E25|EVT:E3|EVT:E34
1.0,EVT:E26|EVT:E3|EVT:E34
1.0,EVT:E24|EVT:E3|EVT:E34
1.0,EVT:E23|EVT:E3|EVT:E34
1.0,EVT:E2|EVT:E3|EVT:E34
1.0,EVT:E22|EVT:E3|EVT:E34
1.0,EVT:E21|EVT:E3|EVT:E34
1.0,EVT:E20|EVT:E3|EVT:E34
1.0,EVT:E18|EVT:E3|EVT:E34
1.0,EVT:E19|EVT:E3|EVT:E34
1.0,EVT:E17|EVT:E3|EVT:E34
1.0,EVT:E16|EVT:E3|EVT:E34
1.0,COMP:wsgi_server|EVT:E3|EVT:E34
1.0,EVT:E15|EVT:E3|EVT:E34
1.0,EVT:E14|EVT:E3|EVT:E34
1.0,EVT:E13|EVT:E3|EVT:E34
1.0,EVT:E12|EVT:E3|EVT:E34
1.0,EVT:E11|EVT:E3|EVT:E34
1.0,EVT:E10|EVT:E3|EVT:E34
1.0,EVT:E1|EVT:E3|EVT:E34
1.0,COMP:compute_server_external_events|EVT:E3|EVT:E34
1.0,COMP:openstack_wsgi|EVT:E3|EVT:E34
1.0,COMP:libvirt_imagecache|EVT:E3|EVT:E34
1.0,COMP:libvirt_driver|EVT:E3|EVT:E34
1.0,COMP:compute_manager|EVT:E3|EVT:E34
1.0,COMP:compute_resource_tracker|EVT:E3|EVT:E34
1.0,COMP:compute_claims|EVT:E3|EVT:E34
0.6,EVT:E29|EVT:E3|EVT:E34
1.0,EVT:E27|EVT:E28|EVT:E34
1.0,EVT:E25|EVT:E28|EVT:E34
1.0,EVT:E26|EVT:E28|EVT:E34
1.0,EVT:E24|EVT:E28|EVT:E34
1.0,EVT:E23|EVT:E28|EVT:E34
1.0,EVT:E2|EVT:E28|EVT:E34
1.0,EVT:E22|EVT:E28|EVT:E34
1.0,EVT:E21|EVT:E28|EVT:E34
1.0,EVT:E20|EVT:E28|EVT:E34
1.0,EVT:E18|EVT:E28|EVT:E34
1.0,EVT:E19|EVT:E28|EVT:E34
1.0,EVT:E17|EVT:E28|EVT:E34
1.0,EVT:E16|EVT:E28|EVT:E34
1.0,COMP:wsgi_server|EVT:E28|EVT:E34
1.0,EVT:E15|EVT:E28|EVT:E34
1.0,EVT:E14|EVT:E28|EVT:E34
1.0,EVT:E13|EVT:E28|EVT:E34
1.0,EVT:E12|EVT:E28|EVT:E34
1.0,EVT:E11|EVT:E28|EVT:E34
1.0,EVT:E10|EVT:E28|EVT:E34
1.0,EVT:E1|EVT:E28|EVT:E34
1.0,COMP:compute_server_external_events|EVT:E28|EVT:E34
1.0,COMP:openstack_wsgi|EVT:E28|EVT:E34
1.0,COMP:libvirt_imagecache|EVT:E28|EVT:E34
1.0,COMP:libvirt_driver|EVT:E28|EVT:E34
1.0,COMP:compute_manager|EVT:E28|EVT:E34
1.0,COMP:compute_resource_tracker|EVT:E28|EVT:E34
1.0,COMP:compute_claims|EVT:E28|EVT:E34
0.6,EVT:E28|EVT:E29|EVT:E34
1.0,EVT:E25|EVT:E27|EVT:E34
1.0,EVT:E26|EVT:E27|EVT:E34
1.0,EVT:E24|EVT:E27|EVT:E34
1.0,EVT:E23|EVT:E27|EVT:E34
1.0,EVT:E2|EVT:E27|EVT:E34
1.0,EVT:E22|EVT:E27|EVT:E34
1.0,EVT:E21|EVT:E27|EVT:E34
1.0,EVT:E20|EVT:E27|EVT:E34
1.0,EVT:E18|EVT:E27|EVT:E34
1.0,EVT:E19|EVT:E27|EVT:E34
1.0,EVT:E17|EVT:E27|EVT:E34
1.0,EVT:E16|EVT:E27|EVT:E34
1.0,COMP:wsgi_server|EVT:E27|EVT:E34
1.0,EVT:E15|EVT:E27|EVT:E34
1.0,EVT:E14|EVT:E27|EVT:E34
1.0,EVT:E13|EVT:E27|EVT:E34
1.0,EVT:E12|EVT:E27|EVT:E34
1.0,EVT:E11|EVT:E27|EVT:E34
1.0,EVT:E10|EVT:E27|EVT:E34
1.0,EVT:E1|EVT:E27|EVT:E34
1.0,COMP:compute_server_external_events|EVT:E27|EVT:E34
1.0,COMP:openstack_wsgi|EVT:E27|EVT:E34
1.0,COMP:libvirt_imagecache|EVT:E27|EVT:E34
1.0,COMP:libvirt_driver|EVT:E27|EVT:E34
1.0,COMP:compute_manager|EVT:E27|EVT:E34
1.0,COMP:compute_resource_tracker|EVT:E27|EVT:E34
1.0,COMP:compute_claims|EVT:E27|EVT:E34
0.6,EVT:E27|EVT:E29|EVT:E34
1.0,EVT:E25|EVT:E26|EVT:E34
1.0,EVT:E24|EVT:E25|EVT:E34
1.0,EVT:E23|EVT:E25|EVT:E34
1.0,EVT:E2|EVT:E25|EVT:E34
1.0,EVT:E22|EVT:E25|EVT:E34
1.0,EVT:E21|EVT:E25|EVT:E34
1.0,EVT:E20|EVT:E25|EVT:E34
1.0,EVT:E18|EVT:E25|EVT:E34
1.0,EVT:E19|EVT:E25|EVT:E34
1.0,EVT:E17|EVT:E25|EVT:E34
1.0,EVT:E16|EVT:E25|EVT:E34
1.0,COMP:wsgi_server|EVT:E25|EVT:E34
1.0,EVT:E15|EVT:E25|EVT:E34
1.0,EVT:E14|EVT:E25|EVT:E34
1.0,EVT:E13|EVT:E25|EVT:E34
1.0,EVT:E12|EVT:E25|EVT:E34
1.0,EVT:E11|EVT:E25|EVT:E34
1.0,EVT:E10|EVT:E25|EVT:E34
1.0,EVT:E1|EVT:E25|EVT:E34
1.0,COMP:compute_server_external_events|EVT:E25|EVT:E34
1.0,COMP:openstack_wsgi|EVT:E25|EVT:E34
1.0,COMP:libvirt_imagecache|EVT:E25|EVT:E34
1.0,COMP:libvirt_driver|EVT:E25|EVT:E34
1.0,COMP:compute_manager|EVT:E25|EVT:E34
1.0,COMP:compute_resource_tracker|EVT:E25|EVT:E34
1.0,COMP:compute_claims|EVT:E25|EVT:E34
0.6,EVT:E25|EVT:E29|EVT:E34
1.0,EVT:E24|EVT:E26|EVT:E34
1.0,EVT:E23|EVT:E26|EVT:E34
1.0,EVT:E2|EVT:E26|EVT:E34
1.0,EVT:E22|EVT:E26|EVT:E34
1.0,EVT:E21|EVT:E26|EVT:E34
1.0,EVT:E20|EVT:E26|EVT:E34
1.0,EVT:E18|EVT:E26|EVT:E34
1.0,EVT:E19|EVT:E26|EVT:E34
1.0,EVT:E17|EVT:E26|EVT:E34
1.0,EVT:E16|EVT:E26|EVT:E34
1.0,COMP:wsgi_server|EVT:E26|EVT:E34
1.0,EVT:E15|EVT:E26|EVT:E34
1.0,EVT:E14|EVT:E26|EVT:E34
1.0,EVT:E13|EVT:E26|EVT:E34
1.0,EVT:E12|EVT:E26|EVT:E34
1.0,EVT:E11|EVT:E26|EVT:E34
1.0,EVT:E10|EVT:E26|EVT:E34
1.0,EVT:E1|EVT:E26|EVT:E34
1.0,COMP:compute_server_external_events|EVT:E26|EVT:E34
1.0,COMP:openstack_wsgi|EVT:E26|EVT:E34
1.0,COMP:libvirt_imagecache|EVT:E26|EVT:E34
1.0,COMP:libvirt_driver|EVT:E26|EVT:E34
1.0,COMP:compute_manager|EVT:E26|EVT:E34
1.0,COMP:compute_resource_tracker|EVT:E26|EVT:E34
1.0,COMP:compute_claims|EVT:E26|EVT:E34
0.6,EVT:E26|EVT:E29|EVT:E34
1.0,EVT:E23|EVT:E24|EVT:E34
1.0,EVT:E2|EVT:E24|EVT:E34
1.0,EVT:E22|EVT:E24|EVT:E34
1.0,EVT:E21|EVT:E24|EVT:E34
1.0,EVT:E20|EVT:E24|EVT:E34
1.0,EVT:E18|EVT:E24|EVT:E34
1.0,EVT:E19|EVT:E24|EVT:E34
1.0,EVT:E17|EVT:E24|EVT:E34
1.0,EVT:E16|EVT:E24|EVT:E34
1.0,COMP:wsgi_server|EVT:E24|EVT:E34
1.0,EVT:E15|EVT:E24|EVT:E34
1.0,EVT:E14|EVT:E24|EVT:E34
1.0,EVT:E13|EVT:E24|EVT:E34
1.0,EVT:E12|EVT:E24|EVT:E34
1.0,EVT:E11|EVT:E24|EVT:E34
1.0,EVT:E10|EVT:E24|EVT:E34
1.0,EVT:E1|EVT:E24|EVT:E34
1.0,COMP:compute_server_external_events|EVT:E24|EVT:E34
1.0,COMP:openstack_wsgi|EVT:E24|EVT:E34
1.0,COMP:libvirt_imagecache|EVT:E24|EVT:E34
1.0,COMP:libvirt_driver|EVT:E24|EVT:E34
1.0,COMP:compute_manager|EVT:E24|EVT:E34
1.0,COMP:compute_resource_tracker|EVT:E24|EVT:E34
1.0,COMP:compute_claims|EVT:E24|EVT:E34
0.6,EVT:E24|EVT:E29|EVT:E34
1.0,EVT:E2|EVT:E23|EVT:E34
1.0,EVT:E22|EVT:E23|EVT:E34
1.0,EVT:E21|EVT:E23|EVT:E34
1.0,EVT:E20|EVT:E23|EVT:E34
1.0,EVT:E18|EVT:E23|EVT:E34
1.0,EVT:E19|EVT:E23|EVT:E34
1.0,EVT:E17|EVT:E23|EVT:E34
1.0,EVT:E16|EVT:E23|EVT:E34
1.0,COMP:wsgi_server|EVT:E23|EVT:E34
1.0,EVT:E15|EVT:E23|EVT:E34
1.0,EVT:E14|EVT:E23|EVT:E34
1.0,EVT:E13|EVT:E23|EVT:E34
1.0,EVT:E12|EVT:E23|EVT:E34
1.0,EVT:E11|EVT:E23|EVT:E34
1.0,EVT:E10|EVT:E23|EVT:E34
1.0,EVT:E1|EVT:E23|EVT:E34
1.0,COMP:compute_server_external_events|EVT:E23|EVT:E34
1.0,COMP:openstack_wsgi|EVT:E23|EVT:E34
1.0,COMP:libvirt_imagecache|EVT:E23|EVT:E34
1.0,COMP:libvirt_driver|EVT:E23|EVT:E34
1.0,COMP:compute_manager|EVT:E23|EVT:E34
1.0,COMP:compute_resource_tracker|EVT:E23|EVT:E34
1.0,COMP:compute_claims|EVT:E23|EVT:E34
0.6,EVT:E23|EVT:E29|EVT:E34
1.0,EVT:E2|EVT:E22|EVT:E34
1.0,EVT:E2|EVT:E21|EVT:E34
1.0,EVT:E2|EVT:E20|EVT:E34
1.0,EVT:E18|EVT:E2|EVT:E34
1.0,EVT:E19|EVT:E2|EVT:E34
1.0,EVT:E17|EVT:E2|EVT:E34
1.0,EVT:E16|EVT:E2|EVT:E34
1.0,COMP:wsgi_server|EVT:E2|EVT:E34
1.0,EVT:E15|EVT:E2|EVT:E34
1.0,EVT:E14|EVT:E2|EVT:E34
1.0,EVT:E13|EVT:E2|EVT:E34
1.0,EVT:E12|EVT:E2|EVT:E34
1.0,EVT:E11|EVT:E2|EVT:E34
1.0,EVT:E10|EVT:E2|EVT:E34
1.0,EVT:E1|EVT:E2|EVT:E34
1.0,COMP:compute_server_external_events|EVT:E2|EVT:E34
1.0,COMP:openstack_wsgi|EVT:E2|EVT:E34
1.0,COMP:libvirt_imagecache|EVT:E2|EVT:E34
1.0,COMP:libvirt_driver|EVT:E2|EVT:E34
1.0,COMP:compute_manager|EVT:E2|EVT:E34
1.0,COMP:compute_resource_tracker|EVT:E2|EVT:E34
1.0,COMP:compute_claims|EVT:E2|EVT:E34
0.6,EVT:E2|EVT:E29|EVT:E34
1.0,EVT:E21|EVT:E22|EVT:E34
1.0,EVT:E20|EVT:E22|EVT:E34
1.0,EVT:E18|EVT:E22|EVT:E34
1.0,EVT:E19|EVT:E22|EVT:E34
1.0,EVT:E17|EVT:E22|EVT:E34
1.0,EVT:E16|EVT:E22|EVT:E34
1.0,COMP:wsgi_server|EVT:E22|EVT:E34
1.0,EVT:E15|EVT:E22|EVT:E34
1.0,EVT:E14|EVT:E22|EVT:E34
1.0,EVT:E13|EVT:E22|EVT:E34
1.0,EVT:E12|EVT:E22|EVT:E34
1.0,EVT:E11|EVT:E22|EVT:E34
1.0,EVT:E10|EVT:E22|EVT:E34
1.0,EVT:E1|EVT:E22|EVT:E34
1.0,COMP:compute_server_external_events|EVT:E22|EVT:E34
1.0,COMP:openstack_wsgi|EVT:E22|EVT:E34
1.0,COMP:libvirt_imagecache|EVT:E22|EVT:E34
1.0,COMP:libvirt_driver|EVT:E22|EVT:E34
1.0,COMP:compute_manager|EVT:E22|EVT:E34
1.0,COMP:compute_resource_tracker|EVT:E22|EVT:E34
1.0,COMP:compute_claims|EVT:E22|EVT:E34
0.6,EVT:E22|EVT:E29|EVT:E34
1.0,EVT:E20|EVT:E21|EVT:E34
1.0,EVT:E18|EVT:E21|EVT:E34
1.0,EVT:E19|EVT:E21|EVT:E34
1.0,EVT:E17|EVT:E21|EVT:E34
1.0,EVT:E16|EVT:E21|EVT:E34
1.0,COMP:wsgi_server|EVT:E21|EVT:E34
1.0,EVT:E15|EVT:E21|EVT:E34
1.0,EVT:E14|EVT:E21|EVT:E34
1.0,EVT:E13|EVT:E21|EVT:E34
1.0,EVT:E12|EVT:E21|EVT:E34
1.0,EVT:E11|EVT:E21|EVT:E34
1.0,EVT:E10|EVT:E21|EVT:E34
1.0,EVT:E1|EVT:E21|EVT:E34
1.0,COMP:compute_server_external_events|EVT:E21|EVT:E34
1.0,COMP:openstack_wsgi|EVT:E21|EVT:E34
1.0,COMP:libvirt_imagecache|EVT:E21|EVT:E34
1.0,COMP:libvirt_driver|EVT:E21|EVT:E34
1.0,COMP:compute_manager|EVT:E21|EVT:E34
1.0,COMP:compute_resource_tracker|EVT:E21|EVT:E34
1.0,COMP:compute_claims|EVT:E21|EVT:E34
0.6,EVT:E21|EVT:E29|EVT:E34
1.0,EVT:E18|EVT:E20|EVT:E34
1.0,EVT:E19|EVT:E20|EVT:E34
1.0,EVT:E17|EVT:E20|EVT:E34
1.0,EVT:E16|EVT:E20|EVT:E34
1.0,COMP:wsgi_server|EVT:E20|EVT:E34
1.0,EVT:E15|EVT:E20|EVT:E34
1.0,EVT:E14|EVT:E20|EVT:E34
1.0,EVT:E13|EVT:E20|EVT:E34
1.0,EVT:E12|EVT:E20|EVT:E34
1.0,EVT:E11|EVT:E20|EVT:E34
1.0,EVT:E10|EVT:E20|EVT:E34
1.0,EVT:E1|EVT:E20|EVT:E34
1.0,COMP:compute_server_external_events|EVT:E20|EVT:E34
1.0,COMP:openstack_wsgi|EVT:E20|EVT:E34
1.0,COMP:libvirt_imagecache|EVT:E20|EVT:E34
1.0,COMP:libvirt_driver|EVT:E20|EVT:E34
1.0,COMP:compute_manager|EVT:E20|EVT:E34
1.0,COMP:compute_resource_tracker|EVT:E20|EVT:E34
1.0,COMP:compute_claims|EVT:E20|EVT:E34
0.6,EVT:E20|EVT:E29|EVT:E34
1.0,EVT:E18|EVT:E19|EVT:E34
1.0,EVT:E17|EVT:E18|EVT:E34
1.0,EVT:E16|EVT:E18|EVT:E34
1.0,COMP:wsgi_server|EVT:E18|EVT:E34
1.0,EVT:E15|EVT:E18|EVT:E34
1.0,EVT:E14|EVT:E18|EVT:E34
1.0,EVT:E13|EVT:E18|EVT:E34
1.0,EVT:E12|EVT:E18|EVT:E34
1.0,EVT:E11|EVT:E18|EVT:E34
1.0,EVT:E10|EVT:E18|EVT:E34
1.0,EVT:E1|EVT:E18|EVT:E34
1.0,COMP:compute_server_external_events|EVT:E18|EVT:E34
1.0,COMP:openstack_wsgi|EVT:E18|EVT:E34
1.0,COMP:libvirt_imagecache|EVT:E18|EVT:E34
1.0,COMP:libvirt_driver|EVT:E18|EVT:E34
1.0,COMP:compute_manager|EVT:E18|EVT:E34
1.0,COMP:compute_resource_tracker|EVT:E18|EVT:E34
1.0,COMP:compute_claims|EVT:E18|EVT:E34
0.6,EVT:E18|EVT:E29|EVT:E34
1.0,EVT:E17|EVT:E19|EVT:E34
1.0,EVT:E16|EVT:E19|EVT:E34
1.0,COMP:wsgi_server|EVT:E19|EVT:E34
1.0,EVT:E15|EVT:E19|EVT:E34
1.0,EVT:E14|EVT:E19|EVT:E34
1.0,EVT:E13|EVT:E19|EVT:E34
1.0,EVT:E12|EVT:E19|EVT:E34
1.0,EVT:E11|EVT:E19|EVT:E34
1.0,EVT:E10|EVT:E19|EVT:E34
1.0,EVT:E1|EVT:E19|EVT:E34
1.0,COMP:compute_server_external_events|EVT:E19|EVT:E34
1.0,COMP:openstack_wsgi|EVT:E19|EVT:E34
1.0,COMP:libvirt_imagecache|EVT:E19|EVT:E34
1.0,COMP:libvirt_driver|EVT:E19|EVT:E34
1.0,COMP:compute_manager|EVT:E19|EVT:E34
1.0,COMP:compute_resource_tracker|EVT:E19|EVT:E34
1.0,COMP:compute_claims|EVT:E19|EVT:E34
0.6,EVT:E19|EVT:E29|EVT:E34
1.0,EVT:E16|EVT:E17|EVT:E34
1.0,COMP:wsgi_server|EVT:E17|EVT:E34
1.0,EVT:E15|EVT:E17|EVT:E34
1.0,EVT:E14|EVT:E17|EVT:E34
1.0,EVT:E13|EVT:E17|EVT:E34
1.0,EVT:E12|EVT:E17|EVT:E34
1.0,EVT:E11|EVT:E17|EVT:E34
1.0,EVT:E10|EVT:E17|EVT:E34
1.0,EVT:E1|EVT:E17|EVT:E34
1.0,COMP:compute_server_external_events|EVT:E17|EVT:E34
1.0,COMP:openstack_wsgi|EVT:E17|EVT:E34
1.0,COMP:libvirt_imagecache|EVT:E17|EVT:E34
1.0,COMP:libvirt_driver|EVT:E17|EVT:E34
1.0,COMP:compute_manager|EVT:E17|EVT:E34
1.0,COMP:compute_resource_tracker|EVT:E17|EVT:E34
1.0,COMP:compute_claims|EVT:E17|EVT:E34
0.6,EVT:E17|EVT:E29|EVT:E34
1.0,COMP:wsgi_server|EVT:E16|EVT:E34
1.0,EVT:E15|EVT:E16|EVT:E34
1.0,EVT:E14|EVT:E16|EVT:E34
1.0,EVT:E13|EVT:E16|EVT:E34
1.0,EVT:E12|EVT:E16|EVT:E34
1.0,EVT:E11|EVT:E16|EVT:E34
1.0,EVT:E10|EVT:E16|EVT:E34
1.0,EVT:E1|EVT:E16|EVT:E34
1.0,COMP:compute_server_external_events|EVT:E16|EVT:E34
1.0,COMP:openstack_wsgi|EVT:E16|EVT:E34
1.0,COMP:libvirt_imagecache|EVT:E16|EVT:E34
1.0,COMP:libvirt_driver|EVT:E16|EVT:E34
1.0,COMP:compute_manager|EVT:E16|EVT:E34
1.0,COMP:compute_resource_tracker|EVT:E16|EVT:E34
1.0,COMP:compute_claims|EVT:E16|EVT:E34
0.6,EVT:E16|EVT:E29|EVT:E34
1.0,COMP:wsgi_server|EVT:E15|EVT:E34
1.0,COMP:wsgi_server|EVT:E14|EVT:E34
1.0,COMP:wsgi_server|EVT:E13|EVT:E34
1.0,COMP:wsgi_server|EVT:E12|EVT:E34
1.0,COMP:wsgi_server|EVT:E11|EVT:E34
1.0,COMP:wsgi_server|EVT:E10|EVT:E34
1.0,COMP:wsgi_server|EVT:E1|EVT:E34
1.0,COMP:compute_server_external_events|COMP:wsgi_server|EVT:E34
1.0,COMP:openstack_wsgi|COMP:wsgi_server|EVT:E34
1.0,COMP:libvirt_imagecache|COMP:wsgi_server|EVT:E34
1.0,COMP:libvirt_driver|COMP:wsgi_server|EVT:E34
1.0,COMP:compute_manager|COMP:wsgi_server|EVT:E34
1.0,COMP:compute_resource_tracker|COMP:wsgi_server|EVT:E34
1.0,COMP:compute_claims|COMP:wsgi_server|EVT:E34
0.6,COMP:wsgi_server|EVT:E29|EVT:E34
1.0,EVT:E14|EVT:E15|EVT:E34
1.0,EVT:E13|EVT:E15|EVT:E34
1.0,EVT:E12|EVT:E15|EVT:E34
1.0,EVT:E11|EVT:E15|EVT:E34
1.0,EVT:E10|EVT:E15|EVT:E34
1.0,EVT:E1|EVT:E15|EVT:E34
1.0,COMP:compute_server_external_events|EVT:E15|EVT:E34
1.0,COMP:openstack_wsgi|EVT:E15|EVT:E34
1.0,COMP:libvirt_imagecache|EVT:E15|EVT:E34
1.0,COMP:libvirt_driver|EVT:E15|EVT:E34
1.0,COMP:compute_manager|EVT:E15|EVT:E34
1.0,COMP:compute_resource_tracker|EVT:E15|EVT:E34
1.0,COMP:compute_claims|EVT:E15|EVT:E34
0.6,EVT:E15|EVT:E29|EVT:E34
1.0,EVT:E13|EVT:E14|EVT:E34
1.0,EVT:E12|EVT:E14|EVT:E34
1.0,EVT:E11|EVT:E14|EVT:E34
1.0,EVT:E10|EVT:E14|EVT:E34
1.0,EVT:E1|EVT:E14|EVT:E34
1.0,COMP:compute_server_external_events|EVT:E14|EVT:E34
1.0,COMP:openstack_wsgi|EVT:E14|EVT:E34
1.0,COMP:libvirt_imagecache|EVT:E14|EVT:E34
1.0,COMP:libvirt_driver|EVT:E14|EVT:E34
1.0,COMP:compute_manager|EVT:E14|EVT:E34
1.0,COMP:compute_resource_tracker|EVT:E14|EVT:E34
1.0,COMP:compute_claims|EVT:E14|EVT:E34
0.6,EVT:E14|EVT:E29|EVT:E34
1.0,EVT:E12|EVT:E13|EVT:E34
1.0,EVT:E11|EVT:E13|EVT:E34
1.0,EVT:E10|EVT:E13|EVT:E34
1.0,EVT:E1|EVT:E13|EVT:E34
1.0,COMP:compute_server_external_events|EVT:E13|EVT:E34
1.0,COMP:openstack_wsgi|EVT:E13|EVT:E34
1.0,COMP:libvirt_imagecache|EVT:E13|EVT:E34
1.0,COMP:libvirt_driver|EVT:E13|EVT:E34
1.0,COMP:compute_manager|EVT:E13|EVT:E34
1.0,COMP:compute_resource_tracker|EVT:E13|EVT:E34
1.0,COMP:compute_claims|EVT:E13|EVT:E34
0.6,EVT:E13|EVT:E29|EVT:E34
1.0,EVT:E11|EVT:E12|EVT:E34
1.0,EVT:E10|EVT:E12|EVT:E34
1.0,EVT:E1|EVT:E12|EVT:E34
1.0,COMP:compute_server_external_events|EVT:E12|EVT:E34
1.0,COMP:openstack_wsgi|EVT:E12|EVT:E34
1.0,COMP:libvirt_imagecache|EVT:E12|EVT:E34
1.0,COMP:libvirt_driver|EVT:E12|EVT:E34
1.0,COMP:compute_manager|EVT:E12|EVT:E34
1.0,COMP:compute_resource_tracker|EVT:E12|EVT:E34
1.0,COMP:compute_claims|EVT:E12|EVT:E34
0.6,EVT:E12|EVT:E29|EVT:E34
1.0,EVT:E10|EVT:E11|EVT:E34
1.0,EVT:E1|EVT:E11|EVT:E34
1.0,COMP:compute_server_external_events|EVT:E11|EVT:E34
1.0,COMP:openstack_wsgi|EVT:E11|EVT:E34
1.0,COMP:libvirt_imagecache|EVT:E11|EVT:E34
1.0,COMP:libvirt_driver|EVT:E11|EVT:E34
1.0,COMP:compute_manager|EVT:E11|EVT:E34
1.0,COMP:compute_resource_tracker|EVT:E11|EVT:E34
1.0,COMP:compute_claims|EVT:E11|EVT:E34
0.6,EVT:E11|EVT:E29|EVT:E34
1.0,EVT:E1|EVT:E10|EVT:E34
1.0,COMP:compute_server_external_events|EVT:E10|EVT:E34
1.0,COMP:openstack_wsgi|EVT:E10|EVT:E34
1.0,COMP:libvirt_imagecache|EVT:E10|EVT:E34
1.0,COMP:libvirt_driver|EVT:E10|EVT:E34
1.0,COMP:compute_manager|EVT:E10|EVT:E34
1.0,COMP:compute_resource_tracker|EVT:E10|EVT:E34
1.0,COMP:compute_claims|EVT:E10|EVT:E34
0.6,EVT:E10|EVT:E29|EVT:E34
1.0,COMP:compute_server_external_events|EVT:E1|EVT:E34
1.0,COMP:openstack_wsgi|EVT:E1|EVT:E34
1.0,COMP:libvirt_imagecache|EVT:E1|EVT:E34
1.0,COMP:libvirt_driver|EVT:E1|EVT:E34
1.0,COMP:compute_manager|EVT:E1|EVT:E34
1.0,COMP:compute_resource_tracker|EVT:E1|EVT:E34
1.0,COMP:compute_claims|EVT:E1|EVT:E34
0.6,EVT:E1|EVT:E29|EVT:E34
1.0,COMP:compute_server_external_events|COMP:openstack_wsgi|EVT:E34
1.0,COMP:compute_server_external_events|COMP:libvirt_imagecache|EVT:E34
1.0,COMP:compute_server_external_events|COMP:libvirt_driver|EVT:E34
1.0,COMP:compute_manager|COMP:compute_server_external_events|EVT:E34
1.0,COMP:compute_resource_tracker|COMP:compute_server_external_events|EVT:E34
1.0,COMP:compute_claims|COMP:compute_server_external_events|EVT:E34
0.6,COMP:compute_server_external_events|EVT:E29|EVT:E34
1.0,COMP:libvirt_imagecache|COMP:openstack_wsgi|EVT:E34
1.0,COMP:libvirt_driver|COMP:openstack_wsgi|EVT:E34
1.0,COMP:compute_manager|COMP:openstack_wsgi|EVT:E34
1.0,COMP:compute_resource_tracker|COMP:openstack_wsgi|EVT:E34
1.0,COMP:compute_claims|COMP:openstack_wsgi|EVT:E34
0.6,COMP:openstack_wsgi|EVT:E29|EVT:E34
1.0,COMP:libvirt_driver|COMP:libvirt_imagecache|EVT:E34
1.0,COMP:compute_manager|COMP:libvirt_imagecache|EVT:E34
1.0,COMP:compute_resource_tracker|COMP:libvirt_imagecache|EVT:E34
1.0,COMP:compute_claims|COMP:libvirt_imagecache|EVT:E34
0.6,COMP:libvirt_imagecache|EVT:E29|EVT:E34
1.0,COMP:compute_manager|COMP:libvirt_driver|EVT:E34
1.0,COMP:compute_resource_tracker|COMP:libvirt_driver|EVT:E34
1.0,COMP:compute_claims|COMP:libvirt_driver|EVT:E34
0.6,COMP:libvirt_driver|EVT:E29|EVT:E34
1.0,COMP:compute_manager|COMP:compute_resource_tracker|EVT:E34
1.0,COMP:compute_claims|COMP:compute_manager|EVT:E34
0.6,COMP:compute_manager|EVT:E29|EVT:E34
1.0,COMP:compute_claims|COMP:compute_resource_tracker|EVT:E34
0.6,COMP:compute_resource_tracker|EVT:E29|EVT:E34
0.6,COMP:compute_claims|EVT:E29|EVT:E34
1.0,EVT:E31|EVT:E32|EVT:E33
1.0,EVT:E30|EVT:E32|EVT:E33
1.0,EVT:E3|EVT:E32|EVT:E33
1.0,EVT:E28|EVT:E32|EVT:E33
1.0,EVT:E27|EVT:E32|EVT:E33
1.0,EVT:E25|EVT:E32|EVT:E33
1.0,EVT:E26|EVT:E32|EVT:E33
1.0,EVT:E24|EVT:E32|EVT:E33
1.0,EVT:E23|EVT:E32|EVT:E33
1.0,EVT:E2|EVT:E32|EVT:E33
1.0,EVT:E22|EVT:E32|EVT:E33
1.0,EVT:E21|EVT:E32|EVT:E33
1.0,EVT:E20|EVT:E32|EVT:E33
1.0,EVT:E18|EVT:E32|EVT:E33
1.0,EVT:E19|EVT:E32|EVT:E33
1.0,EVT:E17|EVT:E32|EVT:E33
1.0,EVT:E16|EVT:E32|EVT:E33
1.0,COMP:wsgi_server|EVT:E32|EVT:E33
1.0,EVT:E15|EVT:E32|EVT:E33
1.0,EVT:E14|EVT:E32|EVT:E33
1.0,EVT:E13|EVT:E32|EVT:E33
1.0,EVT:E12|EVT:E32|EVT:E33
1.0,EVT:E11|EVT:E32|EVT:E33
1.0,EVT:E10|EVT:E32|EVT:E33
1.0,EVT:E1|EVT:E32|EVT:E33
1.0,COMP:compute_server_external_events|EVT:E32|EVT:E33
1.0,COMP:openstack_wsgi|EVT:E32|EVT:E33
1.0,COMP:libvirt_imagecache|EVT:E32|EVT:E33
1.0,COMP:libvirt_driver|EVT:E32|EVT:E33
1.0,COMP:compute_manager|EVT:E32|EVT:E33
1.0,COMP:compute_resource_tracker|EVT:E32|EVT:E33
1.0,COMP:compute_claims|EVT:E32|EVT:E33
0.6,EVT:E29|EVT:E32|EVT:E33
1.0,EVT:E30|EVT:E31|EVT:E33
1.0,EVT:E3|EVT:E31|EVT:E33
1.0,EVT:E28|EVT:E31|EVT:E33
1.0,EVT:E27|EVT:E31|EVT:E33
1.0,EVT:E25|EVT:E31|EVT:E33
1.0,EVT:E26|EVT:E31|EVT:E33
1.0,EVT:E24|EVT:E31|EVT:E33
1.0,EVT:E23|EVT:E31|EVT:E33
1.0,EVT:E2|EVT:E31|EVT:E33
1.0,EVT:E22|EVT:E31|EVT:E33
1.0,EVT:E21|EVT:E31|EVT:E33
1.0,EVT:E20|EVT:E31|EVT:E33
1.0,EVT:E18|EVT:E31|EVT:E33
1.0,EVT:E19|EVT:E31|EVT:E33
1.0,EVT:E17|EVT:E31|EVT:E33
1.0,EVT:E16|EVT:E31|EVT:E33
1.0,COMP:wsgi_server|EVT:E31|EVT:E33
1.0,EVT:E15|EVT:E31|EVT:E33
1.0,EVT:E14|EVT:E31|EVT:E33
1.0,EVT:E13|EVT:E31|EVT:E33
1.0,EVT:E12|EVT:E31|EVT:E33
1.0,EVT:E11|EVT:E31|EVT:E33
1.0,EVT:E10|EVT:E31|EVT:E33
1.0,EVT:E1|EVT:E31|EVT:E33
1.0,COMP:compute_server_external_events|EVT:E31|EVT:E33
1.0,COMP:openstack_wsgi|EVT:E31|EVT:E33
1.0,COMP:libvirt_imagecache|EVT:E31|EVT:E33
1.0,COMP:libvirt_driver|EVT:E31|EVT:E33
1.0,COMP:compute_manager|EVT:E31|EVT:E33
1.0,COMP:compute_resource_tracker|EVT:E31|EVT:E33
1.0,COMP:compute_claims|EVT:E31|EVT:E33
0.6,EVT:E29|EVT:E31|EVT:E33
1.0,EVT:E3|EVT:E30|EVT:E33
1.0,EVT:E28|EVT:E30|EVT:E33
1.0,EVT:E27|EVT:E30|EVT:E33
1.0,EVT:E25|EVT:E30|EVT:E33
1.0,EVT:E26|EVT:E30|EVT:E33
1.0,EVT:E24|EVT:E30|EVT:E33
1.0,EVT:E23|EVT:E30|EVT:E33
1.0,EVT:E2|EVT:E30|EVT:E33
1.0,EVT:E22|EVT:E30|EVT:E33
1.0,EVT:E21|EVT:E30|EVT:E33
1.0,EVT:E20|EVT:E30|EVT:E33
1.0,EVT:E18|EVT:E30|EVT:E33
1.0,EVT:E19|EVT:E30|EVT:E33
1.0,EVT:E17|EVT:E30|EVT:E33
1.0,EVT:E16|EVT:E30|EVT:E33
1.0,COMP:wsgi_server|EVT:E30|EVT:E33
1.0,EVT:E15|EVT:E30|EVT:E33
1.0,EVT:E14|EVT:E30|EVT:E33
1.0,EVT:E13|EVT:E30|EVT:E33
1.0,EVT:E12|EVT:E30|EVT:E33
1.0,EVT:E11|EVT:E30|EVT:E33
1.0,EVT:E10|EVT:E30|EVT:E33
1.0,EVT:E1|EVT:E30|EVT:E33
1.0,COMP:compute_server_external_events|EVT:E30|EVT:E33
1.0,COMP:openstack_wsgi|EVT:E30|EVT:E33
1.0,COMP:libvirt_imagecache|EVT:E30|EVT:E33
1.0,COMP:libvirt_driver|EVT:E30|EVT:E33
1.0,COMP:compute_manager|EVT:E30|EVT:E33
1.0,COMP:compute_resource_tracker|EVT:E30|EVT:E33
1.0,COMP:compute_claims|EVT:E30|EVT:E33
0.6,EVT:E29|EVT:E30|EVT:E33
1.0,EVT:E28|EVT:E3|EVT:E33
1.0,EVT:E27|EVT:E3|EVT:E33
1.0,EVT:E25|EVT:E3|EVT:E33
1.0,EVT:E26|EVT:E3|EVT:E33
1.0,EVT:E24|EVT:E3|EVT:E33
1.0,EVT:E23|EVT:E3|EVT:E33
1.0,EVT:E2|EVT:E3|EVT:E33
1.0,EVT:E22|EVT:E3|EVT:E33
1.0,EVT:E21|EVT:E3|EVT:E33
1.0,EVT:E20|EVT:E3|EVT:E33
1.0,EVT:E18|EVT:E3|EVT:E33
1.0,EVT:E19|EVT:E3|EVT:E33
1.0,EVT:E17|EVT:E3|EVT:E33
1.0,EVT:E16|EVT:E3|EVT:E33
1.0,COMP:wsgi_server|EVT:E3|EVT:E33
1.0,EVT:E15|EVT:E3|EVT:E33
1.0,EVT:E14|EVT:E3|EVT:E33
1.0,EVT:E13|EVT:E3|EVT:E33
1.0,EVT:E12|EVT:E3|EVT:E33
1.0,EVT:E11|EVT:E3|EVT:E33
1.0,EVT:E10|EVT:E3|EVT:E33
1.0,EVT:E1|EVT:E3|EVT:E33
1.0,COMP:compute_server_external_events|EVT:E3|EVT:E33
1.0,COMP:openstack_wsgi|EVT:E3|EVT:E33
1.0,COMP:libvirt_imagecache|EVT:E3|EVT:E33
1.0,COMP:libvirt_driver|EVT:E3|EVT:E33
1.0,COMP:compute_manager|EVT:E3|EVT:E33
1.0,COMP:compute_resource_tracker|EVT:E3|EVT:E33
1.0,COMP:compute_claims|EVT:E3|EVT:E33
0.6,EVT:E29|EVT:E3|EVT:E33
1.0,EVT:E27|EVT:E28|EVT:E33
1.0,EVT:E25|EVT:E28|EVT:E33
1.0,EVT:E26|EVT:E28|EVT:E33
1.0,EVT:E24|EVT:E28|EVT:E33
1.0,EVT:E23|EVT:E28|EVT:E33
1.0,EVT:E2|EVT:E28|EVT:E33
1.0,EVT:E22|EVT:E28|EVT:E33
1.0,EVT:E21|EVT:E28|EVT:E33
1.0,EVT:E20|EVT:E28|EVT:E33
1.0,EVT:E18|EVT:E28|EVT:E33
1.0,EVT:E19|EVT:E28|EVT:E33
1.0,EVT:E17|EVT:E28|EVT:E33
1.0,EVT:E16|EVT:E28|EVT:E33
1.0,COMP:wsgi_server|EVT:E28|EVT:E33
1.0,EVT:E15|EVT:E28|EVT:E33
1.0,EVT:E14|EVT:E28|EVT:E33
1.0,EVT:E13|EVT:E28|EVT:E33
1.0,EVT:E12|EVT:E28|EVT:E33
1.0,EVT:E11|EVT:E28|EVT:E33
1.0,EVT:E10|EVT:E28|EVT:E33
1.0,EVT:E1|EVT:E28|EVT:E33
1.0,COMP:compute_server_external_events|EVT:E28|EVT:E33
1.0,COMP:openstack_wsgi|EVT:E28|EVT:E33
1.0,COMP:libvirt_imagecache|EVT:E28|EVT:E33
1.0,COMP:libvirt_driver|EVT:E28|EVT:E33
1.0,COMP:compute_manager|EVT:E28|EVT:E33
1.0,COMP:compute_resource_tracker|EVT:E28|EVT:E33
1.0,COMP:compute_claims|EVT:E28|EVT:E33
0.6,EVT:E28|EVT:E29|EVT:E33
1.0,EVT:E25|EVT:E27|EVT:E33
1.0,EVT:E26|EVT:E27|EVT:E33
1.0,EVT:E24|EVT:E27|EVT:E33
1.0,EVT:E23|EVT:E27|EVT:E33
1.0,EVT:E2|EVT:E27|EVT:E33
1.0,EVT:E22|EVT:E27|EVT:E33
1.0,EVT:E21|EVT:E27|EVT:E33
1.0,EVT:E20|EVT:E27|EVT:E33
1.0,EVT:E18|EVT:E27|EVT:E33
1.0,EVT:E19|EVT:E27|EVT:E33
1.0,EVT:E17|EVT:E27|EVT:E33
1.0,EVT:E16|EVT:E27|EVT:E33
1.0,COMP:wsgi_server|EVT:E27|EVT:E33
1.0,EVT:E15|EVT:E27|EVT:E33
1.0,EVT:E14|EVT:E27|EVT:E33
1.0,EVT:E13|EVT:E27|EVT:E33
1.0,EVT:E12|EVT:E27|EVT:E33
1.0,EVT:E11|EVT:E27|EVT:E33
1.0,EVT:E10|EVT:E27|EVT:E33
1.0,EVT:E1|EVT:E27|EVT:E33
1.0,COMP:compute_server_external_events|EVT:E27|EVT:E33
1.0,COMP:openstack_wsgi|EVT:E27|EVT:E33
1.0,COMP:libvirt_imagecache|EVT:E27|EVT:E33
1.0,COMP:libvirt_driver|EVT:E27|EVT:E33
1.0,COMP:compute_manager|EVT:E27|EVT:E33
1.0,COMP:compute_resource_tracker|EVT:E27|EVT:E33
1.0,COMP:compute_claims|EVT:E27|EVT:E33
0.6,EVT:E27|EVT:E29|EVT:E33
1.0,EVT:E25|EVT:E26|EVT:E33
1.0,EVT:E24|EVT:E25|EVT:E33
1.0,EVT:E23|EVT:E25|EVT:E33
1.0,EVT:E2|EVT:E25|EVT:E33
1.0,EVT:E22|EVT:E25|EVT:E33
1.0,EVT:E21|EVT:E25|EVT:E33
1.0,EVT:E20|EVT:E25|EVT:E33
1.0,EVT:E18|EVT:E25|EVT:E33
1.0,EVT:E19|EVT:E25|EVT:E33
1.0,EVT:E17|EVT:E25|EVT:E33
1.0,EVT:E16|EVT:E25|EVT:E33
1.0,COMP:wsgi_server|EVT:E25|EVT:E33
1.0,EVT:E15|EVT:E25|EVT:E33
1.0,EVT:E14|EVT:E25|EVT:E33
1.0,EVT:E13|EVT:E25|EVT:E33
1.0,EVT:E12|EVT:E25|EVT:E33
1.0,EVT:E11|EVT:E25|EVT:E33
1.0,EVT:E10|EVT:E25|EVT:E33
1.0,EVT:E1|EVT:E25|EVT:E33
1.0,COMP:compute_server_external_events|EVT:E25|EVT:E33
1.0,COMP:openstack_wsgi|EVT:E25|EVT:E33
1.0,COMP:libvirt_imagecache|EVT:E25|EVT:E33
1.0,COMP:libvirt_driver|EVT:E25|EVT:E33
1.0,COMP:compute_manager|EVT:E25|EVT:E33
1.0,COMP:compute_resource_tracker|EVT:E25|EVT:E33
1.0,COMP:compute_claims|EVT:E25|EVT:E33
0.6,EVT:E25|EVT:E29|EVT:E33
1.0,EVT:E24|EVT:E26|EVT:E33
1.0,EVT:E23|EVT:E26|EVT:E33
1.0,EVT:E2|EVT:E26|EVT:E33
1.0,EVT:E22|EVT:E26|EVT:E33
1.0,EVT:E21|EVT:E26|EVT:E33
1.0,EVT:E20|EVT:E26|EVT:E33
1.0,EVT:E18|EVT:E26|EVT:E33
1.0,EVT:E19|EVT:E26|EVT:E33
1.0,EVT:E17|EVT:E26|EVT:E33
1.0,EVT:E16|EVT:E26|EVT:E33
1.0,COMP:wsgi_server|EVT:E26|EVT:E33
1.0,EVT:E15|EVT:E26|EVT:E33
1.0,EVT:E14|EVT:E26|EVT:E33
1.0,EVT:E13|EVT:E26|EVT:E33
1.0,EVT:E12|EVT:E26|EVT:E33
1.0,EVT:E11|EVT:E26|EVT:E33
1.0,EVT:E10|EVT:E26|EVT:E33
1.0,EVT:E1|EVT:E26|EVT:E33
1.0,COMP:compute_server_external_events|EVT:E26|EVT:E33
1.0,COMP:openstack_wsgi|EVT:E26|EVT:E33
1.0,COMP:libvirt_imagecache|EVT:E26|EVT:E33
1.0,COMP:libvirt_driver|EVT:E26|EVT:E33
1.0,COMP:compute_manager|EVT:E26|EVT:E33
1.0,COMP:compute_resource_tracker|EVT:E26|EVT:E33
1.0,COMP:compute_claims|EVT:E26|EVT:E33
0.6,EVT:E26|EVT:E29|EVT:E33
1.0,EVT:E23|EVT:E24|EVT:E33
1.0,EVT:E2|EVT:E24|EVT:E33
1.0,EVT:E22|EVT:E24|EVT:E33
1.0,EVT:E21|EVT:E24|EVT:E33
1.0,EVT:E20|EVT:E24|EVT:E33
1.0,EVT:E18|EVT:E24|EVT:E33
1.0,EVT:E19|EVT:E24|EVT:E33
1.0,EVT:E17|EVT:E24|EVT:E33
1.0,EVT:E16|EVT:E24|EVT:E33
1.0,COMP:wsgi_server|EVT:E24|EVT:E33
1.0,EVT:E15|EVT:E24|EVT:E33
1.0,EVT:E14|EVT:E24|EVT:E33
1.0,EVT:E13|EVT:E24|EVT:E33
1.0,EVT:E12|EVT:E24|EVT:E33
1.0,EVT:E11|EVT:E24|EVT:E33
1.0,EVT:E10|EVT:E24|EVT:E33
1.0,EVT:E1|EVT:E24|EVT:E33
1.0,COMP:compute_server_external_events|EVT:E24|EVT:E33
1.0,COMP:openstack_wsgi|EVT:E24|EVT:E33
1.0,COMP:libvirt_imagecache|EVT:E24|EVT:E33
1.0,COMP:libvirt_driver|EVT:E24|EVT:E33
1.0,COMP:compute_manager|EVT:E24|EVT:E33
1.0,COMP:compute_resource_tracker|EVT:E24|EVT:E33
1.0,COMP:compute_claims|EVT:E24|EVT:E33
0.6,EVT:E24|EVT:E29|EVT:E33
1.0,EVT:E2|EVT:E23|EVT:E33
1.0,EVT:E22|EVT:E23|EVT:E33
1.0,EVT:E21|EVT:E23|EVT:E33
1.0,EVT:E20|EVT:E23|EVT:E33
1.0,EVT:E18|EVT:E23|EVT:E33
1.0,EVT:E19|EVT:E23|EVT:E33
1.0,EVT:E17|EVT:E23|EVT:E33
1.0,EVT:E16|EVT:E23|EVT:E33
1.0,COMP:wsgi_server|EVT:E23|EVT:E33
1.0,EVT:E15|EVT:E23|EVT:E33
1.0,EVT:E14|EVT:E23|EVT:E33
1.0,EVT:E13|EVT:E23|EVT:E33
1.0,EVT:E12|EVT:E23|EVT:E33
1.0,EVT:E11|EVT:E23|EVT:E33
1.0,EVT:E10|EVT:E23|EVT:E33
1.0,EVT:E1|EVT:E23|EVT:E33
1.0,COMP:compute_server_external_events|EVT:E23|EVT:E33
1.0,COMP:openstack_wsgi|EVT:E23|EVT:E33
1.0,COMP:libvirt_imagecache|EVT:E23|EVT:E33
1.0,COMP:libvirt_driver|EVT:E23|EVT:E33
1.0,COMP:compute_manager|EVT:E23|EVT:E33
1.0,COMP:compute_resource_tracker|EVT:E23|EVT:E33
1.0,COMP:compute_claims|EVT:E23|EVT:E33
0.6,EVT:E23|EVT:E29|EVT:E33
1.0,EVT:E2|EVT:E22|EVT:E33
1.0,EVT:E2|EVT:E21|EVT:E33
1.0,EVT:E2|EVT:E20|EVT:E33
1.0,EVT:E18|EVT:E2|EVT:E33
1.0,EVT:E19|EVT:E2|EVT:E33
1.0,EVT:E17|EVT:E2|EVT:E33
1.0,EVT:E16|EVT:E2|EVT:E33
1.0,COMP:wsgi_server|EVT:E2|EVT:E33
1.0,EVT:E15|EVT:E2|EVT:E33
1.0,EVT:E14|EVT:E2|EVT:E33
1.0,EVT:E13|EVT:E2|EVT:E33
1.0,EVT:E12|EVT:E2|EVT:E33
1.0,EVT:E11|EVT:E2|EVT:E33
1.0,EVT:E10|EVT:E2|EVT:E33
1.0,EVT:E1|EVT:E2|EVT:E33
1.0,COMP:compute_server_external_events|EVT:E2|EVT:E33
1.0,COMP:openstack_wsgi|EVT:E2|EVT:E33
1.0,COMP:libvirt_imagecache|EVT:E2|EVT:E33
1.0,COMP:libvirt_driver|EVT:E2|EVT:E33
1.0,COMP:compute_manager|EVT:E2|EVT:E33
1.0,COMP:compute_resource_tracker|EVT:E2|EVT:E33
1.0,COMP:compute_claims|EVT:E2|EVT:E33
0.6,EVT:E2|EVT:E29|EVT:E33
1.0,EVT:E21|EVT:E22|EVT:E33
1.0,EVT:E20|EVT:E22|EVT:E33
1.0,EVT:E18|EVT:E22|EVT:E33
1.0,EVT:E19|EVT:E22|EVT:E33
1.0,EVT:E17|EVT:E22|EVT:E33
1.0,EVT:E16|EVT:E22|EVT:E33
1.0,COMP:wsgi_server|EVT:E22|EVT:E33
1.0,EVT:E15|EVT:E22|EVT:E33
1.0,EVT:E14|EVT:E22|EVT:E33
1.0,EVT:E13|EVT:E22|EVT:E33
1.0,EVT:E12|EVT:E22|EVT:E33
1.0,EVT:E11|EVT:E22|EVT:E33
1.0,EVT:E10|EVT:E22|EVT:E33
1.0,EVT:E1|EVT:E22|EVT:E33
1.0,COMP:compute_server_external_events|EVT:E22|EVT:E33
1.0,COMP:openstack_wsgi|EVT:E22|EVT:E33
1.0,COMP:libvirt_imagecache|EVT:E22|EVT:E33
1.0,COMP:libvirt_driver|EVT:E22|EVT:E33
1.0,COMP:compute_manager|EVT:E22|EVT:E33
1.0,COMP:compute_resource_tracker|EVT:E22|EVT:E33
1.0,COMP:compute_claims|EVT:E22|EVT:E33
0.6,EVT:E22|EVT:E29|EVT:E33
1.0,EVT:E20|EVT:E21|EVT:E33
1.0,EVT:E18|EVT:E21|EVT:E33
1.0,EVT:E19|EVT:E21|EVT:E33
1.0,EVT:E17|EVT:E21|EVT:E33
1.0,EVT:E16|EVT:E21|EVT:E33
1.0,COMP:wsgi_server|EVT:E21|EVT:E33
1.0,EVT:E15|EVT:E21|EVT:E33
1.0,EVT:E14|EVT:E21|EVT:E33
1.0,EVT:E13|EVT:E21|EVT:E33
1.0,EVT:E12|EVT:E21|EVT:E33
1.0,EVT:E11|EVT:E21|EVT:E33
1.0,EVT:E10|EVT:E21|EVT:E33
1.0,EVT:E1|EVT:E21|EVT:E33
1.0,COMP:compute_server_external_events|EVT:E21|EVT:E33
1.0,COMP:openstack_wsgi|EVT:E21|EVT:E33
1.0,COMP:libvirt_imagecache|EVT:E21|EVT:E33
1.0,COMP:libvirt_driver|EVT:E21|EVT:E33
1.0,COMP:compute_manager|EVT:E21|EVT:E33
1.0,COMP:compute_resource_tracker|EVT:E21|EVT:E33
1.0,COMP:compute_claims|EVT:E21|EVT:E33
0.6,EVT:E21|EVT:E29|EVT:E33
1.0,EVT:E18|EVT:E20|EVT:E33
1.0,EVT:E19|EVT:E20|EVT:E33
1.0,EVT:E17|EVT:E20|EVT:E33
1.0,EVT:E16|EVT:E20|EVT:E33
1.0,COMP:wsgi_server|EVT:E20|EVT:E33
1.0,EVT:E15|EVT:E20|EVT:E33
1.0,EVT:E14|EVT:E20|EVT:E33
1.0,EVT:E13|EVT:E20|EVT:E33
1.0,EVT:E12|EVT:E20|EVT:E33
1.0,EVT:E11|EVT:E20|EVT:E33
1.0,EVT:E10|EVT:E20|EVT:E33
1.0,EVT:E1|EVT:E20|EVT:E33
1.0,COMP:compute_server_external_events|EVT:E20|EVT:E33
1.0,COMP:openstack_wsgi|EVT:E20|EVT:E33
1.0,COMP:libvirt_imagecache|EVT:E20|EVT:E33
1.0,COMP:libvirt_driver|EVT:E20|EVT:E33
1.0,COMP:compute_manager|EVT:E20|EVT:E33
1.0,COMP:compute_resource_tracker|EVT:E20|EVT:E33
1.0,COMP:compute_claims|EVT:E20|EVT:E33
0.6,EVT:E20|EVT:E29|EVT:E33
1.0,EVT:E18|EVT:E19|EVT:E33
1.0,EVT:E17|EVT:E18|EVT:E33
1.0,EVT:E16|EVT:E18|EVT:E33
1.0,COMP:wsgi_server|EVT:E18|EVT:E33
1.0,EVT:E15|EVT:E18|EVT:E33
1.0,EVT:E14|EVT:E18|EVT:E33
1.0,EVT:E13|EVT:E18|EVT:E33
1.0,EVT:E12|EVT:E18|EVT:E33
1.0,EVT:E11|EVT:E18|EVT:E33
1.0,EVT:E10|EVT:E18|EVT:E33
1.0,EVT:E1|EVT:E18|EVT:E33
1.0,COMP:compute_server_external_events|EVT:E18|EVT:E33
1.0,COMP:openstack_wsgi|EVT:E18|EVT:E33
1.0,COMP:libvirt_imagecache|EVT:E18|EVT:E33
1.0,COMP:libvirt_driver|EVT:E18|EVT:E33
1.0,COMP:compute_manager|EVT:E18|EVT:E33
1.0,COMP:compute_resource_tracker|EVT:E18|EVT:E33
1.0,COMP:compute_claims|EVT:E18|EVT:E33
0.6,EVT:E18|EVT:E29|EVT:E33
1.0,EVT:E17|EVT:E19|EVT:E33
1.0,EVT:E16|EVT:E19|EVT:E33
1.0,COMP:wsgi_server|EVT:E19|EVT:E33
1.0,EVT:E15|EVT:E19|EVT:E33
1.0,EVT:E14|EVT:E19|EVT:E33
1.0,EVT:E13|EVT:E19|EVT:E33
1.0,EVT:E12|EVT:E19|EVT:E33
1.0,EVT:E11|EVT:E19|EVT:E33
1.0,EVT:E10|EVT:E19|EVT:E33
1.0,EVT:E1|EVT:E19|EVT:E33
1.0,COMP:compute_server_external_events|EVT:E19|EVT:E33
1.0,COMP:openstack_wsgi|EVT:E19|EVT:E33
1.0,COMP:libvirt_imagecache|EVT:E19|EVT:E33
1.0,COMP:libvirt_driver|EVT:E19|EVT:E33
1.0,COMP:compute_manager|EVT:E19|EVT:E33
1.0,COMP:compute_resource_tracker|EVT:E19|EVT:E33
1.0,COMP:compute_claims|EVT:E19|EVT:E33
0.6,EVT:E19|EVT:E29|EVT:E33
1.0,EVT:E16|EVT:E17|EVT:E33
1.0,COMP:wsgi_server|EVT:E17|EVT:E33
1.0,EVT:E15|EVT:E17|EVT:E33
1.0,EVT:E14|EVT:E17|EVT:E33
1.0,EVT:E13|EVT:E17|EVT:E33
1.0,EVT:E12|EVT:E17|EVT:E33
1.0,EVT:E11|EVT:E17|EVT:E33
1.0,EVT:E10|EVT:E17|EVT:E33
1.0,EVT:E1|EVT:E17|EVT:E33
1.0,COMP:compute_server_external_events|EVT:E17|EVT:E33
1.0,COMP:openstack_wsgi|EVT:E17|EVT:E33
1.0,COMP:libvirt_imagecache|EVT:E17|EVT:E33
1.0,COMP:libvirt_driver|EVT:E17|EVT:E33
1.0,COMP:compute_manager|EVT:E17|EVT:E33
1.0,COMP:compute_resource_tracker|EVT:E17|EVT:E33
1.0,COMP:compute_claims|EVT:E17|EVT:E33
0.6,EVT:E17|EVT:E29|EVT:E33
1.0,COMP:wsgi_server|EVT:E16|EVT:E33
1.0,EVT:E15|EVT:E16|EVT:E33
1.0,EVT:E14|EVT:E16|EVT:E33
1.0,EVT:E13|EVT:E16|EVT:E33
1.0,EVT:E12|EVT:E16|EVT:E33
1.0,EVT:E11|EVT:E16|EVT:E33
1.0,EVT:E10|EVT:E16|EVT:E33
1.0,EVT:E1|EVT:E16|EVT:E33
1.0,COMP:compute_server_external_events|EVT:E16|EVT:E33
1.0,COMP:openstack_wsgi|EVT:E16|EVT:E33
1.0,COMP:libvirt_imagecache|EVT:E16|EVT:E33
1.0,COMP:libvirt_driver|EVT:E16|EVT:E33
1.0,COMP:compute_manager|EVT:E16|EVT:E33
1.0,COMP:compute_resource_tracker|EVT:E16|EVT:E33
1.0,COMP:compute_claims|EVT:E16|EVT:E33
0.6,EVT:E16|EVT:E29|EVT:E33
1.0,COMP:wsgi_server|EVT:E15|EVT:E33
1.0,COMP:wsgi_server|EVT:E14|EVT:E33
1.0,COMP:wsgi_server|EVT:E13|EVT:E33
1.0,COMP:wsgi_server|EVT:E12|EVT:E33
1.0,COMP:wsgi_server|EVT:E11|EVT:E33
1.0,COMP:wsgi_server|EVT:E10|EVT:E33
1.0,COMP:wsgi_server|EVT:E1|EVT:E33
1.0,COMP:compute_server_external_events|COMP:wsgi_server|EVT:E33
1.0,COMP:openstack_wsgi|COMP:wsgi_server|EVT:E33
1.0,COMP:libvirt_imagecache|COMP:wsgi_server|EVT:E33
1.0,COMP:libvirt_driver|COMP:wsgi_server|EVT:E33
1.0,COMP:compute_manager|COMP:wsgi_server|EVT:E33
1.0,COMP:compute_resource_tracker|COMP:wsgi_server|EVT:E33
1.0,COMP:compute_claims|COMP:wsgi_server|EVT:E33
0.6,COMP:wsgi_server|EVT:E29|EVT:E33
1.0,EVT:E14|EVT:E15|EVT:E33
1.0,EVT:E13|EVT:E15|EVT:E33
1.0,EVT:E12|EVT:E15|EVT:E33
1.0,EVT:E11|EVT:E15|EVT:E33
1.0,EVT:E10|EVT:E15|EVT:E33
1.0,EVT:E1|EVT:E15|EVT:E33
1.0,COMP:compute_server_external_events|EVT:E15|EVT:E33
1.0,COMP:openstack_wsgi|EVT:E15|EVT:E33
1.0,COMP:libvirt_imagecache|EVT:E15|EVT:E33
1.0,COMP:libvirt_driver|EVT:E15|EVT:E33
1.0,COMP:compute_manager|EVT:E15|EVT:E33
1.0,COMP:compute_resource_tracker|EVT:E15|EVT:E33
1.0,COMP:compute_claims|EVT:E15|EVT:E33
0.6,EVT:E15|EVT:E29|EVT:E33
1.0,EVT:E13|EVT:E14|EVT:E33
1.0,EVT:E12|EVT:E14|EVT:E33
1.0,EVT:E11|EVT:E14|EVT:E33
1.0,EVT:E10|EVT:E14|EVT:E33
1.0,EVT:E1|EVT:E14|EVT:E33
1.0,COMP:compute_server_external_events|EVT:E14|EVT:E33
1.0,COMP:openstack_wsgi|EVT:E14|EVT:E33
1.0,COMP:libvirt_imagecache|EVT:E14|EVT:E33
1.0,COMP:libvirt_driver|EVT:E14|EVT:E33
1.0,COMP:compute_manager|EVT:E14|EVT:E33
1.0,COMP:compute_resource_tracker|EVT:E14|EVT:E33
1.0,COMP:compute_claims|EVT:E14|EVT:E33
0.6,EVT:E14|EVT:E29|EVT:E33
1.0,EVT:E12|EVT:E13|EVT:E33
1.0,EVT:E11|EVT:E13|EVT:E33
1.0,EVT:E10|EVT:E13|EVT:E33
1.0,EVT:E1|EVT:E13|EVT:E33
1.0,COMP:compute_server_external_events|EVT:E13|EVT:E33
1.0,COMP:openstack_wsgi|EVT:E13|EVT:E33
1.0,COMP:libvirt_imagecache|EVT:E13|EVT:E33
1.0,COMP:libvirt_driver|EVT:E13|EVT:E33
1.0,COMP:compute_manager|EVT:E13|EVT:E33
1.0,COMP:compute_resource_tracker|EVT:E13|EVT:E33
1.0,COMP:compute_claims|EVT:E13|EVT:E33
0.6,EVT:E13|EVT:E29|EVT:E33
1.0,EVT:E11|EVT:E12|EVT:E33
1.0,EVT:E10|EVT:E12|EVT:E33
1.0,EVT:E1|EVT:E12|EVT:E33
1.0,COMP:compute_server_external_events|EVT:E12|EVT:E33
1.0,COMP:openstack_wsgi|EVT:E12|EVT:E33
1.0,COMP:libvirt_imagecache|EVT:E12|EVT:E33
1.0,COMP:libvirt_driver|EVT:E12|EVT:E33
1.0,COMP:compute_manager|EVT:E12|EVT:E33
1.0,COMP:compute_resource_tracker|EVT:E12|EVT:E33
1.0,COMP:compute_claims|EVT:E12|EVT:E33
0.6,EVT:E12|EVT:E29|EVT:E33
1.0,EVT:E10|EVT:E11|EVT:E33
1.0,EVT:E1|EVT:E11|EVT:E33
1.0,COMP:compute_server_external_events|EVT:E11|EVT:E33
1.0,COMP:openstack_wsgi|EVT:E11|EVT:E33
1.0,COMP:libvirt_imagecache|EVT:E11|EVT:E33
1.0,COMP:libvirt_driver|EVT:E11|EVT:E33
1.0,COMP:compute_manager|EVT:E11|EVT:E33
1.0,COMP:compute_resource_tracker|EVT:E11|EVT:E33
1.0,COMP:compute_claims|EVT:E11|EVT:E33
0.6,EVT:E11|EVT:E29|EVT:E33
1.0,EVT:E1|EVT:E10|EVT:E33
1.0,COMP:compute_server_external_events|EVT:E10|EVT:E33
1.0,COMP:openstack_wsgi|EVT:E10|EVT:E33
1.0,COMP:libvirt_imagecache|EVT:E10|EVT:E33
1.0,COMP:libvirt_driver|EVT:E10|EVT:E33
1.0,COMP:compute_manager|EVT:E10|EVT:E33
1.0,COMP:compute_resource_tracker|EVT:E10|EVT:E33
1.0,COMP:compute_claims|EVT:E10|EVT:E33
0.6,EVT:E10|EVT:E29|EVT:E33
1.0,COMP:compute_server_external_events|EVT:E1|EVT:E33
1.0,COMP:openstack_wsgi|EVT:E1|EVT:E33
1.0,COMP:libvirt_imagecache|EVT:E1|EVT:E33
1.0,COMP:libvirt_driver|EVT:E1|EVT:E33
1.0,COMP:compute_manager|EVT:E1|EVT:E33
1.0,COMP:compute_resource_tracker|EVT:E1|EVT:E33
1.0,COMP:compute_claims|EVT:E1|EVT:E33
0.6,EVT:E1|EVT:E29|EVT:E33
1.0,COMP:compute_server_external_events|COMP:openstack_wsgi|EVT:E33
1.0,COMP:compute_server_external_events|COMP:libvirt_imagecache|EVT:E33
1.0,COMP:compute_server_external_events|COMP:libvirt_driver|EVT:E33
1.0,COMP:compute_manager|COMP:compute_server_external_events|EVT:E33
1.0,COMP:compute_resource_tracker|COMP:compute_server_external_events|EVT:E33
1.0,COMP:compute_claims|COMP:compute_server_external_events|EVT:E33
0.6,COMP:compute_server_external_events|EVT:E29|EVT:E33
1.0,COMP:libvirt_imagecache|COMP:openstack_wsgi|EVT:E33
1.0,COMP:libvirt_driver|COMP:openstack_wsgi|EVT:E33
1.0,COMP:compute_manager|COMP:openstack_wsgi|EVT:E33
1.0,COMP:compute_resource_tracker|COMP:openstack_wsgi|EVT:E33
1.0,COMP:compute_claims|COMP:openstack_wsgi|EVT:E33
0.6,COMP:openstack_wsgi|EVT:E29|EVT:E33
1.0,COMP:libvirt_driver|COMP:libvirt_imagecache|EVT:E33
1.0,COMP:compute_manager|COMP:libvirt_imagecache|EVT:E33
1.0,COMP:compute_resource_tracker|COMP:libvirt_imagecache|EVT:E33
1.0,COMP:compute_claims|COMP:libvirt_imagecache|EVT:E33
0.6,COMP:libvirt_imagecache|EVT:E29|EVT:E33
1.0,COMP:compute_manager|COMP:libvirt_driver|EVT:E33
1.0,COMP:compute_resource_tracker|COMP:libvirt_driver|EVT:E33
1.0,COMP:compute_claims|COMP:libvirt_driver|EVT:E33
0.6,COMP:libvirt_driver|EVT:E29|EVT:E33
1.0,COMP:compute_manager|COMP:compute_resource_tracker|EVT:E33
1.0,COMP:compute_claims|COMP:compute_manager|EVT:E33
0.6,COMP:compute_manager|EVT:E29|EVT:E33
1.0,COMP:compute_claims|COMP:compute_resource_tracker|EVT:E33
0.6,COMP:compute_resource_tracker|EVT:E29|EVT:E33
0.6,COMP:compute_claims|EVT:E29|EVT:E33
1.0,EVT:E30|EVT:E31|EVT:E32
1.0,EVT:E3|EVT:E31|EVT:E32
1.0,EVT:E28|EVT:E31|EVT:E32
1.0,EVT:E27|EVT:E31|EVT:E32
1.0,EVT:E25|EVT:E31|EVT:E32
1.0,EVT:E26|EVT:E31|EVT:E32
1.0,EVT:E24|EVT:E31|EVT:E32
1.0,EVT:E23|EVT:E31|EVT:E32
1.0,EVT:E2|EVT:E31|EVT:E32
1.0,EVT:E22|EVT:E31|EVT:E32
1.0,EVT:E21|EVT:E31|EVT:E32
1.0,EVT:E20|EVT:E31|EVT:E32
1.0,EVT:E18|EVT:E31|EVT:E32
1.0,EVT:E19|EVT:E31|EVT:E32
1.0,EVT:E17|EVT:E31|EVT:E32
1.0,EVT:E16|EVT:E31|EVT:E32
1.0,COMP:wsgi_server|EVT:E31|EVT:E32
1.0,EVT:E15|EVT:E31|EVT:E32
1.0,EVT:E14|EVT:E31|EVT:E32
1.0,EVT:E13|EVT:E31|EVT:E32
1.0,EVT:E12|EVT:E31|EVT:E32
1.0,EVT:E11|EVT:E31|EVT:E32
1.0,EVT:E10|EVT:E31|EVT:E32
1.0,EVT:E1|EVT:E31|EVT:E32
1.0,COMP:compute_server_external_events|EVT:E31|EVT:E32
1.0,COMP:openstack_wsgi|EVT:E31|EVT:E32
1.0,COMP:libvirt_imagecache|EVT:E31|EVT:E32
1.0,COMP:libvirt_driver|EVT:E31|EVT:E32
1.0,COMP:compute_manager|EVT:E31|EVT:E32
1.0,COMP:compute_resource_tracker|EVT:E31|EVT:E32
1.0,COMP:compute_claims|EVT:E31|EVT:E32
0.6,EVT:E29|EVT:E31|EVT:E32
1.0,EVT:E3|EVT:E30|EVT:E32
1.0,EVT:E28|EVT:E30|EVT:E32
1.0,EVT:E27|EVT:E30|EVT:E32
1.0,EVT:E25|EVT:E30|EVT:E32
1.0,EVT:E26|EVT:E30|EVT:E32
1.0,EVT:E24|EVT:E30|EVT:E32
1.0,EVT:E23|EVT:E30|EVT:E32
1.0,EVT:E2|EVT:E30|EVT:E32
1.0,EVT:E22|EVT:E30|EVT:E32
1.0,EVT:E21|EVT:E30|EVT:E32
1.0,EVT:E20|EVT:E30|EVT:E32
1.0,EVT:E18|EVT:E30|EVT:E32
1.0,EVT:E19|EVT:E30|EVT:E32
1.0,EVT:E17|EVT:E30|EVT:E32
1.0,EVT:E16|EVT:E30|EVT:E32
1.0,COMP:wsgi_server|EVT:E30|EVT:E32
1.0,EVT:E15|EVT:E30|EVT:E32
1.0,EVT:E14|EVT:E30|EVT:E32
1.0,EVT:E13|EVT:E30|EVT:E32
1.0,EVT:E12|EVT:E30|EVT:E32
1.0,EVT:E11|EVT:E30|EVT:E32
1.0,EVT:E10|EVT:E30|EVT:E32
1.0,EVT:E1|EVT:E30|EVT:E32
1.0,COMP:compute_server_external_events|EVT:E30|EVT:E32
1.0,COMP:openstack_wsgi|EVT:E30|EVT:E32
1.0,COMP:libvirt_imagecache|EVT:E30|EVT:E32
1.0,COMP:libvirt_driver|EVT:E30|EVT:E32
1.0,COMP:compute_manager|EVT:E30|EVT:E32
1.0,COMP:compute_resource_tracker|EVT:E30|EVT:E32
1.0,COMP:compute_claims|EVT:E30|EVT:E32
0.6,EVT:E29|EVT:E30|EVT:E32
1.0,EVT:E28|EVT:E3|EVT:E32
1.0,EVT:E27|EVT:E3|EVT:E32
1.0,EVT:E25|EVT:E3|EVT:E32
1.0,EVT:E26|EVT:E3|EVT:E32
1.0,EVT:E24|EVT:E3|EVT:E32
1.0,EVT:E23|EVT:E3|EVT:E32
1.0,EVT:E2|EVT:E3|EVT:E32
1.0,EVT:E22|EVT:E3|EVT:E32
1.0,EVT:E21|EVT:E3|EVT:E32
1.0,EVT:E20|EVT:E3|EVT:E32
1.0,EVT:E18|EVT:E3|EVT:E32
1.0,EVT:E19|EVT:E3|EVT:E32
1.0,EVT:E17|EVT:E3|EVT:E32
1.0,EVT:E16|EVT:E3|EVT:E32
1.0,COMP:wsgi_server|EVT:E3|EVT:E32
1.0,EVT:E15|EVT:E3|EVT:E32
1.0,EVT:E14|EVT:E3|EVT:E32
1.0,EVT:E13|EVT:E3|EVT:E32
1.0,EVT:E12|EVT:E3|EVT:E32
1.0,EVT:E11|EVT:E3|EVT:E32
1.0,EVT:E10|EVT:E3|EVT:E32
1.0,EVT:E1|EVT:E3|EVT:E32
1.0,COMP:compute_server_external_events|EVT:E3|EVT:E32
1.0,COMP:openstack_wsgi|EVT:E3|EVT:E32
1.0,COMP:libvirt_imagecache|EVT:E3|EVT:E32
1.0,COMP:libvirt_driver|EVT:E3|EVT:E32
1.0,COMP:compute_manager|EVT:E3|EVT:E32
1.0,COMP:compute_resource_tracker|EVT:E3|EVT:E32
1.0,COMP:compute_claims|EVT:E3|EVT:E32
0.6,EVT:E29|EVT:E3|EVT:E32
1.0,EVT:E27|EVT:E28|EVT:E32
1.0,EVT:E25|EVT:E28|EVT:E32
1.0,EVT:E26|EVT:E28|EVT:E32
1.0,EVT:E24|EVT:E28|EVT:E32
1.0,EVT:E23|EVT:E28|EVT:E32
1.0,EVT:E2|EVT:E28|EVT:E32
1.0,EVT:E22|EVT:E28|EVT:E32
1.0,EVT:E21|EVT:E28|EVT:E32
1.0,EVT:E20|EVT:E28|EVT:E32
1.0,EVT:E18|EVT:E28|EVT:E32
1.0,EVT:E19|EVT:E28|EVT:E32
1.0,EVT:E17|EVT:E28|EVT:E32
1.0,EVT:E16|EVT:E28|EVT:E32
1.0,COMP:wsgi_server|EVT:E28|EVT:E32
1.0,EVT:E15|EVT:E28|EVT:E32
1.0,EVT:E14|EVT:E28|EVT:E32
1.0,EVT:E13|EVT:E28|EVT:E32
1.0,EVT:E12|EVT:E28|EVT:E32
1.0,EVT:E11|EVT:E28|EVT:E32
1.0,EVT:E10|EVT:E28|EVT:E32
1.0,EVT:E1|EVT:E28|EVT:E32
1.0,COMP:compute_server_external_events|EVT:E28|EVT:E32
1.0,COMP:openstack_wsgi|EVT:E28|EVT:E32
1.0,COMP:libvirt_imagecache|EVT:E28|EVT:E32
1.0,COMP:libvirt_driver|EVT:E28|EVT:E32
1.0,COMP:compute_manager|EVT:E28|EVT:E32
1.0,COMP:compute_resource_tracker|EVT:E28|EVT:E32
1.0,COMP:compute_claims|EVT:E28|EVT:E32
0.6,EVT:E28|EVT:E29|EVT:E32
1.0,EVT:E25|EVT:E27|EVT:E32
1.0,EVT:E26|EVT:E27|EVT:E32
1.0,EVT:E24|EVT:E27|EVT:E32
1.0,EVT:E23|EVT:E27|EVT:E32
1.0,EVT:E2|EVT:E27|EVT:E32
1.0,EVT:E22|EVT:E27|EVT:E32
1.0,EVT:E21|EVT:E27|EVT:E32
1.0,EVT:E20|EVT:E27|EVT:E32
1.0,EVT:E18|EVT:E27|EVT:E32
1.0,EVT:E19|EVT:E27|EVT:E32
1.0,EVT:E17|EVT:E27|EVT:E32
1.0,EVT:E16|EVT:E27|EVT:E32
1.0,COMP:wsgi_server|EVT:E27|EVT:E32
1.0,EVT:E15|EVT:E27|EVT:E32
1.0,EVT:E14|EVT:E27|EVT:E32
1.0,EVT:E13|EVT:E27|EVT:E32
1.0,EVT:E12|EVT:E27|EVT:E32
1.0,EVT:E11|EVT:E27|EVT:E32
1.0,EVT:E10|EVT:E27|EVT:E32
1.0,EVT:E1|EVT:E27|EVT:E32
1.0,COMP:compute_server_external_events|EVT:E27|EVT:E32
1.0,COMP:openstack_wsgi|EVT:E27|EVT:E32
1.0,COMP:libvirt_imagecache|EVT:E27|EVT:E32
1.0,COMP:libvirt_driver|EVT:E27|EVT:E32
1.0,COMP:compute_manager|EVT:E27|EVT:E32
1.0,COMP:compute_resource_tracker|EVT:E27|EVT:E32
1.0,COMP:compute_claims|EVT:E27|EVT:E32
0.6,EVT:E27|EVT:E29|EVT:E32
1.0,EVT:E25|EVT:E26|EVT:E32
1.0,EVT:E24|EVT:E25|EVT:E32
1.0,EVT:E23|EVT:E25|EVT:E32
1.0,EVT:E2|EVT:E25|EVT:E32
1.0,EVT:E22|EVT:E25|EVT:E32
1.0,EVT:E21|EVT:E25|EVT:E32
1.0,EVT:E20|EVT:E25|EVT:E32
1.0,EVT:E18|EVT:E25|EVT:E32
1.0,EVT:E19|EVT:E25|EVT:E32
1.0,EVT:E17|EVT:E25|EVT:E32
1.0,EVT:E16|EVT:E25|EVT:E32
1.0,COMP:wsgi_server|EVT:E25|EVT:E32
1.0,EVT:E15|EVT:E25|EVT:E32
1.0,EVT:E14|EVT:E25|EVT:E32
1.0,EVT:E13|EVT:E25|EVT:E32
1.0,EVT:E12|EVT:E25|EVT:E32
1.0,EVT:E11|EVT:E25|EVT:E32
1.0,EVT:E10|EVT:E25|EVT:E32
1.0,EVT:E1|EVT:E25|EVT:E32
1.0,COMP:compute_server_external_events|EVT:E25|EVT:E32
1.0,COMP:openstack_wsgi|EVT:E25|EVT:E32
1.0,COMP:libvirt_imagecache|EVT:E25|EVT:E32
1.0,COMP:libvirt_driver|EVT:E25|EVT:E32
1.0,COMP:compute_manager|EVT:E25|EVT:E32
1.0,COMP:compute_resource_tracker|EVT:E25|EVT:E32
1.0,COMP:compute_claims|EVT:E25|EVT:E32
0.6,EVT:E25|EVT:E29|EVT:E32
1.0,EVT:E24|EVT:E26|EVT:E32
1.0,EVT:E23|EVT:E26|EVT:E32
1.0,EVT:E2|EVT:E26|EVT:E32
1.0,EVT:E22|EVT:E26|EVT:E32
1.0,EVT:E21|EVT:E26|EVT:E32
1.0,EVT:E20|EVT:E26|EVT:E32
1.0,EVT:E18|EVT:E26|EVT:E32
1.0,EVT:E19|EVT:E26|EVT:E32
1.0,EVT:E17|EVT:E26|EVT:E32
1.0,EVT:E16|EVT:E26|EVT:E32
1.0,COMP:wsgi_server|EVT:E26|EVT:E32
1.0,EVT:E15|EVT:E26|EVT:E32
1.0,EVT:E14|EVT:E26|EVT:E32
1.0,EVT:E13|EVT:E26|EVT:E32
1.0,EVT:E12|EVT:E26|EVT:E32
1.0,EVT:E11|EVT:E26|EVT:E32
1.0,EVT:E10|EVT:E26|EVT:E32
1.0,EVT:E1|EVT:E26|EVT:E32
1.0,COMP:compute_server_external_events|EVT:E26|EVT:E32
1.0,COMP:openstack_wsgi|EVT:E26|EVT:E32
1.0,COMP:libvirt_imagecache|EVT:E26|EVT:E32
1.0,COMP:libvirt_driver|EVT:E26|EVT:E32
1.0,COMP:compute_manager|EVT:E26|EVT:E32
1.0,COMP:compute_resource_tracker|EVT:E26|EVT:E32
1.0,COMP:compute_claims|EVT:E26|EVT:E32
0.6,EVT:E26|EVT:E29|EVT:E32
1.0,EVT:E23|EVT:E24|EVT:E32
1.0,EVT:E2|EVT:E24|EVT:E32
1.0,EVT:E22|EVT:E24|EVT:E32
1.0,EVT:E21|EVT:E24|EVT:E32
1.0,EVT:E20|EVT:E24|EVT:E32
1.0,EVT:E18|EVT:E24|EVT:E32
1.0,EVT:E19|EVT:E24|EVT:E32
1.0,EVT:E17|EVT:E24|EVT:E32
1.0,EVT:E16|EVT:E24|EVT:E32
1.0,COMP:wsgi_server|EVT:E24|EVT:E32
1.0,EVT:E15|EVT:E24|EVT:E32
1.0,EVT:E14|EVT:E24|EVT:E32
1.0,EVT:E13|EVT:E24|EVT:E32
1.0,EVT:E12|EVT:E24|EVT:E32
1.0,EVT:E11|EVT:E24|EVT:E32
1.0,EVT:E10|EVT:E24|EVT:E32
1.0,EVT:E1|EVT:E24|EVT:E32
1.0,COMP:compute_server_external_events|EVT:E24|EVT:E32
1.0,COMP:openstack_wsgi|EVT:E24|EVT:E32
1.0,COMP:libvirt_imagecache|EVT:E24|EVT:E32
1.0,COMP:libvirt_driver|EVT:E24|EVT:E32
1.0,COMP:compute_manager|EVT:E24|EVT:E32
1.0,COMP:compute_resource_tracker|EVT:E24|EVT:E32
1.0,COMP:compute_claims|EVT:E24|EVT:E32
0.6,EVT:E24|EVT:E29|EVT:E32
1.0,EVT:E2|EVT:E23|EVT:E32
1.0,EVT:E22|EVT:E23|EVT:E32
1.0,EVT:E21|EVT:E23|EVT:E32
1.0,EVT:E20|EVT:E23|EVT:E32
1.0,EVT:E18|EVT:E23|EVT:E32
1.0,EVT:E19|EVT:E23|EVT:E32
1.0,EVT:E17|EVT:E23|EVT:E32
1.0,EVT:E16|EVT:E23|EVT:E32
1.0,COMP:wsgi_server|EVT:E23|EVT:E32
1.0,EVT:E15|EVT:E23|EVT:E32
1.0,EVT:E14|EVT:E23|EVT:E32
1.0,EVT:E13|EVT:E23|EVT:E32
1.0,EVT:E12|EVT:E23|EVT:E32
1.0,EVT:E11|EVT:E23|EVT:E32
1.0,EVT:E10|EVT:E23|EVT:E32
1.0,EVT:E1|EVT:E23|EVT:E32
1.0,COMP:compute_server_external_events|EVT:E23|EVT:E32
1.0,COMP:openstack_wsgi|EVT:E23|EVT:E32
1.0,COMP:libvirt_imagecache|EVT:E23|EVT:E32
1.0,COMP:libvirt_driver|EVT:E23|EVT:E32
1.0,COMP:compute_manager|EVT:E23|EVT:E32
1.0,COMP:compute_resource_tracker|EVT:E23|EVT:E32
1.0,COMP:compute_claims|EVT:E23|EVT:E32
0.6,EVT:E23|EVT:E29|EVT:E32
1.0,EVT:E2|EVT:E22|EVT:E32
1.0,EVT:E2|EVT:E21|EVT:E32
1.0,EVT:E2|EVT:E20|EVT:E32
1.0,EVT:E18|EVT:E2|EVT:E32
1.0,EVT:E19|EVT:E2|EVT:E32
1.0,EVT:E17|EVT:E2|EVT:E32
1.0,EVT:E16|EVT:E2|EVT:E32
1.0,COMP:wsgi_server|EVT:E2|EVT:E32
1.0,EVT:E15|EVT:E2|EVT:E32
1.0,EVT:E14|EVT:E2|EVT:E32
1.0,EVT:E13|EVT:E2|EVT:E32
1.0,EVT:E12|EVT:E2|EVT:E32
1.0,EVT:E11|EVT:E2|EVT:E32
1.0,EVT:E10|EVT:E2|EVT:E32
1.0,EVT:E1|EVT:E2|EVT:E32
1.0,COMP:compute_server_external_events|EVT:E2|EVT:E32
1.0,COMP:openstack_wsgi|EVT:E2|EVT:E32
1.0,COMP:libvirt_imagecache|EVT:E2|EVT:E32
1.0,COMP:libvirt_driver|EVT:E2|EVT:E32
1.0,COMP:compute_manager|EVT:E2|EVT:E32
1.0,COMP:compute_resource_tracker|EVT:E2|EVT:E32
1.0,COMP:compute_claims|EVT:E2|EVT:E32
0.6,EVT:E2|EVT:E29|EVT:E32
1.0,EVT:E21|EVT:E22|EVT:E32
1.0,EVT:E20|EVT:E22|EVT:E32
1.0,EVT:E18|EVT:E22|EVT:E32
1.0,EVT:E19|EVT:E22|EVT:E32
1.0,EVT:E17|EVT:E22|EVT:E32
1.0,EVT:E16|EVT:E22|EVT:E32
1.0,COMP:wsgi_server|EVT:E22|EVT:E32
1.0,EVT:E15|EVT:E22|EVT:E32
1.0,EVT:E14|EVT:E22|EVT:E32
1.0,EVT:E13|EVT:E22|EVT:E32
1.0,EVT:E12|EVT:E22|EVT:E32
1.0,EVT:E11|EVT:E22|EVT:E32
1.0,EVT:E10|EVT:E22|EVT:E32
1.0,EVT:E1|EVT:E22|EVT:E32
1.0,COMP:compute_server_external_events|EVT:E22|EVT:E32
1.0,COMP:openstack_wsgi|EVT:E22|EVT:E32
1.0,COMP:libvirt_imagecache|EVT:E22|EVT:E32
1.0,COMP:libvirt_driver|EVT:E22|EVT:E32
1.0,COMP:compute_manager|EVT:E22|EVT:E32
1.0,COMP:compute_resource_tracker|EVT:E22|EVT:E32
1.0,COMP:compute_claims|EVT:E22|EVT:E32
0.6,EVT:E22|EVT:E29|EVT:E32
1.0,EVT:E20|EVT:E21|EVT:E32
1.0,EVT:E18|EVT:E21|EVT:E32
1.0,EVT:E19|EVT:E21|EVT:E32
1.0,EVT:E17|EVT:E21|EVT:E32
1.0,EVT:E16|EVT:E21|EVT:E32
1.0,COMP:wsgi_server|EVT:E21|EVT:E32
1.0,EVT:E15|EVT:E21|EVT:E32
1.0,EVT:E14|EVT:E21|EVT:E32
1.0,EVT:E13|EVT:E21|EVT:E32
1.0,EVT:E12|EVT:E21|EVT:E32
1.0,EVT:E11|EVT:E21|EVT:E32
1.0,EVT:E10|EVT:E21|EVT:E32
1.0,EVT:E1|EVT:E21|EVT:E32
1.0,COMP:compute_server_external_events|EVT:E21|EVT:E32
1.0,COMP:openstack_wsgi|EVT:E21|EVT:E32
1.0,COMP:libvirt_imagecache|EVT:E21|EVT:E32
1.0,COMP:libvirt_driver|EVT:E21|EVT:E32
1.0,COMP:compute_manager|EVT:E21|EVT:E32
1.0,COMP:compute_resource_tracker|EVT:E21|EVT:E32
1.0,COMP:compute_claims|EVT:E21|EVT:E32
0.6,EVT:E21|EVT:E29|EVT:E32
1.0,EVT:E18|EVT:E20|EVT:E32
1.0,EVT:E19|EVT:E20|EVT:E32
1.0,EVT:E17|EVT:E20|EVT:E32
1.0,EVT:E16|EVT:E20|EVT:E32
1.0,COMP:wsgi_server|EVT:E20|EVT:E32
1.0,EVT:E15|EVT:E20|EVT:E32
1.0,EVT:E14|EVT:E20|EVT:E32
1.0,EVT:E13|EVT:E20|EVT:E32
1.0,EVT:E12|EVT:E20|EVT:E32
1.0,EVT:E11|EVT:E20|EVT:E32
1.0,EVT:E10|EVT:E20|EVT:E32
1.0,EVT:E1|EVT:E20|EVT:E32
1.0,COMP:compute_server_external_events|EVT:E20|EVT:E32
1.0,COMP:openstack_wsgi|EVT:E20|EVT:E32
1.0,COMP:libvirt_imagecache|EVT:E20|EVT:E32
1.0,COMP:libvirt_driver|EVT:E20|EVT:E32
1.0,COMP:compute_manager|EVT:E20|EVT:E32
1.0,COMP:compute_resource_tracker|EVT:E20|EVT:E32
1.0,COMP:compute_claims|EVT:E20|EVT:E32
0.6,EVT:E20|EVT:E29|EVT:E32
1.0,EVT:E18|EVT:E19|EVT:E32
1.0,EVT:E17|EVT:E18|EVT:E32
1.0,EVT:E16|EVT:E18|EVT:E32
1.0,COMP:wsgi_server|EVT:E18|EVT:E32
1.0,EVT:E15|EVT:E18|EVT:E32
1.0,EVT:E14|EVT:E18|EVT:E32
1.0,EVT:E13|EVT:E18|EVT:E32
1.0,EVT:E12|EVT:E18|EVT:E32
1.0,EVT:E11|EVT:E18|EVT:E32
1.0,EVT:E10|EVT:E18|EVT:E32
1.0,EVT:E1|EVT:E18|EVT:E32
1.0,COMP:compute_server_external_events|EVT:E18|EVT:E32
1.0,COMP:openstack_wsgi|EVT:E18|EVT:E32
1.0,COMP:libvirt_imagecache|EVT:E18|EVT:E32
1.0,COMP:libvirt_driver|EVT:E18|EVT:E32
1.0,COMP:compute_manager|EVT:E18|EVT:E32
1.0,COMP:compute_resource_tracker|EVT:E18|EVT:E32
1.0,COMP:compute_claims|EVT:E18|EVT:E32
0.6,EVT:E18|EVT:E29|EVT:E32
1.0,EVT:E17|EVT:E19|EVT:E32
1.0,EVT:E16|EVT:E19|EVT:E32
1.0,COMP:wsgi_server|EVT:E19|EVT:E32
1.0,EVT:E15|EVT:E19|EVT:E32
1.0,EVT:E14|EVT:E19|EVT:E32
1.0,EVT:E13|EVT:E19|EVT:E32
1.0,EVT:E12|EVT:E19|EVT:E32
1.0,EVT:E11|EVT:E19|EVT:E32
1.0,EVT:E10|EVT:E19|EVT:E32
1.0,EVT:E1|EVT:E19|EVT:E32
1.0,COMP:compute_server_external_events|EVT:E19|EVT:E32
1.0,COMP:openstack_wsgi|EVT:E19|EVT:E32
1.0,COMP:libvirt_imagecache|EVT:E19|EVT:E32
1.0,COMP:libvirt_driver|EVT:E19|EVT:E32
1.0,COMP:compute_manager|EVT:E19|EVT:E32
1.0,COMP:compute_resource_tracker|EVT:E19|EVT:E32
1.0,COMP:compute_claims|EVT:E19|EVT:E32
0.6,EVT:E19|EVT:E29|EVT:E32
1.0,EVT:E16|EVT:E17|EVT:E32
1.0,COMP:wsgi_server|EVT:E17|EVT:E32
1.0,EVT:E15|EVT:E17|EVT:E32
1.0,EVT:E14|EVT:E17|EVT:E32
1.0,EVT:E13|EVT:E17|EVT:E32
1.0,EVT:E12|EVT:E17|EVT:E32
1.0,EVT:E11|EVT:E17|EVT:E32
1.0,EVT:E10|EVT:E17|EVT:E32
1.0,EVT:E1|EVT:E17|EVT:E32
1.0,COMP:compute_server_external_events|EVT:E17|EVT:E32
1.0,COMP:openstack_wsgi|EVT:E17|EVT:E32
1.0,COMP:libvirt_imagecache|EVT:E17|EVT:E32
1.0,COMP:libvirt_driver|EVT:E17|EVT:E32
1.0,COMP:compute_manager|EVT:E17|EVT:E32
1.0,COMP:compute_resource_tracker|EVT:E17|EVT:E32
1.0,COMP:compute_claims|EVT:E17|EVT:E32
0.6,EVT:E17|EVT:E29|EVT:E32
1.0,COMP:wsgi_server|EVT:E16|EVT:E32
1.0,EVT:E15|EVT:E16|EVT:E32
1.0,EVT:E14|EVT:E16|EVT:E32
1.0,EVT:E13|EVT:E16|EVT:E32
1.0,EVT:E12|EVT:E16|EVT:E32
1.0,EVT:E11|EVT:E16|EVT:E32
1.0,EVT:E10|EVT:E16|EVT:E32
1.0,EVT:E1|EVT:E16|EVT:E32
1.0,COMP:compute_server_external_events|EVT:E16|EVT:E32
1.0,COMP:openstack_wsgi|EVT:E16|EVT:E32
1.0,COMP:libvirt_imagecache|EVT:E16|EVT:E32
1.0,COMP:libvirt_driver|EVT:E16|EVT:E32
1.0,COMP:compute_manager|EVT:E16|EVT:E32
1.0,COMP:compute_resource_tracker|EVT:E16|EVT:E32
1.0,COMP:compute_claims|EVT:E16|EVT:E32
0.6,EVT:E16|EVT:E29|EVT:E32
1.0,COMP:wsgi_server|EVT:E15|EVT:E32
1.0,COMP:wsgi_server|EVT:E14|EVT:E32
1.0,COMP:wsgi_server|EVT:E13|EVT:E32
1.0,COMP:wsgi_server|EVT:E12|EVT:E32
1.0,COMP:wsgi_server|EVT:E11|EVT:E32
1.0,COMP:wsgi_server|EVT:E10|EVT:E32
1.0,COMP:wsgi_server|EVT:E1|EVT:E32
1.0,COMP:compute_server_external_events|COMP:wsgi_server|EVT:E32
1.0,COMP:openstack_wsgi|COMP:wsgi_server|EVT:E32
1.0,COMP:libvirt_imagecache|COMP:wsgi_server|EVT:E32
1.0,COMP:libvirt_driver|COMP:wsgi_server|EVT:E32
1.0,COMP:compute_manager|COMP:wsgi_server|EVT:E32
1.0,COMP:compute_resource_tracker|COMP:wsgi_server|EVT:E32
1.0,COMP:compute_claims|COMP:wsgi_server|EVT:E32
0.6,COMP:wsgi_server|EVT:E29|EVT:E32
1.0,EVT:E14|EVT:E15|EVT:E32
1.0,EVT:E13|EVT:E15|EVT:E32
1.0,EVT:E12|EVT:E15|EVT:E32
1.0,EVT:E11|EVT:E15|EVT:E32
1.0,EVT:E10|EVT:E15|EVT:E32
1.0,EVT:E1|EVT:E15|EVT:E32
1.0,COMP:compute_server_external_events|EVT:E15|EVT:E32
1.0,COMP:openstack_wsgi|EVT:E15|EVT:E32
1.0,COMP:libvirt_imagecache|EVT:E15|EVT:E32
1.0,COMP:libvirt_driver|EVT:E15|EVT:E32
1.0,COMP:compute_manager|EVT:E15|EVT:E32
1.0,COMP:compute_resource_tracker|EVT:E15|EVT:E32
1.0,COMP:compute_claims|EVT:E15|EVT:E32
0.6,EVT:E15|EVT:E29|EVT:E32
1.0,EVT:E13|EVT:E14|EVT:E32
1.0,EVT:E12|EVT:E14|EVT:E32
1.0,EVT:E11|EVT:E14|EVT:E32
1.0,EVT:E10|EVT:E14|EVT:E32
1.0,EVT:E1|EVT:E14|EVT:E32
1.0,COMP:compute_server_external_events|EVT:E14|EVT:E32
1.0,COMP:openstack_wsgi|EVT:E14|EVT:E32
1.0,COMP:libvirt_imagecache|EVT:E14|EVT:E32
1.0,COMP:libvirt_driver|EVT:E14|EVT:E32
1.0,COMP:compute_manager|EVT:E14|EVT:E32
1.0,COMP:compute_resource_tracker|EVT:E14|EVT:E32
1.0,COMP:compute_claims|EVT:E14|EVT:E32
0.6,EVT:E14|EVT:E29|EVT:E32
1.0,EVT:E12|EVT:E13|EVT:E32
1.0,EVT:E11|EVT:E13|EVT:E32
1.0,EVT:E10|EVT:E13|EVT:E32
1.0,EVT:E1|EVT:E13|EVT:E32
1.0,COMP:compute_server_external_events|EVT:E13|EVT:E32
1.0,COMP:openstack_wsgi|EVT:E13|EVT:E32
1.0,COMP:libvirt_imagecache|EVT:E13|EVT:E32
1.0,COMP:libvirt_driver|EVT:E13|EVT:E32
1.0,COMP:compute_manager|EVT:E13|EVT:E32
1.0,COMP:compute_resource_tracker|EVT:E13|EVT:E32
1.0,COMP:compute_claims|EVT:E13|EVT:E32
0.6,EVT:E13|EVT:E29|EVT:E32
1.0,EVT:E11|EVT:E12|EVT:E32
1.0,EVT:E10|EVT:E12|EVT:E32
1.0,EVT:E1|EVT:E12|EVT:E32
1.0,COMP:compute_server_external_events|EVT:E12|EVT:E32
1.0,COMP:openstack_wsgi|EVT:E12|EVT:E32
1.0,COMP:libvirt_imagecache|EVT:E12|EVT:E32
1.0,COMP:libvirt_driver|EVT:E12|EVT:E32
1.0,COMP:compute_manager|EVT:E12|EVT:E32
1.0,COMP:compute_resource_tracker|EVT:E12|EVT:E32
1.0,COMP:compute_claims|EVT:E12|EVT:E32
0.6,EVT:E12|EVT:E29|EVT:E32
1.0,EVT:E10|EVT:E11|EVT:E32
1.0,EVT:E1|EVT:E11|EVT:E32
1.0,COMP:compute_server_external_events|EVT:E11|EVT:E32
1.0,COMP:openstack_wsgi|EVT:E11|EVT:E32
1.0,COMP:libvirt_imagecache|EVT:E11|EVT:E32
1.0,COMP:libvirt_driver|EVT:E11|EVT:E32
1.0,COMP:compute_manager|EVT:E11|EVT:E32
1.0,COMP:compute_resource_tracker|EVT:E11|EVT:E32
1.0,COMP:compute_claims|EVT:E11|EVT:E32
0.6,EVT:E11|EVT:E29|EVT:E32
1.0,EVT:E1|EVT:E10|EVT:E32
1.0,COMP:compute_server_external_events|EVT:E10|EVT:E32
1.0,COMP:openstack_wsgi|EVT:E10|EVT:E32
1.0,COMP:libvirt_imagecache|EVT:E10|EVT:E32
1.0,COMP:libvirt_driver|EVT:E10|EVT:E32
1.0,COMP:compute_manager|EVT:E10|EVT:E32
1.0,COMP:compute_resource_tracker|EVT:E10|EVT:E32
1.0,COMP:compute_claims|EVT:E10|EVT:E32
0.6,EVT:E10|EVT:E29|EVT:E32
1.0,COMP:compute_server_external_events|EVT:E1|EVT:E32
1.0,COMP:openstack_wsgi|EVT:E1|EVT:E32
1.0,COMP:libvirt_imagecache|EVT:E1|EVT:E32
1.0,COMP:libvirt_driver|EVT:E1|EVT:E32
1.0,COMP:compute_manager|EVT:E1|EVT:E32
1.0,COMP:compute_resource_tracker|EVT:E1|EVT:E32
1.0,COMP:compute_claims|EVT:E1|EVT:E32
0.6,EVT:E1|EVT:E29|EVT:E32
1.0,COMP:compute_server_external_events|COMP:openstack_wsgi|EVT:E32
1.0,COMP:compute_server_external_events|COMP:libvirt_imagecache|EVT:E32
1.0,COMP:compute_server_external_events|COMP:libvirt_driver|EVT:E32
1.0,COMP:compute_manager|COMP:compute_server_external_events|EVT:E32
1.0,COMP:compute_resource_tracker|COMP:compute_server_external_events|EVT:E32
1.0,COMP:compute_claims|COMP:compute_server_external_events|EVT:E32
0.6,COMP:compute_server_external_events|EVT:E29|EVT:E32
1.0,COMP:libvirt_imagecache|COMP:openstack_wsgi|EVT:E32
1.0,COMP:libvirt_driver|COMP:openstack_wsgi|EVT:E32
1.0,COMP:compute_manager|COMP:openstack_wsgi|EVT:E32
1.0,COMP:compute_resource_tracker|COMP:openstack_wsgi|EVT:E32
1.0,COMP:compute_claims|COMP:openstack_wsgi|EVT:E32
0.6,COMP:openstack_wsgi|EVT:E29|EVT:E32
1.0,COMP:libvirt_driver|COMP:libvirt_imagecache|EVT:E32
1.0,COMP:compute_manager|COMP:libvirt_imagecache|EVT:E32
1.0,COMP:compute_resource_tracker|COMP:libvirt_imagecache|EVT:E32
1.0,COMP:compute_claims|COMP:libvirt_imagecache|EVT:E32
0.6,COMP:libvirt_imagecache|EVT:E29|EVT:E32
1.0,COMP:compute_manager|COMP:libvirt_driver|EVT:E32
1.0,COMP:compute_resource_tracker|COMP:libvirt_driver|EVT:E32
1.0,COMP:compute_claims|COMP:libvirt_driver|EVT:E32
0.6,COMP:libvirt_driver|EVT:E29|EVT:E32
1.0,COMP:compute_manager|COMP:compute_resource_tracker|EVT:E32
1.0,COMP:compute_claims|COMP:compute_manager|EVT:E32
0.6,COMP:compute_manager|EVT:E29|EVT:E32
1.0,COMP:compute_claims|COMP:compute_resource_tracker|EVT:E32
0.6,COMP:compute_resource_tracker|EVT:E29|EVT:E32
0.6,COMP:compute_claims|EVT:E29|EVT:E32
1.0,EVT:E3|EVT:E30|EVT:E31
1.0,EVT:E28|EVT:E30|EVT:E31
1.0,EVT:E27|EVT:E30|EVT:E31
1.0,EVT:E25|EVT:E30|EVT:E31
1.0,EVT:E26|EVT:E30|EVT:E31
1.0,EVT:E24|EVT:E30|EVT:E31
1.0,EVT:E23|EVT:E30|EVT:E31
1.0,EVT:E2|EVT:E30|EVT:E31
1.0,EVT:E22|EVT:E30|EVT:E31
1.0,EVT:E21|EVT:E30|EVT:E31
1.0,EVT:E20|EVT:E30|EVT:E31
1.0,EVT:E18|EVT:E30|EVT:E31
1.0,EVT:E19|EVT:E30|EVT:E31
1.0,EVT:E17|EVT:E30|EVT:E31
1.0,EVT:E16|EVT:E30|EVT:E31
1.0,COMP:wsgi_server|EVT:E30|EVT:E31
1.0,EVT:E15|EVT:E30|EVT:E31
1.0,EVT:E14|EVT:E30|EVT:E31
1.0,EVT:E13|EVT:E30|EVT:E31
1.0,EVT:E12|EVT:E30|EVT:E31
1.0,EVT:E11|EVT:E30|EVT:E31
1.0,EVT:E10|EVT:E30|EVT:E31
1.0,EVT:E1|EVT:E30|EVT:E31
1.0,COMP:compute_server_external_events|EVT:E30|EVT:E31
1.0,COMP:openstack_wsgi|EVT:E30|EVT:E31
1.0,COMP:libvirt_imagecache|EVT:E30|EVT:E31
1.0,COMP:libvirt_driver|EVT:E30|EVT:E31
1.0,COMP:compute_manager|EVT:E30|EVT:E31
1.0,COMP:compute_resource_tracker|EVT:E30|EVT:E31
1.0,COMP:compute_claims|EVT:E30|EVT:E31
0.6,EVT:E29|EVT:E30|EVT:E31
1.0,EVT:E28|EVT:E3|EVT:E31
1.0,EVT:E27|EVT:E3|EVT:E31
1.0,EVT:E25|EVT:E3|EVT:E31
1.0,EVT:E26|EVT:E3|EVT:E31
1.0,EVT:E24|EVT:E3|EVT:E31
1.0,EVT:E23|EVT:E3|EVT:E31
1.0,EVT:E2|EVT:E3|EVT:E31
1.0,EVT:E22|EVT:E3|EVT:E31
1.0,EVT:E21|EVT:E3|EVT:E31
1.0,EVT:E20|EVT:E3|EVT:E31
1.0,EVT:E18|EVT:E3|EVT:E31
1.0,EVT:E19|EVT:E3|EVT:E31
1.0,EVT:E17|EVT:E3|EVT:E31
1.0,EVT:E16|EVT:E3|EVT:E31
1.0,COMP:wsgi_server|EVT:E3|EVT:E31
1.0,EVT:E15|EVT:E3|EVT:E31
1.0,EVT:E14|EVT:E3|EVT:E31
1.0,EVT:E13|EVT:E3|EVT:E31
1.0,EVT:E12|EVT:E3|EVT:E31
1.0,EVT:E11|EVT:E3|EVT:E31
1.0,EVT:E10|EVT:E3|EVT:E31
1.0,EVT:E1|EVT:E3|EVT:E31
1.0,COMP:compute_server_external_events|EVT:E3|EVT:E31
1.0,COMP:openstack_wsgi|EVT:E3|EVT:E31
1.0,COMP:libvirt_imagecache|EVT:E3|EVT:E31
1.0,COMP:libvirt_driver|EVT:E3|EVT:E31
1.0,COMP:compute_manager|EVT:E3|EVT:E31
1.0,COMP:compute_resource_tracker|EVT:E3|EVT:E31
1.0,COMP:compute_claims|EVT:E3|EVT:E31
0.6,EVT:E29|EVT:E3|EVT:E31
1.0,EVT:E27|EVT:E28|EVT:E31
1.0,EVT:E25|EVT:E28|EVT:E31
1.0,EVT:E26|EVT:E28|EVT:E31
1.0,EVT:E24|EVT:E28|EVT:E31
1.0,EVT:E23|EVT:E28|EVT:E31
1.0,EVT:E2|EVT:E28|EVT:E31
1.0,EVT:E22|EVT:E28|EVT:E31
1.0,EVT:E21|EVT:E28|EVT:E31
1.0,EVT:E20|EVT:E28|EVT:E31
1.0,EVT:E18|EVT:E28|EVT:E31
1.0,EVT:E19|EVT:E28|EVT:E31
1.0,EVT:E17|EVT:E28|EVT:E31
1.0,EVT:E16|EVT:E28|EVT:E31
1.0,COMP:wsgi_server|EVT:E28|EVT:E31
1.0,EVT:E15|EVT:E28|EVT:E31
1.0,EVT:E14|EVT:E28|EVT:E31
1.0,EVT:E13|EVT:E28|EVT:E31
1.0,EVT:E12|EVT:E28|EVT:E31
1.0,EVT:E11|EVT:E28|EVT:E31
1.0,EVT:E10|EVT:E28|EVT:E31
1.0,EVT:E1|EVT:E28|EVT:E31
1.0,COMP:compute_server_external_events|EVT:E28|EVT:E31
1.0,COMP:openstack_wsgi|EVT:E28|EVT:E31
1.0,COMP:libvirt_imagecache|EVT:E28|EVT:E31
1.0,COMP:libvirt_driver|EVT:E28|EVT:E31
1.0,COMP:compute_manager|EVT:E28|EVT:E31
1.0,COMP:compute_resource_tracker|EVT:E28|EVT:E31
1.0,COMP:compute_claims|EVT:E28|EVT:E31
0.6,EVT:E28|EVT:E29|EVT:E31
1.0,EVT:E25|EVT:E27|EVT:E31
1.0,EVT:E26|EVT:E27|EVT:E31
1.0,EVT:E24|EVT:E27|EVT:E31
1.0,EVT:E23|EVT:E27|EVT:E31
1.0,EVT:E2|EVT:E27|EVT:E31
1.0,EVT:E22|EVT:E27|EVT:E31
1.0,EVT:E21|EVT:E27|EVT:E31
1.0,EVT:E20|EVT:E27|EVT:E31
1.0,EVT:E18|EVT:E27|EVT:E31
1.0,EVT:E19|EVT:E27|EVT:E31
1.0,EVT:E17|EVT:E27|EVT:E31
1.0,EVT:E16|EVT:E27|EVT:E31
1.0,COMP:wsgi_server|EVT:E27|EVT:E31
1.0,EVT:E15|EVT:E27|EVT:E31
1.0,EVT:E14|EVT:E27|EVT:E31
1.0,EVT:E13|EVT:E27|EVT:E31
1.0,EVT:E12|EVT:E27|EVT:E31
1.0,EVT:E11|EVT:E27|EVT:E31
1.0,EVT:E10|EVT:E27|EVT:E31
1.0,EVT:E1|EVT:E27|EVT:E31
1.0,COMP:compute_server_external_events|EVT:E27|EVT:E31
1.0,COMP:openstack_wsgi|EVT:E27|EVT:E31
1.0,COMP:libvirt_imagecache|EVT:E27|EVT:E31
1.0,COMP:libvirt_driver|EVT:E27|EVT:E31
1.0,COMP:compute_manager|EVT:E27|EVT:E31
1.0,COMP:compute_resource_tracker|EVT:E27|EVT:E31
1.0,COMP:compute_claims|EVT:E27|EVT:E31
0.6,EVT:E27|EVT:E29|EVT:E31
1.0,EVT:E25|EVT:E26|EVT:E31
1.0,EVT:E24|EVT:E25|EVT:E31
1.0,EVT:E23|EVT:E25|EVT:E31
1.0,EVT:E2|EVT:E25|EVT:E31
1.0,EVT:E22|EVT:E25|EVT:E31
1.0,EVT:E21|EVT:E25|EVT:E31
1.0,EVT:E20|EVT:E25|EVT:E31
1.0,EVT:E18|EVT:E25|EVT:E31
1.0,EVT:E19|EVT:E25|EVT:E31
1.0,EVT:E17|EVT:E25|EVT:E31
1.0,EVT:E16|EVT:E25|EVT:E31
1.0,COMP:wsgi_server|EVT:E25|EVT:E31
1.0,EVT:E15|EVT:E25|EVT:E31
1.0,EVT:E14|EVT:E25|EVT:E31
1.0,EVT:E13|EVT:E25|EVT:E31
1.0,EVT:E12|EVT:E25|EVT:E31
1.0,EVT:E11|EVT:E25|EVT:E31
1.0,EVT:E10|EVT:E25|EVT:E31
1.0,EVT:E1|EVT:E25|EVT:E31
1.0,COMP:compute_server_external_events|EVT:E25|EVT:E31
1.0,COMP:openstack_wsgi|EVT:E25|EVT:E31
1.0,COMP:libvirt_imagecache|EVT:E25|EVT:E31
1.0,COMP:libvirt_driver|EVT:E25|EVT:E31
1.0,COMP:compute_manager|EVT:E25|EVT:E31
1.0,COMP:compute_resource_tracker|EVT:E25|EVT:E31
1.0,COMP:compute_claims|EVT:E25|EVT:E31
0.6,EVT:E25|EVT:E29|EVT:E31
1.0,EVT:E24|EVT:E26|EVT:E31
1.0,EVT:E23|EVT:E26|EVT:E31
1.0,EVT:E2|EVT:E26|EVT:E31
1.0,EVT:E22|EVT:E26|EVT:E31
1.0,EVT:E21|EVT:E26|EVT:E31
1.0,EVT:E20|EVT:E26|EVT:E31
1.0,EVT:E18|EVT:E26|EVT:E31
1.0,EVT:E19|EVT:E26|EVT:E31
1.0,EVT:E17|EVT:E26|EVT:E31
1.0,EVT:E16|EVT:E26|EVT:E31
1.0,COMP:wsgi_server|EVT:E26|EVT:E31
1.0,EVT:E15|EVT:E26|EVT:E31
1.0,EVT:E14|EVT:E26|EVT:E31
1.0,EVT:E13|EVT:E26|EVT:E31
1.0,EVT:E12|EVT:E26|EVT:E31
1.0,EVT:E11|EVT:E26|EVT:E31
1.0,EVT:E10|EVT:E26|EVT:E31
1.0,EVT:E1|EVT:E26|EVT:E31
1.0,COMP:compute_server_external_events|EVT:E26|EVT:E31
1.0,COMP:openstack_wsgi|EVT:E26|EVT:E31
1.0,COMP:libvirt_imagecache|EVT:E26|EVT:E31
1.0,COMP:libvirt_driver|EVT:E26|EVT:E31
1.0,COMP:compute_manager|EVT:E26|EVT:E31
1.0,COMP:compute_resource_tracker|EVT:E26|EVT:E31
1.0,COMP:compute_claims|EVT:E26|EVT:E31
0.6,EVT:E26|EVT:E29|EVT:E31
1.0,EVT:E23|EVT:E24|EVT:E31
1.0,EVT:E2|EVT:E24|EVT:E31
1.0,EVT:E22|EVT:E24|EVT:E31
1.0,EVT:E21|EVT:E24|EVT:E31
1.0,EVT:E20|EVT:E24|EVT:E31
1.0,EVT:E18|EVT:E24|EVT:E31
1.0,EVT:E19|EVT:E24|EVT:E31
1.0,EVT:E17|EVT:E24|EVT:E31
1.0,EVT:E16|EVT:E24|EVT:E31
1.0,COMP:wsgi_server|EVT:E24|EVT:E31
1.0,EVT:E15|EVT:E24|EVT:E31
1.0,EVT:E14|EVT:E24|EVT:E31
1.0,EVT:E13|EVT:E24|EVT:E31
1.0,EVT:E12|EVT:E24|EVT:E31
1.0,EVT:E11|EVT:E24|EVT:E31
1.0,EVT:E10|EVT:E24|EVT:E31
1.0,EVT:E1|EVT:E24|EVT:E31
1.0,COMP:compute_server_external_events|EVT:E24|EVT:E31
1.0,COMP:openstack_wsgi|EVT:E24|EVT:E31
1.0,COMP:libvirt_imagecache|EVT:E24|EVT:E31
1.0,COMP:libvirt_driver|EVT:E24|EVT:E31
1.0,COMP:compute_manager|EVT:E24|EVT:E31
1.0,COMP:compute_resource_tracker|EVT:E24|EVT:E31
1.0,COMP:compute_claims|EVT:E24|EVT:E31
0.6,EVT:E24|EVT:E29|EVT:E31
1.0,EVT:E2|EVT:E23|EVT:E31
1.0,EVT:E22|EVT:E23|EVT:E31
1.0,EVT:E21|EVT:E23|EVT:E31
1.0,EVT:E20|EVT:E23|EVT:E31
1.0,EVT:E18|EVT:E23|EVT:E31
1.0,EVT:E19|EVT:E23|EVT:E31
1.0,EVT:E17|EVT:E23|EVT:E31
1.0,EVT:E16|EVT:E23|EVT:E31
1.0,COMP:wsgi_server|EVT:E23|EVT:E31
1.0,EVT:E15|EVT:E23|EVT:E31
1.0,EVT:E14|EVT:E23|EVT:E31
1.0,EVT:E13|EVT:E23|EVT:E31
1.0,EVT:E12|EVT:E23|EVT:E31
1.0,EVT:E11|EVT:E23|EVT:E31
1.0,EVT:E10|EVT:E23|EVT:E31
1.0,EVT:E1|EVT:E23|EVT:E31
1.0,COMP:compute_server_external_events|EVT:E23|EVT:E31
1.0,COMP:openstack_wsgi|EVT:E23|EVT:E31
1.0,COMP:libvirt_imagecache|EVT:E23|EVT:E31
1.0,COMP:libvirt_driver|EVT:E23|EVT:E31
1.0,COMP:compute_manager|EVT:E23|EVT:E31
1.0,COMP:compute_resource_tracker|EVT:E23|EVT:E31
1.0,COMP:compute_claims|EVT:E23|EVT:E31
0.6,EVT:E23|EVT:E29|EVT:E31
1.0,EVT:E2|EVT:E22|EVT:E31
1.0,EVT:E2|EVT:E21|EVT:E31
1.0,EVT:E2|EVT:E20|EVT:E31
1.0,EVT:E18|EVT:E2|EVT:E31
1.0,EVT:E19|EVT:E2|EVT:E31
1.0,EVT:E17|EVT:E2|EVT:E31
1.0,EVT:E16|EVT:E2|EVT:E31
1.0,COMP:wsgi_server|EVT:E2|EVT:E31
1.0,EVT:E15|EVT:E2|EVT:E31
1.0,EVT:E14|EVT:E2|EVT:E31
1.0,EVT:E13|EVT:E2|EVT:E31
1.0,EVT:E12|EVT:E2|EVT:E31
1.0,EVT:E11|EVT:E2|EVT:E31
1.0,EVT:E10|EVT:E2|EVT:E31
1.0,EVT:E1|EVT:E2|EVT:E31
1.0,COMP:compute_server_external_events|EVT:E2|EVT:E31
1.0,COMP:openstack_wsgi|EVT:E2|EVT:E31
1.0,COMP:libvirt_imagecache|EVT:E2|EVT:E31
1.0,COMP:libvirt_driver|EVT:E2|EVT:E31
1.0,COMP:compute_manager|EVT:E2|EVT:E31
1.0,COMP:compute_resource_tracker|EVT:E2|EVT:E31
1.0,COMP:compute_claims|EVT:E2|EVT:E31
0.6,EVT:E2|EVT:E29|EVT:E31
1.0,EVT:E21|EVT:E22|EVT:E31
1.0,EVT:E20|EVT:E22|EVT:E31
1.0,EVT:E18|EVT:E22|EVT:E31
1.0,EVT:E19|EVT:E22|EVT:E31
1.0,EVT:E17|EVT:E22|EVT:E31
1.0,EVT:E16|EVT:E22|EVT:E31
1.0,COMP:wsgi_server|EVT:E22|EVT:E31
1.0,EVT:E15|EVT:E22|EVT:E31
1.0,EVT:E14|EVT:E22|EVT:E31
1.0,EVT:E13|EVT:E22|EVT:E31
1.0,EVT:E12|EVT:E22|EVT:E31
1.0,EVT:E11|EVT:E22|EVT:E31
1.0,EVT:E10|EVT:E22|EVT:E31
1.0,EVT:E1|EVT:E22|EVT:E31
1.0,COMP:compute_server_external_events|EVT:E22|EVT:E31
1.0,COMP:openstack_wsgi|EVT:E22|EVT:E31
1.0,COMP:libvirt_imagecache|EVT:E22|EVT:E31
1.0,COMP:libvirt_driver|EVT:E22|EVT:E31
1.0,COMP:compute_manager|EVT:E22|EVT:E31
1.0,COMP:compute_resource_tracker|EVT:E22|EVT:E31
1.0,COMP:compute_claims|EVT:E22|EVT:E31
0.6,EVT:E22|EVT:E29|EVT:E31
1.0,EVT:E20|EVT:E21|EVT:E31
1.0,EVT:E18|EVT:E21|EVT:E31
1.0,EVT:E19|EVT:E21|EVT:E31
1.0,EVT:E17|EVT:E21|EVT:E31
1.0,EVT:E16|EVT:E21|EVT:E31
1.0,COMP:wsgi_server|EVT:E21|EVT:E31
1.0,EVT:E15|EVT:E21|EVT:E31
1.0,EVT:E14|EVT:E21|EVT:E31
1.0,EVT:E13|EVT:E21|EVT:E31
1.0,EVT:E12|EVT:E21|EVT:E31
1.0,EVT:E11|EVT:E21|EVT:E31
1.0,EVT:E10|EVT:E21|EVT:E31
1.0,EVT:E1|EVT:E21|EVT:E31
1.0,COMP:compute_server_external_events|EVT:E21|EVT:E31
1.0,COMP:openstack_wsgi|EVT:E21|EVT:E31
1.0,COMP:libvirt_imagecache|EVT:E21|EVT:E31
1.0,COMP:libvirt_driver|EVT:E21|EVT:E31
1.0,COMP:compute_manager|EVT:E21|EVT:E31
1.0,COMP:compute_resource_tracker|EVT:E21|EVT:E31
1.0,COMP:compute_claims|EVT:E21|EVT:E31
0.6,EVT:E21|EVT:E29|EVT:E31
1.0,EVT:E18|EVT:E20|EVT:E31
1.0,EVT:E19|EVT:E20|EVT:E31
1.0,EVT:E17|EVT:E20|EVT:E31
1.0,EVT:E16|EVT:E20|EVT:E31
1.0,COMP:wsgi_server|EVT:E20|EVT:E31
1.0,EVT:E15|EVT:E20|EVT:E31
1.0,EVT:E14|EVT:E20|EVT:E31
1.0,EVT:E13|EVT:E20|EVT:E31
1.0,EVT:E12|EVT:E20|EVT:E31
1.0,EVT:E11|EVT:E20|EVT:E31
1.0,EVT:E10|EVT:E20|EVT:E31
1.0,EVT:E1|EVT:E20|EVT:E31
1.0,COMP:compute_server_external_events|EVT:E20|EVT:E31
1.0,COMP:openstack_wsgi|EVT:E20|EVT:E31
1.0,COMP:libvirt_imagecache|EVT:E20|EVT:E31
1.0,COMP:libvirt_driver|EVT:E20|EVT:E31
1.0,COMP:compute_manager|EVT:E20|EVT:E31
1.0,COMP:compute_resource_tracker|EVT:E20|EVT:E31
1.0,COMP:compute_claims|EVT:E20|EVT:E31
0.6,EVT:E20|EVT:E29|EVT:E31
1.0,EVT:E18|EVT:E19|EVT:E31
1.0,EVT:E17|EVT:E18|EVT:E31
1.0,EVT:E16|EVT:E18|EVT:E31
1.0,COMP:wsgi_server|EVT:E18|EVT:E31
1.0,EVT:E15|EVT:E18|EVT:E31
1.0,EVT:E14|EVT:E18|EVT:E31
1.0,EVT:E13|EVT:E18|EVT:E31
1.0,EVT:E12|EVT:E18|EVT:E31
1.0,EVT:E11|EVT:E18|EVT:E31
1.0,EVT:E10|EVT:E18|EVT:E31
1.0,EVT:E1|EVT:E18|EVT:E31
1.0,COMP:compute_server_external_events|EVT:E18|EVT:E31
1.0,COMP:openstack_wsgi|EVT:E18|EVT:E31
1.0,COMP:libvirt_imagecache|EVT:E18|EVT:E31
1.0,COMP:libvirt_driver|EVT:E18|EVT:E31
1.0,COMP:compute_manager|EVT:E18|EVT:E31
1.0,COMP:compute_resource_tracker|EVT:E18|EVT:E31
1.0,COMP:compute_claims|EVT:E18|EVT:E31
0.6,EVT:E18|EVT:E29|EVT:E31
1.0,EVT:E17|EVT:E19|EVT:E31
1.0,EVT:E16|EVT:E19|EVT:E31
1.0,COMP:wsgi_server|EVT:E19|EVT:E31
1.0,EVT:E15|EVT:E19|EVT:E31
1.0,EVT:E14|EVT:E19|EVT:E31
1.0,EVT:E13|EVT:E19|EVT:E31
1.0,EVT:E12|EVT:E19|EVT:E31
1.0,EVT:E11|EVT:E19|EVT:E31
1.0,EVT:E10|EVT:E19|EVT:E31
1.0,EVT:E1|EVT:E19|EVT:E31
1.0,COMP:compute_server_external_events|EVT:E19|EVT:E31
1.0,COMP:openstack_wsgi|EVT:E19|EVT:E31
1.0,COMP:libvirt_imagecache|EVT:E19|EVT:E31
1.0,COMP:libvirt_driver|EVT:E19|EVT:E31
1.0,COMP:compute_manager|EVT:E19|EVT:E31
1.0,COMP:compute_resource_tracker|EVT:E19|EVT:E31
1.0,COMP:compute_claims|EVT:E19|EVT:E31
0.6,EVT:E19|EVT:E29|EVT:E31
1.0,EVT:E16|EVT:E17|EVT:E31
1.0,COMP:wsgi_server|EVT:E17|EVT:E31
1.0,EVT:E15|EVT:E17|EVT:E31
1.0,EVT:E14|EVT:E17|EVT:E31
1.0,EVT:E13|EVT:E17|EVT:E31
1.0,EVT:E12|EVT:E17|EVT:E31
1.0,EVT:E11|EVT:E17|EVT:E31
1.0,EVT:E10|EVT:E17|EVT:E31
1.0,EVT:E1|EVT:E17|EVT:E31
1.0,COMP:compute_server_external_events|EVT:E17|EVT:E31
1.0,COMP:openstack_wsgi|EVT:E17|EVT:E31
1.0,COMP:libvirt_imagecache|EVT:E17|EVT:E31
1.0,COMP:libvirt_driver|EVT:E17|EVT:E31
1.0,COMP:compute_manager|EVT:E17|EVT:E31
1.0,COMP:compute_resource_tracker|EVT:E17|EVT:E31
1.0,COMP:compute_claims|EVT:E17|EVT:E31
0.6,EVT:E17|EVT:E29|EVT:E31
1.0,COMP:wsgi_server|EVT:E16|EVT:E31
1.0,EVT:E15|EVT:E16|EVT:E31
1.0,EVT:E14|EVT:E16|EVT:E31
1.0,EVT:E13|EVT:E16|EVT:E31
1.0,EVT:E12|EVT:E16|EVT:E31
1.0,EVT:E11|EVT:E16|EVT:E31
1.0,EVT:E10|EVT:E16|EVT:E31
1.0,EVT:E1|EVT:E16|EVT:E31
1.0,COMP:compute_server_external_events|EVT:E16|EVT:E31
1.0,COMP:openstack_wsgi|EVT:E16|EVT:E31
1.0,COMP:libvirt_imagecache|EVT:E16|EVT:E31
1.0,COMP:libvirt_driver|EVT:E16|EVT:E31
1.0,COMP:compute_manager|EVT:E16|EVT:E31
1.0,COMP:compute_resource_tracker|EVT:E16|EVT:E31
1.0,COMP:compute_claims|EVT:E16|EVT:E31
0.6,EVT:E16|EVT:E29|EVT:E31
1.0,COMP:wsgi_server|EVT:E15|EVT:E31
1.0,COMP:wsgi_server|EVT:E14|EVT:E31
1.0,COMP:wsgi_server|EVT:E13|EVT:E31
1.0,COMP:wsgi_server|EVT:E12|EVT:E31
1.0,COMP:wsgi_server|EVT:E11|EVT:E31
1.0,COMP:wsgi_server|EVT:E10|EVT:E31
1.0,COMP:wsgi_server|EVT:E1|EVT:E31
1.0,COMP:compute_server_external_events|COMP:wsgi_server|EVT:E31
1.0,COMP:openstack_wsgi|COMP:wsgi_server|EVT:E31
1.0,COMP:libvirt_imagecache|COMP:wsgi_server|EVT:E31
1.0,COMP:libvirt_driver|COMP:wsgi_server|EVT:E31
1.0,COMP:compute_manager|COMP:wsgi_server|EVT:E31
1.0,COMP:compute_resource_tracker|COMP:wsgi_server|EVT:E31
1.0,COMP:compute_claims|COMP:wsgi_server|EVT:E31
0.6,COMP:wsgi_server|EVT:E29|EVT:E31
1.0,EVT:E14|EVT:E15|EVT:E31
1.0,EVT:E13|EVT:E15|EVT:E31
1.0,EVT:E12|EVT:E15|EVT:E31
1.0,EVT:E11|EVT:E15|EVT:E31
1.0,EVT:E10|EVT:E15|EVT:E31
1.0,EVT:E1|EVT:E15|EVT:E31
1.0,COMP:compute_server_external_events|EVT:E15|EVT:E31
1.0,COMP:openstack_wsgi|EVT:E15|EVT:E31
1.0,COMP:libvirt_imagecache|EVT:E15|EVT:E31
1.0,COMP:libvirt_driver|EVT:E15|EVT:E31
1.0,COMP:compute_manager|EVT:E15|EVT:E31
1.0,COMP:compute_resource_tracker|EVT:E15|EVT:E31
1.0,COMP:compute_claims|EVT:E15|EVT:E31
0.6,EVT:E15|EVT:E29|EVT:E31
1.0,EVT:E13|EVT:E14|EVT:E31
1.0,EVT:E12|EVT:E14|EVT:E31
1.0,EVT:E11|EVT:E14|EVT:E31
1.0,EVT:E10|EVT:E14|EVT:E31
1.0,EVT:E1|EVT:E14|EVT:E31
1.0,COMP:compute_server_external_events|EVT:E14|EVT:E31
1.0,COMP:openstack_wsgi|EVT:E14|EVT:E31
1.0,COMP:libvirt_imagecache|EVT:E14|EVT:E31
1.0,COMP:libvirt_driver|EVT:E14|EVT:E31
1.0,COMP:compute_manager|EVT:E14|EVT:E31
1.0,COMP:compute_resource_tracker|EVT:E14|EVT:E31
1.0,COMP:compute_claims|EVT:E14|EVT:E31
0.6,EVT:E14|EVT:E29|EVT:E31
1.0,EVT:E12|EVT:E13|EVT:E31
1.0,EVT:E11|EVT:E13|EVT:E31
1.0,EVT:E10|EVT:E13|EVT:E31
1.0,EVT:E1|EVT:E13|EVT:E31
1.0,COMP:compute_server_external_events|EVT:E13|EVT:E31
1.0,COMP:openstack_wsgi|EVT:E13|EVT:E31
1.0,COMP:libvirt_imagecache|EVT:E13|EVT:E31
1.0,COMP:libvirt_driver|EVT:E13|EVT:E31
1.0,COMP:compute_manager|EVT:E13|EVT:E31
1.0,COMP:compute_resource_tracker|EVT:E13|EVT:E31
1.0,COMP:compute_claims|EVT:E13|EVT:E31
0.6,EVT:E13|EVT:E29|EVT:E31
1.0,EVT:E11|EVT:E12|EVT:E31
1.0,EVT:E10|EVT:E12|EVT:E31
1.0,EVT:E1|EVT:E12|EVT:E31
1.0,COMP:compute_server_external_events|EVT:E12|EVT:E31
1.0,COMP:openstack_wsgi|EVT:E12|EVT:E31
1.0,COMP:libvirt_imagecache|EVT:E12|EVT:E31
1.0,COMP:libvirt_driver|EVT:E12|EVT:E31
1.0,COMP:compute_manager|EVT:E12|EVT:E31
1.0,COMP:compute_resource_tracker|EVT:E12|EVT:E31
1.0,COMP:compute_claims|EVT:E12|EVT:E31
0.6,EVT:E12|EVT:E29|EVT:E31
1.0,EVT:E10|EVT:E11|EVT:E31
1.0,EVT:E1|EVT:E11|EVT:E31
1.0,COMP:compute_server_external_events|EVT:E11|EVT:E31
1.0,COMP:openstack_wsgi|EVT:E11|EVT:E31
1.0,COMP:libvirt_imagecache|EVT:E11|EVT:E31
1.0,COMP:libvirt_driver|EVT:E11|EVT:E31
1.0,COMP:compute_manager|EVT:E11|EVT:E31
1.0,COMP:compute_resource_tracker|EVT:E11|EVT:E31
1.0,COMP:compute_claims|EVT:E11|EVT:E31
0.6,EVT:E11|EVT:E29|EVT:E31
1.0,EVT:E1|EVT:E10|EVT:E31
1.0,COMP:compute_server_external_events|EVT:E10|EVT:E31
1.0,COMP:openstack_wsgi|EVT:E10|EVT:E31
1.0,COMP:libvirt_imagecache|EVT:E10|EVT:E31
1.0,COMP:libvirt_driver|EVT:E10|EVT:E31
1.0,COMP:compute_manager|EVT:E10|EVT:E31
1.0,COMP:compute_resource_tracker|EVT:E10|EVT:E31
1.0,COMP:compute_claims|EVT:E10|EVT:E31
0.6,EVT:E10|EVT:E29|EVT:E31
1.0,COMP:compute_server_external_events|EVT:E1|EVT:E31
1.0,COMP:openstack_wsgi|EVT:E1|EVT:E31
1.0,COMP:libvirt_imagecache|EVT:E1|EVT:E31
1.0,COMP:libvirt_driver|EVT:E1|EVT:E31
1.0,COMP:compute_manager|EVT:E1|EVT:E31
1.0,COMP:compute_resource_tracker|EVT:E1|EVT:E31
1.0,COMP:compute_claims|EVT:E1|EVT:E31
0.6,EVT:E1|EVT:E29|EVT:E31
1.0,COMP:compute_server_external_events|COMP:openstack_wsgi|EVT:E31
1.0,COMP:compute_server_external_events|COMP:libvirt_imagecache|EVT:E31
1.0,COMP:compute_server_external_events|COMP:libvirt_driver|EVT:E31
1.0,COMP:compute_manager|COMP:compute_server_external_events|EVT:E31
1.0,COMP:compute_resource_tracker|COMP:compute_server_external_events|EVT:E31
1.0,COMP:compute_claims|COMP:compute_server_external_events|EVT:E31
0.6,COMP:compute_server_external_events|EVT:E29|EVT:E31
1.0,COMP:libvirt_imagecache|COMP:openstack_wsgi|EVT:E31
1.0,COMP:libvirt_driver|COMP:openstack_wsgi|EVT:E31
1.0,COMP:compute_manager|COMP:openstack_wsgi|EVT:E31
1.0,COMP:compute_resource_tracker|COMP:openstack_wsgi|EVT:E31
1.0,COMP:compute_claims|COMP:openstack_wsgi|EVT:E31
0.6,COMP:openstack_wsgi|EVT:E29|EVT:E31
1.0,COMP:libvirt_driver|COMP:libvirt_imagecache|EVT:E31
1.0,COMP:compute_manager|COMP:libvirt_imagecache|EVT:E31
1.0,COMP:compute_resource_tracker|COMP:libvirt_imagecache|EVT:E31
1.0,COMP:compute_claims|COMP:libvirt_imagecache|EVT:E31
0.6,COMP:libvirt_imagecache|EVT:E29|EVT:E31
1.0,COMP:compute_manager|COMP:libvirt_driver|EVT:E31
1.0,COMP:compute_resource_tracker|COMP:libvirt_driver|EVT:E31
1.0,COMP:compute_claims|COMP:libvirt_driver|EVT:E31
0.6,COMP:libvirt_driver|EVT:E29|EVT:E31
1.0,COMP:compute_manager|COMP:compute_resource_tracker|EVT:E31
1.0,COMP:compute_claims|COMP:compute_manager|EVT:E31
0.6,COMP:compute_manager|EVT:E29|EVT:E31
1.0,COMP:compute_claims|COMP:compute_resource_tracker|EVT:E31
0.6,COMP:compute_resource_tracker|EVT:E29|EVT:E31
0.6,COMP:compute_claims|EVT:E29|EVT:E31
1.0,EVT:E28|EVT:E3|EVT:E30
1.0,EVT:E27|EVT:E3|EVT:E30
1.0,EVT:E25|EVT:E3|EVT:E30
1.0,EVT:E26|EVT:E3|EVT:E30
1.0,EVT:E24|EVT:E3|EVT:E30
1.0,EVT:E23|EVT:E3|EVT:E30
1.0,EVT:E2|EVT:E3|EVT:E30
1.0,EVT:E22|EVT:E3|EVT:E30
1.0,EVT:E21|EVT:E3|EVT:E30
1.0,EVT:E20|EVT:E3|EVT:E30
1.0,EVT:E18|EVT:E3|EVT:E30
1.0,EVT:E19|EVT:E3|EVT:E30
1.0,EVT:E17|EVT:E3|EVT:E30
1.0,EVT:E16|EVT:E3|EVT:E30
1.0,COMP:wsgi_server|EVT:E3|EVT:E30
1.0,EVT:E15|EVT:E3|EVT:E30
1.0,EVT:E14|EVT:E3|EVT:E30
1.0,EVT:E13|EVT:E3|EVT:E30
1.0,EVT:E12|EVT:E3|EVT:E30
1.0,EVT:E11|EVT:E3|EVT:E30
1.0,EVT:E10|EVT:E3|EVT:E30
1.0,EVT:E1|EVT:E3|EVT:E30
1.0,COMP:compute_server_external_events|EVT:E3|EVT:E30
1.0,COMP:openstack_wsgi|EVT:E3|EVT:E30
1.0,COMP:libvirt_imagecache|EVT:E3|EVT:E30
1.0,COMP:libvirt_driver|EVT:E3|EVT:E30
1.0,COMP:compute_manager|EVT:E3|EVT:E30
1.0,COMP:compute_resource_tracker|EVT:E3|EVT:E30
1.0,COMP:compute_claims|EVT:E3|EVT:E30
0.6,EVT:E29|EVT:E3|EVT:E30
1.0,EVT:E27|EVT:E28|EVT:E30
1.0,EVT:E25|EVT:E28|EVT:E30
1.0,EVT:E26|EVT:E28|EVT:E30
1.0,EVT:E24|EVT:E28|EVT:E30
1.0,EVT:E23|EVT:E28|EVT:E30
1.0,EVT:E2|EVT:E28|EVT:E30
1.0,EVT:E22|EVT:E28|EVT:E30
1.0,EVT:E21|EVT:E28|EVT:E30
1.0,EVT:E20|EVT:E28|EVT:E30
1.0,EVT:E18|EVT:E28|EVT:E30
1.0,EVT:E19|EVT:E28|EVT:E30
1.0,EVT:E17|EVT:E28|EVT:E30
1.0,EVT:E16|EVT:E28|EVT:E30
1.0,COMP:wsgi_server|EVT:E28|EVT:E30
1.0,EVT:E15|EVT:E28|EVT:E30
1.0,EVT:E14|EVT:E28|EVT:E30
1.0,EVT:E13|EVT:E28|EVT:E30
1.0,EVT:E12|EVT:E28|EVT:E30
1.0,EVT:E11|EVT:E28|EVT:E30
1.0,EVT:E10|EVT:E28|EVT:E30
1.0,EVT:E1|EVT:E28|EVT:E30
1.0,COMP:compute_server_external_events|EVT:E28|EVT:E30
1.0,COMP:openstack_wsgi|EVT:E28|EVT:E30
1.0,COMP:libvirt_imagecache|EVT:E28|EVT:E30
1.0,COMP:libvirt_driver|EVT:E28|EVT:E30
1.0,COMP:compute_manager|EVT:E28|EVT:E30
1.0,COMP:compute_resource_tracker|EVT:E28|EVT:E30
1.0,COMP:compute_claims|EVT:E28|EVT:E30
0.6,EVT:E28|EVT:E29|EVT:E30
1.0,EVT:E25|EVT:E27|EVT:E30
1.0,EVT:E26|EVT:E27|EVT:E30
1.0,EVT:E24|EVT:E27|EVT:E30
1.0,EVT:E23|EVT:E27|EVT:E30
1.0,EVT:E2|EVT:E27|EVT:E30
1.0,EVT:E22|EVT:E27|EVT:E30
1.0,EVT:E21|EVT:E27|EVT:E30
1.0,EVT:E20|EVT:E27|EVT:E30
1.0,EVT:E18|EVT:E27|EVT:E30
1.0,EVT:E19|EVT:E27|EVT:E30
1.0,EVT:E17|EVT:E27|EVT:E30
1.0,EVT:E16|EVT:E27|EVT:E30
1.0,COMP:wsgi_server|EVT:E27|EVT:E30
1.0,EVT:E15|EVT:E27|EVT:E30
1.0,EVT:E14|EVT:E27|EVT:E30
1.0,EVT:E13|EVT:E27|EVT:E30
1.0,EVT:E12|EVT:E27|EVT:E30
1.0,EVT:E11|EVT:E27|EVT:E30
1.0,EVT:E10|EVT:E27|EVT:E30
1.0,EVT:E1|EVT:E27|EVT:E30
1.0,COMP:compute_server_external_events|EVT:E27|EVT:E30
1.0,COMP:openstack_wsgi|EVT:E27|EVT:E30
1.0,COMP:libvirt_imagecache|EVT:E27|EVT:E30
1.0,COMP:libvirt_driver|EVT:E27|EVT:E30
1.0,COMP:compute_manager|EVT:E27|EVT:E30
1.0,COMP:compute_resource_tracker|EVT:E27|EVT:E30
1.0,COMP:compute_claims|EVT:E27|EVT:E30
0.6,EVT:E27|EVT:E29|EVT:E30
1.0,EVT:E25|EVT:E26|EVT:E30
1.0,EVT:E24|EVT:E25|EVT:E30
1.0,EVT:E23|EVT:E25|EVT:E30
1.0,EVT:E2|EVT:E25|EVT:E30
1.0,EVT:E22|EVT:E25|EVT:E30
1.0,EVT:E21|EVT:E25|EVT:E30
1.0,EVT:E20|EVT:E25|EVT:E30
1.0,EVT:E18|EVT:E25|EVT:E30
1.0,EVT:E19|EVT:E25|EVT:E30
1.0,EVT:E17|EVT:E25|EVT:E30
1.0,EVT:E16|EVT:E25|EVT:E30
1.0,COMP:wsgi_server|EVT:E25|EVT:E30
1.0,EVT:E15|EVT:E25|EVT:E30
1.0,EVT:E14|EVT:E25|EVT:E30
1.0,EVT:E13|EVT:E25|EVT:E30
1.0,EVT:E12|EVT:E25|EVT:E30
1.0,EVT:E11|EVT:E25|EVT:E30
1.0,EVT:E10|EVT:E25|EVT:E30
1.0,EVT:E1|EVT:E25|EVT:E30
1.0,COMP:compute_server_external_events|EVT:E25|EVT:E30
1.0,COMP:openstack_wsgi|EVT:E25|EVT:E30
1.0,COMP:libvirt_imagecache|EVT:E25|EVT:E30
1.0,COMP:libvirt_driver|EVT:E25|EVT:E30
1.0,COMP:compute_manager|EVT:E25|EVT:E30
1.0,COMP:compute_resource_tracker|EVT:E25|EVT:E30
1.0,COMP:compute_claims|EVT:E25|EVT:E30
0.6,EVT:E25|EVT:E29|EVT:E30
1.0,EVT:E24|EVT:E26|EVT:E30
1.0,EVT:E23|EVT:E26|EVT:E30
1.0,EVT:E2|EVT:E26|EVT:E30
1.0,EVT:E22|EVT:E26|EVT:E30
1.0,EVT:E21|EVT:E26|EVT:E30
1.0,EVT:E20|EVT:E26|EVT:E30
1.0,EVT:E18|EVT:E26|EVT:E30
1.0,EVT:E19|EVT:E26|EVT:E30
1.0,EVT:E17|EVT:E26|EVT:E30
1.0,EVT:E16|EVT:E26|EVT:E30
1.0,COMP:wsgi_server|EVT:E26|EVT:E30
1.0,EVT:E15|EVT:E26|EVT:E30
1.0,EVT:E14|EVT:E26|EVT:E30
1.0,EVT:E13|EVT:E26|EVT:E30
1.0,EVT:E12|EVT:E26|EVT:E30
1.0,EVT:E11|EVT:E26|EVT:E30
1.0,EVT:E10|EVT:E26|EVT:E30
1.0,EVT:E1|EVT:E26|EVT:E30
1.0,COMP:compute_server_external_events|EVT:E26|EVT:E30
1.0,COMP:openstack_wsgi|EVT:E26|EVT:E30
1.0,COMP:libvirt_imagecache|EVT:E26|EVT:E30
1.0,COMP:libvirt_driver|EVT:E26|EVT:E30
1.0,COMP:compute_manager|EVT:E26|EVT:E30
1.0,COMP:compute_resource_tracker|EVT:E26|EVT:E30
1.0,COMP:compute_claims|EVT:E26|EVT:E30
0.6,EVT:E26|EVT:E29|EVT:E30
1.0,EVT:E23|EVT:E24|EVT:E30
1.0,EVT:E2|EVT:E24|EVT:E30
1.0,EVT:E22|EVT:E24|EVT:E30
1.0,EVT:E21|EVT:E24|EVT:E30
1.0,EVT:E20|EVT:E24|EVT:E30
1.0,EVT:E18|EVT:E24|EVT:E30
1.0,EVT:E19|EVT:E24|EVT:E30
1.0,EVT:E17|EVT:E24|EVT:E30
1.0,EVT:E16|EVT:E24|EVT:E30
1.0,COMP:wsgi_server|EVT:E24|EVT:E30
1.0,EVT:E15|EVT:E24|EVT:E30
1.0,EVT:E14|EVT:E24|EVT:E30
1.0,EVT:E13|EVT:E24|EVT:E30
1.0,EVT:E12|EVT:E24|EVT:E30
1.0,EVT:E11|EVT:E24|EVT:E30
1.0,EVT:E10|EVT:E24|EVT:E30
1.0,EVT:E1|EVT:E24|EVT:E30
1.0,COMP:compute_server_external_events|EVT:E24|EVT:E30
1.0,COMP:openstack_wsgi|EVT:E24|EVT:E30
1.0,COMP:libvirt_imagecache|EVT:E24|EVT:E30
1.0,COMP:libvirt_driver|EVT:E24|EVT:E30
1.0,COMP:compute_manager|EVT:E24|EVT:E30
1.0,COMP:compute_resource_tracker|EVT:E24|EVT:E30
1.0,COMP:compute_claims|EVT:E24|EVT:E30
0.6,EVT:E24|EVT:E29|EVT:E30
1.0,EVT:E2|EVT:E23|EVT:E30
1.0,EVT:E22|EVT:E23|EVT:E30
1.0,EVT:E21|EVT:E23|EVT:E30
1.0,EVT:E20|EVT:E23|EVT:E30
1.0,EVT:E18|EVT:E23|EVT:E30
1.0,EVT:E19|EVT:E23|EVT:E30
1.0,EVT:E17|EVT:E23|EVT:E30
1.0,EVT:E16|EVT:E23|EVT:E30
1.0,COMP:wsgi_server|EVT:E23|EVT:E30
1.0,EVT:E15|EVT:E23|EVT:E30
1.0,EVT:E14|EVT:E23|EVT:E30
1.0,EVT:E13|EVT:E23|EVT:E30
1.0,EVT:E12|EVT:E23|EVT:E30
1.0,EVT:E11|EVT:E23|EVT:E30
1.0,EVT:E10|EVT:E23|EVT:E30
1.0,EVT:E1|EVT:E23|EVT:E30
1.0,COMP:compute_server_external_events|EVT:E23|EVT:E30
1.0,COMP:openstack_wsgi|EVT:E23|EVT:E30
1.0,COMP:libvirt_imagecache|EVT:E23|EVT:E30
1.0,COMP:libvirt_driver|EVT:E23|EVT:E30
1.0,COMP:compute_manager|EVT:E23|EVT:E30
1.0,COMP:compute_resource_tracker|EVT:E23|EVT:E30
1.0,COMP:compute_claims|EVT:E23|EVT:E30
0.6,EVT:E23|EVT:E29|EVT:E30
1.0,EVT:E2|EVT:E22|EVT:E30
1.0,EVT:E2|EVT:E21|EVT:E30
1.0,EVT:E2|EVT:E20|EVT:E30
1.0,EVT:E18|EVT:E2|EVT:E30
1.0,EVT:E19|EVT:E2|EVT:E30
1.0,EVT:E17|EVT:E2|EVT:E30
1.0,EVT:E16|EVT:E2|EVT:E30
1.0,COMP:wsgi_server|EVT:E2|EVT:E30
1.0,EVT:E15|EVT:E2|EVT:E30
1.0,EVT:E14|EVT:E2|EVT:E30
1.0,EVT:E13|EVT:E2|EVT:E30
1.0,EVT:E12|EVT:E2|EVT:E30
1.0,EVT:E11|EVT:E2|EVT:E30
1.0,EVT:E10|EVT:E2|EVT:E30
1.0,EVT:E1|EVT:E2|EVT:E30
1.0,COMP:compute_server_external_events|EVT:E2|EVT:E30
1.0,COMP:openstack_wsgi|EVT:E2|EVT:E30
1.0,COMP:libvirt_imagecache|EVT:E2|EVT:E30
1.0,COMP:libvirt_driver|EVT:E2|EVT:E30
1.0,COMP:compute_manager|EVT:E2|EVT:E30
1.0,COMP:compute_resource_tracker|EVT:E2|EVT:E30
1.0,COMP:compute_claims|EVT:E2|EVT:E30
0.6,EVT:E2|EVT:E29|EVT:E30
1.0,EVT:E21|EVT:E22|EVT:E30
1.0,EVT:E20|EVT:E22|EVT:E30
1.0,EVT:E18|EVT:E22|EVT:E30
1.0,EVT:E19|EVT:E22|EVT:E30
1.0,EVT:E17|EVT:E22|EVT:E30
1.0,EVT:E16|EVT:E22|EVT:E30
1.0,COMP:wsgi_server|EVT:E22|EVT:E30
1.0,EVT:E15|EVT:E22|EVT:E30
1.0,EVT:E14|EVT:E22|EVT:E30
1.0,EVT:E13|EVT:E22|EVT:E30
1.0,EVT:E12|EVT:E22|EVT:E30
1.0,EVT:E11|EVT:E22|EVT:E30
1.0,EVT:E10|EVT:E22|EVT:E30
1.0,EVT:E1|EVT:E22|EVT:E30
1.0,COMP:compute_server_external_events|EVT:E22|EVT:E30
1.0,COMP:openstack_wsgi|EVT:E22|EVT:E30
1.0,COMP:libvirt_imagecache|EVT:E22|EVT:E30
1.0,COMP:libvirt_driver|EVT:E22|EVT:E30
1.0,COMP:compute_manager|EVT:E22|EVT:E30
1.0,COMP:compute_resource_tracker|EVT:E22|EVT:E30
1.0,COMP:compute_claims|EVT:E22|EVT:E30
0.6,EVT:E22|EVT:E29|EVT:E30
1.0,EVT:E20|EVT:E21|EVT:E30
1.0,EVT:E18|EVT:E21|EVT:E30
1.0,EVT:E19|EVT:E21|EVT:E30
1.0,EVT:E17|EVT:E21|EVT:E30
1.0,EVT:E16|EVT:E21|EVT:E30
1.0,COMP:wsgi_server|EVT:E21|EVT:E30
1.0,EVT:E15|EVT:E21|EVT:E30
1.0,EVT:E14|EVT:E21|EVT:E30
1.0,EVT:E13|EVT:E21|EVT:E30
1.0,EVT:E12|EVT:E21|EVT:E30
1.0,EVT:E11|EVT:E21|EVT:E30
1.0,EVT:E10|EVT:E21|EVT:E30
1.0,EVT:E1|EVT:E21|EVT:E30
1.0,COMP:compute_server_external_events|EVT:E21|EVT:E30
1.0,COMP:openstack_wsgi|EVT:E21|EVT:E30
1.0,COMP:libvirt_imagecache|EVT:E21|EVT:E30
1.0,COMP:libvirt_driver|EVT:E21|EVT:E30
1.0,COMP:compute_manager|EVT:E21|EVT:E30
1.0,COMP:compute_resource_tracker|EVT:E21|EVT:E30
1.0,COMP:compute_claims|EVT:E21|EVT:E30
0.6,EVT:E21|EVT:E29|EVT:E30
1.0,EVT:E18|EVT:E20|EVT:E30
1.0,EVT:E19|EVT:E20|EVT:E30
1.0,EVT:E17|EVT:E20|EVT:E30
1.0,EVT:E16|EVT:E20|EVT:E30
1.0,COMP:wsgi_server|EVT:E20|EVT:E30
1.0,EVT:E15|EVT:E20|EVT:E30
1.0,EVT:E14|EVT:E20|EVT:E30
1.0,EVT:E13|EVT:E20|EVT:E30
1.0,EVT:E12|EVT:E20|EVT:E30
1.0,EVT:E11|EVT:E20|EVT:E30
1.0,EVT:E10|EVT:E20|EVT:E30
1.0,EVT:E1|EVT:E20|EVT:E30
1.0,COMP:compute_server_external_events|EVT:E20|EVT:E30
1.0,COMP:openstack_wsgi|EVT:E20|EVT:E30
1.0,COMP:libvirt_imagecache|EVT:E20|EVT:E30
1.0,COMP:libvirt_driver|EVT:E20|EVT:E30
1.0,COMP:compute_manager|EVT:E20|EVT:E30
1.0,COMP:compute_resource_tracker|EVT:E20|EVT:E30
1.0,COMP:compute_claims|EVT:E20|EVT:E30
0.6,EVT:E20|EVT:E29|EVT:E30
1.0,EVT:E18|EVT:E19|EVT:E30
1.0,EVT:E17|EVT:E18|EVT:E30
1.0,EVT:E16|EVT:E18|EVT:E30
1.0,COMP:wsgi_server|EVT:E18|EVT:E30
1.0,EVT:E15|EVT:E18|EVT:E30
1.0,EVT:E14|EVT:E18|EVT:E30
1.0,EVT:E13|EVT:E18|EVT:E30
1.0,EVT:E12|EVT:E18|EVT:E30
1.0,EVT:E11|EVT:E18|EVT:E30
1.0,EVT:E10|EVT:E18|EVT:E30
1.0,EVT:E1|EVT:E18|EVT:E30
1.0,COMP:compute_server_external_events|EVT:E18|EVT:E30
1.0,COMP:openstack_wsgi|EVT:E18|EVT:E30
1.0,COMP:libvirt_imagecache|EVT:E18|EVT:E30
1.0,COMP:libvirt_driver|EVT:E18|EVT:E30
1.0,COMP:compute_manager|EVT:E18|EVT:E30
1.0,COMP:compute_resource_tracker|EVT:E18|EVT:E30
1.0,COMP:compute_claims|EVT:E18|EVT:E30
0.6,EVT:E18|EVT:E29|EVT:E30
1.0,EVT:E17|EVT:E19|EVT:E30
1.0,EVT:E16|EVT:E19|EVT:E30
1.0,COMP:wsgi_server|EVT:E19|EVT:E30
1.0,EVT:E15|EVT:E19|EVT:E30
1.0,EVT:E14|EVT:E19|EVT:E30
1.0,EVT:E13|EVT:E19|EVT:E30
1.0,EVT:E12|EVT:E19|EVT:E30
1.0,EVT:E11|EVT:E19|EVT:E30
1.0,EVT:E10|EVT:E19|EVT:E30
1.0,EVT:E1|EVT:E19|EVT:E30
1.0,COMP:compute_server_external_events|EVT:E19|EVT:E30
1.0,COMP:openstack_wsgi|EVT:E19|EVT:E30
1.0,COMP:libvirt_imagecache|EVT:E19|EVT:E30
1.0,COMP:libvirt_driver|EVT:E19|EVT:E30
1.0,COMP:compute_manager|EVT:E19|EVT:E30
1.0,COMP:compute_resource_tracker|EVT:E19|EVT:E30
1.0,COMP:compute_claims|EVT:E19|EVT:E30
0.6,EVT:E19|EVT:E29|EVT:E30
1.0,EVT:E16|EVT:E17|EVT:E30
1.0,COMP:wsgi_server|EVT:E17|EVT:E30
1.0,EVT:E15|EVT:E17|EVT:E30
1.0,EVT:E14|EVT:E17|EVT:E30
1.0,EVT:E13|EVT:E17|EVT:E30
1.0,EVT:E12|EVT:E17|EVT:E30
1.0,EVT:E11|EVT:E17|EVT:E30
1.0,EVT:E10|EVT:E17|EVT:E30
1.0,EVT:E1|EVT:E17|EVT:E30
1.0,COMP:compute_server_external_events|EVT:E17|EVT:E30
1.0,COMP:openstack_wsgi|EVT:E17|EVT:E30
1.0,COMP:libvirt_imagecache|EVT:E17|EVT:E30
1.0,COMP:libvirt_driver|EVT:E17|EVT:E30
1.0,COMP:compute_manager|EVT:E17|EVT:E30
1.0,COMP:compute_resource_tracker|EVT:E17|EVT:E30
1.0,COMP:compute_claims|EVT:E17|EVT:E30
0.6,EVT:E17|EVT:E29|EVT:E30
1.0,COMP:wsgi_server|EVT:E16|EVT:E30
1.0,EVT:E15|EVT:E16|EVT:E30
1.0,EVT:E14|EVT:E16|EVT:E30
1.0,EVT:E13|EVT:E16|EVT:E30
1.0,EVT:E12|EVT:E16|EVT:E30
1.0,EVT:E11|EVT:E16|EVT:E30
1.0,EVT:E10|EVT:E16|EVT:E30
1.0,EVT:E1|EVT:E16|EVT:E30
1.0,COMP:compute_server_external_events|EVT:E16|EVT:E30
1.0,COMP:openstack_wsgi|EVT:E16|EVT:E30
1.0,COMP:libvirt_imagecache|EVT:E16|EVT:E30
1.0,COMP:libvirt_driver|EVT:E16|EVT:E30
1.0,COMP:compute_manager|EVT:E16|EVT:E30
1.0,COMP:compute_resource_tracker|EVT:E16|EVT:E30
1.0,COMP:compute_claims|EVT:E16|EVT:E30
0.6,EVT:E16|EVT:E29|EVT:E30
1.0,COMP:wsgi_server|EVT:E15|EVT:E30
1.0,COMP:wsgi_server|EVT:E14|EVT:E30
1.0,COMP:wsgi_server|EVT:E13|EVT:E30
1.0,COMP:wsgi_server|EVT:E12|EVT:E30
1.0,COMP:wsgi_server|EVT:E11|EVT:E30
1.0,COMP:wsgi_server|EVT:E10|EVT:E30
1.0,COMP:wsgi_server|EVT:E1|EVT:E30
1.0,COMP:compute_server_external_events|COMP:wsgi_server|EVT:E30
1.0,COMP:openstack_wsgi|COMP:wsgi_server|EVT:E30
1.0,COMP:libvirt_imagecache|COMP:wsgi_server|EVT:E30
1.0,COMP:libvirt_driver|COMP:wsgi_server|EVT:E30
1.0,COMP:compute_manager|COMP:wsgi_server|EVT:E30
1.0,COMP:compute_resource_tracker|COMP:wsgi_server|EVT:E30
1.0,COMP:compute_claims|COMP:wsgi_server|EVT:E30
0.6,COMP:wsgi_server|EVT:E29|EVT:E30
1.0,EVT:E14|EVT:E15|EVT:E30
1.0,EVT:E13|EVT:E15|EVT:E30
1.0,EVT:E12|EVT:E15|EVT:E30
1.0,EVT:E11|EVT:E15|EVT:E30
1.0,EVT:E10|EVT:E15|EVT:E30
1.0,EVT:E1|EVT:E15|EVT:E30
1.0,COMP:compute_server_external_events|EVT:E15|EVT:E30
1.0,COMP:openstack_wsgi|EVT:E15|EVT:E30
1.0,COMP:libvirt_imagecache|EVT:E15|EVT:E30
1.0,COMP:libvirt_driver|EVT:E15|EVT:E30
1.0,COMP:compute_manager|EVT:E15|EVT:E30
1.0,COMP:compute_resource_tracker|EVT:E15|EVT:E30
1.0,COMP:compute_claims|EVT:E15|EVT:E30
0.6,EVT:E15|EVT:E29|EVT:E30
1.0,EVT:E13|EVT:E14|EVT:E30
1.0,EVT:E12|EVT:E14|EVT:E30
1.0,EVT:E11|EVT:E14|EVT:E30
1.0,EVT:E10|EVT:E14|EVT:E30
1.0,EVT:E1|EVT:E14|EVT:E30
1.0,COMP:compute_server_external_events|EVT:E14|EVT:E30
1.0,COMP:openstack_wsgi|EVT:E14|EVT:E30
1.0,COMP:libvirt_imagecache|EVT:E14|EVT:E30
1.0,COMP:libvirt_driver|EVT:E14|EVT:E30
1.0,COMP:compute_manager|EVT:E14|EVT:E30
1.0,COMP:compute_resource_tracker|EVT:E14|EVT:E30
1.0,COMP:compute_claims|EVT:E14|EVT:E30
0.6,EVT:E14|EVT:E29|EVT:E30
1.0,EVT:E12|EVT:E13|EVT:E30
1.0,EVT:E11|EVT:E13|EVT:E30
1.0,EVT:E10|EVT:E13|EVT:E30
1.0,EVT:E1|EVT:E13|EVT:E30
1.0,COMP:compute_server_external_events|EVT:E13|EVT:E30
1.0,COMP:openstack_wsgi|EVT:E13|EVT:E30
1.0,COMP:libvirt_imagecache|EVT:E13|EVT:E30
1.0,COMP:libvirt_driver|EVT:E13|EVT:E30
1.0,COMP:compute_manager|EVT:E13|EVT:E30
1.0,COMP:compute_resource_tracker|EVT:E13|EVT:E30
1.0,COMP:compute_claims|EVT:E13|EVT:E30
0.6,EVT:E13|EVT:E29|EVT:E30
1.0,EVT:E11|EVT:E12|EVT:E30
1.0,EVT:E10|EVT:E12|EVT:E30
1.0,EVT:E1|EVT:E12|EVT:E30
1.0,COMP:compute_server_external_events|EVT:E12|EVT:E30
1.0,COMP:openstack_wsgi|EVT:E12|EVT:E30
1.0,COMP:libvirt_imagecache|EVT:E12|EVT:E30
1.0,COMP:libvirt_driver|EVT:E12|EVT:E30
1.0,COMP:compute_manager|EVT:E12|EVT:E30
1.0,COMP:compute_resource_tracker|EVT:E12|EVT:E30
1.0,COMP:compute_claims|EVT:E12|EVT:E30
0.6,EVT:E12|EVT:E29|EVT:E30
1.0,EVT:E10|EVT:E11|EVT:E30
1.0,EVT:E1|EVT:E11|EVT:E30
1.0,COMP:compute_server_external_events|EVT:E11|EVT:E30
1.0,COMP:openstack_wsgi|EVT:E11|EVT:E30
1.0,COMP:libvirt_imagecache|EVT:E11|EVT:E30
1.0,COMP:libvirt_driver|EVT:E11|EVT:E30
1.0,COMP:compute_manager|EVT:E11|EVT:E30
1.0,COMP:compute_resource_tracker|EVT:E11|EVT:E30
1.0,COMP:compute_claims|EVT:E11|EVT:E30
0.6,EVT:E11|EVT:E29|EVT:E30
1.0,EVT:E1|EVT:E10|EVT:E30
1.0,COMP:compute_server_external_events|EVT:E10|EVT:E30
1.0,COMP:openstack_wsgi|EVT:E10|EVT:E30
1.0,COMP:libvirt_imagecache|EVT:E10|EVT:E30
1.0,COMP:libvirt_driver|EVT:E10|EVT:E30
1.0,COMP:compute_manager|EVT:E10|EVT:E30
1.0,COMP:compute_resource_tracker|EVT:E10|EVT:E30
1.0,COMP:compute_claims|EVT:E10|EVT:E30
0.6,EVT:E10|EVT:E29|EVT:E30
1.0,COMP:compute_server_external_events|EVT:E1|EVT:E30
1.0,COMP:openstack_wsgi|EVT:E1|EVT:E30
1.0,COMP:libvirt_imagecache|EVT:E1|EVT:E30
1.0,COMP:libvirt_driver|EVT:E1|EVT:E30
1.0,COMP:compute_manager|EVT:E1|EVT:E30
1.0,COMP:compute_resource_tracker|EVT:E1|EVT:E30
1.0,COMP:compute_claims|EVT:E1|EVT:E30
0.6,EVT:E1|EVT:E29|EVT:E30
1.0,COMP:compute_server_external_events|COMP:openstack_wsgi|EVT:E30
1.0,COMP:compute_server_external_events|COMP:libvirt_imagecache|EVT:E30
1.0,COMP:compute_server_external_events|COMP:libvirt_driver|EVT:E30
1.0,COMP:compute_manager|COMP:compute_server_external_events|EVT:E30
1.0,COMP:compute_resource_tracker|COMP:compute_server_external_events|EVT:E30
1.0,COMP:compute_claims|COMP:compute_server_external_events|EVT:E30
0.6,COMP:compute_server_external_events|EVT:E29|EVT:E30
1.0,COMP:libvirt_imagecache|COMP:openstack_wsgi|EVT:E30
1.0,COMP:libvirt_driver|COMP:openstack_wsgi|EVT:E30
1.0,COMP:compute_manager|COMP:openstack_wsgi|EVT:E30
1.0,COMP:compute_resource_tracker|COMP:openstack_wsgi|EVT:E30
1.0,COMP:compute_claims|COMP:openstack_wsgi|EVT:E30
0.6,COMP:openstack_wsgi|EVT:E29|EVT:E30
1.0,COMP:libvirt_driver|COMP:libvirt_imagecache|EVT:E30
1.0,COMP:compute_manager|COMP:libvirt_imagecache|EVT:E30
1.0,COMP:compute_resource_tracker|COMP:libvirt_imagecache|EVT:E30
1.0,COMP:compute_claims|COMP:libvirt_imagecache|EVT:E30
0.6,COMP:libvirt_imagecache|EVT:E29|EVT:E30
1.0,COMP:compute_manager|COMP:libvirt_driver|EVT:E30
1.0,COMP:compute_resource_tracker|COMP:libvirt_driver|EVT:E30
1.0,COMP:compute_claims|COMP:libvirt_driver|EVT:E30
0.6,COMP:libvirt_driver|EVT:E29|EVT:E30
1.0,COMP:compute_manager|COMP:compute_resource_tracker|EVT:E30
1.0,COMP:compute_claims|COMP:compute_manager|EVT:E30
0.6,COMP:compute_manager|EVT:E29|EVT:E30
1.0,COMP:compute_claims|COMP:compute_resource_tracker|EVT:E30
0.6,COMP:compute_resource_tracker|EVT:E29|EVT:E30
0.6,COMP:compute_claims|EVT:E29|EVT:E30
1.0,EVT:E27|EVT:E28|EVT:E3
1.0,EVT:E25|EVT:E28|EVT:E3
1.0,EVT:E26|EVT:E28|EVT:E3
1.0,EVT:E24|EVT:E28|EVT:E3
1.0,EVT:E23|EVT:E28|EVT:E3
1.0,EVT:E2|EVT:E28|EVT:E3
1.0,EVT:E22|EVT:E28|EVT:E3
1.0,EVT:E21|EVT:E28|EVT:E3
1.0,EVT:E20|EVT:E28|EVT:E3
1.0,EVT:E18|EVT:E28|EVT:E3
1.0,EVT:E19|EVT:E28|EVT:E3
1.0,EVT:E17|EVT:E28|EVT:E3
1.0,EVT:E16|EVT:E28|EVT:E3
1.0,COMP:wsgi_server|EVT:E28|EVT:E3
1.0,EVT:E15|EVT:E28|EVT:E3
1.0,EVT:E14|EVT:E28|EVT:E3
1.0,EVT:E13|EVT:E28|EVT:E3
1.0,EVT:E12|EVT:E28|EVT:E3
1.0,EVT:E11|EVT:E28|EVT:E3
1.0,EVT:E10|EVT:E28|EVT:E3
1.0,EVT:E1|EVT:E28|EVT:E3
1.0,COMP:compute_server_external_events|EVT:E28|EVT:E3
1.0,COMP:openstack_wsgi|EVT:E28|EVT:E3
1.0,COMP:libvirt_imagecache|EVT:E28|EVT:E3
1.0,COMP:libvirt_driver|EVT:E28|EVT:E3
1.0,COMP:compute_manager|EVT:E28|EVT:E3
1.0,COMP:compute_resource_tracker|EVT:E28|EVT:E3
1.0,COMP:compute_claims|EVT:E28|EVT:E3
0.6,EVT:E28|EVT:E29|EVT:E3
1.0,EVT:E25|EVT:E27|EVT:E3
1.0,EVT:E26|EVT:E27|EVT:E3
1.0,EVT:E24|EVT:E27|EVT:E3
1.0,EVT:E23|EVT:E27|EVT:E3
1.0,EVT:E2|EVT:E27|EVT:E3
1.0,EVT:E22|EVT:E27|EVT:E3
1.0,EVT:E21|EVT:E27|EVT:E3
1.0,EVT:E20|EVT:E27|EVT:E3
1.0,EVT:E18|EVT:E27|EVT:E3
1.0,EVT:E19|EVT:E27|EVT:E3
1.0,EVT:E17|EVT:E27|EVT:E3
1.0,EVT:E16|EVT:E27|EVT:E3
1.0,COMP:wsgi_server|EVT:E27|EVT:E3
1.0,EVT:E15|EVT:E27|EVT:E3
1.0,EVT:E14|EVT:E27|EVT:E3
1.0,EVT:E13|EVT:E27|EVT:E3
1.0,EVT:E12|EVT:E27|EVT:E3
1.0,EVT:E11|EVT:E27|EVT:E3
1.0,EVT:E10|EVT:E27|EVT:E3
1.0,EVT:E1|EVT:E27|EVT:E3
1.0,COMP:compute_server_external_events|EVT:E27|EVT:E3
1.0,COMP:openstack_wsgi|EVT:E27|EVT:E3
1.0,COMP:libvirt_imagecache|EVT:E27|EVT:E3
1.0,COMP:libvirt_driver|EVT:E27|EVT:E3
1.0,COMP:compute_manager|EVT:E27|EVT:E3
1.0,COMP:compute_resource_tracker|EVT:E27|EVT:E3
1.0,COMP:compute_claims|EVT:E27|EVT:E3
0.6,EVT:E27|EVT:E29|EVT:E3
1.0,EVT:E25|EVT:E26|EVT:E3
1.0,EVT:E24|EVT:E25|EVT:E3
1.0,EVT:E23|EVT:E25|EVT:E3
1.0,EVT:E2|EVT:E25|EVT:E3
1.0,EVT:E22|EVT:E25|EVT:E3
1.0,EVT:E21|EVT:E25|EVT:E3
1.0,EVT:E20|EVT:E25|EVT:E3
1.0,EVT:E18|EVT:E25|EVT:E3
1.0,EVT:E19|EVT:E25|EVT:E3
1.0,EVT:E17|EVT:E25|EVT:E3
1.0,EVT:E16|EVT:E25|EVT:E3
1.0,COMP:wsgi_server|EVT:E25|EVT:E3
1.0,EVT:E15|EVT:E25|EVT:E3
1.0,EVT:E14|EVT:E25|EVT:E3
1.0,EVT:E13|EVT:E25|EVT:E3
1.0,EVT:E12|EVT:E25|EVT:E3
1.0,EVT:E11|EVT:E25|EVT:E3
1.0,EVT:E10|EVT:E25|EVT:E3
1.0,EVT:E1|EVT:E25|EVT:E3
1.0,COMP:compute_server_external_events|EVT:E25|EVT:E3
1.0,COMP:openstack_wsgi|EVT:E25|EVT:E3
1.0,COMP:libvirt_imagecache|EVT:E25|EVT:E3
1.0,COMP:libvirt_driver|EVT:E25|EVT:E3
1.0,COMP:compute_manager|EVT:E25|EVT:E3
1.0,COMP:compute_resource_tracker|EVT:E25|EVT:E3
1.0,COMP:compute_claims|EVT:E25|EVT:E3
0.6,EVT:E25|EVT:E29|EVT:E3
1.0,EVT:E24|EVT:E26|EVT:E3
1.0,EVT:E23|EVT:E26|EVT:E3
1.0,EVT:E2|EVT:E26|EVT:E3
1.0,EVT:E22|EVT:E26|EVT:E3
1.0,EVT:E21|EVT:E26|EVT:E3
1.0,EVT:E20|EVT:E26|EVT:E3
1.0,EVT:E18|EVT:E26|EVT:E3
1.0,EVT:E19|EVT:E26|EVT:E3
1.0,EVT:E17|EVT:E26|EVT:E3
1.0,EVT:E16|EVT:E26|EVT:E3
1.0,COMP:wsgi_server|EVT:E26|EVT:E3
1.0,EVT:E15|EVT:E26|EVT:E3
1.0,EVT:E14|EVT:E26|EVT:E3
1.0,EVT:E13|EVT:E26|EVT:E3
1.0,EVT:E12|EVT:E26|EVT:E3
1.0,EVT:E11|EVT:E26|EVT:E3
1.0,EVT:E10|EVT:E26|EVT:E3
1.0,EVT:E1|EVT:E26|EVT:E3
1.0,COMP:compute_server_external_events|EVT:E26|EVT:E3
1.0,COMP:openstack_wsgi|EVT:E26|EVT:E3
1.0,COMP:libvirt_imagecache|EVT:E26|EVT:E3
1.0,COMP:libvirt_driver|EVT:E26|EVT:E3
1.0,COMP:compute_manager|EVT:E26|EVT:E3
1.0,COMP:compute_resource_tracker|EVT:E26|EVT:E3
1.0,COMP:compute_claims|EVT:E26|EVT:E3
0.6,EVT:E26|EVT:E29|EVT:E3
1.0,EVT:E23|EVT:E24|EVT:E3
1.0,EVT:E2|EVT:E24|EVT:E3
1.0,EVT:E22|EVT:E24|EVT:E3
1.0,EVT:E21|EVT:E24|EVT:E3
1.0,EVT:E20|EVT:E24|EVT:E3
1.0,EVT:E18|EVT:E24|EVT:E3
1.0,EVT:E19|EVT:E24|EVT:E3
1.0,EVT:E17|EVT:E24|EVT:E3
1.0,EVT:E16|EVT:E24|EVT:E3
1.0,COMP:wsgi_server|EVT:E24|EVT:E3
1.0,EVT:E15|EVT:E24|EVT:E3
1.0,EVT:E14|EVT:E24|EVT:E3
1.0,EVT:E13|EVT:E24|EVT:E3
1.0,EVT:E12|EVT:E24|EVT:E3
1.0,EVT:E11|EVT:E24|EVT:E3
1.0,EVT:E10|EVT:E24|EVT:E3
1.0,EVT:E1|EVT:E24|EVT:E3
1.0,COMP:compute_server_external_events|EVT:E24|EVT:E3
1.0,COMP:openstack_wsgi|EVT:E24|EVT:E3
1.0,COMP:libvirt_imagecache|EVT:E24|EVT:E3
1.0,COMP:libvirt_driver|EVT:E24|EVT:E3
1.0,COMP:compute_manager|EVT:E24|EVT:E3
1.0,COMP:compute_resource_tracker|EVT:E24|EVT:E3
1.0,COMP:compute_claims|EVT:E24|EVT:E3
0.6,EVT:E24|EVT:E29|EVT:E3
1.0,EVT:E2|EVT:E23|EVT:E3
1.0,EVT:E22|EVT:E23|EVT:E3
1.0,EVT:E21|EVT:E23|EVT:E3
1.0,EVT:E20|EVT:E23|EVT:E3
1.0,EVT:E18|EVT:E23|EVT:E3
1.0,EVT:E19|EVT:E23|EVT:E3
1.0,EVT:E17|EVT:E23|EVT:E3
1.0,EVT:E16|EVT:E23|EVT:E3
1.0,COMP:wsgi_server|EVT:E23|EVT:E3
1.0,EVT:E15|EVT:E23|EVT:E3
1.0,EVT:E14|EVT:E23|EVT:E3
1.0,EVT:E13|EVT:E23|EVT:E3
1.0,EVT:E12|EVT:E23|EVT:E3
1.0,EVT:E11|EVT:E23|EVT:E3
1.0,EVT:E10|EVT:E23|EVT:E3
1.0,EVT:E1|EVT:E23|EVT:E3
1.0,COMP:compute_server_external_events|EVT:E23|EVT:E3
1.0,COMP:openstack_wsgi|EVT:E23|EVT:E3
1.0,COMP:libvirt_imagecache|EVT:E23|EVT:E3
1.0,COMP:libvirt_driver|EVT:E23|EVT:E3
1.0,COMP:compute_manager|EVT:E23|EVT:E3
1.0,COMP:compute_resource_tracker|EVT:E23|EVT:E3
1.0,COMP:compute_claims|EVT:E23|EVT:E3
0.6,EVT:E23|EVT:E29|EVT:E3
1.0,EVT:E2|EVT:E22|EVT:E3
1.0,EVT:E2|EVT:E21|EVT:E3
1.0,EVT:E2|EVT:E20|EVT:E3
1.0,EVT:E18|EVT:E2|EVT:E3
1.0,EVT:E19|EVT:E2|EVT:E3
1.0,EVT:E17|EVT:E2|EVT:E3
1.0,EVT:E16|EVT:E2|EVT:E3
1.0,COMP:wsgi_server|EVT:E2|EVT:E3
1.0,EVT:E15|EVT:E2|EVT:E3
1.0,EVT:E14|EVT:E2|EVT:E3
1.0,EVT:E13|EVT:E2|EVT:E3
1.0,EVT:E12|EVT:E2|EVT:E3
1.0,EVT:E11|EVT:E2|EVT:E3
1.0,EVT:E10|EVT:E2|EVT:E3
1.0,EVT:E1|EVT:E2|EVT:E3
1.0,COMP:compute_server_external_events|EVT:E2|EVT:E3
1.0,COMP:openstack_wsgi|EVT:E2|EVT:E3
1.0,COMP:libvirt_imagecache|EVT:E2|EVT:E3
1.0,COMP:libvirt_driver|EVT:E2|EVT:E3
1.0,COMP:compute_manager|EVT:E2|EVT:E3
1.0,COMP:compute_resource_tracker|EVT:E2|EVT:E3
1.0,COMP:compute_claims|EVT:E2|EVT:E3
0.6,EVT:E2|EVT:E29|EVT:E3
1.0,EVT:E21|EVT:E22|EVT:E3
1.0,EVT:E20|EVT:E22|EVT:E3
1.0,EVT:E18|EVT:E22|EVT:E3
1.0,EVT:E19|EVT:E22|EVT:E3
1.0,EVT:E17|EVT:E22|EVT:E3
1.0,EVT:E16|EVT:E22|EVT:E3
1.0,COMP:wsgi_server|EVT:E22|EVT:E3
1.0,EVT:E15|EVT:E22|EVT:E3
1.0,EVT:E14|EVT:E22|EVT:E3
1.0,EVT:E13|EVT:E22|EVT:E3
1.0,EVT:E12|EVT:E22|EVT:E3
1.0,EVT:E11|EVT:E22|EVT:E3
1.0,EVT:E10|EVT:E22|EVT:E3
1.0,EVT:E1|EVT:E22|EVT:E3
1.0,COMP:compute_server_external_events|EVT:E22|EVT:E3
1.0,COMP:openstack_wsgi|EVT:E22|EVT:E3
1.0,COMP:libvirt_imagecache|EVT:E22|EVT:E3
1.0,COMP:libvirt_driver|EVT:E22|EVT:E3
1.0,COMP:compute_manager|EVT:E22|EVT:E3
1.0,COMP:compute_resource_tracker|EVT:E22|EVT:E3
1.0,COMP:compute_claims|EVT:E22|EVT:E3
0.6,EVT:E22|EVT:E29|EVT:E3
1.0,EVT:E20|EVT:E21|EVT:E3
1.0,EVT:E18|EVT:E21|EVT:E3
1.0,EVT:E19|EVT:E21|EVT:E3
1.0,EVT:E17|EVT:E21|EVT:E3
1.0,EVT:E16|EVT:E21|EVT:E3
1.0,COMP:wsgi_server|EVT:E21|EVT:E3
1.0,EVT:E15|EVT:E21|EVT:E3
1.0,EVT:E14|EVT:E21|EVT:E3
1.0,EVT:E13|EVT:E21|EVT:E3
1.0,EVT:E12|EVT:E21|EVT:E3
1.0,EVT:E11|EVT:E21|EVT:E3
1.0,EVT:E10|EVT:E21|EVT:E3
1.0,EVT:E1|EVT:E21|EVT:E3
1.0,COMP:compute_server_external_events|EVT:E21|EVT:E3
1.0,COMP:openstack_wsgi|EVT:E21|EVT:E3
1.0,COMP:libvirt_imagecache|EVT:E21|EVT:E3
1.0,COMP:libvirt_driver|EVT:E21|EVT:E3
1.0,COMP:compute_manager|EVT:E21|EVT:E3
1.0,COMP:compute_resource_tracker|EVT:E21|EVT:E3
1.0,COMP:compute_claims|EVT:E21|EVT:E3
0.6,EVT:E21|EVT:E29|EVT:E3
1.0,EVT:E18|EVT:E20|EVT:E3
1.0,EVT:E19|EVT:E20|EVT:E3
1.0,EVT:E17|EVT:E20|EVT:E3
1.0,EVT:E16|EVT:E20|EVT:E3
1.0,COMP:wsgi_server|EVT:E20|EVT:E3
1.0,EVT:E15|EVT:E20|EVT:E3
1.0,EVT:E14|EVT:E20|EVT:E3
1.0,EVT:E13|EVT:E20|EVT:E3
1.0,EVT:E12|EVT:E20|EVT:E3
1.0,EVT:E11|EVT:E20|EVT:E3
1.0,EVT:E10|EVT:E20|EVT:E3
1.0,EVT:E1|EVT:E20|EVT:E3
1.0,COMP:compute_server_external_events|EVT:E20|EVT:E3
1.0,COMP:openstack_wsgi|EVT:E20|EVT:E3
1.0,COMP:libvirt_imagecache|EVT:E20|EVT:E3
1.0,COMP:libvirt_driver|EVT:E20|EVT:E3
1.0,COMP:compute_manager|EVT:E20|EVT:E3
1.0,COMP:compute_resource_tracker|EVT:E20|EVT:E3
1.0,COMP:compute_claims|EVT:E20|EVT:E3
0.6,EVT:E20|EVT:E29|EVT:E3
1.0,EVT:E18|EVT:E19|EVT:E3
1.0,EVT:E17|EVT:E18|EVT:E3
1.0,EVT:E16|EVT:E18|EVT:E3
1.0,COMP:wsgi_server|EVT:E18|EVT:E3
1.0,EVT:E15|EVT:E18|EVT:E3
1.0,EVT:E14|EVT:E18|EVT:E3
1.0,EVT:E13|EVT:E18|EVT:E3
1.0,EVT:E12|EVT:E18|EVT:E3
1.0,EVT:E11|EVT:E18|EVT:E3
1.0,EVT:E10|EVT:E18|EVT:E3
1.0,EVT:E1|EVT:E18|EVT:E3
1.0,COMP:compute_server_external_events|EVT:E18|EVT:E3
1.0,COMP:openstack_wsgi|EVT:E18|EVT:E3
1.0,COMP:libvirt_imagecache|EVT:E18|EVT:E3
1.0,COMP:libvirt_driver|EVT:E18|EVT:E3
1.0,COMP:compute_manager|EVT:E18|EVT:E3
1.0,COMP:compute_resource_tracker|EVT:E18|EVT:E3
1.0,COMP:compute_claims|EVT:E18|EVT:E3
0.6,EVT:E18|EVT:E29|EVT:E3
1.0,EVT:E17|EVT:E19|EVT:E3
1.0,EVT:E16|EVT:E19|EVT:E3
1.0,COMP:wsgi_server|EVT:E19|EVT:E3
1.0,EVT:E15|EVT:E19|EVT:E3
1.0,EVT:E14|EVT:E19|EVT:E3
1.0,EVT:E13|EVT:E19|EVT:E3
1.0,EVT:E12|EVT:E19|EVT:E3
1.0,EVT:E11|EVT:E19|EVT:E3
1.0,EVT:E10|EVT:E19|EVT:E3
1.0,EVT:E1|EVT:E19|EVT:E3
1.0,COMP:compute_server_external_events|EVT:E19|EVT:E3
1.0,COMP:openstack_wsgi|EVT:E19|EVT:E3
1.0,COMP:libvirt_imagecache|EVT:E19|EVT:E3
1.0,COMP:libvirt_driver|EVT:E19|EVT:E3
1.0,COMP:compute_manager|EVT:E19|EVT:E3
1.0,COMP:compute_resource_tracker|EVT:E19|EVT:E3
1.0,COMP:compute_claims|EVT:E19|EVT:E3
0.6,EVT:E19|EVT:E29|EVT:E3
1.0,EVT:E16|EVT:E17|EVT:E3
1.0,COMP:wsgi_server|EVT:E17|EVT:E3
1.0,EVT:E15|EVT:E17|EVT:E3
1.0,EVT:E14|EVT:E17|EVT:E3
1.0,EVT:E13|EVT:E17|EVT:E3
1.0,EVT:E12|EVT:E17|EVT:E3
1.0,EVT:E11|EVT:E17|EVT:E3
1.0,EVT:E10|EVT:E17|EVT:E3
1.0,EVT:E1|EVT:E17|EVT:E3
1.0,COMP:compute_server_external_events|EVT:E17|EVT:E3
1.0,COMP:openstack_wsgi|EVT:E17|EVT:E3
1.0,COMP:libvirt_imagecache|EVT:E17|EVT:E3
1.0,COMP:libvirt_driver|EVT:E17|EVT:E3
1.0,COMP:compute_manager|EVT:E17|EVT:E3
1.0,COMP:compute_resource_tracker|EVT:E17|EVT:E3
1.0,COMP:compute_claims|EVT:E17|EVT:E3
0.6,EVT:E17|EVT:E29|EVT:E3
1.0,COMP:wsgi_server|EVT:E16|EVT:E3
1.0,EVT:E15|EVT:E16|EVT:E3
1.0,EVT:E14|EVT:E16|EVT:E3
1.0,EVT:E13|EVT:E16|EVT:E3
1.0,EVT:E12|EVT:E16|EVT:E3
1.0,EVT:E11|EVT:E16|EVT:E3
1.0,EVT:E10|EVT:E16|EVT:E3
1.0,EVT:E1|EVT:E16|EVT:E3
1.0,COMP:compute_server_external_events|EVT:E16|EVT:E3
1.0,COMP:openstack_wsgi|EVT:E16|EVT:E3
1.0,COMP:libvirt_imagecache|EVT:E16|EVT:E3
1.0,COMP:libvirt_driver|EVT:E16|EVT:E3
1.0,COMP:compute_manager|EVT:E16|EVT:E3
1.0,COMP:compute_resource_tracker|EVT:E16|EVT:E3
1.0,COMP:compute_claims|EVT:E16|EVT:E3
0.6,EVT:E16|EVT:E29|EVT:E3
1.0,COMP:wsgi_server|EVT:E15|EVT:E3
1.0,COMP:wsgi_server|EVT:E14|EVT:E3
1.0,COMP:wsgi_server|EVT:E13|EVT:E3
1.0,COMP:wsgi_server|EVT:E12|EVT:E3
1.0,COMP:wsgi_server|EVT:E11|EVT:E3
1.0,COMP:wsgi_server|EVT:E10|EVT:E3
1.0,COMP:wsgi_server|EVT:E1|EVT:E3
1.0,COMP:compute_server_external_events|COMP:wsgi_server|EVT:E3
1.0,COMP:openstack_wsgi|COMP:wsgi_server|EVT:E3
1.0,COMP:libvirt_imagecache|COMP:wsgi_server|EVT:E3
1.0,COMP:libvirt_driver|COMP:wsgi_server|EVT:E3
1.0,COMP:compute_manager|COMP:wsgi_server|EVT:E3
1.0,COMP:compute_resource_tracker|COMP:wsgi_server|EVT:E3
1.0,COMP:compute_claims|COMP:wsgi_server|EVT:E3
0.6,COMP:wsgi_server|EVT:E29|EVT:E3
1.0,EVT:E14|EVT:E15|EVT:E3
1.0,EVT:E13|EVT:E15|EVT:E3
1.0,EVT:E12|EVT:E15|EVT:E3
1.0,EVT:E11|EVT:E15|EVT:E3
1.0,EVT:E10|EVT:E15|EVT:E3
1.0,EVT:E1|EVT:E15|EVT:E3
1.0,COMP:compute_server_external_events|EVT:E15|EVT:E3
1.0,COMP:openstack_wsgi|EVT:E15|EVT:E3
1.0,COMP:libvirt_imagecache|EVT:E15|EVT:E3
1.0,COMP:libvirt_driver|EVT:E15|EVT:E3
1.0,COMP:compute_manager|EVT:E15|EVT:E3
1.0,COMP:compute_resource_tracker|EVT:E15|EVT:E3
1.0,COMP:compute_claims|EVT:E15|EVT:E3
0.6,EVT:E15|EVT:E29|EVT:E3
1.0,EVT:E13|EVT:E14|EVT:E3
1.0,EVT:E12|EVT:E14|EVT:E3
1.0,EVT:E11|EVT:E14|EVT:E3
1.0,EVT:E10|EVT:E14|EVT:E3
1.0,EVT:E1|EVT:E14|EVT:E3
1.0,COMP:compute_server_external_events|EVT:E14|EVT:E3
1.0,COMP:openstack_wsgi|EVT:E14|EVT:E3
1.0,COMP:libvirt_imagecache|EVT:E14|EVT:E3
1.0,COMP:libvirt_driver|EVT:E14|EVT:E3
1.0,COMP:compute_manager|EVT:E14|EVT:E3
1.0,COMP:compute_resource_tracker|EVT:E14|EVT:E3
1.0,COMP:compute_claims|EVT:E14|EVT:E3
0.6,EVT:E14|EVT:E29|EVT:E3
1.0,EVT:E12|EVT:E13|EVT:E3
1.0,EVT:E11|EVT:E13|EVT:E3
1.0,EVT:E10|EVT:E13|EVT:E3
1.0,EVT:E1|EVT:E13|EVT:E3
1.0,COMP:compute_server_external_events|EVT:E13|EVT:E3
1.0,COMP:openstack_wsgi|EVT:E13|EVT:E3
1.0,COMP:libvirt_imagecache|EVT:E13|EVT:E3
1.0,COMP:libvirt_driver|EVT:E13|EVT:E3
1.0,COMP:compute_manager|EVT:E13|EVT:E3
1.0,COMP:compute_resource_tracker|EVT:E13|EVT:E3
1.0,COMP:compute_claims|EVT:E13|EVT:E3
0.6,EVT:E13|EVT:E29|EVT:E3
1.0,EVT:E11|EVT:E12|EVT:E3
1.0,EVT:E10|EVT:E12|EVT:E3
1.0,EVT:E1|EVT:E12|EVT:E3
1.0,COMP:compute_server_external_events|EVT:E12|EVT:E3
1.0,COMP:openstack_wsgi|EVT:E12|EVT:E3
1.0,COMP:libvirt_imagecache|EVT:E12|EVT:E3
1.0,COMP:libvirt_driver|EVT:E12|EVT:E3
1.0,COMP:compute_manager|EVT:E12|EVT:E3
1.0,COMP:compute_resource_tracker|EVT:E12|EVT:E3
1.0,COMP:compute_claims|EVT:E12|EVT:E3
0.6,EVT:E12|EVT:E29|EVT:E3
1.0,EVT:E10|EVT:E11|EVT:E3
1.0,EVT:E1|EVT:E11|EVT:E3
1.0,COMP:compute_server_external_events|EVT:E11|EVT:E3
1.0,COMP:openstack_wsgi|EVT:E11|EVT:E3
1.0,COMP:libvirt_imagecache|EVT:E11|EVT:E3
1.0,COMP:libvirt_driver|EVT:E11|EVT:E3
1.0,COMP:compute_manager|EVT:E11|EVT:E3
1.0,COMP:compute_resource_tracker|EVT:E11|EVT:E3
1.0,COMP:compute_claims|EVT:E11|EVT:E3
0.6,EVT:E11|EVT:E29|EVT:E3
1.0,EVT:E1|EVT:E10|EVT:E3
1.0,COMP:compute_server_external_events|EVT:E10|EVT:E3
1.0,COMP:openstack_wsgi|EVT:E10|EVT:E3
1.0,COMP:libvirt_imagecache|EVT:E10|EVT:E3
1.0,COMP:libvirt_driver|EVT:E10|EVT:E3
1.0,COMP:compute_manager|EVT:E10|EVT:E3
1.0,COMP:compute_resource_tracker|EVT:E10|EVT:E3
1.0,COMP:compute_claims|EVT:E10|EVT:E3
0.6,EVT:E10|EVT:E29|EVT:E3
1.0,COMP:compute_server_external_events|EVT:E1|EVT:E3
1.0,COMP:openstack_wsgi|EVT:E1|EVT:E3
1.0,COMP:libvirt_imagecache|EVT:E1|EVT:E3
1.0,COMP:libvirt_driver|EVT:E1|EVT:E3
1.0,COMP:compute_manager|EVT:E1|EVT:E3
1.0,COMP:compute_resource_tracker|EVT:E1|EVT:E3
1.0,COMP:compute_claims|EVT:E1|EVT:E3
0.6,EVT:E1|EVT:E29|EVT:E3
1.0,COMP:compute_server_external_events|COMP:openstack_wsgi|EVT:E3
1.0,COMP:compute_server_external_events|COMP:libvirt_imagecache|EVT:E3
1.0,COMP:compute_server_external_events|COMP:libvirt_driver|EVT:E3
1.0,COMP:compute_manager|COMP:compute_server_external_events|EVT:E3
1.0,COMP:compute_resource_tracker|COMP:compute_server_external_events|EVT:E3
1.0,COMP:compute_claims|COMP:compute_server_external_events|EVT:E3
0.6,COMP:compute_server_external_events|EVT:E29|EVT:E3
1.0,COMP:libvirt_imagecache|COMP:openstack_wsgi|EVT:E3
1.0,COMP:libvirt_driver|COMP:openstack_wsgi|EVT:E3
1.0,COMP:compute_manager|COMP:openstack_wsgi|EVT:E3
1.0,COMP:compute_resource_tracker|COMP:openstack_wsgi|EVT:E3
1.0,COMP:compute_claims|COMP:openstack_wsgi|EVT:E3
0.6,COMP:openstack_wsgi|EVT:E29|EVT:E3
1.0,COMP:libvirt_driver|COMP:libvirt_imagecache|EVT:E3
1.0,COMP:compute_manager|COMP:libvirt_imagecache|EVT:E3
1.0,COMP:compute_resource_tracker|COMP:libvirt_imagecache|EVT:E3
1.0,COMP:compute_claims|COMP:libvirt_imagecache|EVT:E3
0.6,COMP:libvirt_imagecache|EVT:E29|EVT:E3
1.0,COMP:compute_manager|COMP:libvirt_driver|EVT:E3
1.0,COMP:compute_resource_tracker|COMP:libvirt_driver|EVT:E3
1.0,COMP:compute_claims|COMP:libvirt_driver|EVT:E3
0.6,COMP:libvirt_driver|EVT:E29|EVT:E3
1.0,COMP:compute_manager|COMP:compute_resource_tracker|EVT:E3
1.0,COMP:compute_claims|COMP:compute_manager|EVT:E3
0.6,COMP:compute_manager|EVT:E29|EVT:E3
1.0,COMP:compute_claims|COMP:compute_resource_tracker|EVT:E3
0.6,COMP:compute_resource_tracker|EVT:E29|EVT:E3
0.6,COMP:compute_claims|EVT:E29|EVT:E3
1.0,EVT:E25|EVT:E27|EVT:E28
1.0,EVT:E26|EVT:E27|EVT:E28
1.0,EVT:E24|EVT:E27|EVT:E28
1.0,EVT:E23|EVT:E27|EVT:E28
1.0,EVT:E2|EVT:E27|EVT:E28
1.0,EVT:E22|EVT:E27|EVT:E28
1.0,EVT:E21|EVT:E27|EVT:E28
1.0,EVT:E20|EVT:E27|EVT:E28
1.0,EVT:E18|EVT:E27|EVT:E28
1.0,EVT:E19|EVT:E27|EVT:E28
1.0,EVT:E17|EVT:E27|EVT:E28
1.0,EVT:E16|EVT:E27|EVT:E28
1.0,COMP:wsgi_server|EVT:E27|EVT:E28
1.0,EVT:E15|EVT:E27|EVT:E28
1.0,EVT:E14|EVT:E27|EVT:E28
1.0,EVT:E13|EVT:E27|EVT:E28
1.0,EVT:E12|EVT:E27|EVT:E28
1.0,EVT:E11|EVT:E27|EVT:E28
1.0,EVT:E10|EVT:E27|EVT:E28
1.0,EVT:E1|EVT:E27|EVT:E28
1.0,COMP:compute_server_external_events|EVT:E27|EVT:E28
1.0,COMP:openstack_wsgi|EVT:E27|EVT:E28
1.0,COMP:libvirt_imagecache|EVT:E27|EVT:E28
1.0,COMP:libvirt_driver|EVT:E27|EVT:E28
1.0,COMP:compute_manager|EVT:E27|EVT:E28
1.0,COMP:compute_resource_tracker|EVT:E27|EVT:E28
1.0,COMP:compute_claims|EVT:E27|EVT:E28
0.6,EVT:E27|EVT:E28|EVT:E29
1.0,EVT:E25|EVT:E26|EVT:E28
1.0,EVT:E24|EVT:E25|EVT:E28
1.0,EVT:E23|EVT:E25|EVT:E28
1.0,EVT:E2|EVT:E25|EVT:E28
1.0,EVT:E22|EVT:E25|EVT:E28
1.0,EVT:E21|EVT:E25|EVT:E28
1.0,EVT:E20|EVT:E25|EVT:E28
1.0,EVT:E18|EVT:E25|EVT:E28
1.0,EVT:E19|EVT:E25|EVT:E28
1.0,EVT:E17|EVT:E25|EVT:E28
1.0,EVT:E16|EVT:E25|EVT:E28
1.0,COMP:wsgi_server|EVT:E25|EVT:E28
1.0,EVT:E15|EVT:E25|EVT:E28
1.0,EVT:E14|EVT:E25|EVT:E28
1.0,EVT:E13|EVT:E25|EVT:E28
1.0,EVT:E12|EVT:E25|EVT:E28
1.0,EVT:E11|EVT:E25|EVT:E28
1.0,EVT:E10|EVT:E25|EVT:E28
1.0,EVT:E1|EVT:E25|EVT:E28
1.0,COMP:compute_server_external_events|EVT:E25|EVT:E28
1.0,COMP:openstack_wsgi|EVT:E25|EVT:E28
1.0,COMP:libvirt_imagecache|EVT:E25|EVT:E28
1.0,COMP:libvirt_driver|EVT:E25|EVT:E28
1.0,COMP:compute_manager|EVT:E25|EVT:E28
1.0,COMP:compute_resource_tracker|EVT:E25|EVT:E28
1.0,COMP:compute_claims|EVT:E25|EVT:E28
0.6,EVT:E25|EVT:E28|EVT:E29
1.0,EVT:E24|EVT:E26|EVT:E28
1.0,EVT:E23|EVT:E26|EVT:E28
1.0,EVT:E2|EVT:E26|EVT:E28
1.0,EVT:E22|EVT:E26|EVT:E28
1.0,EVT:E21|EVT:E26|EVT:E28
1.0,EVT:E20|EVT:E26|EVT:E28
1.0,EVT:E18|EVT:E26|EVT:E28
1.0,EVT:E19|EVT:E26|EVT:E28
1.0,EVT:E17|EVT:E26|EVT:E28
1.0,EVT:E16|EVT:E26|EVT:E28
1.0,COMP:wsgi_server|EVT:E26|EVT:E28
1.0,EVT:E15|EVT:E26|EVT:E28
1.0,EVT:E14|EVT:E26|EVT:E28
1.0,EVT:E13|EVT:E26|EVT:E28
1.0,EVT:E12|EVT:E26|EVT:E28
1.0,EVT:E11|EVT:E26|EVT:E28
1.0,EVT:E10|EVT:E26|EVT:E28
1.0,EVT:E1|EVT:E26|EVT:E28
1.0,COMP:compute_server_external_events|EVT:E26|EVT:E28
1.0,COMP:openstack_wsgi|EVT:E26|EVT:E28
1.0,COMP:libvirt_imagecache|EVT:E26|EVT:E28
1.0,COMP:libvirt_driver|EVT:E26|EVT:E28
1.0,COMP:compute_manager|EVT:E26|EVT:E28
1.0,COMP:compute_resource_tracker|EVT:E26|EVT:E28
1.0,COMP:compute_claims|EVT:E26|EVT:E28
0.6,EVT:E26|EVT:E28|EVT:E29
1.0,EVT:E23|EVT:E24|EVT:E28
1.0,EVT:E2|EVT:E24|EVT:E28
1.0,EVT:E22|EVT:E24|EVT:E28
1.0,EVT:E21|EVT:E24|EVT:E28
1.0,EVT:E20|EVT:E24|EVT:E28
1.0,EVT:E18|EVT:E24|EVT:E28
1.0,EVT:E19|EVT:E24|EVT:E28
1.0,EVT:E17|EVT:E24|EVT:E28
1.0,EVT:E16|EVT:E24|EVT:E28
1.0,COMP:wsgi_server|EVT:E24|EVT:E28
1.0,EVT:E15|EVT:E24|EVT:E28
1.0,EVT:E14|EVT:E24|EVT:E28
1.0,EVT:E13|EVT:E24|EVT:E28
1.0,EVT:E12|EVT:E24|EVT:E28
1.0,EVT:E11|EVT:E24|EVT:E28
1.0,EVT:E10|EVT:E24|EVT:E28
1.0,EVT:E1|EVT:E24|EVT:E28
1.0,COMP:compute_server_external_events|EVT:E24|EVT:E28
1.0,COMP:openstack_wsgi|EVT:E24|EVT:E28
1.0,COMP:libvirt_imagecache|EVT:E24|EVT:E28
1.0,COMP:libvirt_driver|EVT:E24|EVT:E28
1.0,COMP:compute_manager|EVT:E24|EVT:E28
1.0,COMP:compute_resource_tracker|EVT:E24|EVT:E28
1.0,COMP:compute_claims|EVT:E24|EVT:E28
0.6,EVT:E24|EVT:E28|EVT:E29
1.0,EVT:E2|EVT:E23|EVT:E28
1.0,EVT:E22|EVT:E23|EVT:E28
1.0,EVT:E21|EVT:E23|EVT:E28
1.0,EVT:E20|EVT:E23|EVT:E28
1.0,EVT:E18|EVT:E23|EVT:E28
1.0,EVT:E19|EVT:E23|EVT:E28
1.0,EVT:E17|EVT:E23|EVT:E28
1.0,EVT:E16|EVT:E23|EVT:E28
1.0,COMP:wsgi_server|EVT:E23|EVT:E28
1.0,EVT:E15|EVT:E23|EVT:E28
1.0,EVT:E14|EVT:E23|EVT:E28
1.0,EVT:E13|EVT:E23|EVT:E28
1.0,EVT:E12|EVT:E23|EVT:E28
1.0,EVT:E11|EVT:E23|EVT:E28
1.0,EVT:E10|EVT:E23|EVT:E28
1.0,EVT:E1|EVT:E23|EVT:E28
1.0,COMP:compute_server_external_events|EVT:E23|EVT:E28
1.0,COMP:openstack_wsgi|EVT:E23|EVT:E28
1.0,COMP:libvirt_imagecache|EVT:E23|EVT:E28
1.0,COMP:libvirt_driver|EVT:E23|EVT:E28
1.0,COMP:compute_manager|EVT:E23|EVT:E28
1.0,COMP:compute_resource_tracker|EVT:E23|EVT:E28
1.0,COMP:compute_claims|EVT:E23|EVT:E28
0.6,EVT:E23|EVT:E28|EVT:E29
1.0,EVT:E2|EVT:E22|EVT:E28
1.0,EVT:E2|EVT:E21|EVT:E28
1.0,EVT:E2|EVT:E20|EVT:E28
1.0,EVT:E18|EVT:E2|EVT:E28
1.0,EVT:E19|EVT:E2|EVT:E28
1.0,EVT:E17|EVT:E2|EVT:E28
1.0,EVT:E16|EVT:E2|EVT:E28
1.0,COMP:wsgi_server|EVT:E2|EVT:E28
1.0,EVT:E15|EVT:E2|EVT:E28
1.0,EVT:E14|EVT:E2|EVT:E28
1.0,EVT:E13|EVT:E2|EVT:E28
1.0,EVT:E12|EVT:E2|EVT:E28
1.0,EVT:E11|EVT:E2|EVT:E28
1.0,EVT:E10|EVT:E2|EVT:E28
1.0,EVT:E1|EVT:E2|EVT:E28
1.0,COMP:compute_server_external_events|EVT:E2|EVT:E28
1.0,COMP:openstack_wsgi|EVT:E2|EVT:E28
1.0,COMP:libvirt_imagecache|EVT:E2|EVT:E28
1.0,COMP:libvirt_driver|EVT:E2|EVT:E28
1.0,COMP:compute_manager|EVT:E2|EVT:E28
1.0,COMP:compute_resource_tracker|EVT:E2|EVT:E28
1.0,COMP:compute_claims|EVT:E2|EVT:E28
0.6,EVT:E2|EVT:E28|EVT:E29
1.0,EVT:E21|EVT:E22|EVT:E28
1.0,EVT:E20|EVT:E22|EVT:E28
1.0,EVT:E18|EVT:E22|EVT:E28
1.0,EVT:E19|EVT:E22|EVT:E28
1.0,EVT:E17|EVT:E22|EVT:E28
1.0,EVT:E16|EVT:E22|EVT:E28
1.0,COMP:wsgi_server|EVT:E22|EVT:E28
1.0,EVT:E15|EVT:E22|EVT:E28
1.0,EVT:E14|EVT:E22|EVT:E28
1.0,EVT:E13|EVT:E22|EVT:E28
1.0,EVT:E12|EVT:E22|EVT:E28
1.0,EVT:E11|EVT:E22|EVT:E28
1.0,EVT:E10|EVT:E22|EVT:E28
1.0,EVT:E1|EVT:E22|EVT:E28
1.0,COMP:compute_server_external_events|EVT:E22|EVT:E28
1.0,COMP:openstack_wsgi|EVT:E22|EVT:E28
1.0,COMP:libvirt_imagecache|EVT:E22|EVT:E28
1.0,COMP:libvirt_driver|EVT:E22|EVT:E28
1.0,COMP:compute_manager|EVT:E22|EVT:E28
1.0,COMP:compute_resource_tracker|EVT:E22|EVT:E28
1.0,COMP:compute_claims|EVT:E22|EVT:E28
0.6,EVT:E22|EVT:E28|EVT:E29
1.0,EVT:E20|EVT:E21|EVT:E28
1.0,EVT:E18|EVT:E21|EVT:E28
1.0,EVT:E19|EVT:E21|EVT:E28
1.0,EVT:E17|EVT:E21|EVT:E28
1.0,EVT:E16|EVT:E21|EVT:E28
1.0,COMP:wsgi_server|EVT:E21|EVT:E28
1.0,EVT:E15|EVT:E21|EVT:E28
1.0,EVT:E14|EVT:E21|EVT:E28
1.0,EVT:E13|EVT:E21|EVT:E28
1.0,EVT:E12|EVT:E21|EVT:E28
1.0,EVT:E11|EVT:E21|EVT:E28
1.0,EVT:E10|EVT:E21|EVT:E28
1.0,EVT:E1|EVT:E21|EVT:E28
1.0,COMP:compute_server_external_events|EVT:E21|EVT:E28
1.0,COMP:openstack_wsgi|EVT:E21|EVT:E28
1.0,COMP:libvirt_imagecache|EVT:E21|EVT:E28
1.0,COMP:libvirt_driver|EVT:E21|EVT:E28
1.0,COMP:compute_manager|EVT:E21|EVT:E28
1.0,COMP:compute_resource_tracker|EVT:E21|EVT:E28
1.0,COMP:compute_claims|EVT:E21|EVT:E28
0.6,EVT:E21|EVT:E28|EVT:E29
1.0,EVT:E18|EVT:E20|EVT:E28
1.0,EVT:E19|EVT:E20|EVT:E28
1.0,EVT:E17|EVT:E20|EVT:E28
1.0,EVT:E16|EVT:E20|EVT:E28
1.0,COMP:wsgi_server|EVT:E20|EVT:E28
1.0,EVT:E15|EVT:E20|EVT:E28
1.0,EVT:E14|EVT:E20|EVT:E28
1.0,EVT:E13|EVT:E20|EVT:E28
1.0,EVT:E12|EVT:E20|EVT:E28
1.0,EVT:E11|EVT:E20|EVT:E28
1.0,EVT:E10|EVT:E20|EVT:E28
1.0,EVT:E1|EVT:E20|EVT:E28
1.0,COMP:compute_server_external_events|EVT:E20|EVT:E28
1.0,COMP:openstack_wsgi|EVT:E20|EVT:E28
1.0,COMP:libvirt_imagecache|EVT:E20|EVT:E28
1.0,COMP:libvirt_driver|EVT:E20|EVT:E28
1.0,COMP:compute_manager|EVT:E20|EVT:E28
1.0,COMP:compute_resource_tracker|EVT:E20|EVT:E28
1.0,COMP:compute_claims|EVT:E20|EVT:E28
0.6,EVT:E20|EVT:E28|EVT:E29
1.0,EVT:E18|EVT:E19|EVT:E28
1.0,EVT:E17|EVT:E18|EVT:E28
1.0,EVT:E16|EVT:E18|EVT:E28
1.0,COMP:wsgi_server|EVT:E18|EVT:E28
1.0,EVT:E15|EVT:E18|EVT:E28
1.0,EVT:E14|EVT:E18|EVT:E28
1.0,EVT:E13|EVT:E18|EVT:E28
1.0,EVT:E12|EVT:E18|EVT:E28
1.0,EVT:E11|EVT:E18|EVT:E28
1.0,EVT:E10|EVT:E18|EVT:E28
1.0,EVT:E1|EVT:E18|EVT:E28
1.0,COMP:compute_server_external_events|EVT:E18|EVT:E28
1.0,COMP:openstack_wsgi|EVT:E18|EVT:E28
1.0,COMP:libvirt_imagecache|EVT:E18|EVT:E28
1.0,COMP:libvirt_driver|EVT:E18|EVT:E28
1.0,COMP:compute_manager|EVT:E18|EVT:E28
1.0,COMP:compute_resource_tracker|EVT:E18|EVT:E28
1.0,COMP:compute_claims|EVT:E18|EVT:E28
0.6,EVT:E18|EVT:E28|EVT:E29
1.0,EVT:E17|EVT:E19|EVT:E28
1.0,EVT:E16|EVT:E19|EVT:E28
1.0,COMP:wsgi_server|EVT:E19|EVT:E28
1.0,EVT:E15|EVT:E19|EVT:E28
1.0,EVT:E14|EVT:E19|EVT:E28
1.0,EVT:E13|EVT:E19|EVT:E28
1.0,EVT:E12|EVT:E19|EVT:E28
1.0,EVT:E11|EVT:E19|EVT:E28
1.0,EVT:E10|EVT:E19|EVT:E28
1.0,EVT:E1|EVT:E19|EVT:E28
1.0,COMP:compute_server_external_events|EVT:E19|EVT:E28
1.0,COMP:openstack_wsgi|EVT:E19|EVT:E28
1.0,COMP:libvirt_imagecache|EVT:E19|EVT:E28
1.0,COMP:libvirt_driver|EVT:E19|EVT:E28
1.0,COMP:compute_manager|EVT:E19|EVT:E28
1.0,COMP:compute_resource_tracker|EVT:E19|EVT:E28
1.0,COMP:compute_claims|EVT:E19|EVT:E28
0.6,EVT:E19|EVT:E28|EVT:E29
1.0,EVT:E16|EVT:E17|EVT:E28
1.0,COMP:wsgi_server|EVT:E17|EVT:E28
1.0,EVT:E15|EVT:E17|EVT:E28
1.0,EVT:E14|EVT:E17|EVT:E28
1.0,EVT:E13|EVT:E17|EVT:E28
1.0,EVT:E12|EVT:E17|EVT:E28
1.0,EVT:E11|EVT:E17|EVT:E28
1.0,EVT:E10|EVT:E17|EVT:E28
1.0,EVT:E1|EVT:E17|EVT:E28
1.0,COMP:compute_server_external_events|EVT:E17|EVT:E28
1.0,COMP:openstack_wsgi|EVT:E17|EVT:E28
1.0,COMP:libvirt_imagecache|EVT:E17|EVT:E28
1.0,COMP:libvirt_driver|EVT:E17|EVT:E28
1.0,COMP:compute_manager|EVT:E17|EVT:E28
1.0,COMP:compute_resource_tracker|EVT:E17|EVT:E28
1.0,COMP:compute_claims|EVT:E17|EVT:E28
0.6,EVT:E17|EVT:E28|EVT:E29
1.0,COMP:wsgi_server|EVT:E16|EVT:E28
1.0,EVT:E15|EVT:E16|EVT:E28
1.0,EVT:E14|EVT:E16|EVT:E28
1.0,EVT:E13|EVT:E16|EVT:E28
1.0,EVT:E12|EVT:E16|EVT:E28
1.0,EVT:E11|EVT:E16|EVT:E28
1.0,EVT:E10|EVT:E16|EVT:E28
1.0,EVT:E1|EVT:E16|EVT:E28
1.0,COMP:compute_server_external_events|EVT:E16|EVT:E28
1.0,COMP:openstack_wsgi|EVT:E16|EVT:E28
1.0,COMP:libvirt_imagecache|EVT:E16|EVT:E28
1.0,COMP:libvirt_driver|EVT:E16|EVT:E28
1.0,COMP:compute_manager|EVT:E16|EVT:E28
1.0,COMP:compute_resource_tracker|EVT:E16|EVT:E28
1.0,COMP:compute_claims|EVT:E16|EVT:E28
0.6,EVT:E16|EVT:E28|EVT:E29
1.0,COMP:wsgi_server|EVT:E15|EVT:E28
1.0,COMP:wsgi_server|EVT:E14|EVT:E28
1.0,COMP:wsgi_server|EVT:E13|EVT:E28
1.0,COMP:wsgi_server|EVT:E12|EVT:E28
1.0,COMP:wsgi_server|EVT:E11|EVT:E28
1.0,COMP:wsgi_server|EVT:E10|EVT:E28
1.0,COMP:wsgi_server|EVT:E1|EVT:E28
1.0,COMP:compute_server_external_events|COMP:wsgi_server|EVT:E28
1.0,COMP:openstack_wsgi|COMP:wsgi_server|EVT:E28
1.0,COMP:libvirt_imagecache|COMP:wsgi_server|EVT:E28
1.0,COMP:libvirt_driver|COMP:wsgi_server|EVT:E28
1.0,COMP:compute_manager|COMP:wsgi_server|EVT:E28
1.0,COMP:compute_resource_tracker|COMP:wsgi_server|EVT:E28
1.0,COMP:compute_claims|COMP:wsgi_server|EVT:E28
0.6,COMP:wsgi_server|EVT:E28|EVT:E29
1.0,EVT:E14|EVT:E15|EVT:E28
1.0,EVT:E13|EVT:E15|EVT:E28
1.0,EVT:E12|EVT:E15|EVT:E28
1.0,EVT:E11|EVT:E15|EVT:E28
1.0,EVT:E10|EVT:E15|EVT:E28
1.0,EVT:E1|EVT:E15|EVT:E28
1.0,COMP:compute_server_external_events|EVT:E15|EVT:E28
1.0,COMP:openstack_wsgi|EVT:E15|EVT:E28
1.0,COMP:libvirt_imagecache|EVT:E15|EVT:E28
1.0,COMP:libvirt_driver|EVT:E15|EVT:E28
1.0,COMP:compute_manager|EVT:E15|EVT:E28
1.0,COMP:compute_resource_tracker|EVT:E15|EVT:E28
1.0,COMP:compute_claims|EVT:E15|EVT:E28
0.6,EVT:E15|EVT:E28|EVT:E29
1.0,EVT:E13|EVT:E14|EVT:E28
1.0,EVT:E12|EVT:E14|EVT:E28
1.0,EVT:E11|EVT:E14|EVT:E28
1.0,EVT:E10|EVT:E14|EVT:E28
1.0,EVT:E1|EVT:E14|EVT:E28
1.0,COMP:compute_server_external_events|EVT:E14|EVT:E28
1.0,COMP:openstack_wsgi|EVT:E14|EVT:E28
1.0,COMP:libvirt_imagecache|EVT:E14|EVT:E28
1.0,COMP:libvirt_driver|EVT:E14|EVT:E28
1.0,COMP:compute_manager|EVT:E14|EVT:E28
1.0,COMP:compute_resource_tracker|EVT:E14|EVT:E28
1.0,COMP:compute_claims|EVT:E14|EVT:E28
0.6,EVT:E14|EVT:E28|EVT:E29
1.0,EVT:E12|EVT:E13|EVT:E28
1.0,EVT:E11|EVT:E13|EVT:E28
1.0,EVT:E10|EVT:E13|EVT:E28
1.0,EVT:E1|EVT:E13|EVT:E28
1.0,COMP:compute_server_external_events|EVT:E13|EVT:E28
1.0,COMP:openstack_wsgi|EVT:E13|EVT:E28
1.0,COMP:libvirt_imagecache|EVT:E13|EVT:E28
1.0,COMP:libvirt_driver|EVT:E13|EVT:E28
1.0,COMP:compute_manager|EVT:E13|EVT:E28
1.0,COMP:compute_resource_tracker|EVT:E13|EVT:E28
1.0,COMP:compute_claims|EVT:E13|EVT:E28
0.6,EVT:E13|EVT:E28|EVT:E29
1.0,EVT:E11|EVT:E12|EVT:E28
1.0,EVT:E10|EVT:E12|EVT:E28
1.0,EVT:E1|EVT:E12|EVT:E28
1.0,COMP:compute_server_external_events|EVT:E12|EVT:E28
1.0,COMP:openstack_wsgi|EVT:E12|EVT:E28
1.0,COMP:libvirt_imagecache|EVT:E12|EVT:E28
1.0,COMP:libvirt_driver|EVT:E12|EVT:E28
1.0,COMP:compute_manager|EVT:E12|EVT:E28
1.0,COMP:compute_resource_tracker|EVT:E12|EVT:E28
1.0,COMP:compute_claims|EVT:E12|EVT:E28
0.6,EVT:E12|EVT:E28|EVT:E29
1.0,EVT:E10|EVT:E11|EVT:E28
1.0,EVT:E1|EVT:E11|EVT:E28
1.0,COMP:compute_server_external_events|EVT:E11|EVT:E28
1.0,COMP:openstack_wsgi|EVT:E11|EVT:E28
1.0,COMP:libvirt_imagecache|EVT:E11|EVT:E28
1.0,COMP:libvirt_driver|EVT:E11|EVT:E28
1.0,COMP:compute_manager|EVT:E11|EVT:E28
1.0,COMP:compute_resource_tracker|EVT:E11|EVT:E28
1.0,COMP:compute_claims|EVT:E11|EVT:E28
0.6,EVT:E11|EVT:E28|EVT:E29
1.0,EVT:E1|EVT:E10|EVT:E28
1.0,COMP:compute_server_external_events|EVT:E10|EVT:E28
1.0,COMP:openstack_wsgi|EVT:E10|EVT:E28
1.0,COMP:libvirt_imagecache|EVT:E10|EVT:E28
1.0,COMP:libvirt_driver|EVT:E10|EVT:E28
1.0,COMP:compute_manager|EVT:E10|EVT:E28
1.0,COMP:compute_resource_tracker|EVT:E10|EVT:E28
1.0,COMP:compute_claims|EVT:E10|EVT:E28
0.6,EVT:E10|EVT:E28|EVT:E29
1.0,COMP:compute_server_external_events|EVT:E1|EVT:E28
1.0,COMP:openstack_wsgi|EVT:E1|EVT:E28
1.0,COMP:libvirt_imagecache|EVT:E1|EVT:E28
1.0,COMP:libvirt_driver|EVT:E1|EVT:E28
1.0,COMP:compute_manager|EVT:E1|EVT:E28
1.0,COMP:compute_resource_tracker|EVT:E1|EVT:E28
1.0,COMP:compute_claims|EVT:E1|EVT:E28
0.6,EVT:E1|EVT:E28|EVT:E29
1.0,COMP:compute_server_external_events|COMP:openstack_wsgi|EVT:E28
1.0,COMP:compute_server_external_events|COMP:libvirt_imagecache|EVT:E28
1.0,COMP:compute_server_external_events|COMP:libvirt_driver|EVT:E28
1.0,COMP:compute_manager|COMP:compute_server_external_events|EVT:E28
1.0,COMP:compute_resource_tracker|COMP:compute_server_external_events|EVT:E28
1.0,COMP:compute_claims|COMP:compute_server_external_events|EVT:E28
0.6,COMP:compute_server_external_events|EVT:E28|EVT:E29
1.0,COMP:libvirt_imagecache|COMP:openstack_wsgi|EVT:E28
1.0,COMP:libvirt_driver|COMP:openstack_wsgi|EVT:E28
1.0,COMP:compute_manager|COMP:openstack_wsgi|EVT:E28
1.0,COMP:compute_resource_tracker|COMP:openstack_wsgi|EVT:E28
1.0,COMP:compute_claims|COMP:openstack_wsgi|EVT:E28
0.6,COMP:openstack_wsgi|EVT:E28|EVT:E29
1.0,COMP:libvirt_driver|COMP:libvirt_imagecache|EVT:E28
1.0,COMP:compute_manager|COMP:libvirt_imagecache|EVT:E28
1.0,COMP:compute_resource_tracker|COMP:libvirt_imagecache|EVT:E28
1.0,COMP:compute_claims|COMP:libvirt_imagecache|EVT:E28
0.6,COMP:libvirt_imagecache|EVT:E28|EVT:E29
1.0,COMP:compute_manager|COMP:libvirt_driver|EVT:E28
1.0,COMP:compute_resource_tracker|COMP:libvirt_driver|EVT:E28
1.0,COMP:compute_claims|COMP:libvirt_driver|EVT:E28
0.6,COMP:libvirt_driver|EVT:E28|EVT:E29
1.0,COMP:compute_manager|COMP:compute_resource_tracker|EVT:E28
1.0,COMP:compute_claims|COMP:compute_manager|EVT:E28
0.6,COMP:compute_manager|EVT:E28|EVT:E29
1.0,COMP:compute_claims|COMP:compute_resource_tracker|EVT:E28
0.6,COMP:compute_resource_tracker|EVT:E28|EVT:E29
0.6,COMP:compute_claims|EVT:E28|EVT:E29
1.0,EVT:E25|EVT:E26|EVT:E27
1.0,EVT:E24|EVT:E25|EVT:E27
1.0,EVT:E23|EVT:E25|EVT:E27
1.0,EVT:E2|EVT:E25|EVT:E27
1.0,EVT:E22|EVT:E25|EVT:E27
1.0,EVT:E21|EVT:E25|EVT:E27
1.0,EVT:E20|EVT:E25|EVT:E27
1.0,EVT:E18|EVT:E25|EVT:E27
1.0,EVT:E19|EVT:E25|EVT:E27
1.0,EVT:E17|EVT:E25|EVT:E27
1.0,EVT:E16|EVT:E25|EVT:E27
1.0,COMP:wsgi_server|EVT:E25|EVT:E27
1.0,EVT:E15|EVT:E25|EVT:E27
1.0,EVT:E14|EVT:E25|EVT:E27
1.0,EVT:E13|EVT:E25|EVT:E27
1.0,EVT:E12|EVT:E25|EVT:E27
1.0,EVT:E11|EVT:E25|EVT:E27
1.0,EVT:E10|EVT:E25|EVT:E27
1.0,EVT:E1|EVT:E25|EVT:E27
1.0,COMP:compute_server_external_events|EVT:E25|EVT:E27
1.0,COMP:openstack_wsgi|EVT:E25|EVT:E27
1.0,COMP:libvirt_imagecache|EVT:E25|EVT:E27
1.0,COMP:libvirt_driver|EVT:E25|EVT:E27
1.0,COMP:compute_manager|EVT:E25|EVT:E27
1.0,COMP:compute_resource_tracker|EVT:E25|EVT:E27
1.0,COMP:compute_claims|EVT:E25|EVT:E27
0.6,EVT:E25|EVT:E27|EVT:E29
1.0,EVT:E24|EVT:E26|EVT:E27
1.0,EVT:E23|EVT:E26|EVT:E27
1.0,EVT:E2|EVT:E26|EVT:E27
1.0,EVT:E22|EVT:E26|EVT:E27
1.0,EVT:E21|EVT:E26|EVT:E27
1.0,EVT:E20|EVT:E26|EVT:E27
1.0,EVT:E18|EVT:E26|EVT:E27
1.0,EVT:E19|EVT:E26|EVT:E27
1.0,EVT:E17|EVT:E26|EVT:E27
1.0,EVT:E16|EVT:E26|EVT:E27
1.0,COMP:wsgi_server|EVT:E26|EVT:E27
1.0,EVT:E15|EVT:E26|EVT:E27
1.0,EVT:E14|EVT:E26|EVT:E27
1.0,EVT:E13|EVT:E26|EVT:E27
1.0,EVT:E12|EVT:E26|EVT:E27
1.0,EVT:E11|EVT:E26|EVT:E27
1.0,EVT:E10|EVT:E26|EVT:E27
1.0,EVT:E1|EVT:E26|EVT:E27
1.0,COMP:compute_server_external_events|EVT:E26|EVT:E27
1.0,COMP:openstack_wsgi|EVT:E26|EVT:E27
1.0,COMP:libvirt_imagecache|EVT:E26|EVT:E27
1.0,COMP:libvirt_driver|EVT:E26|EVT:E27
1.0,COMP:compute_manager|EVT:E26|EVT:E27
1.0,COMP:compute_resource_tracker|EVT:E26|EVT:E27
1.0,COMP:compute_claims|EVT:E26|EVT:E27
0.6,EVT:E26|EVT:E27|EVT:E29
1.0,EVT:E23|EVT:E24|EVT:E27
1.0,EVT:E2|EVT:E24|EVT:E27
1.0,EVT:E22|EVT:E24|EVT:E27
1.0,EVT:E21|EVT:E24|EVT:E27
1.0,EVT:E20|EVT:E24|EVT:E27
1.0,EVT:E18|EVT:E24|EVT:E27
1.0,EVT:E19|EVT:E24|EVT:E27
1.0,EVT:E17|EVT:E24|EVT:E27
1.0,EVT:E16|EVT:E24|EVT:E27
1.0,COMP:wsgi_server|EVT:E24|EVT:E27
1.0,EVT:E15|EVT:E24|EVT:E27
1.0,EVT:E14|EVT:E24|EVT:E27
1.0,EVT:E13|EVT:E24|EVT:E27
1.0,EVT:E12|EVT:E24|EVT:E27
1.0,EVT:E11|EVT:E24|EVT:E27
1.0,EVT:E10|EVT:E24|EVT:E27
1.0,EVT:E1|EVT:E24|EVT:E27
1.0,COMP:compute_server_external_events|EVT:E24|EVT:E27
1.0,COMP:openstack_wsgi|EVT:E24|EVT:E27
1.0,COMP:libvirt_imagecache|EVT:E24|EVT:E27
1.0,COMP:libvirt_driver|EVT:E24|EVT:E27
1.0,COMP:compute_manager|EVT:E24|EVT:E27
1.0,COMP:compute_resource_tracker|EVT:E24|EVT:E27
1.0,COMP:compute_claims|EVT:E24|EVT:E27
0.6,EVT:E24|EVT:E27|EVT:E29
1.0,EVT:E2|EVT:E23|EVT:E27
1.0,EVT:E22|EVT:E23|EVT:E27
1.0,EVT:E21|EVT:E23|EVT:E27
1.0,EVT:E20|EVT:E23|EVT:E27
1.0,EVT:E18|EVT:E23|EVT:E27
1.0,EVT:E19|EVT:E23|EVT:E27
1.0,EVT:E17|EVT:E23|EVT:E27
1.0,EVT:E16|EVT:E23|EVT:E27
1.0,COMP:wsgi_server|EVT:E23|EVT:E27
1.0,EVT:E15|EVT:E23|EVT:E27
1.0,EVT:E14|EVT:E23|EVT:E27
1.0,EVT:E13|EVT:E23|EVT:E27
1.0,EVT:E12|EVT:E23|EVT:E27
1.0,EVT:E11|EVT:E23|EVT:E27
1.0,EVT:E10|EVT:E23|EVT:E27
1.0,EVT:E1|EVT:E23|EVT:E27
1.0,COMP:compute_server_external_events|EVT:E23|EVT:E27
1.0,COMP:openstack_wsgi|EVT:E23|EVT:E27
1.0,COMP:libvirt_imagecache|EVT:E23|EVT:E27
1.0,COMP:libvirt_driver|EVT:E23|EVT:E27
1.0,COMP:compute_manager|EVT:E23|EVT:E27
1.0,COMP:compute_resource_tracker|EVT:E23|EVT:E27
1.0,COMP:compute_claims|EVT:E23|EVT:E27
0.6,EVT:E23|EVT:E27|EVT:E29
1.0,EVT:E2|EVT:E22|EVT:E27
1.0,EVT:E2|EVT:E21|EVT:E27
1.0,EVT:E2|EVT:E20|EVT:E27
1.0,EVT:E18|EVT:E2|EVT:E27
1.0,EVT:E19|EVT:E2|EVT:E27
1.0,EVT:E17|EVT:E2|EVT:E27
1.0,EVT:E16|EVT:E2|EVT:E27
1.0,COMP:wsgi_server|EVT:E2|EVT:E27
1.0,EVT:E15|EVT:E2|EVT:E27
1.0,EVT:E14|EVT:E2|EVT:E27
1.0,EVT:E13|EVT:E2|EVT:E27
1.0,EVT:E12|EVT:E2|EVT:E27
1.0,EVT:E11|EVT:E2|EVT:E27
1.0,EVT:E10|EVT:E2|EVT:E27
1.0,EVT:E1|EVT:E2|EVT:E27
1.0,COMP:compute_server_external_events|EVT:E2|EVT:E27
1.0,COMP:openstack_wsgi|EVT:E2|EVT:E27
1.0,COMP:libvirt_imagecache|EVT:E2|EVT:E27
1.0,COMP:libvirt_driver|EVT:E2|EVT:E27
1.0,COMP:compute_manager|EVT:E2|EVT:E27
1.0,COMP:compute_resource_tracker|EVT:E2|EVT:E27
1.0,COMP:compute_claims|EVT:E2|EVT:E27
0.6,EVT:E2|EVT:E27|EVT:E29
1.0,EVT:E21|EVT:E22|EVT:E27
1.0,EVT:E20|EVT:E22|EVT:E27
1.0,EVT:E18|EVT:E22|EVT:E27
1.0,EVT:E19|EVT:E22|EVT:E27
1.0,EVT:E17|EVT:E22|EVT:E27
1.0,EVT:E16|EVT:E22|EVT:E27
1.0,COMP:wsgi_server|EVT:E22|EVT:E27
1.0,EVT:E15|EVT:E22|EVT:E27
1.0,EVT:E14|EVT:E22|EVT:E27
1.0,EVT:E13|EVT:E22|EVT:E27
1.0,EVT:E12|EVT:E22|EVT:E27
1.0,EVT:E11|EVT:E22|EVT:E27
1.0,EVT:E10|EVT:E22|EVT:E27
1.0,EVT:E1|EVT:E22|EVT:E27
1.0,COMP:compute_server_external_events|EVT:E22|EVT:E27
1.0,COMP:openstack_wsgi|EVT:E22|EVT:E27
1.0,COMP:libvirt_imagecache|EVT:E22|EVT:E27
1.0,COMP:libvirt_driver|EVT:E22|EVT:E27
1.0,COMP:compute_manager|EVT:E22|EVT:E27
1.0,COMP:compute_resource_tracker|EVT:E22|EVT:E27
1.0,COMP:compute_claims|EVT:E22|EVT:E27
0.6,EVT:E22|EVT:E27|EVT:E29
1.0,EVT:E20|EVT:E21|EVT:E27
1.0,EVT:E18|EVT:E21|EVT:E27
1.0,EVT:E19|EVT:E21|EVT:E27
1.0,EVT:E17|EVT:E21|EVT:E27
1.0,EVT:E16|EVT:E21|EVT:E27
1.0,COMP:wsgi_server|EVT:E21|EVT:E27
1.0,EVT:E15|EVT:E21|EVT:E27
1.0,EVT:E14|EVT:E21|EVT:E27
1.0,EVT:E13|EVT:E21|EVT:E27
1.0,EVT:E12|EVT:E21|EVT:E27
1.0,EVT:E11|EVT:E21|EVT:E27
1.0,EVT:E10|EVT:E21|EVT:E27
1.0,EVT:E1|EVT:E21|EVT:E27
1.0,COMP:compute_server_external_events|EVT:E21|EVT:E27
1.0,COMP:openstack_wsgi|EVT:E21|EVT:E27
1.0,COMP:libvirt_imagecache|EVT:E21|EVT:E27
1.0,COMP:libvirt_driver|EVT:E21|EVT:E27
1.0,COMP:compute_manager|EVT:E21|EVT:E27
1.0,COMP:compute_resource_tracker|EVT:E21|EVT:E27
1.0,COMP:compute_claims|EVT:E21|EVT:E27
0.6,EVT:E21|EVT:E27|EVT:E29
1.0,EVT:E18|EVT:E20|EVT:E27
1.0,EVT:E19|EVT:E20|EVT:E27
1.0,EVT:E17|EVT:E20|EVT:E27
1.0,EVT:E16|EVT:E20|EVT:E27
1.0,COMP:wsgi_server|EVT:E20|EVT:E27
1.0,EVT:E15|EVT:E20|EVT:E27
1.0,EVT:E14|EVT:E20|EVT:E27
1.0,EVT:E13|EVT:E20|EVT:E27
1.0,EVT:E12|EVT:E20|EVT:E27
1.0,EVT:E11|EVT:E20|EVT:E27
1.0,EVT:E10|EVT:E20|EVT:E27
1.0,EVT:E1|EVT:E20|EVT:E27
1.0,COMP:compute_server_external_events|EVT:E20|EVT:E27
1.0,COMP:openstack_wsgi|EVT:E20|EVT:E27
1.0,COMP:libvirt_imagecache|EVT:E20|EVT:E27
1.0,COMP:libvirt_driver|EVT:E20|EVT:E27
1.0,COMP:compute_manager|EVT:E20|EVT:E27
1.0,COMP:compute_resource_tracker|EVT:E20|EVT:E27
1.0,COMP:compute_claims|EVT:E20|EVT:E27
0.6,EVT:E20|EVT:E27|EVT:E29
1.0,EVT:E18|EVT:E19|EVT:E27
1.0,EVT:E17|EVT:E18|EVT:E27
1.0,EVT:E16|EVT:E18|EVT:E27
1.0,COMP:wsgi_server|EVT:E18|EVT:E27
1.0,EVT:E15|EVT:E18|EVT:E27
1.0,EVT:E14|EVT:E18|EVT:E27
1.0,EVT:E13|EVT:E18|EVT:E27
1.0,EVT:E12|EVT:E18|EVT:E27
1.0,EVT:E11|EVT:E18|EVT:E27
1.0,EVT:E10|EVT:E18|EVT:E27
1.0,EVT:E1|EVT:E18|EVT:E27
1.0,COMP:compute_server_external_events|EVT:E18|EVT:E27
1.0,COMP:openstack_wsgi|EVT:E18|EVT:E27
1.0,COMP:libvirt_imagecache|EVT:E18|EVT:E27
1.0,COMP:libvirt_driver|EVT:E18|EVT:E27
1.0,COMP:compute_manager|EVT:E18|EVT:E27
1.0,COMP:compute_resource_tracker|EVT:E18|EVT:E27
1.0,COMP:compute_claims|EVT:E18|EVT:E27
0.6,EVT:E18|EVT:E27|EVT:E29
1.0,EVT:E17|EVT:E19|EVT:E27
1.0,EVT:E16|EVT:E19|EVT:E27
1.0,COMP:wsgi_server|EVT:E19|EVT:E27
1.0,EVT:E15|EVT:E19|EVT:E27
1.0,EVT:E14|EVT:E19|EVT:E27
1.0,EVT:E13|EVT:E19|EVT:E27
1.0,EVT:E12|EVT:E19|EVT:E27
1.0,EVT:E11|EVT:E19|EVT:E27
1.0,EVT:E10|EVT:E19|EVT:E27
1.0,EVT:E1|EVT:E19|EVT:E27
1.0,COMP:compute_server_external_events|EVT:E19|EVT:E27
1.0,COMP:openstack_wsgi|EVT:E19|EVT:E27
1.0,COMP:libvirt_imagecache|EVT:E19|EVT:E27
1.0,COMP:libvirt_driver|EVT:E19|EVT:E27
1.0,COMP:compute_manager|EVT:E19|EVT:E27
1.0,COMP:compute_resource_tracker|EVT:E19|EVT:E27
1.0,COMP:compute_claims|EVT:E19|EVT:E27
0.6,EVT:E19|EVT:E27|EVT:E29
1.0,EVT:E16|EVT:E17|EVT:E27
1.0,COMP:wsgi_server|EVT:E17|EVT:E27
1.0,EVT:E15|EVT:E17|EVT:E27
1.0,EVT:E14|EVT:E17|EVT:E27
1.0,EVT:E13|EVT:E17|EVT:E27
1.0,EVT:E12|EVT:E17|EVT:E27
1.0,EVT:E11|EVT:E17|EVT:E27
1.0,EVT:E10|EVT:E17|EVT:E27
1.0,EVT:E1|EVT:E17|EVT:E27
1.0,COMP:compute_server_external_events|EVT:E17|EVT:E27
1.0,COMP:openstack_wsgi|EVT:E17|EVT:E27
1.0,COMP:libvirt_imagecache|EVT:E17|EVT:E27
1.0,COMP:libvirt_driver|EVT:E17|EVT:E27
1.0,COMP:compute_manager|EVT:E17|EVT:E27
1.0,COMP:compute_resource_tracker|EVT:E17|EVT:E27
1.0,COMP:compute_claims|EVT:E17|EVT:E27
0.6,EVT:E17|EVT:E27|EVT:E29
1.0,COMP:wsgi_server|EVT:E16|EVT:E27
1.0,EVT:E15|EVT:E16|EVT:E27
1.0,EVT:E14|EVT:E16|EVT:E27
1.0,EVT:E13|EVT:E16|EVT:E27
1.0,EVT:E12|EVT:E16|EVT:E27
1.0,EVT:E11|EVT:E16|EVT:E27
1.0,EVT:E10|EVT:E16|EVT:E27
1.0,EVT:E1|EVT:E16|EVT:E27
1.0,COMP:compute_server_external_events|EVT:E16|EVT:E27
1.0,COMP:openstack_wsgi|EVT:E16|EVT:E27
1.0,COMP:libvirt_imagecache|EVT:E16|EVT:E27
1.0,COMP:libvirt_driver|EVT:E16|EVT:E27
1.0,COMP:compute_manager|EVT:E16|EVT:E27
1.0,COMP:compute_resource_tracker|EVT:E16|EVT:E27
1.0,COMP:compute_claims|EVT:E16|EVT:E27
0.6,EVT:E16|EVT:E27|EVT:E29
1.0,COMP:wsgi_server|EVT:E15|EVT:E27
1.0,COMP:wsgi_server|EVT:E14|EVT:E27
1.0,COMP:wsgi_server|EVT:E13|EVT:E27
1.0,COMP:wsgi_server|EVT:E12|EVT:E27
1.0,COMP:wsgi_server|EVT:E11|EVT:E27
1.0,COMP:wsgi_server|EVT:E10|EVT:E27
1.0,COMP:wsgi_server|EVT:E1|EVT:E27
1.0,COMP:compute_server_external_events|COMP:wsgi_server|EVT:E27
1.0,COMP:openstack_wsgi|COMP:wsgi_server|EVT:E27
1.0,COMP:libvirt_imagecache|COMP:wsgi_server|EVT:E27
1.0,COMP:libvirt_driver|COMP:wsgi_server|EVT:E27
1.0,COMP:compute_manager|COMP:wsgi_server|EVT:E27
1.0,COMP:compute_resource_tracker|COMP:wsgi_server|EVT:E27
1.0,COMP:compute_claims|COMP:wsgi_server|EVT:E27
0.6,COMP:wsgi_server|EVT:E27|EVT:E29
1.0,EVT:E14|EVT:E15|EVT:E27
1.0,EVT:E13|EVT:E15|EVT:E27
1.0,EVT:E12|EVT:E15|EVT:E27
1.0,EVT:E11|EVT:E15|EVT:E27
1.0,EVT:E10|EVT:E15|EVT:E27
1.0,EVT:E1|EVT:E15|EVT:E27
1.0,COMP:compute_server_external_events|EVT:E15|EVT:E27
1.0,COMP:openstack_wsgi|EVT:E15|EVT:E27
1.0,COMP:libvirt_imagecache|EVT:E15|EVT:E27
1.0,COMP:libvirt_driver|EVT:E15|EVT:E27
1.0,COMP:compute_manager|EVT:E15|EVT:E27
1.0,COMP:compute_resource_tracker|EVT:E15|EVT:E27
1.0,COMP:compute_claims|EVT:E15|EVT:E27
0.6,EVT:E15|EVT:E27|EVT:E29
1.0,EVT:E13|EVT:E14|EVT:E27
1.0,EVT:E12|EVT:E14|EVT:E27
1.0,EVT:E11|EVT:E14|EVT:E27
1.0,EVT:E10|EVT:E14|EVT:E27
1.0,EVT:E1|EVT:E14|EVT:E27
1.0,COMP:compute_server_external_events|EVT:E14|EVT:E27
1.0,COMP:openstack_wsgi|EVT:E14|EVT:E27
1.0,COMP:libvirt_imagecache|EVT:E14|EVT:E27
1.0,COMP:libvirt_driver|EVT:E14|EVT:E27
1.0,COMP:compute_manager|EVT:E14|EVT:E27
1.0,COMP:compute_resource_tracker|EVT:E14|EVT:E27
1.0,COMP:compute_claims|EVT:E14|EVT:E27
0.6,EVT:E14|EVT:E27|EVT:E29
1.0,EVT:E12|EVT:E13|EVT:E27
1.0,EVT:E11|EVT:E13|EVT:E27
1.0,EVT:E10|EVT:E13|EVT:E27
1.0,EVT:E1|EVT:E13|EVT:E27
1.0,COMP:compute_server_external_events|EVT:E13|EVT:E27
1.0,COMP:openstack_wsgi|EVT:E13|EVT:E27
1.0,COMP:libvirt_imagecache|EVT:E13|EVT:E27
1.0,COMP:libvirt_driver|EVT:E13|EVT:E27
1.0,COMP:compute_manager|EVT:E13|EVT:E27
1.0,COMP:compute_resource_tracker|EVT:E13|EVT:E27
1.0,COMP:compute_claims|EVT:E13|EVT:E27
0.6,EVT:E13|EVT:E27|EVT:E29
1.0,EVT:E11|EVT:E12|EVT:E27
1.0,EVT:E10|EVT:E12|EVT:E27
1.0,EVT:E1|EVT:E12|EVT:E27
1.0,COMP:compute_server_external_events|EVT:E12|EVT:E27
1.0,COMP:openstack_wsgi|EVT:E12|EVT:E27
1.0,COMP:libvirt_imagecache|EVT:E12|EVT:E27
1.0,COMP:libvirt_driver|EVT:E12|EVT:E27
1.0,COMP:compute_manager|EVT:E12|EVT:E27
1.0,COMP:compute_resource_tracker|EVT:E12|EVT:E27
1.0,COMP:compute_claims|EVT:E12|EVT:E27
0.6,EVT:E12|EVT:E27|EVT:E29
1.0,EVT:E10|EVT:E11|EVT:E27
1.0,EVT:E1|EVT:E11|EVT:E27
1.0,COMP:compute_server_external_events|EVT:E11|EVT:E27
1.0,COMP:openstack_wsgi|EVT:E11|EVT:E27
1.0,COMP:libvirt_imagecache|EVT:E11|EVT:E27
1.0,COMP:libvirt_driver|EVT:E11|EVT:E27
1.0,COMP:compute_manager|EVT:E11|EVT:E27
1.0,COMP:compute_resource_tracker|EVT:E11|EVT:E27
1.0,COMP:compute_claims|EVT:E11|EVT:E27
0.6,EVT:E11|EVT:E27|EVT:E29
1.0,EVT:E1|EVT:E10|EVT:E27
1.0,COMP:compute_server_external_events|EVT:E10|EVT:E27
1.0,COMP:openstack_wsgi|EVT:E10|EVT:E27
1.0,COMP:libvirt_imagecache|EVT:E10|EVT:E27
1.0,COMP:libvirt_driver|EVT:E10|EVT:E27
1.0,COMP:compute_manager|EVT:E10|EVT:E27
1.0,COMP:compute_resource_tracker|EVT:E10|EVT:E27
1.0,COMP:compute_claims|EVT:E10|EVT:E27
0.6,EVT:E10|EVT:E27|EVT:E29
1.0,COMP:compute_server_external_events|EVT:E1|EVT:E27
1.0,COMP:openstack_wsgi|EVT:E1|EVT:E27
1.0,COMP:libvirt_imagecache|EVT:E1|EVT:E27
1.0,COMP:libvirt_driver|EVT:E1|EVT:E27
1.0,COMP:compute_manager|EVT:E1|EVT:E27
1.0,COMP:compute_resource_tracker|EVT:E1|EVT:E27
1.0,COMP:compute_claims|EVT:E1|EVT:E27
0.6,EVT:E1|EVT:E27|EVT:E29
1.0,COMP:compute_server_external_events|COMP:openstack_wsgi|EVT:E27
1.0,COMP:compute_server_external_events|COMP:libvirt_imagecache|EVT:E27
1.0,COMP:compute_server_external_events|COMP:libvirt_driver|EVT:E27
1.0,COMP:compute_manager|COMP:compute_server_external_events|EVT:E27
1.0,COMP:compute_resource_tracker|COMP:compute_server_external_events|EVT:E27
1.0,COMP:compute_claims|COMP:compute_server_external_events|EVT:E27
0.6,COMP:compute_server_external_events|EVT:E27|EVT:E29
1.0,COMP:libvirt_imagecache|COMP:openstack_wsgi|EVT:E27
1.0,COMP:libvirt_driver|COMP:openstack_wsgi|EVT:E27
1.0,COMP:compute_manager|COMP:openstack_wsgi|EVT:E27
1.0,COMP:compute_resource_tracker|COMP:openstack_wsgi|EVT:E27
1.0,COMP:compute_claims|COMP:openstack_wsgi|EVT:E27
0.6,COMP:openstack_wsgi|EVT:E27|EVT:E29
1.0,COMP:libvirt_driver|COMP:libvirt_imagecache|EVT:E27
1.0,COMP:compute_manager|COMP:libvirt_imagecache|EVT:E27
1.0,COMP:compute_resource_tracker|COMP:libvirt_imagecache|EVT:E27
1.0,COMP:compute_claims|COMP:libvirt_imagecache|EVT:E27
0.6,COMP:libvirt_imagecache|EVT:E27|EVT:E29
1.0,COMP:compute_manager|COMP:libvirt_driver|EVT:E27
1.0,COMP:compute_resource_tracker|COMP:libvirt_driver|EVT:E27
1.0,COMP:compute_claims|COMP:libvirt_driver|EVT:E27
0.6,COMP:libvirt_driver|EVT:E27|EVT:E29
1.0,COMP:compute_manager|COMP:compute_resource_tracker|EVT:E27
1.0,COMP:compute_claims|COMP:compute_manager|EVT:E27
0.6,COMP:compute_manager|EVT:E27|EVT:E29
1.0,COMP:compute_claims|COMP:compute_resource_tracker|EVT:E27
0.6,COMP:compute_resource_tracker|EVT:E27|EVT:E29
0.6,COMP:compute_claims|EVT:E27|EVT:E29
1.0,EVT:E24|EVT:E25|EVT:E26
1.0,EVT:E23|EVT:E25|EVT:E26
1.0,EVT:E2|EVT:E25|EVT:E26
1.0,EVT:E22|EVT:E25|EVT:E26
1.0,EVT:E21|EVT:E25|EVT:E26
1.0,EVT:E20|EVT:E25|EVT:E26
1.0,EVT:E18|EVT:E25|EVT:E26
1.0,EVT:E19|EVT:E25|EVT:E26
1.0,EVT:E17|EVT:E25|EVT:E26
1.0,EVT:E16|EVT:E25|EVT:E26
1.0,COMP:wsgi_server|EVT:E25|EVT:E26
1.0,EVT:E15|EVT:E25|EVT:E26
1.0,EVT:E14|EVT:E25|EVT:E26
1.0,EVT:E13|EVT:E25|EVT:E26
1.0,EVT:E12|EVT:E25|EVT:E26
1.0,EVT:E11|EVT:E25|EVT:E26
1.0,EVT:E10|EVT:E25|EVT:E26
1.0,EVT:E1|EVT:E25|EVT:E26
1.0,COMP:compute_server_external_events|EVT:E25|EVT:E26
1.0,COMP:openstack_wsgi|EVT:E25|EVT:E26
1.0,COMP:libvirt_imagecache|EVT:E25|EVT:E26
1.0,COMP:libvirt_driver|EVT:E25|EVT:E26
1.0,COMP:compute_manager|EVT:E25|EVT:E26
1.0,COMP:compute_resource_tracker|EVT:E25|EVT:E26
1.0,COMP:compute_claims|EVT:E25|EVT:E26
0.6,EVT:E25|EVT:E26|EVT:E29
1.0,EVT:E23|EVT:E24|EVT:E25
1.0,EVT:E2|EVT:E24|EVT:E25
1.0,EVT:E22|EVT:E24|EVT:E25
1.0,EVT:E21|EVT:E24|EVT:E25
1.0,EVT:E20|EVT:E24|EVT:E25
1.0,EVT:E18|EVT:E24|EVT:E25
1.0,EVT:E19|EVT:E24|EVT:E25
1.0,EVT:E17|EVT:E24|EVT:E25
1.0,EVT:E16|EVT:E24|EVT:E25
1.0,COMP:wsgi_server|EVT:E24|EVT:E25
1.0,EVT:E15|EVT:E24|EVT:E25
1.0,EVT:E14|EVT:E24|EVT:E25
1.0,EVT:E13|EVT:E24|EVT:E25
1.0,EVT:E12|EVT:E24|EVT:E25
1.0,EVT:E11|EVT:E24|EVT:E25
1.0,EVT:E10|EVT:E24|EVT:E25
1.0,EVT:E1|EVT:E24|EVT:E25
1.0,COMP:compute_server_external_events|EVT:E24|EVT:E25
1.0,COMP:openstack_wsgi|EVT:E24|EVT:E25
1.0,COMP:libvirt_imagecache|EVT:E24|EVT:E25
1.0,COMP:libvirt_driver|EVT:E24|EVT:E25
1.0,COMP:compute_manager|EVT:E24|EVT:E25
1.0,COMP:compute_resource_tracker|EVT:E24|EVT:E25
1.0,COMP:compute_claims|EVT:E24|EVT:E25
0.6,EVT:E24|EVT:E25|EVT:E29
1.0,EVT:E2|EVT:E23|EVT:E25
1.0,EVT:E22|EVT:E23|EVT:E25
1.0,EVT:E21|EVT:E23|EVT:E25
1.0,EVT:E20|EVT:E23|EVT:E25
1.0,EVT:E18|EVT:E23|EVT:E25
1.0,EVT:E19|EVT:E23|EVT:E25
1.0,EVT:E17|EVT:E23|EVT:E25
1.0,EVT:E16|EVT:E23|EVT:E25
1.0,COMP:wsgi_server|EVT:E23|EVT:E25
1.0,EVT:E15|EVT:E23|EVT:E25
1.0,EVT:E14|EVT:E23|EVT:E25
1.0,EVT:E13|EVT:E23|EVT:E25
1.0,EVT:E12|EVT:E23|EVT:E25
1.0,EVT:E11|EVT:E23|EVT:E25
1.0,EVT:E10|EVT:E23|EVT:E25
1.0,EVT:E1|EVT:E23|EVT:E25
1.0,COMP:compute_server_external_events|EVT:E23|EVT:E25
1.0,COMP:openstack_wsgi|EVT:E23|EVT:E25
1.0,COMP:libvirt_imagecache|EVT:E23|EVT:E25
1.0,COMP:libvirt_driver|EVT:E23|EVT:E25
1.0,COMP:compute_manager|EVT:E23|EVT:E25
1.0,COMP:compute_resource_tracker|EVT:E23|EVT:E25
1.0,COMP:compute_claims|EVT:E23|EVT:E25
0.6,EVT:E23|EVT:E25|EVT:E29
1.0,EVT:E2|EVT:E22|EVT:E25
1.0,EVT:E2|EVT:E21|EVT:E25
1.0,EVT:E2|EVT:E20|EVT:E25
1.0,EVT:E18|EVT:E2|EVT:E25
1.0,EVT:E19|EVT:E2|EVT:E25
1.0,EVT:E17|EVT:E2|EVT:E25
1.0,EVT:E16|EVT:E2|EVT:E25
1.0,COMP:wsgi_server|EVT:E2|EVT:E25
1.0,EVT:E15|EVT:E2|EVT:E25
1.0,EVT:E14|EVT:E2|EVT:E25
1.0,EVT:E13|EVT:E2|EVT:E25
1.0,EVT:E12|EVT:E2|EVT:E25
1.0,EVT:E11|EVT:E2|EVT:E25
1.0,EVT:E10|EVT:E2|EVT:E25
1.0,EVT:E1|EVT:E2|EVT:E25
1.0,COMP:compute_server_external_events|EVT:E2|EVT:E25
1.0,COMP:openstack_wsgi|EVT:E2|EVT:E25
1.0,COMP:libvirt_imagecache|EVT:E2|EVT:E25
1.0,COMP:libvirt_driver|EVT:E2|EVT:E25
1.0,COMP:compute_manager|EVT:E2|EVT:E25
1.0,COMP:compute_resource_tracker|EVT:E2|EVT:E25
1.0,COMP:compute_claims|EVT:E2|EVT:E25
0.6,EVT:E2|EVT:E25|EVT:E29
1.0,EVT:E21|EVT:E22|EVT:E25
1.0,EVT:E20|EVT:E22|EVT:E25
1.0,EVT:E18|EVT:E22|EVT:E25
1.0,EVT:E19|EVT:E22|EVT:E25
1.0,EVT:E17|EVT:E22|EVT:E25
1.0,EVT:E16|EVT:E22|EVT:E25
1.0,COMP:wsgi_server|EVT:E22|EVT:E25
1.0,EVT:E15|EVT:E22|EVT:E25
1.0,EVT:E14|EVT:E22|EVT:E25
1.0,EVT:E13|EVT:E22|EVT:E25
1.0,EVT:E12|EVT:E22|EVT:E25
1.0,EVT:E11|EVT:E22|EVT:E25
1.0,EVT:E10|EVT:E22|EVT:E25
1.0,EVT:E1|EVT:E22|EVT:E25
1.0,COMP:compute_server_external_events|EVT:E22|EVT:E25
1.0,COMP:openstack_wsgi|EVT:E22|EVT:E25
1.0,COMP:libvirt_imagecache|EVT:E22|EVT:E25
1.0,COMP:libvirt_driver|EVT:E22|EVT:E25
1.0,COMP:compute_manager|EVT:E22|EVT:E25
1.0,COMP:compute_resource_tracker|EVT:E22|EVT:E25
1.0,COMP:compute_claims|EVT:E22|EVT:E25
0.6,EVT:E22|EVT:E25|EVT:E29
1.0,EVT:E20|EVT:E21|EVT:E25
1.0,EVT:E18|EVT:E21|EVT:E25
1.0,EVT:E19|EVT:E21|EVT:E25
1.0,EVT:E17|EVT:E21|EVT:E25
1.0,EVT:E16|EVT:E21|EVT:E25
1.0,COMP:wsgi_server|EVT:E21|EVT:E25
1.0,EVT:E15|EVT:E21|EVT:E25
1.0,EVT:E14|EVT:E21|EVT:E25
1.0,EVT:E13|EVT:E21|EVT:E25
1.0,EVT:E12|EVT:E21|EVT:E25
1.0,EVT:E11|EVT:E21|EVT:E25
1.0,EVT:E10|EVT:E21|EVT:E25
1.0,EVT:E1|EVT:E21|EVT:E25
1.0,COMP:compute_server_external_events|EVT:E21|EVT:E25
1.0,COMP:openstack_wsgi|EVT:E21|EVT:E25
1.0,COMP:libvirt_imagecache|EVT:E21|EVT:E25
1.0,COMP:libvirt_driver|EVT:E21|EVT:E25
1.0,COMP:compute_manager|EVT:E21|EVT:E25
1.0,COMP:compute_resource_tracker|EVT:E21|EVT:E25
1.0,COMP:compute_claims|EVT:E21|EVT:E25
0.6,EVT:E21|EVT:E25|EVT:E29
1.0,EVT:E18|EVT:E20|EVT:E25
1.0,EVT:E19|EVT:E20|EVT:E25
1.0,EVT:E17|EVT:E20|EVT:E25
1.0,EVT:E16|EVT:E20|EVT:E25
1.0,COMP:wsgi_server|EVT:E20|EVT:E25
1.0,EVT:E15|EVT:E20|EVT:E25
1.0,EVT:E14|EVT:E20|EVT:E25
1.0,EVT:E13|EVT:E20|EVT:E25
1.0,EVT:E12|EVT:E20|EVT:E25
1.0,EVT:E11|EVT:E20|EVT:E25
1.0,EVT:E10|EVT:E20|EVT:E25
1.0,EVT:E1|EVT:E20|EVT:E25
1.0,COMP:compute_server_external_events|EVT:E20|EVT:E25
1.0,COMP:openstack_wsgi|EVT:E20|EVT:E25
1.0,COMP:libvirt_imagecache|EVT:E20|EVT:E25
1.0,COMP:libvirt_driver|EVT:E20|EVT:E25
1.0,COMP:compute_manager|EVT:E20|EVT:E25
1.0,COMP:compute_resource_tracker|EVT:E20|EVT:E25
1.0,COMP:compute_claims|EVT:E20|EVT:E25
0.6,EVT:E20|EVT:E25|EVT:E29
1.0,EVT:E18|EVT:E19|EVT:E25
1.0,EVT:E17|EVT:E18|EVT:E25
1.0,EVT:E16|EVT:E18|EVT:E25
1.0,COMP:wsgi_server|EVT:E18|EVT:E25
1.0,EVT:E15|EVT:E18|EVT:E25
1.0,EVT:E14|EVT:E18|EVT:E25
1.0,EVT:E13|EVT:E18|EVT:E25
1.0,EVT:E12|EVT:E18|EVT:E25
1.0,EVT:E11|EVT:E18|EVT:E25
1.0,EVT:E10|EVT:E18|EVT:E25
1.0,EVT:E1|EVT:E18|EVT:E25
1.0,COMP:compute_server_external_events|EVT:E18|EVT:E25
1.0,COMP:openstack_wsgi|EVT:E18|EVT:E25
1.0,COMP:libvirt_imagecache|EVT:E18|EVT:E25
1.0,COMP:libvirt_driver|EVT:E18|EVT:E25
1.0,COMP:compute_manager|EVT:E18|EVT:E25
1.0,COMP:compute_resource_tracker|EVT:E18|EVT:E25
1.0,COMP:compute_claims|EVT:E18|EVT:E25
0.6,EVT:E18|EVT:E25|EVT:E29
1.0,EVT:E17|EVT:E19|EVT:E25
1.0,EVT:E16|EVT:E19|EVT:E25
1.0,COMP:wsgi_server|EVT:E19|EVT:E25
1.0,EVT:E15|EVT:E19|EVT:E25
1.0,EVT:E14|EVT:E19|EVT:E25
1.0,EVT:E13|EVT:E19|EVT:E25
1.0,EVT:E12|EVT:E19|EVT:E25
1.0,EVT:E11|EVT:E19|EVT:E25
1.0,EVT:E10|EVT:E19|EVT:E25
1.0,EVT:E1|EVT:E19|EVT:E25
1.0,COMP:compute_server_external_events|EVT:E19|EVT:E25
1.0,COMP:openstack_wsgi|EVT:E19|EVT:E25
1.0,COMP:libvirt_imagecache|EVT:E19|EVT:E25
1.0,COMP:libvirt_driver|EVT:E19|EVT:E25
1.0,COMP:compute_manager|EVT:E19|EVT:E25
1.0,COMP:compute_resource_tracker|EVT:E19|EVT:E25
1.0,COMP:compute_claims|EVT:E19|EVT:E25
0.6,EVT:E19|EVT:E25|EVT:E29
1.0,EVT:E16|EVT:E17|EVT:E25
1.0,COMP:wsgi_server|EVT:E17|EVT:E25
1.0,EVT:E15|EVT:E17|EVT:E25
1.0,EVT:E14|EVT:E17|EVT:E25
1.0,EVT:E13|EVT:E17|EVT:E25
1.0,EVT:E12|EVT:E17|EVT:E25
1.0,EVT:E11|EVT:E17|EVT:E25
1.0,EVT:E10|EVT:E17|EVT:E25
1.0,EVT:E1|EVT:E17|EVT:E25
1.0,COMP:compute_server_external_events|EVT:E17|EVT:E25
1.0,COMP:openstack_wsgi|EVT:E17|EVT:E25
1.0,COMP:libvirt_imagecache|EVT:E17|EVT:E25
1.0,COMP:libvirt_driver|EVT:E17|EVT:E25
1.0,COMP:compute_manager|EVT:E17|EVT:E25
1.0,COMP:compute_resource_tracker|EVT:E17|EVT:E25
1.0,COMP:compute_claims|EVT:E17|EVT:E25
0.6,EVT:E17|EVT:E25|EVT:E29
1.0,COMP:wsgi_server|EVT:E16|EVT:E25
1.0,EVT:E15|EVT:E16|EVT:E25
1.0,EVT:E14|EVT:E16|EVT:E25
1.0,EVT:E13|EVT:E16|EVT:E25
1.0,EVT:E12|EVT:E16|EVT:E25
1.0,EVT:E11|EVT:E16|EVT:E25
1.0,EVT:E10|EVT:E16|EVT:E25
1.0,EVT:E1|EVT:E16|EVT:E25
1.0,COMP:compute_server_external_events|EVT:E16|EVT:E25
1.0,COMP:openstack_wsgi|EVT:E16|EVT:E25
1.0,COMP:libvirt_imagecache|EVT:E16|EVT:E25
1.0,COMP:libvirt_driver|EVT:E16|EVT:E25
1.0,COMP:compute_manager|EVT:E16|EVT:E25
1.0,COMP:compute_resource_tracker|EVT:E16|EVT:E25
1.0,COMP:compute_claims|EVT:E16|EVT:E25
0.6,EVT:E16|EVT:E25|EVT:E29
1.0,COMP:wsgi_server|EVT:E15|EVT:E25
1.0,COMP:wsgi_server|EVT:E14|EVT:E25
1.0,COMP:wsgi_server|EVT:E13|EVT:E25
1.0,COMP:wsgi_server|EVT:E12|EVT:E25
1.0,COMP:wsgi_server|EVT:E11|EVT:E25
1.0,COMP:wsgi_server|EVT:E10|EVT:E25
1.0,COMP:wsgi_server|EVT:E1|EVT:E25
1.0,COMP:compute_server_external_events|COMP:wsgi_server|EVT:E25
1.0,COMP:openstack_wsgi|COMP:wsgi_server|EVT:E25
1.0,COMP:libvirt_imagecache|COMP:wsgi_server|EVT:E25
1.0,COMP:libvirt_driver|COMP:wsgi_server|EVT:E25
1.0,COMP:compute_manager|COMP:wsgi_server|EVT:E25
1.0,COMP:compute_resource_tracker|COMP:wsgi_server|EVT:E25
1.0,COMP:compute_claims|COMP:wsgi_server|EVT:E25
0.6,COMP:wsgi_server|EVT:E25|EVT:E29
1.0,EVT:E14|EVT:E15|EVT:E25
1.0,EVT:E13|EVT:E15|EVT:E25
1.0,EVT:E12|EVT:E15|EVT:E25
1.0,EVT:E11|EVT:E15|EVT:E25
1.0,EVT:E10|EVT:E15|EVT:E25
1.0,EVT:E1|EVT:E15|EVT:E25
1.0,COMP:compute_server_external_events|EVT:E15|EVT:E25
1.0,COMP:openstack_wsgi|EVT:E15|EVT:E25
1.0,COMP:libvirt_imagecache|EVT:E15|EVT:E25
1.0,COMP:libvirt_driver|EVT:E15|EVT:E25
1.0,COMP:compute_manager|EVT:E15|EVT:E25
1.0,COMP:compute_resource_tracker|EVT:E15|EVT:E25
1.0,COMP:compute_claims|EVT:E15|EVT:E25
0.6,EVT:E15|EVT:E25|EVT:E29
1.0,EVT:E13|EVT:E14|EVT:E25
1.0,EVT:E12|EVT:E14|EVT:E25
1.0,EVT:E11|EVT:E14|EVT:E25
1.0,EVT:E10|EVT:E14|EVT:E25
1.0,EVT:E1|EVT:E14|EVT:E25
1.0,COMP:compute_server_external_events|EVT:E14|EVT:E25
1.0,COMP:openstack_wsgi|EVT:E14|EVT:E25
1.0,COMP:libvirt_imagecache|EVT:E14|EVT:E25
1.0,COMP:libvirt_driver|EVT:E14|EVT:E25
1.0,COMP:compute_manager|EVT:E14|EVT:E25
1.0,COMP:compute_resource_tracker|EVT:E14|EVT:E25
1.0,COMP:compute_claims|EVT:E14|EVT:E25
0.6,EVT:E14|EVT:E25|EVT:E29
1.0,EVT:E12|EVT:E13|EVT:E25
1.0,EVT:E11|EVT:E13|EVT:E25
1.0,EVT:E10|EVT:E13|EVT:E25
1.0,EVT:E1|EVT:E13|EVT:E25
1.0,COMP:compute_server_external_events|EVT:E13|EVT:E25
1.0,COMP:openstack_wsgi|EVT:E13|EVT:E25
1.0,COMP:libvirt_imagecache|EVT:E13|EVT:E25
1.0,COMP:libvirt_driver|EVT:E13|EVT:E25
1.0,COMP:compute_manager|EVT:E13|EVT:E25
1.0,COMP:compute_resource_tracker|EVT:E13|EVT:E25
1.0,COMP:compute_claims|EVT:E13|EVT:E25
0.6,EVT:E13|EVT:E25|EVT:E29
1.0,EVT:E11|EVT:E12|EVT:E25
1.0,EVT:E10|EVT:E12|EVT:E25
1.0,EVT:E1|EVT:E12|EVT:E25
1.0,COMP:compute_server_external_events|EVT:E12|EVT:E25
1.0,COMP:openstack_wsgi|EVT:E12|EVT:E25
1.0,COMP:libvirt_imagecache|EVT:E12|EVT:E25
1.0,COMP:libvirt_driver|EVT:E12|EVT:E25
1.0,COMP:compute_manager|EVT:E12|EVT:E25
1.0,COMP:compute_resource_tracker|EVT:E12|EVT:E25
1.0,COMP:compute_claims|EVT:E12|EVT:E25
0.6,EVT:E12|EVT:E25|EVT:E29
1.0,EVT:E10|EVT:E11|EVT:E25
1.0,EVT:E1|EVT:E11|EVT:E25
1.0,COMP:compute_server_external_events|EVT:E11|EVT:E25
1.0,COMP:openstack_wsgi|EVT:E11|EVT:E25
1.0,COMP:libvirt_imagecache|EVT:E11|EVT:E25
1.0,COMP:libvirt_driver|EVT:E11|EVT:E25
1.0,COMP:compute_manager|EVT:E11|EVT:E25
1.0,COMP:compute_resource_tracker|EVT:E11|EVT:E25
1.0,COMP:compute_claims|EVT:E11|EVT:E25
0.6,EVT:E11|EVT:E25|EVT:E29
1.0,EVT:E1|EVT:E10|EVT:E25
1.0,COMP:compute_server_external_events|EVT:E10|EVT:E25
1.0,COMP:openstack_wsgi|EVT:E10|EVT:E25
1.0,COMP:libvirt_imagecache|EVT:E10|EVT:E25
1.0,COMP:libvirt_driver|EVT:E10|EVT:E25
1.0,COMP:compute_manager|EVT:E10|EVT:E25
1.0,COMP:compute_resource_tracker|EVT:E10|EVT:E25
1.0,COMP:compute_claims|EVT:E10|EVT:E25
0.6,EVT:E10|EVT:E25|EVT:E29
1.0,COMP:compute_server_external_events|EVT:E1|EVT:E25
1.0,COMP:openstack_wsgi|EVT:E1|EVT:E25
1.0,COMP:libvirt_imagecache|EVT:E1|EVT:E25
1.0,COMP:libvirt_driver|EVT:E1|EVT:E25
1.0,COMP:compute_manager|EVT:E1|EVT:E25
1.0,COMP:compute_resource_tracker|EVT:E1|EVT:E25
1.0,COMP:compute_claims|EVT:E1|EVT:E25
0.6,EVT:E1|EVT:E25|EVT:E29
1.0,COMP:compute_server_external_events|COMP:openstack_wsgi|EVT:E25
1.0,COMP:compute_server_external_events|COMP:libvirt_imagecache|EVT:E25
1.0,COMP:compute_server_external_events|COMP:libvirt_driver|EVT:E25
1.0,COMP:compute_manager|COMP:compute_server_external_events|EVT:E25
1.0,COMP:compute_resource_tracker|COMP:compute_server_external_events|EVT:E25
1.0,COMP:compute_claims|COMP:compute_server_external_events|EVT:E25
0.6,COMP:compute_server_external_events|EVT:E25|EVT:E29
1.0,COMP:libvirt_imagecache|COMP:openstack_wsgi|EVT:E25
1.0,COMP:libvirt_driver|COMP:openstack_wsgi|EVT:E25
1.0,COMP:compute_manager|COMP:openstack_wsgi|EVT:E25
1.0,COMP:compute_resource_tracker|COMP:openstack_wsgi|EVT:E25
1.0,COMP:compute_claims|COMP:openstack_wsgi|EVT:E25
0.6,COMP:openstack_wsgi|EVT:E25|EVT:E29
1.0,COMP:libvirt_driver|COMP:libvirt_imagecache|EVT:E25
1.0,COMP:compute_manager|COMP:libvirt_imagecache|EVT:E25
1.0,COMP:compute_resource_tracker|COMP:libvirt_imagecache|EVT:E25
1.0,COMP:compute_claims|COMP:libvirt_imagecache|EVT:E25
0.6,COMP:libvirt_imagecache|EVT:E25|EVT:E29
1.0,COMP:compute_manager|COMP:libvirt_driver|EVT:E25
1.0,COMP:compute_resource_tracker|COMP:libvirt_driver|EVT:E25
1.0,COMP:compute_claims|COMP:libvirt_driver|EVT:E25
0.6,COMP:libvirt_driver|EVT:E25|EVT:E29
1.0,COMP:compute_manager|COMP:compute_resource_tracker|EVT:E25
1.0,COMP:compute_claims|COMP:compute_manager|EVT:E25
0.6,COMP:compute_manager|EVT:E25|EVT:E29
1.0,COMP:compute_claims|COMP:compute_resource_tracker|EVT:E25
0.6,COMP:compute_resource_tracker|EVT:E25|EVT:E29
0.6,COMP:compute_claims|EVT:E25|EVT:E29
1.0,EVT:E23|EVT:E24|EVT:E26
1.0,EVT:E2|EVT:E24|EVT:E26
1.0,EVT:E22|EVT:E24|EVT:E26
1.0,EVT:E21|EVT:E24|EVT:E26
1.0,EVT:E20|EVT:E24|EVT:E26
1.0,EVT:E18|EVT:E24|EVT:E26
1.0,EVT:E19|EVT:E24|EVT:E26
1.0,EVT:E17|EVT:E24|EVT:E26
1.0,EVT:E16|EVT:E24|EVT:E26
1.0,COMP:wsgi_server|EVT:E24|EVT:E26
1.0,EVT:E15|EVT:E24|EVT:E26
1.0,EVT:E14|EVT:E24|EVT:E26
1.0,EVT:E13|EVT:E24|EVT:E26
1.0,EVT:E12|EVT:E24|EVT:E26
1.0,EVT:E11|EVT:E24|EVT:E26
1.0,EVT:E10|EVT:E24|EVT:E26
1.0,EVT:E1|EVT:E24|EVT:E26
1.0,COMP:compute_server_external_events|EVT:E24|EVT:E26
1.0,COMP:openstack_wsgi|EVT:E24|EVT:E26
1.0,COMP:libvirt_imagecache|EVT:E24|EVT:E26
1.0,COMP:libvirt_driver|EVT:E24|EVT:E26
1.0,COMP:compute_manager|EVT:E24|EVT:E26
1.0,COMP:compute_resource_tracker|EVT:E24|EVT:E26
1.0,COMP:compute_claims|EVT:E24|EVT:E26
0.6,EVT:E24|EVT:E26|EVT:E29
1.0,EVT:E2|EVT:E23|EVT:E26
1.0,EVT:E22|EVT:E23|EVT:E26
1.0,EVT:E21|EVT:E23|EVT:E26
1.0,EVT:E20|EVT:E23|EVT:E26
1.0,EVT:E18|EVT:E23|EVT:E26
1.0,EVT:E19|EVT:E23|EVT:E26
1.0,EVT:E17|EVT:E23|EVT:E26
1.0,EVT:E16|EVT:E23|EVT:E26
1.0,COMP:wsgi_server|EVT:E23|EVT:E26
1.0,EVT:E15|EVT:E23|EVT:E26
1.0,EVT:E14|EVT:E23|EVT:E26
1.0,EVT:E13|EVT:E23|EVT:E26
1.0,EVT:E12|EVT:E23|EVT:E26
1.0,EVT:E11|EVT:E23|EVT:E26
1.0,EVT:E10|EVT:E23|EVT:E26
1.0,EVT:E1|EVT:E23|EVT:E26
1.0,COMP:compute_server_external_events|EVT:E23|EVT:E26
1.0,COMP:openstack_wsgi|EVT:E23|EVT:E26
1.0,COMP:libvirt_imagecache|EVT:E23|EVT:E26
1.0,COMP:libvirt_driver|EVT:E23|EVT:E26
1.0,COMP:compute_manager|EVT:E23|EVT:E26
1.0,COMP:compute_resource_tracker|EVT:E23|EVT:E26
1.0,COMP:compute_claims|EVT:E23|EVT:E26
0.6,EVT:E23|EVT:E26|EVT:E29
1.0,EVT:E2|EVT:E22|EVT:E26
1.0,EVT:E2|EVT:E21|EVT:E26
1.0,EVT:E2|EVT:E20|EVT:E26
1.0,EVT:E18|EVT:E2|EVT:E26
1.0,EVT:E19|EVT:E2|EVT:E26
1.0,EVT:E17|EVT:E2|EVT:E26
1.0,EVT:E16|EVT:E2|EVT:E26
1.0,COMP:wsgi_server|EVT:E2|EVT:E26
1.0,EVT:E15|EVT:E2|EVT:E26
1.0,EVT:E14|EVT:E2|EVT:E26
1.0,EVT:E13|EVT:E2|EVT:E26
1.0,EVT:E12|EVT:E2|EVT:E26
1.0,EVT:E11|EVT:E2|EVT:E26
1.0,EVT:E10|EVT:E2|EVT:E26
1.0,EVT:E1|EVT:E2|EVT:E26
1.0,COMP:compute_server_external_events|EVT:E2|EVT:E26
1.0,COMP:openstack_wsgi|EVT:E2|EVT:E26
1.0,COMP:libvirt_imagecache|EVT:E2|EVT:E26
1.0,COMP:libvirt_driver|EVT:E2|EVT:E26
1.0,COMP:compute_manager|EVT:E2|EVT:E26
1.0,COMP:compute_resource_tracker|EVT:E2|EVT:E26
1.0,COMP:compute_claims|EVT:E2|EVT:E26
0.6,EVT:E2|EVT:E26|EVT:E29
1.0,EVT:E21|EVT:E22|EVT:E26
1.0,EVT:E20|EVT:E22|EVT:E26
1.0,EVT:E18|EVT:E22|EVT:E26
1.0,EVT:E19|EVT:E22|EVT:E26
1.0,EVT:E17|EVT:E22|EVT:E26
1.0,EVT:E16|EVT:E22|EVT:E26
1.0,COMP:wsgi_server|EVT:E22|EVT:E26
1.0,EVT:E15|EVT:E22|EVT:E26
1.0,EVT:E14|EVT:E22|EVT:E26
1.0,EVT:E13|EVT:E22|EVT:E26
1.0,EVT:E12|EVT:E22|EVT:E26
1.0,EVT:E11|EVT:E22|EVT:E26
1.0,EVT:E10|EVT:E22|EVT:E26
1.0,EVT:E1|EVT:E22|EVT:E26
1.0,COMP:compute_server_external_events|EVT:E22|EVT:E26
1.0,COMP:openstack_wsgi|EVT:E22|EVT:E26
1.0,COMP:libvirt_imagecache|EVT:E22|EVT:E26
1.0,COMP:libvirt_driver|EVT:E22|EVT:E26
1.0,COMP:compute_manager|EVT:E22|EVT:E26
1.0,COMP:compute_resource_tracker|EVT:E22|EVT:E26
1.0,COMP:compute_claims|EVT:E22|EVT:E26
0.6,EVT:E22|EVT:E26|EVT:E29
1.0,EVT:E20|EVT:E21|EVT:E26
1.0,EVT:E18|EVT:E21|EVT:E26
1.0,EVT:E19|EVT:E21|EVT:E26
1.0,EVT:E17|EVT:E21|EVT:E26
1.0,EVT:E16|EVT:E21|EVT:E26
1.0,COMP:wsgi_server|EVT:E21|EVT:E26
1.0,EVT:E15|EVT:E21|EVT:E26
1.0,EVT:E14|EVT:E21|EVT:E26
1.0,EVT:E13|EVT:E21|EVT:E26
1.0,EVT:E12|EVT:E21|EVT:E26
1.0,EVT:E11|EVT:E21|EVT:E26
1.0,EVT:E10|EVT:E21|EVT:E26
1.0,EVT:E1|EVT:E21|EVT:E26
1.0,COMP:compute_server_external_events|EVT:E21|EVT:E26
1.0,COMP:openstack_wsgi|EVT:E21|EVT:E26
1.0,COMP:libvirt_imagecache|EVT:E21|EVT:E26
1.0,COMP:libvirt_driver|EVT:E21|EVT:E26
1.0,COMP:compute_manager|EVT:E21|EVT:E26
1.0,COMP:compute_resource_tracker|EVT:E21|EVT:E26
1.0,COMP:compute_claims|EVT:E21|EVT:E26
0.6,EVT:E21|EVT:E26|EVT:E29
1.0,EVT:E18|EVT:E20|EVT:E26
1.0,EVT:E19|EVT:E20|EVT:E26
1.0,EVT:E17|EVT:E20|EVT:E26
1.0,EVT:E16|EVT:E20|EVT:E26
1.0,COMP:wsgi_server|EVT:E20|EVT:E26
1.0,EVT:E15|EVT:E20|EVT:E26
1.0,EVT:E14|EVT:E20|EVT:E26
1.0,EVT:E13|EVT:E20|EVT:E26
1.0,EVT:E12|EVT:E20|EVT:E26
1.0,EVT:E11|EVT:E20|EVT:E26
1.0,EVT:E10|EVT:E20|EVT:E26
1.0,EVT:E1|EVT:E20|EVT:E26
1.0,COMP:compute_server_external_events|EVT:E20|EVT:E26
1.0,COMP:openstack_wsgi|EVT:E20|EVT:E26
1.0,COMP:libvirt_imagecache|EVT:E20|EVT:E26
1.0,COMP:libvirt_driver|EVT:E20|EVT:E26
1.0,COMP:compute_manager|EVT:E20|EVT:E26
1.0,COMP:compute_resource_tracker|EVT:E20|EVT:E26
1.0,COMP:compute_claims|EVT:E20|EVT:E26
0.6,EVT:E20|EVT:E26|EVT:E29
1.0,EVT:E18|EVT:E19|EVT:E26
1.0,EVT:E17|EVT:E18|EVT:E26
1.0,EVT:E16|EVT:E18|EVT:E26
1.0,COMP:wsgi_server|EVT:E18|EVT:E26
1.0,EVT:E15|EVT:E18|EVT:E26
1.0,EVT:E14|EVT:E18|EVT:E26
1.0,EVT:E13|EVT:E18|EVT:E26
1.0,EVT:E12|EVT:E18|EVT:E26
1.0,EVT:E11|EVT:E18|EVT:E26
1.0,EVT:E10|EVT:E18|EVT:E26
1.0,EVT:E1|EVT:E18|EVT:E26
1.0,COMP:compute_server_external_events|EVT:E18|EVT:E26
1.0,COMP:openstack_wsgi|EVT:E18|EVT:E26
1.0,COMP:libvirt_imagecache|EVT:E18|EVT:E26
1.0,COMP:libvirt_driver|EVT:E18|EVT:E26
1.0,COMP:compute_manager|EVT:E18|EVT:E26
1.0,COMP:compute_resource_tracker|EVT:E18|EVT:E26
1.0,COMP:compute_claims|EVT:E18|EVT:E26
0.6,EVT:E18|EVT:E26|EVT:E29
1.0,EVT:E17|EVT:E19|EVT:E26
1.0,EVT:E16|EVT:E19|EVT:E26
1.0,COMP:wsgi_server|EVT:E19|EVT:E26
1.0,EVT:E15|EVT:E19|EVT:E26
1.0,EVT:E14|EVT:E19|EVT:E26
1.0,EVT:E13|EVT:E19|EVT:E26
1.0,EVT:E12|EVT:E19|EVT:E26
1.0,EVT:E11|EVT:E19|EVT:E26
1.0,EVT:E10|EVT:E19|EVT:E26
1.0,EVT:E1|EVT:E19|EVT:E26
1.0,COMP:compute_server_external_events|EVT:E19|EVT:E26
1.0,COMP:openstack_wsgi|EVT:E19|EVT:E26
1.0,COMP:libvirt_imagecache|EVT:E19|EVT:E26
1.0,COMP:libvirt_driver|EVT:E19|EVT:E26
1.0,COMP:compute_manager|EVT:E19|EVT:E26
1.0,COMP:compute_resource_tracker|EVT:E19|EVT:E26
1.0,COMP:compute_claims|EVT:E19|EVT:E26
0.6,EVT:E19|EVT:E26|EVT:E29
1.0,EVT:E16|EVT:E17|EVT:E26
1.0,COMP:wsgi_server|EVT:E17|EVT:E26
1.0,EVT:E15|EVT:E17|EVT:E26
1.0,EVT:E14|EVT:E17|EVT:E26
1.0,EVT:E13|EVT:E17|EVT:E26
1.0,EVT:E12|EVT:E17|EVT:E26
1.0,EVT:E11|EVT:E17|EVT:E26
1.0,EVT:E10|EVT:E17|EVT:E26
1.0,EVT:E1|EVT:E17|EVT:E26
1.0,COMP:compute_server_external_events|EVT:E17|EVT:E26
1.0,COMP:openstack_wsgi|EVT:E17|EVT:E26
1.0,COMP:libvirt_imagecache|EVT:E17|EVT:E26
1.0,COMP:libvirt_driver|EVT:E17|EVT:E26
1.0,COMP:compute_manager|EVT:E17|EVT:E26
1.0,COMP:compute_resource_tracker|EVT:E17|EVT:E26
1.0,COMP:compute_claims|EVT:E17|EVT:E26
0.6,EVT:E17|EVT:E26|EVT:E29
1.0,COMP:wsgi_server|EVT:E16|EVT:E26
1.0,EVT:E15|EVT:E16|EVT:E26
1.0,EVT:E14|EVT:E16|EVT:E26
1.0,EVT:E13|EVT:E16|EVT:E26
1.0,EVT:E12|EVT:E16|EVT:E26
1.0,EVT:E11|EVT:E16|EVT:E26
1.0,EVT:E10|EVT:E16|EVT:E26
1.0,EVT:E1|EVT:E16|EVT:E26
1.0,COMP:compute_server_external_events|EVT:E16|EVT:E26
1.0,COMP:openstack_wsgi|EVT:E16|EVT:E26
1.0,COMP:libvirt_imagecache|EVT:E16|EVT:E26
1.0,COMP:libvirt_driver|EVT:E16|EVT:E26
1.0,COMP:compute_manager|EVT:E16|EVT:E26
1.0,COMP:compute_resource_tracker|EVT:E16|EVT:E26
1.0,COMP:compute_claims|EVT:E16|EVT:E26
0.6,EVT:E16|EVT:E26|EVT:E29
1.0,COMP:wsgi_server|EVT:E15|EVT:E26
1.0,COMP:wsgi_server|EVT:E14|EVT:E26
1.0,COMP:wsgi_server|EVT:E13|EVT:E26
1.0,COMP:wsgi_server|EVT:E12|EVT:E26
1.0,COMP:wsgi_server|EVT:E11|EVT:E26
1.0,COMP:wsgi_server|EVT:E10|EVT:E26
1.0,COMP:wsgi_server|EVT:E1|EVT:E26
1.0,COMP:compute_server_external_events|COMP:wsgi_server|EVT:E26
1.0,COMP:openstack_wsgi|COMP:wsgi_server|EVT:E26
1.0,COMP:libvirt_imagecache|COMP:wsgi_server|EVT:E26
1.0,COMP:libvirt_driver|COMP:wsgi_server|EVT:E26
1.0,COMP:compute_manager|COMP:wsgi_server|EVT:E26
1.0,COMP:compute_resource_tracker|COMP:wsgi_server|EVT:E26
1.0,COMP:compute_claims|COMP:wsgi_server|EVT:E26
0.6,COMP:wsgi_server|EVT:E26|EVT:E29
1.0,EVT:E14|EVT:E15|EVT:E26
1.0,EVT:E13|EVT:E15|EVT:E26
1.0,EVT:E12|EVT:E15|EVT:E26
1.0,EVT:E11|EVT:E15|EVT:E26
1.0,EVT:E10|EVT:E15|EVT:E26
1.0,EVT:E1|EVT:E15|EVT:E26
1.0,COMP:compute_server_external_events|EVT:E15|EVT:E26
1.0,COMP:openstack_wsgi|EVT:E15|EVT:E26
1.0,COMP:libvirt_imagecache|EVT:E15|EVT:E26
1.0,COMP:libvirt_driver|EVT:E15|EVT:E26
1.0,COMP:compute_manager|EVT:E15|EVT:E26
1.0,COMP:compute_resource_tracker|EVT:E15|EVT:E26
1.0,COMP:compute_claims|EVT:E15|EVT:E26
0.6,EVT:E15|EVT:E26|EVT:E29
1.0,EVT:E13|EVT:E14|EVT:E26
1.0,EVT:E12|EVT:E14|EVT:E26
1.0,EVT:E11|EVT:E14|EVT:E26
1.0,EVT:E10|EVT:E14|EVT:E26
1.0,EVT:E1|EVT:E14|EVT:E26
1.0,COMP:compute_server_external_events|EVT:E14|EVT:E26
1.0,COMP:openstack_wsgi|EVT:E14|EVT:E26
1.0,COMP:libvirt_imagecache|EVT:E14|EVT:E26
1.0,COMP:libvirt_driver|EVT:E14|EVT:E26
1.0,COMP:compute_manager|EVT:E14|EVT:E26
1.0,COMP:compute_resource_tracker|EVT:E14|EVT:E26
1.0,COMP:compute_claims|EVT:E14|EVT:E26
0.6,EVT:E14|EVT:E26|EVT:E29
1.0,EVT:E12|EVT:E13|EVT:E26
1.0,EVT:E11|EVT:E13|EVT:E26
1.0,EVT:E10|EVT:E13|EVT:E26
1.0,EVT:E1|EVT:E13|EVT:E26
1.0,COMP:compute_server_external_events|EVT:E13|EVT:E26
1.0,COMP:openstack_wsgi|EVT:E13|EVT:E26
1.0,COMP:libvirt_imagecache|EVT:E13|EVT:E26
1.0,COMP:libvirt_driver|EVT:E13|EVT:E26
1.0,COMP:compute_manager|EVT:E13|EVT:E26
1.0,COMP:compute_resource_tracker|EVT:E13|EVT:E26
1.0,COMP:compute_claims|EVT:E13|EVT:E26
0.6,EVT:E13|EVT:E26|EVT:E29
1.0,EVT:E11|EVT:E12|EVT:E26
1.0,EVT:E10|EVT:E12|EVT:E26
1.0,EVT:E1|EVT:E12|EVT:E26
1.0,COMP:compute_server_external_events|EVT:E12|EVT:E26
1.0,COMP:openstack_wsgi|EVT:E12|EVT:E26
1.0,COMP:libvirt_imagecache|EVT:E12|EVT:E26
1.0,COMP:libvirt_driver|EVT:E12|EVT:E26
1.0,COMP:compute_manager|EVT:E12|EVT:E26
1.0,COMP:compute_resource_tracker|EVT:E12|EVT:E26
1.0,COMP:compute_claims|EVT:E12|EVT:E26
0.6,EVT:E12|EVT:E26|EVT:E29
1.0,EVT:E10|EVT:E11|EVT:E26
1.0,EVT:E1|EVT:E11|EVT:E26
1.0,COMP:compute_server_external_events|EVT:E11|EVT:E26
1.0,COMP:openstack_wsgi|EVT:E11|EVT:E26
1.0,COMP:libvirt_imagecache|EVT:E11|EVT:E26
1.0,COMP:libvirt_driver|EVT:E11|EVT:E26
1.0,COMP:compute_manager|EVT:E11|EVT:E26
1.0,COMP:compute_resource_tracker|EVT:E11|EVT:E26
1.0,COMP:compute_claims|EVT:E11|EVT:E26
0.6,EVT:E11|EVT:E26|EVT:E29
1.0,EVT:E1|EVT:E10|EVT:E26
1.0,COMP:compute_server_external_events|EVT:E10|EVT:E26
1.0,COMP:openstack_wsgi|EVT:E10|EVT:E26
1.0,COMP:libvirt_imagecache|EVT:E10|EVT:E26
1.0,COMP:libvirt_driver|EVT:E10|EVT:E26
1.0,COMP:compute_manager|EVT:E10|EVT:E26
1.0,COMP:compute_resource_tracker|EVT:E10|EVT:E26
1.0,COMP:compute_claims|EVT:E10|EVT:E26
0.6,EVT:E10|EVT:E26|EVT:E29
1.0,COMP:compute_server_external_events|EVT:E1|EVT:E26
1.0,COMP:openstack_wsgi|EVT:E1|EVT:E26
1.0,COMP:libvirt_imagecache|EVT:E1|EVT:E26
1.0,COMP:libvirt_driver|EVT:E1|EVT:E26
1.0,COMP:compute_manager|EVT:E1|EVT:E26
1.0,COMP:compute_resource_tracker|EVT:E1|EVT:E26
1.0,COMP:compute_claims|EVT:E1|EVT:E26
0.6,EVT:E1|EVT:E26|EVT:E29
1.0,COMP:compute_server_external_events|COMP:openstack_wsgi|EVT:E26
1.0,COMP:compute_server_external_events|COMP:libvirt_imagecache|EVT:E26
1.0,COMP:compute_server_external_events|COMP:libvirt_driver|EVT:E26
1.0,COMP:compute_manager|COMP:compute_server_external_events|EVT:E26
1.0,COMP:compute_resource_tracker|COMP:compute_server_external_events|EVT:E26
1.0,COMP:compute_claims|COMP:compute_server_external_events|EVT:E26
0.6,COMP:compute_server_external_events|EVT:E26|EVT:E29
1.0,COMP:libvirt_imagecache|COMP:openstack_wsgi|EVT:E26
1.0,COMP:libvirt_driver|COMP:openstack_wsgi|EVT:E26
1.0,COMP:compute_manager|COMP:openstack_wsgi|EVT:E26
1.0,COMP:compute_resource_tracker|COMP:openstack_wsgi|EVT:E26
1.0,COMP:compute_claims|COMP:openstack_wsgi|EVT:E26
0.6,COMP:openstack_wsgi|EVT:E26|EVT:E29
1.0,COMP:libvirt_driver|COMP:libvirt_imagecache|EVT:E26
1.0,COMP:compute_manager|COMP:libvirt_imagecache|EVT:E26
1.0,COMP:compute_resource_tracker|COMP:libvirt_imagecache|EVT:E26
1.0,COMP:compute_claims|COMP:libvirt_imagecache|EVT:E26
0.6,COMP:libvirt_imagecache|EVT:E26|EVT:E29
1.0,COMP:compute_manager|COMP:libvirt_driver|EVT:E26
1.0,COMP:compute_resource_tracker|COMP:libvirt_driver|EVT:E26
1.0,COMP:compute_claims|COMP:libvirt_driver|EVT:E26
0.6,COMP:libvirt_driver|EVT:E26|EVT:E29
1.0,COMP:compute_manager|COMP:compute_resource_tracker|EVT:E26
1.0,COMP:compute_claims|COMP:compute_manager|EVT:E26
0.6,COMP:compute_manager|EVT:E26|EVT:E29
1.0,COMP:compute_claims|COMP:compute_resource_tracker|EVT:E26
0.6,COMP:compute_resource_tracker|EVT:E26|EVT:E29
0.6,COMP:compute_claims|EVT:E26|EVT:E29
1.0,EVT:E2|EVT:E23|EVT:E24
1.0,EVT:E22|EVT:E23|EVT:E24
1.0,EVT:E21|EVT:E23|EVT:E24
1.0,EVT:E20|EVT:E23|EVT:E24
1.0,EVT:E18|EVT:E23|EVT:E24
1.0,EVT:E19|EVT:E23|EVT:E24
1.0,EVT:E17|EVT:E23|EVT:E24
1.0,EVT:E16|EVT:E23|EVT:E24
1.0,COMP:wsgi_server|EVT:E23|EVT:E24
1.0,EVT:E15|EVT:E23|EVT:E24
1.0,EVT:E14|EVT:E23|EVT:E24
1.0,EVT:E13|EVT:E23|EVT:E24
1.0,EVT:E12|EVT:E23|EVT:E24
1.0,EVT:E11|EVT:E23|EVT:E24
1.0,EVT:E10|EVT:E23|EVT:E24
1.0,EVT:E1|EVT:E23|EVT:E24
1.0,COMP:compute_server_external_events|EVT:E23|EVT:E24
1.0,COMP:openstack_wsgi|EVT:E23|EVT:E24
1.0,COMP:libvirt_imagecache|EVT:E23|EVT:E24
1.0,COMP:libvirt_driver|EVT:E23|EVT:E24
1.0,COMP:compute_manager|EVT:E23|EVT:E24
1.0,COMP:compute_resource_tracker|EVT:E23|EVT:E24
1.0,COMP:compute_claims|EVT:E23|EVT:E24
0.6,EVT:E23|EVT:E24|EVT:E29
1.0,EVT:E2|EVT:E22|EVT:E24
1.0,EVT:E2|EVT:E21|EVT:E24
1.0,EVT:E2|EVT:E20|EVT:E24
1.0,EVT:E18|EVT:E2|EVT:E24
1.0,EVT:E19|EVT:E2|EVT:E24
1.0,EVT:E17|EVT:E2|EVT:E24
1.0,EVT:E16|EVT:E2|EVT:E24
1.0,COMP:wsgi_server|EVT:E2|EVT:E24
1.0,EVT:E15|EVT:E2|EVT:E24
1.0,EVT:E14|EVT:E2|EVT:E24
1.0,EVT:E13|EVT:E2|EVT:E24
1.0,EVT:E12|EVT:E2|EVT:E24
1.0,EVT:E11|EVT:E2|EVT:E24
1.0,EVT:E10|EVT:E2|EVT:E24
1.0,EVT:E1|EVT:E2|EVT:E24
1.0,COMP:compute_server_external_events|EVT:E2|EVT:E24
1.0,COMP:openstack_wsgi|EVT:E2|EVT:E24
1.0,COMP:libvirt_imagecache|EVT:E2|EVT:E24
1.0,COMP:libvirt_driver|EVT:E2|EVT:E24
1.0,COMP:compute_manager|EVT:E2|EVT:E24
1.0,COMP:compute_resource_tracker|EVT:E2|EVT:E24
1.0,COMP:compute_claims|EVT:E2|EVT:E24
0.6,EVT:E2|EVT:E24|EVT:E29
1.0,EVT:E21|EVT:E22|EVT:E24
1.0,EVT:E20|EVT:E22|EVT:E24
1.0,EVT:E18|EVT:E22|EVT:E24
1.0,EVT:E19|EVT:E22|EVT:E24
1.0,EVT:E17|EVT:E22|EVT:E24
1.0,EVT:E16|EVT:E22|EVT:E24
1.0,COMP:wsgi_server|EVT:E22|EVT:E24
1.0,EVT:E15|EVT:E22|EVT:E24
1.0,EVT:E14|EVT:E22|EVT:E24
1.0,EVT:E13|EVT:E22|EVT:E24
1.0,EVT:E12|EVT:E22|EVT:E24
1.0,EVT:E11|EVT:E22|EVT:E24
1.0,EVT:E10|EVT:E22|EVT:E24
1.0,EVT:E1|EVT:E22|EVT:E24
1.0,COMP:compute_server_external_events|EVT:E22|EVT:E24
1.0,COMP:openstack_wsgi|EVT:E22|EVT:E24
1.0,COMP:libvirt_imagecache|EVT:E22|EVT:E24
1.0,COMP:libvirt_driver|EVT:E22|EVT:E24
1.0,COMP:compute_manager|EVT:E22|EVT:E24
1.0,COMP:compute_resource_tracker|EVT:E22|EVT:E24
1.0,COMP:compute_claims|EVT:E22|EVT:E24
0.6,EVT:E22|EVT:E24|EVT:E29
1.0,EVT:E20|EVT:E21|EVT:E24
1.0,EVT:E18|EVT:E21|EVT:E24
1.0,EVT:E19|EVT:E21|EVT:E24
1.0,EVT:E17|EVT:E21|EVT:E24
1.0,EVT:E16|EVT:E21|EVT:E24
1.0,COMP:wsgi_server|EVT:E21|EVT:E24
1.0,EVT:E15|EVT:E21|EVT:E24
1.0,EVT:E14|EVT:E21|EVT:E24
1.0,EVT:E13|EVT:E21|EVT:E24
1.0,EVT:E12|EVT:E21|EVT:E24
1.0,EVT:E11|EVT:E21|EVT:E24
1.0,EVT:E10|EVT:E21|EVT:E24
1.0,EVT:E1|EVT:E21|EVT:E24
1.0,COMP:compute_server_external_events|EVT:E21|EVT:E24
1.0,COMP:openstack_wsgi|EVT:E21|EVT:E24
1.0,COMP:libvirt_imagecache|EVT:E21|EVT:E24
1.0,COMP:libvirt_driver|EVT:E21|EVT:E24
1.0,COMP:compute_manager|EVT:E21|EVT:E24
1.0,COMP:compute_resource_tracker|EVT:E21|EVT:E24
1.0,COMP:compute_claims|EVT:E21|EVT:E24
0.6,EVT:E21|EVT:E24|EVT:E29
1.0,EVT:E18|EVT:E20|EVT:E24
1.0,EVT:E19|EVT:E20|EVT:E24
1.0,EVT:E17|EVT:E20|EVT:E24
1.0,EVT:E16|EVT:E20|EVT:E24
1.0,COMP:wsgi_server|EVT:E20|EVT:E24
1.0,EVT:E15|EVT:E20|EVT:E24
1.0,EVT:E14|EVT:E20|EVT:E24
1.0,EVT:E13|EVT:E20|EVT:E24
1.0,EVT:E12|EVT:E20|EVT:E24
1.0,EVT:E11|EVT:E20|EVT:E24
1.0,EVT:E10|EVT:E20|EVT:E24
1.0,EVT:E1|EVT:E20|EVT:E24
1.0,COMP:compute_server_external_events|EVT:E20|EVT:E24
1.0,COMP:openstack_wsgi|EVT:E20|EVT:E24
1.0,COMP:libvirt_imagecache|EVT:E20|EVT:E24
1.0,COMP:libvirt_driver|EVT:E20|EVT:E24
1.0,COMP:compute_manager|EVT:E20|EVT:E24
1.0,COMP:compute_resource_tracker|EVT:E20|EVT:E24
1.0,COMP:compute_claims|EVT:E20|EVT:E24
0.6,EVT:E20|EVT:E24|EVT:E29
1.0,EVT:E18|EVT:E19|EVT:E24
1.0,EVT:E17|EVT:E18|EVT:E24
1.0,EVT:E16|EVT:E18|EVT:E24
1.0,COMP:wsgi_server|EVT:E18|EVT:E24
1.0,EVT:E15|EVT:E18|EVT:E24
1.0,EVT:E14|EVT:E18|EVT:E24
1.0,EVT:E13|EVT:E18|EVT:E24
1.0,EVT:E12|EVT:E18|EVT:E24
1.0,EVT:E11|EVT:E18|EVT:E24
1.0,EVT:E10|EVT:E18|EVT:E24
1.0,EVT:E1|EVT:E18|EVT:E24
1.0,COMP:compute_server_external_events|EVT:E18|EVT:E24
1.0,COMP:openstack_wsgi|EVT:E18|EVT:E24
1.0,COMP:libvirt_imagecache|EVT:E18|EVT:E24
1.0,COMP:libvirt_driver|EVT:E18|EVT:E24
1.0,COMP:compute_manager|EVT:E18|EVT:E24
1.0,COMP:compute_resource_tracker|EVT:E18|EVT:E24
1.0,COMP:compute_claims|EVT:E18|EVT:E24
0.6,EVT:E18|EVT:E24|EVT:E29
1.0,EVT:E17|EVT:E19|EVT:E24
1.0,EVT:E16|EVT:E19|EVT:E24
1.0,COMP:wsgi_server|EVT:E19|EVT:E24
1.0,EVT:E15|EVT:E19|EVT:E24
1.0,EVT:E14|EVT:E19|EVT:E24
1.0,EVT:E13|EVT:E19|EVT:E24
1.0,EVT:E12|EVT:E19|EVT:E24
1.0,EVT:E11|EVT:E19|EVT:E24
1.0,EVT:E10|EVT:E19|EVT:E24
1.0,EVT:E1|EVT:E19|EVT:E24
1.0,COMP:compute_server_external_events|EVT:E19|EVT:E24
1.0,COMP:openstack_wsgi|EVT:E19|EVT:E24
1.0,COMP:libvirt_imagecache|EVT:E19|EVT:E24
1.0,COMP:libvirt_driver|EVT:E19|EVT:E24
1.0,COMP:compute_manager|EVT:E19|EVT:E24
1.0,COMP:compute_resource_tracker|EVT:E19|EVT:E24
1.0,COMP:compute_claims|EVT:E19|EVT:E24
0.6,EVT:E19|EVT:E24|EVT:E29
1.0,EVT:E16|EVT:E17|EVT:E24
1.0,COMP:wsgi_server|EVT:E17|EVT:E24
1.0,EVT:E15|EVT:E17|EVT:E24
1.0,EVT:E14|EVT:E17|EVT:E24
1.0,EVT:E13|EVT:E17|EVT:E24
1.0,EVT:E12|EVT:E17|EVT:E24
1.0,EVT:E11|EVT:E17|EVT:E24
1.0,EVT:E10|EVT:E17|EVT:E24
1.0,EVT:E1|EVT:E17|EVT:E24
1.0,COMP:compute_server_external_events|EVT:E17|EVT:E24
1.0,COMP:openstack_wsgi|EVT:E17|EVT:E24
1.0,COMP:libvirt_imagecache|EVT:E17|EVT:E24
1.0,COMP:libvirt_driver|EVT:E17|EVT:E24
1.0,COMP:compute_manager|EVT:E17|EVT:E24
1.0,COMP:compute_resource_tracker|EVT:E17|EVT:E24
1.0,COMP:compute_claims|EVT:E17|EVT:E24
0.6,EVT:E17|EVT:E24|EVT:E29
1.0,COMP:wsgi_server|EVT:E16|EVT:E24
1.0,EVT:E15|EVT:E16|EVT:E24
1.0,EVT:E14|EVT:E16|EVT:E24
1.0,EVT:E13|EVT:E16|EVT:E24
1.0,EVT:E12|EVT:E16|EVT:E24
1.0,EVT:E11|EVT:E16|EVT:E24
1.0,EVT:E10|EVT:E16|EVT:E24
1.0,EVT:E1|EVT:E16|EVT:E24
1.0,COMP:compute_server_external_events|EVT:E16|EVT:E24
1.0,COMP:openstack_wsgi|EVT:E16|EVT:E24
1.0,COMP:libvirt_imagecache|EVT:E16|EVT:E24
1.0,COMP:libvirt_driver|EVT:E16|EVT:E24
1.0,COMP:compute_manager|EVT:E16|EVT:E24
1.0,COMP:compute_resource_tracker|EVT:E16|EVT:E24
1.0,COMP:compute_claims|EVT:E16|EVT:E24
0.6,EVT:E16|EVT:E24|EVT:E29
1.0,COMP:wsgi_server|EVT:E15|EVT:E24
1.0,COMP:wsgi_server|EVT:E14|EVT:E24
1.0,COMP:wsgi_server|EVT:E13|EVT:E24
1.0,COMP:wsgi_server|EVT:E12|EVT:E24
1.0,COMP:wsgi_server|EVT:E11|EVT:E24
1.0,COMP:wsgi_server|EVT:E10|EVT:E24
1.0,COMP:wsgi_server|EVT:E1|EVT:E24
1.0,COMP:compute_server_external_events|COMP:wsgi_server|EVT:E24
1.0,COMP:openstack_wsgi|COMP:wsgi_server|EVT:E24
1.0,COMP:libvirt_imagecache|COMP:wsgi_server|EVT:E24
1.0,COMP:libvirt_driver|COMP:wsgi_server|EVT:E24
1.0,COMP:compute_manager|COMP:wsgi_server|EVT:E24
1.0,COMP:compute_resource_tracker|COMP:wsgi_server|EVT:E24
1.0,COMP:compute_claims|COMP:wsgi_server|EVT:E24
0.6,COMP:wsgi_server|EVT:E24|EVT:E29
1.0,EVT:E14|EVT:E15|EVT:E24
1.0,EVT:E13|EVT:E15|EVT:E24
1.0,EVT:E12|EVT:E15|EVT:E24
1.0,EVT:E11|EVT:E15|EVT:E24
1.0,EVT:E10|EVT:E15|EVT:E24
1.0,EVT:E1|EVT:E15|EVT:E24
1.0,COMP:compute_server_external_events|EVT:E15|EVT:E24
1.0,COMP:openstack_wsgi|EVT:E15|EVT:E24
1.0,COMP:libvirt_imagecache|EVT:E15|EVT:E24
1.0,COMP:libvirt_driver|EVT:E15|EVT:E24
1.0,COMP:compute_manager|EVT:E15|EVT:E24
1.0,COMP:compute_resource_tracker|EVT:E15|EVT:E24
1.0,COMP:compute_claims|EVT:E15|EVT:E24
0.6,EVT:E15|EVT:E24|EVT:E29
1.0,EVT:E13|EVT:E14|EVT:E24
1.0,EVT:E12|EVT:E14|EVT:E24
1.0,EVT:E11|EVT:E14|EVT:E24
1.0,EVT:E10|EVT:E14|EVT:E24
1.0,EVT:E1|EVT:E14|EVT:E24
1.0,COMP:compute_server_external_events|EVT:E14|EVT:E24
1.0,COMP:openstack_wsgi|EVT:E14|EVT:E24
1.0,COMP:libvirt_imagecache|EVT:E14|EVT:E24
1.0,COMP:libvirt_driver|EVT:E14|EVT:E24
1.0,COMP:compute_manager|EVT:E14|EVT:E24
1.0,COMP:compute_resource_tracker|EVT:E14|EVT:E24
1.0,COMP:compute_claims|EVT:E14|EVT:E24
0.6,EVT:E14|EVT:E24|EVT:E29
1.0,EVT:E12|EVT:E13|EVT:E24
1.0,EVT:E11|EVT:E13|EVT:E24
1.0,EVT:E10|EVT:E13|EVT:E24
1.0,EVT:E1|EVT:E13|EVT:E24
1.0,COMP:compute_server_external_events|EVT:E13|EVT:E24
1.0,COMP:openstack_wsgi|EVT:E13|EVT:E24
1.0,COMP:libvirt_imagecache|EVT:E13|EVT:E24
1.0,COMP:libvirt_driver|EVT:E13|EVT:E24
1.0,COMP:compute_manager|EVT:E13|EVT:E24
1.0,COMP:compute_resource_tracker|EVT:E13|EVT:E24
1.0,COMP:compute_claims|EVT:E13|EVT:E24
0.6,EVT:E13|EVT:E24|EVT:E29
1.0,EVT:E11|EVT:E12|EVT:E24
1.0,EVT:E10|EVT:E12|EVT:E24
1.0,EVT:E1|EVT:E12|EVT:E24
1.0,COMP:compute_server_external_events|EVT:E12|EVT:E24
1.0,COMP:openstack_wsgi|EVT:E12|EVT:E24
1.0,COMP:libvirt_imagecache|EVT:E12|EVT:E24
1.0,COMP:libvirt_driver|EVT:E12|EVT:E24
1.0,COMP:compute_manager|EVT:E12|EVT:E24
1.0,COMP:compute_resource_tracker|EVT:E12|EVT:E24
1.0,COMP:compute_claims|EVT:E12|EVT:E24
0.6,EVT:E12|EVT:E24|EVT:E29
1.0,EVT:E10|EVT:E11|EVT:E24
1.0,EVT:E1|EVT:E11|EVT:E24
1.0,COMP:compute_server_external_events|EVT:E11|EVT:E24
1.0,COMP:openstack_wsgi|EVT:E11|EVT:E24
1.0,COMP:libvirt_imagecache|EVT:E11|EVT:E24
1.0,COMP:libvirt_driver|EVT:E11|EVT:E24
1.0,COMP:compute_manager|EVT:E11|EVT:E24
1.0,COMP:compute_resource_tracker|EVT:E11|EVT:E24
1.0,COMP:compute_claims|EVT:E11|EVT:E24
0.6,EVT:E11|EVT:E24|EVT:E29
1.0,EVT:E1|EVT:E10|EVT:E24
1.0,COMP:compute_server_external_events|EVT:E10|EVT:E24
1.0,COMP:openstack_wsgi|EVT:E10|EVT:E24
1.0,COMP:libvirt_imagecache|EVT:E10|EVT:E24
1.0,COMP:libvirt_driver|EVT:E10|EVT:E24
1.0,COMP:compute_manager|EVT:E10|EVT:E24
1.0,COMP:compute_resource_tracker|EVT:E10|EVT:E24
1.0,COMP:compute_claims|EVT:E10|EVT:E24
0.6,EVT:E10|EVT:E24|EVT:E29
1.0,COMP:compute_server_external_events|EVT:E1|EVT:E24
1.0,COMP:openstack_wsgi|EVT:E1|EVT:E24
1.0,COMP:libvirt_imagecache|EVT:E1|EVT:E24
1.0,COMP:libvirt_driver|EVT:E1|EVT:E24
1.0,COMP:compute_manager|EVT:E1|EVT:E24
1.0,COMP:compute_resource_tracker|EVT:E1|EVT:E24
1.0,COMP:compute_claims|EVT:E1|EVT:E24
0.6,EVT:E1|EVT:E24|EVT:E29
1.0,COMP:compute_server_external_events|COMP:openstack_wsgi|EVT:E24
1.0,COMP:compute_server_external_events|COMP:libvirt_imagecache|EVT:E24
1.0,COMP:compute_server_external_events|COMP:libvirt_driver|EVT:E24
1.0,COMP:compute_manager|COMP:compute_server_external_events|EVT:E24
1.0,COMP:compute_resource_tracker|COMP:compute_server_external_events|EVT:E24
1.0,COMP:compute_claims|COMP:compute_server_external_events|EVT:E24
0.6,COMP:compute_server_external_events|EVT:E24|EVT:E29
1.0,COMP:libvirt_imagecache|COMP:openstack_wsgi|EVT:E24
1.0,COMP:libvirt_driver|COMP:openstack_wsgi|EVT:E24
1.0,COMP:compute_manager|COMP:openstack_wsgi|EVT:E24
1.0,COMP:compute_resource_tracker|COMP:openstack_wsgi|EVT:E24
1.0,COMP:compute_claims|COMP:openstack_wsgi|EVT:E24
0.6,COMP:openstack_wsgi|EVT:E24|EVT:E29
1.0,COMP:libvirt_driver|COMP:libvirt_imagecache|EVT:E24
1.0,COMP:compute_manager|COMP:libvirt_imagecache|EVT:E24
1.0,COMP:compute_resource_tracker|COMP:libvirt_imagecache|EVT:E24
1.0,COMP:compute_claims|COMP:libvirt_imagecache|EVT:E24
0.6,COMP:libvirt_imagecache|EVT:E24|EVT:E29
1.0,COMP:compute_manager|COMP:libvirt_driver|EVT:E24
1.0,COMP:compute_resource_tracker|COMP:libvirt_driver|EVT:E24
1.0,COMP:compute_claims|COMP:libvirt_driver|EVT:E24
0.6,COMP:libvirt_driver|EVT:E24|EVT:E29
1.0,COMP:compute_manager|COMP:compute_resource_tracker|EVT:E24
1.0,COMP:compute_claims|COMP:compute_manager|EVT:E24
0.6,COMP:compute_manager|EVT:E24|EVT:E29
1.0,COMP:compute_claims|COMP:compute_resource_tracker|EVT:E24
0.6,COMP:compute_resource_tracker|EVT:E24|EVT:E29
0.6,COMP:compute_claims|EVT:E24|EVT:E29
1.0,EVT:E2|EVT:E22|EVT:E23
1.0,EVT:E2|EVT:E21|EVT:E23
1.0,EVT:E2|EVT:E20|EVT:E23
1.0,EVT:E18|EVT:E2|EVT:E23
1.0,EVT:E19|EVT:E2|EVT:E23
1.0,EVT:E17|EVT:E2|EVT:E23
1.0,EVT:E16|EVT:E2|EVT:E23
1.0,COMP:wsgi_server|EVT:E2|EVT:E23
1.0,EVT:E15|EVT:E2|EVT:E23
1.0,EVT:E14|EVT:E2|EVT:E23
1.0,EVT:E13|EVT:E2|EVT:E23
1.0,EVT:E12|EVT:E2|EVT:E23
1.0,EVT:E11|EVT:E2|EVT:E23
1.0,EVT:E10|EVT:E2|EVT:E23
1.0,EVT:E1|EVT:E2|EVT:E23
1.0,COMP:compute_server_external_events|EVT:E2|EVT:E23
1.0,COMP:openstack_wsgi|EVT:E2|EVT:E23
1.0,COMP:libvirt_imagecache|EVT:E2|EVT:E23
1.0,COMP:libvirt_driver|EVT:E2|EVT:E23
1.0,COMP:compute_manager|EVT:E2|EVT:E23
1.0,COMP:compute_resource_tracker|EVT:E2|EVT:E23
1.0,COMP:compute_claims|EVT:E2|EVT:E23
0.6,EVT:E2|EVT:E23|EVT:E29
1.0,EVT:E21|EVT:E22|EVT:E23
1.0,EVT:E20|EVT:E22|EVT:E23
1.0,EVT:E18|EVT:E22|EVT:E23
1.0,EVT:E19|EVT:E22|EVT:E23
1.0,EVT:E17|EVT:E22|EVT:E23
1.0,EVT:E16|EVT:E22|EVT:E23
1.0,COMP:wsgi_server|EVT:E22|EVT:E23
1.0,EVT:E15|EVT:E22|EVT:E23
1.0,EVT:E14|EVT:E22|EVT:E23
1.0,EVT:E13|EVT:E22|EVT:E23
1.0,EVT:E12|EVT:E22|EVT:E23
1.0,EVT:E11|EVT:E22|EVT:E23
1.0,EVT:E10|EVT:E22|EVT:E23
1.0,EVT:E1|EVT:E22|EVT:E23
1.0,COMP:compute_server_external_events|EVT:E22|EVT:E23
1.0,COMP:openstack_wsgi|EVT:E22|EVT:E23
1.0,COMP:libvirt_imagecache|EVT:E22|EVT:E23
1.0,COMP:libvirt_driver|EVT:E22|EVT:E23
1.0,COMP:compute_manager|EVT:E22|EVT:E23
1.0,COMP:compute_resource_tracker|EVT:E22|EVT:E23
1.0,COMP:compute_claims|EVT:E22|EVT:E23
0.6,EVT:E22|EVT:E23|EVT:E29
1.0,EVT:E20|EVT:E21|EVT:E23
1.0,EVT:E18|EVT:E21|EVT:E23
1.0,EVT:E19|EVT:E21|EVT:E23
1.0,EVT:E17|EVT:E21|EVT:E23
1.0,EVT:E16|EVT:E21|EVT:E23
1.0,COMP:wsgi_server|EVT:E21|EVT:E23
1.0,EVT:E15|EVT:E21|EVT:E23
1.0,EVT:E14|EVT:E21|EVT:E23
1.0,EVT:E13|EVT:E21|EVT:E23
1.0,EVT:E12|EVT:E21|EVT:E23
1.0,EVT:E11|EVT:E21|EVT:E23
1.0,EVT:E10|EVT:E21|EVT:E23
1.0,EVT:E1|EVT:E21|EVT:E23
1.0,COMP:compute_server_external_events|EVT:E21|EVT:E23
1.0,COMP:openstack_wsgi|EVT:E21|EVT:E23
1.0,COMP:libvirt_imagecache|EVT:E21|EVT:E23
1.0,COMP:libvirt_driver|EVT:E21|EVT:E23
1.0,COMP:compute_manager|EVT:E21|EVT:E23
1.0,COMP:compute_resource_tracker|EVT:E21|EVT:E23
1.0,COMP:compute_claims|EVT:E21|EVT:E23
0.6,EVT:E21|EVT:E23|EVT:E29
1.0,EVT:E18|EVT:E20|EVT:E23
1.0,EVT:E19|EVT:E20|EVT:E23
1.0,EVT:E17|EVT:E20|EVT:E23
1.0,EVT:E16|EVT:E20|EVT:E23
1.0,COMP:wsgi_server|EVT:E20|EVT:E23
1.0,EVT:E15|EVT:E20|EVT:E23
1.0,EVT:E14|EVT:E20|EVT:E23
1.0,EVT:E13|EVT:E20|EVT:E23
1.0,EVT:E12|EVT:E20|EVT:E23
1.0,EVT:E11|EVT:E20|EVT:E23
1.0,EVT:E10|EVT:E20|EVT:E23
1.0,EVT:E1|EVT:E20|EVT:E23
1.0,COMP:compute_server_external_events|EVT:E20|EVT:E23
1.0,COMP:openstack_wsgi|EVT:E20|EVT:E23
1.0,COMP:libvirt_imagecache|EVT:E20|EVT:E23
1.0,COMP:libvirt_driver|EVT:E20|EVT:E23
1.0,COMP:compute_manager|EVT:E20|EVT:E23
1.0,COMP:compute_resource_tracker|EVT:E20|EVT:E23
1.0,COMP:compute_claims|EVT:E20|EVT:E23
0.6,EVT:E20|EVT:E23|EVT:E29
1.0,EVT:E18|EVT:E19|EVT:E23
1.0,EVT:E17|EVT:E18|EVT:E23
1.0,EVT:E16|EVT:E18|EVT:E23
1.0,COMP:wsgi_server|EVT:E18|EVT:E23
1.0,EVT:E15|EVT:E18|EVT:E23
1.0,EVT:E14|EVT:E18|EVT:E23
1.0,EVT:E13|EVT:E18|EVT:E23
1.0,EVT:E12|EVT:E18|EVT:E23
1.0,EVT:E11|EVT:E18|EVT:E23
1.0,EVT:E10|EVT:E18|EVT:E23
1.0,EVT:E1|EVT:E18|EVT:E23
1.0,COMP:compute_server_external_events|EVT:E18|EVT:E23
1.0,COMP:openstack_wsgi|EVT:E18|EVT:E23
1.0,COMP:libvirt_imagecache|EVT:E18|EVT:E23
1.0,COMP:libvirt_driver|EVT:E18|EVT:E23
1.0,COMP:compute_manager|EVT:E18|EVT:E23
1.0,COMP:compute_resource_tracker|EVT:E18|EVT:E23
1.0,COMP:compute_claims|EVT:E18|EVT:E23
0.6,EVT:E18|EVT:E23|EVT:E29
1.0,EVT:E17|EVT:E19|EVT:E23
1.0,EVT:E16|EVT:E19|EVT:E23
1.0,COMP:wsgi_server|EVT:E19|EVT:E23
1.0,EVT:E15|EVT:E19|EVT:E23
1.0,EVT:E14|EVT:E19|EVT:E23
1.0,EVT:E13|EVT:E19|EVT:E23
1.0,EVT:E12|EVT:E19|EVT:E23
1.0,EVT:E11|EVT:E19|EVT:E23
1.0,EVT:E10|EVT:E19|EVT:E23
1.0,EVT:E1|EVT:E19|EVT:E23
1.0,COMP:compute_server_external_events|EVT:E19|EVT:E23
1.0,COMP:openstack_wsgi|EVT:E19|EVT:E23
1.0,COMP:libvirt_imagecache|EVT:E19|EVT:E23
1.0,COMP:libvirt_driver|EVT:E19|EVT:E23
1.0,COMP:compute_manager|EVT:E19|EVT:E23
1.0,COMP:compute_resource_tracker|EVT:E19|EVT:E23
1.0,COMP:compute_claims|EVT:E19|EVT:E23
0.6,EVT:E19|EVT:E23|EVT:E29
1.0,EVT:E16|EVT:E17|EVT:E23
1.0,COMP:wsgi_server|EVT:E17|EVT:E23
1.0,EVT:E15|EVT:E17|EVT:E23
1.0,EVT:E14|EVT:E17|EVT:E23
1.0,EVT:E13|EVT:E17|EVT:E23
1.0,EVT:E12|EVT:E17|EVT:E23
1.0,EVT:E11|EVT:E17|EVT:E23
1.0,EVT:E10|EVT:E17|EVT:E23
1.0,EVT:E1|EVT:E17|EVT:E23
1.0,COMP:compute_server_external_events|EVT:E17|EVT:E23
1.0,COMP:openstack_wsgi|EVT:E17|EVT:E23
1.0,COMP:libvirt_imagecache|EVT:E17|EVT:E23
1.0,COMP:libvirt_driver|EVT:E17|EVT:E23
1.0,COMP:compute_manager|EVT:E17|EVT:E23
1.0,COMP:compute_resource_tracker|EVT:E17|EVT:E23
1.0,COMP:compute_claims|EVT:E17|EVT:E23
0.6,EVT:E17|EVT:E23|EVT:E29
1.0,COMP:wsgi_server|EVT:E16|EVT:E23
1.0,EVT:E15|EVT:E16|EVT:E23
1.0,EVT:E14|EVT:E16|EVT:E23
1.0,EVT:E13|EVT:E16|EVT:E23
1.0,EVT:E12|EVT:E16|EVT:E23
1.0,EVT:E11|EVT:E16|EVT:E23
1.0,EVT:E10|EVT:E16|EVT:E23
1.0,EVT:E1|EVT:E16|EVT:E23
1.0,COMP:compute_server_external_events|EVT:E16|EVT:E23
1.0,COMP:openstack_wsgi|EVT:E16|EVT:E23
1.0,COMP:libvirt_imagecache|EVT:E16|EVT:E23
1.0,COMP:libvirt_driver|EVT:E16|EVT:E23
1.0,COMP:compute_manager|EVT:E16|EVT:E23
1.0,COMP:compute_resource_tracker|EVT:E16|EVT:E23
1.0,COMP:compute_claims|EVT:E16|EVT:E23
0.6,EVT:E16|EVT:E23|EVT:E29
1.0,COMP:wsgi_server|EVT:E15|EVT:E23
1.0,COMP:wsgi_server|EVT:E14|EVT:E23
1.0,COMP:wsgi_server|EVT:E13|EVT:E23
1.0,COMP:wsgi_server|EVT:E12|EVT:E23
1.0,COMP:wsgi_server|EVT:E11|EVT:E23
1.0,COMP:wsgi_server|EVT:E10|EVT:E23
1.0,COMP:wsgi_server|EVT:E1|EVT:E23
1.0,COMP:compute_server_external_events|COMP:wsgi_server|EVT:E23
1.0,COMP:openstack_wsgi|COMP:wsgi_server|EVT:E23
1.0,COMP:libvirt_imagecache|COMP:wsgi_server|EVT:E23
1.0,COMP:libvirt_driver|COMP:wsgi_server|EVT:E23
1.0,COMP:compute_manager|COMP:wsgi_server|EVT:E23
1.0,COMP:compute_resource_tracker|COMP:wsgi_server|EVT:E23
1.0,COMP:compute_claims|COMP:wsgi_server|EVT:E23
0.6,COMP:wsgi_server|EVT:E23|EVT:E29
1.0,EVT:E14|EVT:E15|EVT:E23
1.0,EVT:E13|EVT:E15|EVT:E23
1.0,EVT:E12|EVT:E15|EVT:E23
1.0,EVT:E11|EVT:E15|EVT:E23
1.0,EVT:E10|EVT:E15|EVT:E23
1.0,EVT:E1|EVT:E15|EVT:E23
1.0,COMP:compute_server_external_events|EVT:E15|EVT:E23
1.0,COMP:openstack_wsgi|EVT:E15|EVT:E23
1.0,COMP:libvirt_imagecache|EVT:E15|EVT:E23
1.0,COMP:libvirt_driver|EVT:E15|EVT:E23
1.0,COMP:compute_manager|EVT:E15|EVT:E23
1.0,COMP:compute_resource_tracker|EVT:E15|EVT:E23
1.0,COMP:compute_claims|EVT:E15|EVT:E23
0.6,EVT:E15|EVT:E23|EVT:E29
1.0,EVT:E13|EVT:E14|EVT:E23
1.0,EVT:E12|EVT:E14|EVT:E23
1.0,EVT:E11|EVT:E14|EVT:E23
1.0,EVT:E10|EVT:E14|EVT:E23
1.0,EVT:E1|EVT:E14|EVT:E23
1.0,COMP:compute_server_external_events|EVT:E14|EVT:E23
1.0,COMP:openstack_wsgi|EVT:E14|EVT:E23
1.0,COMP:libvirt_imagecache|EVT:E14|EVT:E23
1.0,COMP:libvirt_driver|EVT:E14|EVT:E23
1.0,COMP:compute_manager|EVT:E14|EVT:E23
1.0,COMP:compute_resource_tracker|EVT:E14|EVT:E23
1.0,COMP:compute_claims|EVT:E14|EVT:E23
0.6,EVT:E14|EVT:E23|EVT:E29
1.0,EVT:E12|EVT:E13|EVT:E23
1.0,EVT:E11|EVT:E13|EVT:E23
1.0,EVT:E10|EVT:E13|EVT:E23
1.0,EVT:E1|EVT:E13|EVT:E23
1.0,COMP:compute_server_external_events|EVT:E13|EVT:E23
1.0,COMP:openstack_wsgi|EVT:E13|EVT:E23
1.0,COMP:libvirt_imagecache|EVT:E13|EVT:E23
1.0,COMP:libvirt_driver|EVT:E13|EVT:E23
1.0,COMP:compute_manager|EVT:E13|EVT:E23
1.0,COMP:compute_resource_tracker|EVT:E13|EVT:E23
1.0,COMP:compute_claims|EVT:E13|EVT:E23
0.6,EVT:E13|EVT:E23|EVT:E29
1.0,EVT:E11|EVT:E12|EVT:E23
1.0,EVT:E10|EVT:E12|EVT:E23
1.0,EVT:E1|EVT:E12|EVT:E23
1.0,COMP:compute_server_external_events|EVT:E12|EVT:E23
1.0,COMP:openstack_wsgi|EVT:E12|EVT:E23
1.0,COMP:libvirt_imagecache|EVT:E12|EVT:E23
1.0,COMP:libvirt_driver|EVT:E12|EVT:E23
1.0,COMP:compute_manager|EVT:E12|EVT:E23
1.0,COMP:compute_resource_tracker|EVT:E12|EVT:E23
1.0,COMP:compute_claims|EVT:E12|EVT:E23
0.6,EVT:E12|EVT:E23|EVT:E29
1.0,EVT:E10|EVT:E11|EVT:E23
1.0,EVT:E1|EVT:E11|EVT:E23
1.0,COMP:compute_server_external_events|EVT:E11|EVT:E23
1.0,COMP:openstack_wsgi|EVT:E11|EVT:E23
1.0,COMP:libvirt_imagecache|EVT:E11|EVT:E23
1.0,COMP:libvirt_driver|EVT:E11|EVT:E23
1.0,COMP:compute_manager|EVT:E11|EVT:E23
1.0,COMP:compute_resource_tracker|EVT:E11|EVT:E23
1.0,COMP:compute_claims|EVT:E11|EVT:E23
0.6,EVT:E11|EVT:E23|EVT:E29
1.0,EVT:E1|EVT:E10|EVT:E23
1.0,COMP:compute_server_external_events|EVT:E10|EVT:E23
1.0,COMP:openstack_wsgi|EVT:E10|EVT:E23
1.0,COMP:libvirt_imagecache|EVT:E10|EVT:E23
1.0,COMP:libvirt_driver|EVT:E10|EVT:E23
1.0,COMP:compute_manager|EVT:E10|EVT:E23
1.0,COMP:compute_resource_tracker|EVT:E10|EVT:E23
1.0,COMP:compute_claims|EVT:E10|EVT:E23
0.6,EVT:E10|EVT:E23|EVT:E29
1.0,COMP:compute_server_external_events|EVT:E1|EVT:E23
1.0,COMP:openstack_wsgi|EVT:E1|EVT:E23
1.0,COMP:libvirt_imagecache|EVT:E1|EVT:E23
1.0,COMP:libvirt_driver|EVT:E1|EVT:E23
1.0,COMP:compute_manager|EVT:E1|EVT:E23
1.0,COMP:compute_resource_tracker|EVT:E1|EVT:E23
1.0,COMP:compute_claims|EVT:E1|EVT:E23
0.6,EVT:E1|EVT:E23|EVT:E29
1.0,COMP:compute_server_external_events|COMP:openstack_wsgi|EVT:E23
1.0,COMP:compute_server_external_events|COMP:libvirt_imagecache|EVT:E23
1.0,COMP:compute_server_external_events|COMP:libvirt_driver|EVT:E23
1.0,COMP:compute_manager|COMP:compute_server_external_events|EVT:E23
1.0,COMP:compute_resource_tracker|COMP:compute_server_external_events|EVT:E23
1.0,COMP:compute_claims|COMP:compute_server_external_events|EVT:E23
0.6,COMP:compute_server_external_events|EVT:E23|EVT:E29
1.0,COMP:libvirt_imagecache|COMP:openstack_wsgi|EVT:E23
1.0,COMP:libvirt_driver|COMP:openstack_wsgi|EVT:E23
1.0,COMP:compute_manager|COMP:openstack_wsgi|EVT:E23
1.0,COMP:compute_resource_tracker|COMP:openstack_wsgi|EVT:E23
1.0,COMP:compute_claims|COMP:openstack_wsgi|EVT:E23
0.6,COMP:openstack_wsgi|EVT:E23|EVT:E29
1.0,COMP:libvirt_driver|COMP:libvirt_imagecache|EVT:E23
1.0,COMP:compute_manager|COMP:libvirt_imagecache|EVT:E23
1.0,COMP:compute_resource_tracker|COMP:libvirt_imagecache|EVT:E23
1.0,COMP:compute_claims|COMP:libvirt_imagecache|EVT:E23
0.6,COMP:libvirt_imagecache|EVT:E23|EVT:E29
1.0,COMP:compute_manager|COMP:libvirt_driver|EVT:E23
1.0,COMP:compute_resource_tracker|COMP:libvirt_driver|EVT:E23
1.0,COMP:compute_claims|COMP:libvirt_driver|EVT:E23
0.6,COMP:libvirt_driver|EVT:E23|EVT:E29
1.0,COMP:compute_manager|COMP:compute_resource_tracker|EVT:E23
1.0,COMP:compute_claims|COMP:compute_manager|EVT:E23
0.6,COMP:compute_manager|EVT:E23|EVT:E29
1.0,COMP:compute_claims|COMP:compute_resource_tracker|EVT:E23
0.6,COMP:compute_resource_tracker|EVT:E23|EVT:E29
0.6,COMP:compute_claims|EVT:E23|EVT:E29
1.0,EVT:E2|EVT:E21|EVT:E22
1.0,EVT:E2|EVT:E20|EVT:E22
1.0,EVT:E18|EVT:E2|EVT:E22
1.0,EVT:E19|EVT:E2|EVT:E22
1.0,EVT:E17|EVT:E2|EVT:E22
1.0,EVT:E16|EVT:E2|EVT:E22
1.0,COMP:wsgi_server|EVT:E2|EVT:E22
1.0,EVT:E15|EVT:E2|EVT:E22
1.0,EVT:E14|EVT:E2|EVT:E22
1.0,EVT:E13|EVT:E2|EVT:E22
1.0,EVT:E12|EVT:E2|EVT:E22
1.0,EVT:E11|EVT:E2|EVT:E22
1.0,EVT:E10|EVT:E2|EVT:E22
1.0,EVT:E1|EVT:E2|EVT:E22
1.0,COMP:compute_server_external_events|EVT:E2|EVT:E22
1.0,COMP:openstack_wsgi|EVT:E2|EVT:E22
1.0,COMP:libvirt_imagecache|EVT:E2|EVT:E22
1.0,COMP:libvirt_driver|EVT:E2|EVT:E22
1.0,COMP:compute_manager|EVT:E2|EVT:E22
1.0,COMP:compute_resource_tracker|EVT:E2|EVT:E22
1.0,COMP:compute_claims|EVT:E2|EVT:E22
0.6,EVT:E2|EVT:E22|EVT:E29
1.0,EVT:E2|EVT:E20|EVT:E21
1.0,EVT:E18|EVT:E2|EVT:E21
1.0,EVT:E19|EVT:E2|EVT:E21
1.0,EVT:E17|EVT:E2|EVT:E21
1.0,EVT:E16|EVT:E2|EVT:E21
1.0,COMP:wsgi_server|EVT:E2|EVT:E21
1.0,EVT:E15|EVT:E2|EVT:E21
1.0,EVT:E14|EVT:E2|EVT:E21
1.0,EVT:E13|EVT:E2|EVT:E21
1.0,EVT:E12|EVT:E2|EVT:E21
1.0,EVT:E11|EVT:E2|EVT:E21
1.0,EVT:E10|EVT:E2|EVT:E21
1.0,EVT:E1|EVT:E2|EVT:E21
1.0,COMP:compute_server_external_events|EVT:E2|EVT:E21
1.0,COMP:openstack_wsgi|EVT:E2|EVT:E21
1.0,COMP:libvirt_imagecache|EVT:E2|EVT:E21
1.0,COMP:libvirt_driver|EVT:E2|EVT:E21
1.0,COMP:compute_manager|EVT:E2|EVT:E21
1.0,COMP:compute_resource_tracker|EVT:E2|EVT:E21
1.0,COMP:compute_claims|EVT:E2|EVT:E21
0.6,EVT:E2|EVT:E21|EVT:E29
1.0,EVT:E18|EVT:E2|EVT:E20
1.0,EVT:E19|EVT:E2|EVT:E20
1.0,EVT:E17|EVT:E2|EVT:E20
1.0,EVT:E16|EVT:E2|EVT:E20
1.0,COMP:wsgi_server|EVT:E2|EVT:E20
1.0,EVT:E15|EVT:E2|EVT:E20
1.0,EVT:E14|EVT:E2|EVT:E20
1.0,EVT:E13|EVT:E2|EVT:E20
1.0,EVT:E12|EVT:E2|EVT:E20
1.0,EVT:E11|EVT:E2|EVT:E20
1.0,EVT:E10|EVT:E2|EVT:E20
1.0,EVT:E1|EVT:E2|EVT:E20
1.0,COMP:compute_server_external_events|EVT:E2|EVT:E20
1.0,COMP:openstack_wsgi|EVT:E2|EVT:E20
1.0,COMP:libvirt_imagecache|EVT:E2|EVT:E20
1.0,COMP:libvirt_driver|EVT:E2|EVT:E20
1.0,COMP:compute_manager|EVT:E2|EVT:E20
1.0,COMP:compute_resource_tracker|EVT:E2|EVT:E20
1.0,COMP:compute_claims|EVT:E2|EVT:E20
0.6,EVT:E2|EVT:E20|EVT:E29
1.0,EVT:E18|EVT:E19|EVT:E2
1.0,EVT:E17|EVT:E18|EVT:E2
1.0,EVT:E16|EVT:E18|EVT:E2
1.0,COMP:wsgi_server|EVT:E18|EVT:E2
1.0,EVT:E15|EVT:E18|EVT:E2
1.0,EVT:E14|EVT:E18|EVT:E2
1.0,EVT:E13|EVT:E18|EVT:E2
1.0,EVT:E12|EVT:E18|EVT:E2
1.0,EVT:E11|EVT:E18|EVT:E2
1.0,EVT:E10|EVT:E18|EVT:E2
1.0,EVT:E1|EVT:E18|EVT:E2
1.0,COMP:compute_server_external_events|EVT:E18|EVT:E2
1.0,COMP:openstack_wsgi|EVT:E18|EVT:E2
1.0,COMP:libvirt_imagecache|EVT:E18|EVT:E2
1.0,COMP:libvirt_driver|EVT:E18|EVT:E2
1.0,COMP:compute_manager|EVT:E18|EVT:E2
1.0,COMP:compute_resource_tracker|EVT:E18|EVT:E2
1.0,COMP:compute_claims|EVT:E18|EVT:E2
0.6,EVT:E18|EVT:E2|EVT:E29
1.0,EVT:E17|EVT:E19|EVT:E2
1.0,EVT:E16|EVT:E19|EVT:E2
1.0,COMP:wsgi_server|EVT:E19|EVT:E2
1.0,EVT:E15|EVT:E19|EVT:E2
1.0,EVT:E14|EVT:E19|EVT:E2
1.0,EVT:E13|EVT:E19|EVT:E2
1.0,EVT:E12|EVT:E19|EVT:E2
1.0,EVT:E11|EVT:E19|EVT:E2
1.0,EVT:E10|EVT:E19|EVT:E2
1.0,EVT:E1|EVT:E19|EVT:E2
1.0,COMP:compute_server_external_events|EVT:E19|EVT:E2
1.0,COMP:openstack_wsgi|EVT:E19|EVT:E2
1.0,COMP:libvirt_imagecache|EVT:E19|EVT:E2
1.0,COMP:libvirt_driver|EVT:E19|EVT:E2
1.0,COMP:compute_manager|EVT:E19|EVT:E2
1.0,COMP:compute_resource_tracker|EVT:E19|EVT:E2
1.0,COMP:compute_claims|EVT:E19|EVT:E2
0.6,EVT:E19|EVT:E2|EVT:E29
1.0,EVT:E16|EVT:E17|EVT:E2
1.0,COMP:wsgi_server|EVT:E17|EVT:E2
1.0,EVT:E15|EVT:E17|EVT:E2
1.0,EVT:E14|EVT:E17|EVT:E2
1.0,EVT:E13|EVT:E17|EVT:E2
1.0,EVT:E12|EVT:E17|EVT:E2
1.0,EVT:E11|EVT:E17|EVT:E2
1.0,EVT:E10|EVT:E17|EVT:E2
1.0,EVT:E1|EVT:E17|EVT:E2
1.0,COMP:compute_server_external_events|EVT:E17|EVT:E2
1.0,COMP:openstack_wsgi|EVT:E17|EVT:E2
1.0,COMP:libvirt_imagecache|EVT:E17|EVT:E2
1.0,COMP:libvirt_driver|EVT:E17|EVT:E2
1.0,COMP:compute_manager|EVT:E17|EVT:E2
1.0,COMP:compute_resource_tracker|EVT:E17|EVT:E2
1.0,COMP:compute_claims|EVT:E17|EVT:E2
0.6,EVT:E17|EVT:E2|EVT:E29
1.0,COMP:wsgi_server|EVT:E16|EVT:E2
1.0,EVT:E15|EVT:E16|EVT:E2
1.0,EVT:E14|EVT:E16|EVT:E2
1.0,EVT:E13|EVT:E16|EVT:E2
1.0,EVT:E12|EVT:E16|EVT:E2
1.0,EVT:E11|EVT:E16|EVT:E2
1.0,EVT:E10|EVT:E16|EVT:E2
1.0,EVT:E1|EVT:E16|EVT:E2
1.0,COMP:compute_server_external_events|EVT:E16|EVT:E2
1.0,COMP:openstack_wsgi|EVT:E16|EVT:E2
1.0,COMP:libvirt_imagecache|EVT:E16|EVT:E2
1.0,COMP:libvirt_driver|EVT:E16|EVT:E2
1.0,COMP:compute_manager|EVT:E16|EVT:E2
1.0,COMP:compute_resource_tracker|EVT:E16|EVT:E2
1.0,COMP:compute_claims|EVT:E16|EVT:E2
0.6,EVT:E16|EVT:E2|EVT:E29
1.0,COMP:wsgi_server|EVT:E15|EVT:E2
1.0,COMP:wsgi_server|EVT:E14|EVT:E2
1.0,COMP:wsgi_server|EVT:E13|EVT:E2
1.0,COMP:wsgi_server|EVT:E12|EVT:E2
1.0,COMP:wsgi_server|EVT:E11|EVT:E2
1.0,COMP:wsgi_server|EVT:E10|EVT:E2
1.0,COMP:wsgi_server|EVT:E1|EVT:E2
1.0,COMP:compute_server_external_events|COMP:wsgi_server|EVT:E2
1.0,COMP:openstack_wsgi|COMP:wsgi_server|EVT:E2
1.0,COMP:libvirt_imagecache|COMP:wsgi_server|EVT:E2
1.0,COMP:libvirt_driver|COMP:wsgi_server|EVT:E2
1.0,COMP:compute_manager|COMP:wsgi_server|EVT:E2
1.0,COMP:compute_resource_tracker|COMP:wsgi_server|EVT:E2
1.0,COMP:compute_claims|COMP:wsgi_server|EVT:E2
0.6,COMP:wsgi_server|EVT:E2|EVT:E29
1.0,EVT:E14|EVT:E15|EVT:E2
1.0,EVT:E13|EVT:E15|EVT:E2
1.0,EVT:E12|EVT:E15|EVT:E2
1.0,EVT:E11|EVT:E15|EVT:E2
1.0,EVT:E10|EVT:E15|EVT:E2
1.0,EVT:E1|EVT:E15|EVT:E2
1.0,COMP:compute_server_external_events|EVT:E15|EVT:E2
1.0,COMP:openstack_wsgi|EVT:E15|EVT:E2
1.0,COMP:libvirt_imagecache|EVT:E15|EVT:E2
1.0,COMP:libvirt_driver|EVT:E15|EVT:E2
1.0,COMP:compute_manager|EVT:E15|EVT:E2
1.0,COMP:compute_resource_tracker|EVT:E15|EVT:E2
1.0,COMP:compute_claims|EVT:E15|EVT:E2
0.6,EVT:E15|EVT:E2|EVT:E29
1.0,EVT:E13|EVT:E14|EVT:E2
1.0,EVT:E12|EVT:E14|EVT:E2
1.0,EVT:E11|EVT:E14|EVT:E2
1.0,EVT:E10|EVT:E14|EVT:E2
1.0,EVT:E1|EVT:E14|EVT:E2
1.0,COMP:compute_server_external_events|EVT:E14|EVT:E2
1.0,COMP:openstack_wsgi|EVT:E14|EVT:E2
1.0,COMP:libvirt_imagecache|EVT:E14|EVT:E2
1.0,COMP:libvirt_driver|EVT:E14|EVT:E2
1.0,COMP:compute_manager|EVT:E14|EVT:E2
1.0,COMP:compute_resource_tracker|EVT:E14|EVT:E2
1.0,COMP:compute_claims|EVT:E14|EVT:E2
0.6,EVT:E14|EVT:E2|EVT:E29
1.0,EVT:E12|EVT:E13|EVT:E2
1.0,EVT:E11|EVT:E13|EVT:E2
1.0,EVT:E10|EVT:E13|EVT:E2
1.0,EVT:E1|EVT:E13|EVT:E2
1.0,COMP:compute_server_external_events|EVT:E13|EVT:E2
1.0,COMP:openstack_wsgi|EVT:E13|EVT:E2
1.0,COMP:libvirt_imagecache|EVT:E13|EVT:E2
1.0,COMP:libvirt_driver|EVT:E13|EVT:E2
1.0,COMP:compute_manager|EVT:E13|EVT:E2
1.0,COMP:compute_resource_tracker|EVT:E13|EVT:E2
1.0,COMP:compute_claims|EVT:E13|EVT:E2
0.6,EVT:E13|EVT:E2|EVT:E29
1.0,EVT:E11|EVT:E12|EVT:E2
1.0,EVT:E10|EVT:E12|EVT:E2
1.0,EVT:E1|EVT:E12|EVT:E2
1.0,COMP:compute_server_external_events|EVT:E12|EVT:E2
1.0,COMP:openstack_wsgi|EVT:E12|EVT:E2
1.0,COMP:libvirt_imagecache|EVT:E12|EVT:E2
1.0,COMP:libvirt_driver|EVT:E12|EVT:E2
1.0,COMP:compute_manager|EVT:E12|EVT:E2
1.0,COMP:compute_resource_tracker|EVT:E12|EVT:E2
1.0,COMP:compute_claims|EVT:E12|EVT:E2
0.6,EVT:E12|EVT:E2|EVT:E29
1.0,EVT:E10|EVT:E11|EVT:E2
1.0,EVT:E1|EVT:E11|EVT:E2
1.0,COMP:compute_server_external_events|EVT:E11|EVT:E2
1.0,COMP:openstack_wsgi|EVT:E11|EVT:E2
1.0,COMP:libvirt_imagecache|EVT:E11|EVT:E2
1.0,COMP:libvirt_driver|EVT:E11|EVT:E2
1.0,COMP:compute_manager|EVT:E11|EVT:E2
1.0,COMP:compute_resource_tracker|EVT:E11|EVT:E2
1.0,COMP:compute_claims|EVT:E11|EVT:E2
0.6,EVT:E11|EVT:E2|EVT:E29
1.0,EVT:E1|EVT:E10|EVT:E2
1.0,COMP:compute_server_external_events|EVT:E10|EVT:E2
1.0,COMP:openstack_wsgi|EVT:E10|EVT:E2
1.0,COMP:libvirt_imagecache|EVT:E10|EVT:E2
1.0,COMP:libvirt_driver|EVT:E10|EVT:E2
1.0,COMP:compute_manager|EVT:E10|EVT:E2
1.0,COMP:compute_resource_tracker|EVT:E10|EVT:E2
1.0,COMP:compute_claims|EVT:E10|EVT:E2
0.6,EVT:E10|EVT:E2|EVT:E29
1.0,COMP:compute_server_external_events|EVT:E1|EVT:E2
1.0,COMP:openstack_wsgi|EVT:E1|EVT:E2
1.0,COMP:libvirt_imagecache|EVT:E1|EVT:E2
1.0,COMP:libvirt_driver|EVT:E1|EVT:E2
1.0,COMP:compute_manager|EVT:E1|EVT:E2
1.0,COMP:compute_resource_tracker|EVT:E1|EVT:E2
1.0,COMP:compute_claims|EVT:E1|EVT:E2
0.6,EVT:E1|EVT:E2|EVT:E29
1.0,COMP:compute_server_external_events|COMP:openstack_wsgi|EVT:E2
1.0,COMP:compute_server_external_events|COMP:libvirt_imagecache|EVT:E2
1.0,COMP:compute_server_external_events|COMP:libvirt_driver|EVT:E2
1.0,COMP:compute_manager|COMP:compute_server_external_events|EVT:E2
1.0,COMP:compute_resource_tracker|COMP:compute_server_external_events|EVT:E2
1.0,COMP:compute_claims|COMP:compute_server_external_events|EVT:E2
0.6,COMP:compute_server_external_events|EVT:E2|EVT:E29
1.0,COMP:libvirt_imagecache|COMP:openstack_wsgi|EVT:E2
1.0,COMP:libvirt_driver|COMP:openstack_wsgi|EVT:E2
1.0,COMP:compute_manager|COMP:openstack_wsgi|EVT:E2
1.0,COMP:compute_resource_tracker|COMP:openstack_wsgi|EVT:E2
1.0,COMP:compute_claims|COMP:openstack_wsgi|EVT:E2
0.6,COMP:openstack_wsgi|EVT:E2|EVT:E29
1.0,COMP:libvirt_driver|COMP:libvirt_imagecache|EVT:E2
1.0,COMP:compute_manager|COMP:libvirt_imagecache|EVT:E2
1.0,COMP:compute_resource_tracker|COMP:libvirt_imagecache|EVT:E2
1.0,COMP:compute_claims|COMP:libvirt_imagecache|EVT:E2
0.6,COMP:libvirt_imagecache|EVT:E2|EVT:E29
1.0,COMP:compute_manager|COMP:libvirt_driver|EVT:E2
1.0,COMP:compute_resource_tracker|COMP:libvirt_driver|EVT:E2
1.0,COMP:compute_claims|COMP:libvirt_driver|EVT:E2
0.6,COMP:libvirt_driver|EVT:E2|EVT:E29
1.0,COMP:compute_manager|COMP:compute_resource_tracker|EVT:E2
1.0,COMP:compute_claims|COMP:compute_manager|EVT:E2
0.6,COMP:compute_manager|EVT:E2|EVT:E29
1.0,COMP:compute_claims|COMP:compute_resource_tracker|EVT:E2
0.6,COMP:compute_resource_tracker|EVT:E2|EVT:E29
0.6,COMP:compute_claims|EVT:E2|EVT:E29
1.0,EVT:E20|EVT:E21|EVT:E22
1.0,EVT:E18|EVT:E21|EVT:E22
1.0,EVT:E19|EVT:E21|EVT:E22
1.0,EVT:E17|EVT:E21|EVT:E22
1.0,EVT:E16|EVT:E21|EVT:E22
1.0,COMP:wsgi_server|EVT:E21|EVT:E22
1.0,EVT:E15|EVT:E21|EVT:E22
1.0,EVT:E14|EVT:E21|EVT:E22
1.0,EVT:E13|EVT:E21|EVT:E22
1.0,EVT:E12|EVT:E21|EVT:E22
1.0,EVT:E11|EVT:E21|EVT:E22
1.0,EVT:E10|EVT:E21|EVT:E22
1.0,EVT:E1|EVT:E21|EVT:E22
1.0,COMP:compute_server_external_events|EVT:E21|EVT:E22
1.0,COMP:openstack_wsgi|EVT:E21|EVT:E22
1.0,COMP:libvirt_imagecache|EVT:E21|EVT:E22
1.0,COMP:libvirt_driver|EVT:E21|EVT:E22
1.0,COMP:compute_manager|EVT:E21|EVT:E22
1.0,COMP:compute_resource_tracker|EVT:E21|EVT:E22
1.0,COMP:compute_claims|EVT:E21|EVT:E22
0.6,EVT:E21|EVT:E22|EVT:E29
1.0,EVT:E18|EVT:E20|EVT:E22
1.0,EVT:E19|EVT:E20|EVT:E22
1.0,EVT:E17|EVT:E20|EVT:E22
1.0,EVT:E16|EVT:E20|EVT:E22
1.0,COMP:wsgi_server|EVT:E20|EVT:E22
1.0,EVT:E15|EVT:E20|EVT:E22
1.0,EVT:E14|EVT:E20|EVT:E22
1.0,EVT:E13|EVT:E20|EVT:E22
1.0,EVT:E12|EVT:E20|EVT:E22
1.0,EVT:E11|EVT:E20|EVT:E22
1.0,EVT:E10|EVT:E20|EVT:E22
1.0,EVT:E1|EVT:E20|EVT:E22
1.0,COMP:compute_server_external_events|EVT:E20|EVT:E22
1.0,COMP:openstack_wsgi|EVT:E20|EVT:E22
1.0,COMP:libvirt_imagecache|EVT:E20|EVT:E22
1.0,COMP:libvirt_driver|EVT:E20|EVT:E22
1.0,COMP:compute_manager|EVT:E20|EVT:E22
1.0,COMP:compute_resource_tracker|EVT:E20|EVT:E22
1.0,COMP:compute_claims|EVT:E20|EVT:E22
0.6,EVT:E20|EVT:E22|EVT:E29
1.0,EVT:E18|EVT:E19|EVT:E22
1.0,EVT:E17|EVT:E18|EVT:E22
1.0,EVT:E16|EVT:E18|EVT:E22
1.0,COMP:wsgi_server|EVT:E18|EVT:E22
1.0,EVT:E15|EVT:E18|EVT:E22
1.0,EVT:E14|EVT:E18|EVT:E22
1.0,EVT:E13|EVT:E18|EVT:E22
1.0,EVT:E12|EVT:E18|EVT:E22
1.0,EVT:E11|EVT:E18|EVT:E22
1.0,EVT:E10|EVT:E18|EVT:E22
1.0,EVT:E1|EVT:E18|EVT:E22
1.0,COMP:compute_server_external_events|EVT:E18|EVT:E22
1.0,COMP:openstack_wsgi|EVT:E18|EVT:E22
1.0,COMP:libvirt_imagecache|EVT:E18|EVT:E22
1.0,COMP:libvirt_driver|EVT:E18|EVT:E22
1.0,COMP:compute_manager|EVT:E18|EVT:E22
1.0,COMP:compute_resource_tracker|EVT:E18|EVT:E22
1.0,COMP:compute_claims|EVT:E18|EVT:E22
0.6,EVT:E18|EVT:E22|EVT:E29
1.0,EVT:E17|EVT:E19|EVT:E22
1.0,EVT:E16|EVT:E19|EVT:E22
1.0,COMP:wsgi_server|EVT:E19|EVT:E22
1.0,EVT:E15|EVT:E19|EVT:E22
1.0,EVT:E14|EVT:E19|EVT:E22
1.0,EVT:E13|EVT:E19|EVT:E22
1.0,EVT:E12|EVT:E19|EVT:E22
1.0,EVT:E11|EVT:E19|EVT:E22
1.0,EVT:E10|EVT:E19|EVT:E22
1.0,EVT:E1|EVT:E19|EVT:E22
1.0,COMP:compute_server_external_events|EVT:E19|EVT:E22
1.0,COMP:openstack_wsgi|EVT:E19|EVT:E22
1.0,COMP:libvirt_imagecache|EVT:E19|EVT:E22
1.0,COMP:libvirt_driver|EVT:E19|EVT:E22
1.0,COMP:compute_manager|EVT:E19|EVT:E22
1.0,COMP:compute_resource_tracker|EVT:E19|EVT:E22
1.0,COMP:compute_claims|EVT:E19|EVT:E22
0.6,EVT:E19|EVT:E22|EVT:E29
1.0,EVT:E16|EVT:E17|EVT:E22
1.0,COMP:wsgi_server|EVT:E17|EVT:E22
1.0,EVT:E15|EVT:E17|EVT:E22
1.0,EVT:E14|EVT:E17|EVT:E22
1.0,EVT:E13|EVT:E17|EVT:E22
1.0,EVT:E12|EVT:E17|EVT:E22
1.0,EVT:E11|EVT:E17|EVT:E22
1.0,EVT:E10|EVT:E17|EVT:E22
1.0,EVT:E1|EVT:E17|EVT:E22
1.0,COMP:compute_server_external_events|EVT:E17|EVT:E22
1.0,COMP:openstack_wsgi|EVT:E17|EVT:E22
1.0,COMP:libvirt_imagecache|EVT:E17|EVT:E22
1.0,COMP:libvirt_driver|EVT:E17|EVT:E22
1.0,COMP:compute_manager|EVT:E17|EVT:E22
1.0,COMP:compute_resource_tracker|EVT:E17|EVT:E22
1.0,COMP:compute_claims|EVT:E17|EVT:E22
0.6,EVT:E17|EVT:E22|EVT:E29
1.0,COMP:wsgi_server|EVT:E16|EVT:E22
1.0,EVT:E15|EVT:E16|EVT:E22
1.0,EVT:E14|EVT:E16|EVT:E22
1.0,EVT:E13|EVT:E16|EVT:E22
1.0,EVT:E12|EVT:E16|EVT:E22
1.0,EVT:E11|EVT:E16|EVT:E22
1.0,EVT:E10|EVT:E16|EVT:E22
1.0,EVT:E1|EVT:E16|EVT:E22
1.0,COMP:compute_server_external_events|EVT:E16|EVT:E22
1.0,COMP:openstack_wsgi|EVT:E16|EVT:E22
1.0,COMP:libvirt_imagecache|EVT:E16|EVT:E22
1.0,COMP:libvirt_driver|EVT:E16|EVT:E22
1.0,COMP:compute_manager|EVT:E16|EVT:E22
1.0,COMP:compute_resource_tracker|EVT:E16|EVT:E22
1.0,COMP:compute_claims|EVT:E16|EVT:E22
0.6,EVT:E16|EVT:E22|EVT:E29
1.0,COMP:wsgi_server|EVT:E15|EVT:E22
1.0,COMP:wsgi_server|EVT:E14|EVT:E22
1.0,COMP:wsgi_server|EVT:E13|EVT:E22
1.0,COMP:wsgi_server|EVT:E12|EVT:E22
1.0,COMP:wsgi_server|EVT:E11|EVT:E22
1.0,COMP:wsgi_server|EVT:E10|EVT:E22
1.0,COMP:wsgi_server|EVT:E1|EVT:E22
1.0,COMP:compute_server_external_events|COMP:wsgi_server|EVT:E22
1.0,COMP:openstack_wsgi|COMP:wsgi_server|EVT:E22
1.0,COMP:libvirt_imagecache|COMP:wsgi_server|EVT:E22
1.0,COMP:libvirt_driver|COMP:wsgi_server|EVT:E22
1.0,COMP:compute_manager|COMP:wsgi_server|EVT:E22
1.0,COMP:compute_resource_tracker|COMP:wsgi_server|EVT:E22
1.0,COMP:compute_claims|COMP:wsgi_server|EVT:E22
0.6,COMP:wsgi_server|EVT:E22|EVT:E29
1.0,EVT:E14|EVT:E15|EVT:E22
1.0,EVT:E13|EVT:E15|EVT:E22
1.0,EVT:E12|EVT:E15|EVT:E22
1.0,EVT:E11|EVT:E15|EVT:E22
1.0,EVT:E10|EVT:E15|EVT:E22
1.0,EVT:E1|EVT:E15|EVT:E22
1.0,COMP:compute_server_external_events|EVT:E15|EVT:E22
1.0,COMP:openstack_wsgi|EVT:E15|EVT:E22
1.0,COMP:libvirt_imagecache|EVT:E15|EVT:E22
1.0,COMP:libvirt_driver|EVT:E15|EVT:E22
1.0,COMP:compute_manager|EVT:E15|EVT:E22
1.0,COMP:compute_resource_tracker|EVT:E15|EVT:E22
1.0,COMP:compute_claims|EVT:E15|EVT:E22
0.6,EVT:E15|EVT:E22|EVT:E29
1.0,EVT:E13|EVT:E14|EVT:E22
1.0,EVT:E12|EVT:E14|EVT:E22
1.0,EVT:E11|EVT:E14|EVT:E22
1.0,EVT:E10|EVT:E14|EVT:E22
1.0,EVT:E1|EVT:E14|EVT:E22
1.0,COMP:compute_server_external_events|EVT:E14|EVT:E22
1.0,COMP:openstack_wsgi|EVT:E14|EVT:E22
1.0,COMP:libvirt_imagecache|EVT:E14|EVT:E22
1.0,COMP:libvirt_driver|EVT:E14|EVT:E22
1.0,COMP:compute_manager|EVT:E14|EVT:E22
1.0,COMP:compute_resource_tracker|EVT:E14|EVT:E22
1.0,COMP:compute_claims|EVT:E14|EVT:E22
0.6,EVT:E14|EVT:E22|EVT:E29
1.0,EVT:E12|EVT:E13|EVT:E22
1.0,EVT:E11|EVT:E13|EVT:E22
1.0,EVT:E10|EVT:E13|EVT:E22
1.0,EVT:E1|EVT:E13|EVT:E22
1.0,COMP:compute_server_external_events|EVT:E13|EVT:E22
1.0,COMP:openstack_wsgi|EVT:E13|EVT:E22
1.0,COMP:libvirt_imagecache|EVT:E13|EVT:E22
1.0,COMP:libvirt_driver|EVT:E13|EVT:E22
1.0,COMP:compute_manager|EVT:E13|EVT:E22
1.0,COMP:compute_resource_tracker|EVT:E13|EVT:E22
1.0,COMP:compute_claims|EVT:E13|EVT:E22
0.6,EVT:E13|EVT:E22|EVT:E29
1.0,EVT:E11|EVT:E12|EVT:E22
1.0,EVT:E10|EVT:E12|EVT:E22
1.0,EVT:E1|EVT:E12|EVT:E22
1.0,COMP:compute_server_external_events|EVT:E12|EVT:E22
1.0,COMP:openstack_wsgi|EVT:E12|EVT:E22
1.0,COMP:libvirt_imagecache|EVT:E12|EVT:E22
1.0,COMP:libvirt_driver|EVT:E12|EVT:E22
1.0,COMP:compute_manager|EVT:E12|EVT:E22
1.0,COMP:compute_resource_tracker|EVT:E12|EVT:E22
1.0,COMP:compute_claims|EVT:E12|EVT:E22
0.6,EVT:E12|EVT:E22|EVT:E29
1.0,EVT:E10|EVT:E11|EVT:E22
1.0,EVT:E1|EVT:E11|EVT:E22
1.0,COMP:compute_server_external_events|EVT:E11|EVT:E22
1.0,COMP:openstack_wsgi|EVT:E11|EVT:E22
1.0,COMP:libvirt_imagecache|EVT:E11|EVT:E22
1.0,COMP:libvirt_driver|EVT:E11|EVT:E22
1.0,COMP:compute_manager|EVT:E11|EVT:E22
1.0,COMP:compute_resource_tracker|EVT:E11|EVT:E22
1.0,COMP:compute_claims|EVT:E11|EVT:E22
0.6,EVT:E11|EVT:E22|EVT:E29
1.0,EVT:E1|EVT:E10|EVT:E22
1.0,COMP:compute_server_external_events|EVT:E10|EVT:E22
1.0,COMP:openstack_wsgi|EVT:E10|EVT:E22
1.0,COMP:libvirt_imagecache|EVT:E10|EVT:E22
1.0,COMP:libvirt_driver|EVT:E10|EVT:E22
1.0,COMP:compute_manager|EVT:E10|EVT:E22
1.0,COMP:compute_resource_tracker|EVT:E10|EVT:E22
1.0,COMP:compute_claims|EVT:E10|EVT:E22
0.6,EVT:E10|EVT:E22|EVT:E29
1.0,COMP:compute_server_external_events|EVT:E1|EVT:E22
1.0,COMP:openstack_wsgi|EVT:E1|EVT:E22
1.0,COMP:libvirt_imagecache|EVT:E1|EVT:E22
1.0,COMP:libvirt_driver|EVT:E1|EVT:E22
1.0,COMP:compute_manager|EVT:E1|EVT:E22
1.0,COMP:compute_resource_tracker|EVT:E1|EVT:E22
1.0,COMP:compute_claims|EVT:E1|EVT:E22
0.6,EVT:E1|EVT:E22|EVT:E29
1.0,COMP:compute_server_external_events|COMP:openstack_wsgi|EVT:E22
1.0,COMP:compute_server_external_events|COMP:libvirt_imagecache|EVT:E22
1.0,COMP:compute_server_external_events|COMP:libvirt_driver|EVT:E22
1.0,COMP:compute_manager|COMP:compute_server_external_events|EVT:E22
1.0,COMP:compute_resource_tracker|COMP:compute_server_external_events|EVT:E22
1.0,COMP:compute_claims|COMP:compute_server_external_events|EVT:E22
0.6,COMP:compute_server_external_events|EVT:E22|EVT:E29
1.0,COMP:libvirt_imagecache|COMP:openstack_wsgi|EVT:E22
1.0,COMP:libvirt_driver|COMP:openstack_wsgi|EVT:E22
1.0,COMP:compute_manager|COMP:openstack_wsgi|EVT:E22
1.0,COMP:compute_resource_tracker|COMP:openstack_wsgi|EVT:E22
1.0,COMP:compute_claims|COMP:openstack_wsgi|EVT:E22
0.6,COMP:openstack_wsgi|EVT:E22|EVT:E29
1.0,COMP:libvirt_driver|COMP:libvirt_imagecache|EVT:E22
1.0,COMP:compute_manager|COMP:libvirt_imagecache|EVT:E22
1.0,COMP:compute_resource_tracker|COMP:libvirt_imagecache|EVT:E22
1.0,COMP:compute_claims|COMP:libvirt_imagecache|EVT:E22
0.6,COMP:libvirt_imagecache|EVT:E22|EVT:E29
1.0,COMP:compute_manager|COMP:libvirt_driver|EVT:E22
1.0,COMP:compute_resource_tracker|COMP:libvirt_driver|EVT:E22
1.0,COMP:compute_claims|COMP:libvirt_driver|EVT:E22
0.6,COMP:libvirt_driver|EVT:E22|EVT:E29
1.0,COMP:compute_manager|COMP:compute_resource_tracker|EVT:E22
1.0,COMP:compute_claims|COMP:compute_manager|EVT:E22
0.6,COMP:compute_manager|EVT:E22|EVT:E29
1.0,COMP:compute_claims|COMP:compute_resource_tracker|EVT:E22
0.6,COMP:compute_resource_tracker|EVT:E22|EVT:E29
0.6,COMP:compute_claims|EVT:E22|EVT:E29
1.0,EVT:E18|EVT:E20|EVT:E21
1.0,EVT:E19|EVT:E20|EVT:E21
1.0,EVT:E17|EVT:E20|EVT:E21
1.0,EVT:E16|EVT:E20|EVT:E21
1.0,COMP:wsgi_server|EVT:E20|EVT:E21
1.0,EVT:E15|EVT:E20|EVT:E21
1.0,EVT:E14|EVT:E20|EVT:E21
1.0,EVT:E13|EVT:E20|EVT:E21
1.0,EVT:E12|EVT:E20|EVT:E21
1.0,EVT:E11|EVT:E20|EVT:E21
1.0,EVT:E10|EVT:E20|EVT:E21
1.0,EVT:E1|EVT:E20|EVT:E21
1.0,COMP:compute_server_external_events|EVT:E20|EVT:E21
1.0,COMP:openstack_wsgi|EVT:E20|EVT:E21
1.0,COMP:libvirt_imagecache|EVT:E20|EVT:E21
1.0,COMP:libvirt_driver|EVT:E20|EVT:E21
1.0,COMP:compute_manager|EVT:E20|EVT:E21
1.0,COMP:compute_resource_tracker|EVT:E20|EVT:E21
1.0,COMP:compute_claims|EVT:E20|EVT:E21
0.6,EVT:E20|EVT:E21|EVT:E29
1.0,EVT:E18|EVT:E19|EVT:E21
1.0,EVT:E17|EVT:E18|EVT:E21
1.0,EVT:E16|EVT:E18|EVT:E21
1.0,COMP:wsgi_server|EVT:E18|EVT:E21
1.0,EVT:E15|EVT:E18|EVT:E21
1.0,EVT:E14|EVT:E18|EVT:E21
1.0,EVT:E13|EVT:E18|EVT:E21
1.0,EVT:E12|EVT:E18|EVT:E21
1.0,EVT:E11|EVT:E18|EVT:E21
1.0,EVT:E10|EVT:E18|EVT:E21
1.0,EVT:E1|EVT:E18|EVT:E21
1.0,COMP:compute_server_external_events|EVT:E18|EVT:E21
1.0,COMP:openstack_wsgi|EVT:E18|EVT:E21
1.0,COMP:libvirt_imagecache|EVT:E18|EVT:E21
1.0,COMP:libvirt_driver|EVT:E18|EVT:E21
1.0,COMP:compute_manager|EVT:E18|EVT:E21
1.0,COMP:compute_resource_tracker|EVT:E18|EVT:E21
1.0,COMP:compute_claims|EVT:E18|EVT:E21
0.6,EVT:E18|EVT:E21|EVT:E29
1.0,EVT:E17|EVT:E19|EVT:E21
1.0,EVT:E16|EVT:E19|EVT:E21
1.0,COMP:wsgi_server|EVT:E19|EVT:E21
1.0,EVT:E15|EVT:E19|EVT:E21
1.0,EVT:E14|EVT:E19|EVT:E21
1.0,EVT:E13|EVT:E19|EVT:E21
1.0,EVT:E12|EVT:E19|EVT:E21
1.0,EVT:E11|EVT:E19|EVT:E21
1.0,EVT:E10|EVT:E19|EVT:E21
1.0,EVT:E1|EVT:E19|EVT:E21
1.0,COMP:compute_server_external_events|EVT:E19|EVT:E21
1.0,COMP:openstack_wsgi|EVT:E19|EVT:E21
1.0,COMP:libvirt_imagecache|EVT:E19|EVT:E21
1.0,COMP:libvirt_driver|EVT:E19|EVT:E21
1.0,COMP:compute_manager|EVT:E19|EVT:E21
1.0,COMP:compute_resource_tracker|EVT:E19|EVT:E21
1.0,COMP:compute_claims|EVT:E19|EVT:E21
0.6,EVT:E19|EVT:E21|EVT:E29
1.0,EVT:E16|EVT:E17|EVT:E21
1.0,COMP:wsgi_server|EVT:E17|EVT:E21
1.0,EVT:E15|EVT:E17|EVT:E21
1.0,EVT:E14|EVT:E17|EVT:E21
1.0,EVT:E13|EVT:E17|EVT:E21
1.0,EVT:E12|EVT:E17|EVT:E21
1.0,EVT:E11|EVT:E17|EVT:E21
1.0,EVT:E10|EVT:E17|EVT:E21
1.0,EVT:E1|EVT:E17|EVT:E21
1.0,COMP:compute_server_external_events|EVT:E17|EVT:E21
1.0,COMP:openstack_wsgi|EVT:E17|EVT:E21
1.0,COMP:libvirt_imagecache|EVT:E17|EVT:E21
1.0,COMP:libvirt_driver|EVT:E17|EVT:E21
1.0,COMP:compute_manager|EVT:E17|EVT:E21
1.0,COMP:compute_resource_tracker|EVT:E17|EVT:E21
1.0,COMP:compute_claims|EVT:E17|EVT:E21
0.6,EVT:E17|EVT:E21|EVT:E29
1.0,COMP:wsgi_server|EVT:E16|EVT:E21
1.0,EVT:E15|EVT:E16|EVT:E21
1.0,EVT:E14|EVT:E16|EVT:E21
1.0,EVT:E13|EVT:E16|EVT:E21
1.0,EVT:E12|EVT:E16|EVT:E21
1.0,EVT:E11|EVT:E16|EVT:E21
1.0,EVT:E10|EVT:E16|EVT:E21
1.0,EVT:E1|EVT:E16|EVT:E21
1.0,COMP:compute_server_external_events|EVT:E16|EVT:E21
1.0,COMP:openstack_wsgi|EVT:E16|EVT:E21
1.0,COMP:libvirt_imagecache|EVT:E16|EVT:E21
1.0,COMP:libvirt_driver|EVT:E16|EVT:E21
1.0,COMP:compute_manager|EVT:E16|EVT:E21
1.0,COMP:compute_resource_tracker|EVT:E16|EVT:E21
1.0,COMP:compute_claims|EVT:E16|EVT:E21
0.6,EVT:E16|EVT:E21|EVT:E29
1.0,COMP:wsgi_server|EVT:E15|EVT:E21
1.0,COMP:wsgi_server|EVT:E14|EVT:E21
1.0,COMP:wsgi_server|EVT:E13|EVT:E21
1.0,COMP:wsgi_server|EVT:E12|EVT:E21
1.0,COMP:wsgi_server|EVT:E11|EVT:E21
1.0,COMP:wsgi_server|EVT:E10|EVT:E21
1.0,COMP:wsgi_server|EVT:E1|EVT:E21
1.0,COMP:compute_server_external_events|COMP:wsgi_server|EVT:E21
1.0,COMP:openstack_wsgi|COMP:wsgi_server|EVT:E21
1.0,COMP:libvirt_imagecache|COMP:wsgi_server|EVT:E21
1.0,COMP:libvirt_driver|COMP:wsgi_server|EVT:E21
1.0,COMP:compute_manager|COMP:wsgi_server|EVT:E21
1.0,COMP:compute_resource_tracker|COMP:wsgi_server|EVT:E21
1.0,COMP:compute_claims|COMP:wsgi_server|EVT:E21
0.6,COMP:wsgi_server|EVT:E21|EVT:E29
1.0,EVT:E14|EVT:E15|EVT:E21
1.0,EVT:E13|EVT:E15|EVT:E21
1.0,EVT:E12|EVT:E15|EVT:E21
1.0,EVT:E11|EVT:E15|EVT:E21
1.0,EVT:E10|EVT:E15|EVT:E21
1.0,EVT:E1|EVT:E15|EVT:E21
1.0,COMP:compute_server_external_events|EVT:E15|EVT:E21
1.0,COMP:openstack_wsgi|EVT:E15|EVT:E21
1.0,COMP:libvirt_imagecache|EVT:E15|EVT:E21
1.0,COMP:libvirt_driver|EVT:E15|EVT:E21
1.0,COMP:compute_manager|EVT:E15|EVT:E21
1.0,COMP:compute_resource_tracker|EVT:E15|EVT:E21
1.0,COMP:compute_claims|EVT:E15|EVT:E21
0.6,EVT:E15|EVT:E21|EVT:E29
1.0,EVT:E13|EVT:E14|EVT:E21
1.0,EVT:E12|EVT:E14|EVT:E21
1.0,EVT:E11|EVT:E14|EVT:E21
1.0,EVT:E10|EVT:E14|EVT:E21
1.0,EVT:E1|EVT:E14|EVT:E21
1.0,COMP:compute_server_external_events|EVT:E14|EVT:E21
1.0,COMP:openstack_wsgi|EVT:E14|EVT:E21
1.0,COMP:libvirt_imagecache|EVT:E14|EVT:E21
1.0,COMP:libvirt_driver|EVT:E14|EVT:E21
1.0,COMP:compute_manager|EVT:E14|EVT:E21
1.0,COMP:compute_resource_tracker|EVT:E14|EVT:E21
1.0,COMP:compute_claims|EVT:E14|EVT:E21
0.6,EVT:E14|EVT:E21|EVT:E29
1.0,EVT:E12|EVT:E13|EVT:E21
1.0,EVT:E11|EVT:E13|EVT:E21
1.0,EVT:E10|EVT:E13|EVT:E21
1.0,EVT:E1|EVT:E13|EVT:E21
1.0,COMP:compute_server_external_events|EVT:E13|EVT:E21
1.0,COMP:openstack_wsgi|EVT:E13|EVT:E21
1.0,COMP:libvirt_imagecache|EVT:E13|EVT:E21
1.0,COMP:libvirt_driver|EVT:E13|EVT:E21
1.0,COMP:compute_manager|EVT:E13|EVT:E21
1.0,COMP:compute_resource_tracker|EVT:E13|EVT:E21
1.0,COMP:compute_claims|EVT:E13|EVT:E21
0.6,EVT:E13|EVT:E21|EVT:E29
1.0,EVT:E11|EVT:E12|EVT:E21
1.0,EVT:E10|EVT:E12|EVT:E21
1.0,EVT:E1|EVT:E12|EVT:E21
1.0,COMP:compute_server_external_events|EVT:E12|EVT:E21
1.0,COMP:openstack_wsgi|EVT:E12|EVT:E21
1.0,COMP:libvirt_imagecache|EVT:E12|EVT:E21
1.0,COMP:libvirt_driver|EVT:E12|EVT:E21
1.0,COMP:compute_manager|EVT:E12|EVT:E21
1.0,COMP:compute_resource_tracker|EVT:E12|EVT:E21
1.0,COMP:compute_claims|EVT:E12|EVT:E21
0.6,EVT:E12|EVT:E21|EVT:E29
1.0,EVT:E10|EVT:E11|EVT:E21
1.0,EVT:E1|EVT:E11|EVT:E21
1.0,COMP:compute_server_external_events|EVT:E11|EVT:E21
1.0,COMP:openstack_wsgi|EVT:E11|EVT:E21
1.0,COMP:libvirt_imagecache|EVT:E11|EVT:E21
1.0,COMP:libvirt_driver|EVT:E11|EVT:E21
1.0,COMP:compute_manager|EVT:E11|EVT:E21
1.0,COMP:compute_resource_tracker|EVT:E11|EVT:E21
1.0,COMP:compute_claims|EVT:E11|EVT:E21
0.6,EVT:E11|EVT:E21|EVT:E29
1.0,EVT:E1|EVT:E10|EVT:E21
1.0,COMP:compute_server_external_events|EVT:E10|EVT:E21
1.0,COMP:openstack_wsgi|EVT:E10|EVT:E21
1.0,COMP:libvirt_imagecache|EVT:E10|EVT:E21
1.0,COMP:libvirt_driver|EVT:E10|EVT:E21
1.0,COMP:compute_manager|EVT:E10|EVT:E21
1.0,COMP:compute_resource_tracker|EVT:E10|EVT:E21
1.0,COMP:compute_claims|EVT:E10|EVT:E21
0.6,EVT:E10|EVT:E21|EVT:E29
1.0,COMP:compute_server_external_events|EVT:E1|EVT:E21
1.0,COMP:openstack_wsgi|EVT:E1|EVT:E21
1.0,COMP:libvirt_imagecache|EVT:E1|EVT:E21
1.0,COMP:libvirt_driver|EVT:E1|EVT:E21
1.0,COMP:compute_manager|EVT:E1|EVT:E21
1.0,COMP:compute_resource_tracker|EVT:E1|EVT:E21
1.0,COMP:compute_claims|EVT:E1|EVT:E21
0.6,EVT:E1|EVT:E21|EVT:E29
1.0,COMP:compute_server_external_events|COMP:openstack_wsgi|EVT:E21
1.0,COMP:compute_server_external_events|COMP:libvirt_imagecache|EVT:E21
1.0,COMP:compute_server_external_events|COMP:libvirt_driver|EVT:E21
1.0,COMP:compute_manager|COMP:compute_server_external_events|EVT:E21
1.0,COMP:compute_resource_tracker|COMP:compute_server_external_events|EVT:E21
1.0,COMP:compute_claims|COMP:compute_server_external_events|EVT:E21
0.6,COMP:compute_server_external_events|EVT:E21|EVT:E29
1.0,COMP:libvirt_imagecache|COMP:openstack_wsgi|EVT:E21
1.0,COMP:libvirt_driver|COMP:openstack_wsgi|EVT:E21
1.0,COMP:compute_manager|COMP:openstack_wsgi|EVT:E21
1.0,COMP:compute_resource_tracker|COMP:openstack_wsgi|EVT:E21
1.0,COMP:compute_claims|COMP:openstack_wsgi|EVT:E21
0.6,COMP:openstack_wsgi|EVT:E21|EVT:E29
1.0,COMP:libvirt_driver|COMP:libvirt_imagecache|EVT:E21
1.0,COMP:compute_manager|COMP:libvirt_imagecache|EVT:E21
1.0,COMP:compute_resource_tracker|COMP:libvirt_imagecache|EVT:E21
1.0,COMP:compute_claims|COMP:libvirt_imagecache|EVT:E21
0.6,COMP:libvirt_imagecache|EVT:E21|EVT:E29
1.0,COMP:compute_manager|COMP:libvirt_driver|EVT:E21
1.0,COMP:compute_resource_tracker|COMP:libvirt_driver|EVT:E21
1.0,COMP:compute_claims|COMP:libvirt_driver|EVT:E21
0.6,COMP:libvirt_driver|EVT:E21|EVT:E29
1.0,COMP:compute_manager|COMP:compute_resource_tracker|EVT:E21
1.0,COMP:compute_claims|COMP:compute_manager|EVT:E21
0.6,COMP:compute_manager|EVT:E21|EVT:E29
1.0,COMP:compute_claims|COMP:compute_resource_tracker|EVT:E21
0.6,COMP:compute_resource_tracker|EVT:E21|EVT:E29
0.6,COMP:compute_claims|EVT:E21|EVT:E29
1.0,EVT:E18|EVT:E19|EVT:E20
1.0,EVT:E17|EVT:E18|EVT:E20
1.0,EVT:E16|EVT:E18|EVT:E20
1.0,COMP:wsgi_server|EVT:E18|EVT:E20
1.0,EVT:E15|EVT:E18|EVT:E20
1.0,EVT:E14|EVT:E18|EVT:E20
1.0,EVT:E13|EVT:E18|EVT:E20
1.0,EVT:E12|EVT:E18|EVT:E20
1.0,EVT:E11|EVT:E18|EVT:E20
1.0,EVT:E10|EVT:E18|EVT:E20
1.0,EVT:E1|EVT:E18|EVT:E20
1.0,COMP:compute_server_external_events|EVT:E18|EVT:E20
1.0,COMP:openstack_wsgi|EVT:E18|EVT:E20
1.0,COMP:libvirt_imagecache|EVT:E18|EVT:E20
1.0,COMP:libvirt_driver|EVT:E18|EVT:E20
1.0,COMP:compute_manager|EVT:E18|EVT:E20
1.0,COMP:compute_resource_tracker|EVT:E18|EVT:E20
1.0,COMP:compute_claims|EVT:E18|EVT:E20
0.6,EVT:E18|EVT:E20|EVT:E29
1.0,EVT:E17|EVT:E19|EVT:E20
1.0,EVT:E16|EVT:E19|EVT:E20
1.0,COMP:wsgi_server|EVT:E19|EVT:E20
1.0,EVT:E15|EVT:E19|EVT:E20
1.0,EVT:E14|EVT:E19|EVT:E20
1.0,EVT:E13|EVT:E19|EVT:E20
1.0,EVT:E12|EVT:E19|EVT:E20
1.0,EVT:E11|EVT:E19|EVT:E20
1.0,EVT:E10|EVT:E19|EVT:E20
1.0,EVT:E1|EVT:E19|EVT:E20
1.0,COMP:compute_server_external_events|EVT:E19|EVT:E20
1.0,COMP:openstack_wsgi|EVT:E19|EVT:E20
1.0,COMP:libvirt_imagecache|EVT:E19|EVT:E20
1.0,COMP:libvirt_driver|EVT:E19|EVT:E20
1.0,COMP:compute_manager|EVT:E19|EVT:E20
1.0,COMP:compute_resource_tracker|EVT:E19|EVT:E20
1.0,COMP:compute_claims|EVT:E19|EVT:E20
0.6,EVT:E19|EVT:E20|EVT:E29
1.0,EVT:E16|EVT:E17|EVT:E20
1.0,COMP:wsgi_server|EVT:E17|EVT:E20
1.0,EVT:E15|EVT:E17|EVT:E20
1.0,EVT:E14|EVT:E17|EVT:E20
1.0,EVT:E13|EVT:E17|EVT:E20
1.0,EVT:E12|EVT:E17|EVT:E20
1.0,EVT:E11|EVT:E17|EVT:E20
1.0,EVT:E10|EVT:E17|EVT:E20
1.0,EVT:E1|EVT:E17|EVT:E20
1.0,COMP:compute_server_external_events|EVT:E17|EVT:E20
1.0,COMP:openstack_wsgi|EVT:E17|EVT:E20
1.0,COMP:libvirt_imagecache|EVT:E17|EVT:E20
1.0,COMP:libvirt_driver|EVT:E17|EVT:E20
1.0,COMP:compute_manager|EVT:E17|EVT:E20
1.0,COMP:compute_resource_tracker|EVT:E17|EVT:E20
1.0,COMP:compute_claims|EVT:E17|EVT:E20
0.6,EVT:E17|EVT:E20|EVT:E29
1.0,COMP:wsgi_server|EVT:E16|EVT:E20
1.0,EVT:E15|EVT:E16|EVT:E20
1.0,EVT:E14|EVT:E16|EVT:E20
1.0,EVT:E13|EVT:E16|EVT:E20
1.0,EVT:E12|EVT:E16|EVT:E20
1.0,EVT:E11|EVT:E16|EVT:E20
1.0,EVT:E10|EVT:E16|EVT:E20
1.0,EVT:E1|EVT:E16|EVT:E20
1.0,COMP:compute_server_external_events|EVT:E16|EVT:E20
1.0,COMP:openstack_wsgi|EVT:E16|EVT:E20
1.0,COMP:libvirt_imagecache|EVT:E16|EVT:E20
1.0,COMP:libvirt_driver|EVT:E16|EVT:E20
1.0,COMP:compute_manager|EVT:E16|EVT:E20
1.0,COMP:compute_resource_tracker|EVT:E16|EVT:E20
1.0,COMP:compute_claims|EVT:E16|EVT:E20
0.6,EVT:E16|EVT:E20|EVT:E29
1.0,COMP:wsgi_server|EVT:E15|EVT:E20
1.0,COMP:wsgi_server|EVT:E14|EVT:E20
1.0,COMP:wsgi_server|EVT:E13|EVT:E20
1.0,COMP:wsgi_server|EVT:E12|EVT:E20
1.0,COMP:wsgi_server|EVT:E11|EVT:E20
1.0,COMP:wsgi_server|EVT:E10|EVT:E20
1.0,COMP:wsgi_server|EVT:E1|EVT:E20
1.0,COMP:compute_server_external_events|COMP:wsgi_server|EVT:E20
1.0,COMP:openstack_wsgi|COMP:wsgi_server|EVT:E20
1.0,COMP:libvirt_imagecache|COMP:wsgi_server|EVT:E20
1.0,COMP:libvirt_driver|COMP:wsgi_server|EVT:E20
1.0,COMP:compute_manager|COMP:wsgi_server|EVT:E20
1.0,COMP:compute_resource_tracker|COMP:wsgi_server|EVT:E20
1.0,COMP:compute_claims|COMP:wsgi_server|EVT:E20
0.6,COMP:wsgi_server|EVT:E20|EVT:E29
1.0,EVT:E14|EVT:E15|EVT:E20
1.0,EVT:E13|EVT:E15|EVT:E20
1.0,EVT:E12|EVT:E15|EVT:E20
1.0,EVT:E11|EVT:E15|EVT:E20
1.0,EVT:E10|EVT:E15|EVT:E20
1.0,EVT:E1|EVT:E15|EVT:E20
1.0,COMP:compute_server_external_events|EVT:E15|EVT:E20
1.0,COMP:openstack_wsgi|EVT:E15|EVT:E20
1.0,COMP:libvirt_imagecache|EVT:E15|EVT:E20
1.0,COMP:libvirt_driver|EVT:E15|EVT:E20
1.0,COMP:compute_manager|EVT:E15|EVT:E20
1.0,COMP:compute_resource_tracker|EVT:E15|EVT:E20
1.0,COMP:compute_claims|EVT:E15|EVT:E20
0.6,EVT:E15|EVT:E20|EVT:E29
1.0,EVT:E13|EVT:E14|EVT:E20
1.0,EVT:E12|EVT:E14|EVT:E20
1.0,EVT:E11|EVT:E14|EVT:E20
1.0,EVT:E10|EVT:E14|EVT:E20
1.0,EVT:E1|EVT:E14|EVT:E20
1.0,COMP:compute_server_external_events|EVT:E14|EVT:E20
1.0,COMP:openstack_wsgi|EVT:E14|EVT:E20
1.0,COMP:libvirt_imagecache|EVT:E14|EVT:E20
1.0,COMP:libvirt_driver|EVT:E14|EVT:E20
1.0,COMP:compute_manager|EVT:E14|EVT:E20
1.0,COMP:compute_resource_tracker|EVT:E14|EVT:E20
1.0,COMP:compute_claims|EVT:E14|EVT:E20
0.6,EVT:E14|EVT:E20|EVT:E29
1.0,EVT:E12|EVT:E13|EVT:E20
1.0,EVT:E11|EVT:E13|EVT:E20
1.0,EVT:E10|EVT:E13|EVT:E20
1.0,EVT:E1|EVT:E13|EVT:E20
1.0,COMP:compute_server_external_events|EVT:E13|EVT:E20
1.0,COMP:openstack_wsgi|EVT:E13|EVT:E20
1.0,COMP:libvirt_imagecache|EVT:E13|EVT:E20
1.0,COMP:libvirt_driver|EVT:E13|EVT:E20
1.0,COMP:compute_manager|EVT:E13|EVT:E20
1.0,COMP:compute_resource_tracker|EVT:E13|EVT:E20
1.0,COMP:compute_claims|EVT:E13|EVT:E20
0.6,EVT:E13|EVT:E20|EVT:E29
1.0,EVT:E11|EVT:E12|EVT:E20
1.0,EVT:E10|EVT:E12|EVT:E20
1.0,EVT:E1|EVT:E12|EVT:E20
1.0,COMP:compute_server_external_events|EVT:E12|EVT:E20
1.0,COMP:openstack_wsgi|EVT:E12|EVT:E20
1.0,COMP:libvirt_imagecache|EVT:E12|EVT:E20
1.0,COMP:libvirt_driver|EVT:E12|EVT:E20
1.0,COMP:compute_manager|EVT:E12|EVT:E20
1.0,COMP:compute_resource_tracker|EVT:E12|EVT:E20
1.0,COMP:compute_claims|EVT:E12|EVT:E20
0.6,EVT:E12|EVT:E20|EVT:E29
1.0,EVT:E10|EVT:E11|EVT:E20
1.0,EVT:E1|EVT:E11|EVT:E20
1.0,COMP:compute_server_external_events|EVT:E11|EVT:E20
1.0,COMP:openstack_wsgi|EVT:E11|EVT:E20
1.0,COMP:libvirt_imagecache|EVT:E11|EVT:E20
1.0,COMP:libvirt_driver|EVT:E11|EVT:E20
1.0,COMP:compute_manager|EVT:E11|EVT:E20
1.0,COMP:compute_resource_tracker|EVT:E11|EVT:E20
1.0,COMP:compute_claims|EVT:E11|EVT:E20
0.6,EVT:E11|EVT:E20|EVT:E29
1.0,EVT:E1|EVT:E10|EVT:E20
1.0,COMP:compute_server_external_events|EVT:E10|EVT:E20
1.0,COMP:openstack_wsgi|EVT:E10|EVT:E20
1.0,COMP:libvirt_imagecache|EVT:E10|EVT:E20
1.0,COMP:libvirt_driver|EVT:E10|EVT:E20
1.0,COMP:compute_manager|EVT:E10|EVT:E20
1.0,COMP:compute_resource_tracker|EVT:E10|EVT:E20
1.0,COMP:compute_claims|EVT:E10|EVT:E20
0.6,EVT:E10|EVT:E20|EVT:E29
1.0,COMP:compute_server_external_events|EVT:E1|EVT:E20
1.0,COMP:openstack_wsgi|EVT:E1|EVT:E20
1.0,COMP:libvirt_imagecache|EVT:E1|EVT:E20
1.0,COMP:libvirt_driver|EVT:E1|EVT:E20
1.0,COMP:compute_manager|EVT:E1|EVT:E20
1.0,COMP:compute_resource_tracker|EVT:E1|EVT:E20
1.0,COMP:compute_claims|EVT:E1|EVT:E20
0.6,EVT:E1|EVT:E20|EVT:E29
1.0,COMP:compute_server_external_events|COMP:openstack_wsgi|EVT:E20
1.0,COMP:compute_server_external_events|COMP:libvirt_imagecache|EVT:E20
1.0,COMP:compute_server_external_events|COMP:libvirt_driver|EVT:E20
1.0,COMP:compute_manager|COMP:compute_server_external_events|EVT:E20
1.0,COMP:compute_resource_tracker|COMP:compute_server_external_events|EVT:E20
1.0,COMP:compute_claims|COMP:compute_server_external_events|EVT:E20
0.6,COMP:compute_server_external_events|EVT:E20|EVT:E29
1.0,COMP:libvirt_imagecache|COMP:openstack_wsgi|EVT:E20
1.0,COMP:libvirt_driver|COMP:openstack_wsgi|EVT:E20
1.0,COMP:compute_manager|COMP:openstack_wsgi|EVT:E20
1.0,COMP:compute_resource_tracker|COMP:openstack_wsgi|EVT:E20
1.0,COMP:compute_claims|COMP:openstack_wsgi|EVT:E20
0.6,COMP:openstack_wsgi|EVT:E20|EVT:E29
1.0,COMP:libvirt_driver|COMP:libvirt_imagecache|EVT:E20
1.0,COMP:compute_manager|COMP:libvirt_imagecache|EVT:E20
1.0,COMP:compute_resource_tracker|COMP:libvirt_imagecache|EVT:E20
1.0,COMP:compute_claims|COMP:libvirt_imagecache|EVT:E20
0.6,COMP:libvirt_imagecache|EVT:E20|EVT:E29
1.0,COMP:compute_manager|COMP:libvirt_driver|EVT:E20
1.0,COMP:compute_resource_tracker|COMP:libvirt_driver|EVT:E20
1.0,COMP:compute_claims|COMP:libvirt_driver|EVT:E20
0.6,COMP:libvirt_driver|EVT:E20|EVT:E29
1.0,COMP:compute_manager|COMP:compute_resource_tracker|EVT:E20
1.0,COMP:compute_claims|COMP:compute_manager|EVT:E20
0.6,COMP:compute_manager|EVT:E20|EVT:E29
1.0,COMP:compute_claims|COMP:compute_resource_tracker|EVT:E20
0.6,COMP:compute_resource_tracker|EVT:E20|EVT:E29
0.6,COMP:compute_claims|EVT:E20|EVT:E29
1.0,EVT:E17|EVT:E18|EVT:E19
1.0,EVT:E16|EVT:E18|EVT:E19
1.0,COMP:wsgi_server|EVT:E18|EVT:E19
1.0,EVT:E15|EVT:E18|EVT:E19
1.0,EVT:E14|EVT:E18|EVT:E19
1.0,EVT:E13|EVT:E18|EVT:E19
1.0,EVT:E12|EVT:E18|EVT:E19
1.0,EVT:E11|EVT:E18|EVT:E19
1.0,EVT:E10|EVT:E18|EVT:E19
1.0,EVT:E1|EVT:E18|EVT:E19
1.0,COMP:compute_server_external_events|EVT:E18|EVT:E19
1.0,COMP:openstack_wsgi|EVT:E18|EVT:E19
1.0,COMP:libvirt_imagecache|EVT:E18|EVT:E19
1.0,COMP:libvirt_driver|EVT:E18|EVT:E19
1.0,COMP:compute_manager|EVT:E18|EVT:E19
1.0,COMP:compute_resource_tracker|EVT:E18|EVT:E19
1.0,COMP:compute_claims|EVT:E18|EVT:E19
0.6,EVT:E18|EVT:E19|EVT:E29
1.0,EVT:E16|EVT:E17|EVT:E18
1.0,COMP:wsgi_server|EVT:E17|EVT:E18
1.0,EVT:E15|EVT:E17|EVT:E18
1.0,EVT:E14|EVT:E17|EVT:E18
1.0,EVT:E13|EVT:E17|EVT:E18
1.0,EVT:E12|EVT:E17|EVT:E18
1.0,EVT:E11|EVT:E17|EVT:E18
1.0,EVT:E10|EVT:E17|EVT:E18
1.0,EVT:E1|EVT:E17|EVT:E18
1.0,COMP:compute_server_external_events|EVT:E17|EVT:E18
1.0,COMP:openstack_wsgi|EVT:E17|EVT:E18
1.0,COMP:libvirt_imagecache|EVT:E17|EVT:E18
1.0,COMP:libvirt_driver|EVT:E17|EVT:E18
1.0,COMP:compute_manager|EVT:E17|EVT:E18
1.0,COMP:compute_resource_tracker|EVT:E17|EVT:E18
1.0,COMP:compute_claims|EVT:E17|EVT:E18
0.6,EVT:E17|EVT:E18|EVT:E29
1.0,COMP:wsgi_server|EVT:E16|EVT:E18
1.0,EVT:E15|EVT:E16|EVT:E18
1.0,EVT:E14|EVT:E16|EVT:E18
1.0,EVT:E13|EVT:E16|EVT:E18
1.0,EVT:E12|EVT:E16|EVT:E18
1.0,EVT:E11|EVT:E16|EVT:E18
1.0,EVT:E10|EVT:E16|EVT:E18
1.0,EVT:E1|EVT:E16|EVT:E18
1.0,COMP:compute_server_external_events|EVT:E16|EVT:E18
1.0,COMP:openstack_wsgi|EVT:E16|EVT:E18
1.0,COMP:libvirt_imagecache|EVT:E16|EVT:E18
1.0,COMP:libvirt_driver|EVT:E16|EVT:E18
1.0,COMP:compute_manager|EVT:E16|EVT:E18
1.0,COMP:compute_resource_tracker|EVT:E16|EVT:E18
1.0,COMP:compute_claims|EVT:E16|EVT:E18
0.6,EVT:E16|EVT:E18|EVT:E29
1.0,COMP:wsgi_server|EVT:E15|EVT:E18
1.0,COMP:wsgi_server|EVT:E14|EVT:E18
1.0,COMP:wsgi_server|EVT:E13|EVT:E18
1.0,COMP:wsgi_server|EVT:E12|EVT:E18
1.0,COMP:wsgi_server|EVT:E11|EVT:E18
1.0,COMP:wsgi_server|EVT:E10|EVT:E18
1.0,COMP:wsgi_server|EVT:E1|EVT:E18
1.0,COMP:compute_server_external_events|COMP:wsgi_server|EVT:E18
1.0,COMP:openstack_wsgi|COMP:wsgi_server|EVT:E18
1.0,COMP:libvirt_imagecache|COMP:wsgi_server|EVT:E18
1.0,COMP:libvirt_driver|COMP:wsgi_server|EVT:E18
1.0,COMP:compute_manager|COMP:wsgi_server|EVT:E18
1.0,COMP:compute_resource_tracker|COMP:wsgi_server|EVT:E18
1.0,COMP:compute_claims|COMP:wsgi_server|EVT:E18
0.6,COMP:wsgi_server|EVT:E18|EVT:E29
1.0,EVT:E14|EVT:E15|EVT:E18
1.0,EVT:E13|EVT:E15|EVT:E18
1.0,EVT:E12|EVT:E15|EVT:E18
1.0,EVT:E11|EVT:E15|EVT:E18
1.0,EVT:E10|EVT:E15|EVT:E18
1.0,EVT:E1|EVT:E15|EVT:E18
1.0,COMP:compute_server_external_events|EVT:E15|EVT:E18
1.0,COMP:openstack_wsgi|EVT:E15|EVT:E18
1.0,COMP:libvirt_imagecache|EVT:E15|EVT:E18
1.0,COMP:libvirt_driver|EVT:E15|EVT:E18
1.0,COMP:compute_manager|EVT:E15|EVT:E18
1.0,COMP:compute_resource_tracker|EVT:E15|EVT:E18
1.0,COMP:compute_claims|EVT:E15|EVT:E18
0.6,EVT:E15|EVT:E18|EVT:E29
1.0,EVT:E13|EVT:E14|EVT:E18
1.0,EVT:E12|EVT:E14|EVT:E18
1.0,EVT:E11|EVT:E14|EVT:E18
1.0,EVT:E10|EVT:E14|EVT:E18
1.0,EVT:E1|EVT:E14|EVT:E18
1.0,COMP:compute_server_external_events|EVT:E14|EVT:E18
1.0,COMP:openstack_wsgi|EVT:E14|EVT:E18
1.0,COMP:libvirt_imagecache|EVT:E14|EVT:E18
1.0,COMP:libvirt_driver|EVT:E14|EVT:E18
1.0,COMP:compute_manager|EVT:E14|EVT:E18
1.0,COMP:compute_resource_tracker|EVT:E14|EVT:E18
1.0,COMP:compute_claims|EVT:E14|EVT:E18
0.6,EVT:E14|EVT:E18|EVT:E29
1.0,EVT:E12|EVT:E13|EVT:E18
1.0,EVT:E11|EVT:E13|EVT:E18
1.0,EVT:E10|EVT:E13|EVT:E18
1.0,EVT:E1|EVT:E13|EVT:E18
1.0,COMP:compute_server_external_events|EVT:E13|EVT:E18
1.0,COMP:openstack_wsgi|EVT:E13|EVT:E18
1.0,COMP:libvirt_imagecache|EVT:E13|EVT:E18
1.0,COMP:libvirt_driver|EVT:E13|EVT:E18
1.0,COMP:compute_manager|EVT:E13|EVT:E18
1.0,COMP:compute_resource_tracker|EVT:E13|EVT:E18
1.0,COMP:compute_claims|EVT:E13|EVT:E18
0.6,EVT:E13|EVT:E18|EVT:E29
1.0,EVT:E11|EVT:E12|EVT:E18
1.0,EVT:E10|EVT:E12|EVT:E18
1.0,EVT:E1|EVT:E12|EVT:E18
1.0,COMP:compute_server_external_events|EVT:E12|EVT:E18
1.0,COMP:openstack_wsgi|EVT:E12|EVT:E18
1.0,COMP:libvirt_imagecache|EVT:E12|EVT:E18
1.0,COMP:libvirt_driver|EVT:E12|EVT:E18
1.0,COMP:compute_manager|EVT:E12|EVT:E18
1.0,COMP:compute_resource_tracker|EVT:E12|EVT:E18
1.0,COMP:compute_claims|EVT:E12|EVT:E18
0.6,EVT:E12|EVT:E18|EVT:E29
1.0,EVT:E10|EVT:E11|EVT:E18
1.0,EVT:E1|EVT:E11|EVT:E18
1.0,COMP:compute_server_external_events|EVT:E11|EVT:E18
1.0,COMP:openstack_wsgi|EVT:E11|EVT:E18
1.0,COMP:libvirt_imagecache|EVT:E11|EVT:E18
1.0,COMP:libvirt_driver|EVT:E11|EVT:E18
1.0,COMP:compute_manager|EVT:E11|EVT:E18
1.0,COMP:compute_resource_tracker|EVT:E11|EVT:E18
1.0,COMP:compute_claims|EVT:E11|EVT:E18
0.6,EVT:E11|EVT:E18|EVT:E29
1.0,EVT:E1|EVT:E10|EVT:E18
1.0,COMP:compute_server_external_events|EVT:E10|EVT:E18
1.0,COMP:openstack_wsgi|EVT:E10|EVT:E18
1.0,COMP:libvirt_imagecache|EVT:E10|EVT:E18
1.0,COMP:libvirt_driver|EVT:E10|EVT:E18
1.0,COMP:compute_manager|EVT:E10|EVT:E18
1.0,COMP:compute_resource_tracker|EVT:E10|EVT:E18
1.0,COMP:compute_claims|EVT:E10|EVT:E18
0.6,EVT:E10|EVT:E18|EVT:E29
1.0,COMP:compute_server_external_events|EVT:E1|EVT:E18
1.0,COMP:openstack_wsgi|EVT:E1|EVT:E18
1.0,COMP:libvirt_imagecache|EVT:E1|EVT:E18
1.0,COMP:libvirt_driver|EVT:E1|EVT:E18
1.0,COMP:compute_manager|EVT:E1|EVT:E18
1.0,COMP:compute_resource_tracker|EVT:E1|EVT:E18
1.0,COMP:compute_claims|EVT:E1|EVT:E18
0.6,EVT:E1|EVT:E18|EVT:E29
1.0,COMP:compute_server_external_events|COMP:openstack_wsgi|EVT:E18
1.0,COMP:compute_server_external_events|COMP:libvirt_imagecache|EVT:E18
1.0,COMP:compute_server_external_events|COMP:libvirt_driver|EVT:E18
1.0,COMP:compute_manager|COMP:compute_server_external_events|EVT:E18
1.0,COMP:compute_resource_tracker|COMP:compute_server_external_events|EVT:E18
1.0,COMP:compute_claims|COMP:compute_server_external_events|EVT:E18
0.6,COMP:compute_server_external_events|EVT:E18|EVT:E29
1.0,COMP:libvirt_imagecache|COMP:openstack_wsgi|EVT:E18
1.0,COMP:libvirt_driver|COMP:openstack_wsgi|EVT:E18
1.0,COMP:compute_manager|COMP:openstack_wsgi|EVT:E18
1.0,COMP:compute_resource_tracker|COMP:openstack_wsgi|EVT:E18
1.0,COMP:compute_claims|COMP:openstack_wsgi|EVT:E18
0.6,COMP:openstack_wsgi|EVT:E18|EVT:E29
1.0,COMP:libvirt_driver|COMP:libvirt_imagecache|EVT:E18
1.0,COMP:compute_manager|COMP:libvirt_imagecache|EVT:E18
1.0,COMP:compute_resource_tracker|COMP:libvirt_imagecache|EVT:E18
1.0,COMP:compute_claims|COMP:libvirt_imagecache|EVT:E18
0.6,COMP:libvirt_imagecache|EVT:E18|EVT:E29
1.0,COMP:compute_manager|COMP:libvirt_driver|EVT:E18
1.0,COMP:compute_resource_tracker|COMP:libvirt_driver|EVT:E18
1.0,COMP:compute_claims|COMP:libvirt_driver|EVT:E18
0.6,COMP:libvirt_driver|EVT:E18|EVT:E29
1.0,COMP:compute_manager|COMP:compute_resource_tracker|EVT:E18
1.0,COMP:compute_claims|COMP:compute_manager|EVT:E18
0.6,COMP:compute_manager|EVT:E18|EVT:E29
1.0,COMP:compute_claims|COMP:compute_resource_tracker|EVT:E18
0.6,COMP:compute_resource_tracker|EVT:E18|EVT:E29
0.6,COMP:compute_claims|EVT:E18|EVT:E29
1.0,EVT:E16|EVT:E17|EVT:E19
1.0,COMP:wsgi_server|EVT:E17|EVT:E19
1.0,EVT:E15|EVT:E17|EVT:E19
1.0,EVT:E14|EVT:E17|EVT:E19
1.0,EVT:E13|EVT:E17|EVT:E19
1.0,EVT:E12|EVT:E17|EVT:E19
1.0,EVT:E11|EVT:E17|EVT:E19
1.0,EVT:E10|EVT:E17|EVT:E19
1.0,EVT:E1|EVT:E17|EVT:E19
1.0,COMP:compute_server_external_events|EVT:E17|EVT:E19
1.0,COMP:openstack_wsgi|EVT:E17|EVT:E19
1.0,COMP:libvirt_imagecache|EVT:E17|EVT:E19
1.0,COMP:libvirt_driver|EVT:E17|EVT:E19
1.0,COMP:compute_manager|EVT:E17|EVT:E19
1.0,COMP:compute_resource_tracker|EVT:E17|EVT:E19
1.0,COMP:compute_claims|EVT:E17|EVT:E19
0.6,EVT:E17|EVT:E19|EVT:E29
1.0,COMP:wsgi_server|EVT:E16|EVT:E19
1.0,EVT:E15|EVT:E16|EVT:E19
1.0,EVT:E14|EVT:E16|EVT:E19
1.0,EVT:E13|EVT:E16|EVT:E19
1.0,EVT:E12|EVT:E16|EVT:E19
1.0,EVT:E11|EVT:E16|EVT:E19
1.0,EVT:E10|EVT:E16|EVT:E19
1.0,EVT:E1|EVT:E16|EVT:E19
1.0,COMP:compute_server_external_events|EVT:E16|EVT:E19
1.0,COMP:openstack_wsgi|EVT:E16|EVT:E19
1.0,COMP:libvirt_imagecache|EVT:E16|EVT:E19
1.0,COMP:libvirt_driver|EVT:E16|EVT:E19
1.0,COMP:compute_manager|EVT:E16|EVT:E19
1.0,COMP:compute_resource_tracker|EVT:E16|EVT:E19
1.0,COMP:compute_claims|EVT:E16|EVT:E19
0.6,EVT:E16|EVT:E19|EVT:E29
1.0,COMP:wsgi_server|EVT:E15|EVT:E19
1.0,COMP:wsgi_server|EVT:E14|EVT:E19
1.0,COMP:wsgi_server|EVT:E13|EVT:E19
1.0,COMP:wsgi_server|EVT:E12|EVT:E19
1.0,COMP:wsgi_server|EVT:E11|EVT:E19
1.0,COMP:wsgi_server|EVT:E10|EVT:E19
1.0,COMP:wsgi_server|EVT:E1|EVT:E19
1.0,COMP:compute_server_external_events|COMP:wsgi_server|EVT:E19
1.0,COMP:openstack_wsgi|COMP:wsgi_server|EVT:E19
1.0,COMP:libvirt_imagecache|COMP:wsgi_server|EVT:E19
1.0,COMP:libvirt_driver|COMP:wsgi_server|EVT:E19
1.0,COMP:compute_manager|COMP:wsgi_server|EVT:E19
1.0,COMP:compute_resource_tracker|COMP:wsgi_server|EVT:E19
1.0,COMP:compute_claims|COMP:wsgi_server|EVT:E19
0.6,COMP:wsgi_server|EVT:E19|EVT:E29
1.0,EVT:E14|EVT:E15|EVT:E19
1.0,EVT:E13|EVT:E15|EVT:E19
1.0,EVT:E12|EVT:E15|EVT:E19
1.0,EVT:E11|EVT:E15|EVT:E19
1.0,EVT:E10|EVT:E15|EVT:E19
1.0,EVT:E1|EVT:E15|EVT:E19
1.0,COMP:compute_server_external_events|EVT:E15|EVT:E19
1.0,COMP:openstack_wsgi|EVT:E15|EVT:E19
1.0,COMP:libvirt_imagecache|EVT:E15|EVT:E19
1.0,COMP:libvirt_driver|EVT:E15|EVT:E19
1.0,COMP:compute_manager|EVT:E15|EVT:E19
1.0,COMP:compute_resource_tracker|EVT:E15|EVT:E19
1.0,COMP:compute_claims|EVT:E15|EVT:E19
0.6,EVT:E15|EVT:E19|EVT:E29
1.0,EVT:E13|EVT:E14|EVT:E19
1.0,EVT:E12|EVT:E14|EVT:E19
1.0,EVT:E11|EVT:E14|EVT:E19
1.0,EVT:E10|EVT:E14|EVT:E19
1.0,EVT:E1|EVT:E14|EVT:E19
1.0,COMP:compute_server_external_events|EVT:E14|EVT:E19
1.0,COMP:openstack_wsgi|EVT:E14|EVT:E19
1.0,COMP:libvirt_imagecache|EVT:E14|EVT:E19
1.0,COMP:libvirt_driver|EVT:E14|EVT:E19
1.0,COMP:compute_manager|EVT:E14|EVT:E19
1.0,COMP:compute_resource_tracker|EVT:E14|EVT:E19
1.0,COMP:compute_claims|EVT:E14|EVT:E19
0.6,EVT:E14|EVT:E19|EVT:E29
1.0,EVT:E12|EVT:E13|EVT:E19
1.0,EVT:E11|EVT:E13|EVT:E19
1.0,EVT:E10|EVT:E13|EVT:E19
1.0,EVT:E1|EVT:E13|EVT:E19
1.0,COMP:compute_server_external_events|EVT:E13|EVT:E19
1.0,COMP:openstack_wsgi|EVT:E13|EVT:E19
1.0,COMP:libvirt_imagecache|EVT:E13|EVT:E19
1.0,COMP:libvirt_driver|EVT:E13|EVT:E19
1.0,COMP:compute_manager|EVT:E13|EVT:E19
1.0,COMP:compute_resource_tracker|EVT:E13|EVT:E19
1.0,COMP:compute_claims|EVT:E13|EVT:E19
0.6,EVT:E13|EVT:E19|EVT:E29
1.0,EVT:E11|EVT:E12|EVT:E19
1.0,EVT:E10|EVT:E12|EVT:E19
1.0,EVT:E1|EVT:E12|EVT:E19
1.0,COMP:compute_server_external_events|EVT:E12|EVT:E19
1.0,COMP:openstack_wsgi|EVT:E12|EVT:E19
1.0,COMP:libvirt_imagecache|EVT:E12|EVT:E19
1.0,COMP:libvirt_driver|EVT:E12|EVT:E19
1.0,COMP:compute_manager|EVT:E12|EVT:E19
1.0,COMP:compute_resource_tracker|EVT:E12|EVT:E19
1.0,COMP:compute_claims|EVT:E12|EVT:E19
0.6,EVT:E12|EVT:E19|EVT:E29
1.0,EVT:E10|EVT:E11|EVT:E19
1.0,EVT:E1|EVT:E11|EVT:E19
1.0,COMP:compute_server_external_events|EVT:E11|EVT:E19
1.0,COMP:openstack_wsgi|EVT:E11|EVT:E19
1.0,COMP:libvirt_imagecache|EVT:E11|EVT:E19
1.0,COMP:libvirt_driver|EVT:E11|EVT:E19
1.0,COMP:compute_manager|EVT:E11|EVT:E19
1.0,COMP:compute_resource_tracker|EVT:E11|EVT:E19
1.0,COMP:compute_claims|EVT:E11|EVT:E19
0.6,EVT:E11|EVT:E19|EVT:E29
1.0,EVT:E1|EVT:E10|EVT:E19
1.0,COMP:compute_server_external_events|EVT:E10|EVT:E19
1.0,COMP:openstack_wsgi|EVT:E10|EVT:E19
1.0,COMP:libvirt_imagecache|EVT:E10|EVT:E19
1.0,COMP:libvirt_driver|EVT:E10|EVT:E19
1.0,COMP:compute_manager|EVT:E10|EVT:E19
1.0,COMP:compute_resource_tracker|EVT:E10|EVT:E19
1.0,COMP:compute_claims|EVT:E10|EVT:E19
0.6,EVT:E10|EVT:E19|EVT:E29
1.0,COMP:compute_server_external_events|EVT:E1|EVT:E19
1.0,COMP:openstack_wsgi|EVT:E1|EVT:E19
1.0,COMP:libvirt_imagecache|EVT:E1|EVT:E19
1.0,COMP:libvirt_driver|EVT:E1|EVT:E19
1.0,COMP:compute_manager|EVT:E1|EVT:E19
1.0,COMP:compute_resource_tracker|EVT:E1|EVT:E19
1.0,COMP:compute_claims|EVT:E1|EVT:E19
0.6,EVT:E1|EVT:E19|EVT:E29
1.0,COMP:compute_server_external_events|COMP:openstack_wsgi|EVT:E19
1.0,COMP:compute_server_external_events|COMP:libvirt_imagecache|EVT:E19
1.0,COMP:compute_server_external_events|COMP:libvirt_driver|EVT:E19
1.0,COMP:compute_manager|COMP:compute_server_external_events|EVT:E19
1.0,COMP:compute_resource_tracker|COMP:compute_server_external_events|EVT:E19
1.0,COMP:compute_claims|COMP:compute_server_external_events|EVT:E19
0.6,COMP:compute_server_external_events|EVT:E19|EVT:E29
1.0,COMP:libvirt_imagecache|COMP:openstack_wsgi|EVT:E19
1.0,COMP:libvirt_driver|COMP:openstack_wsgi|EVT:E19
1.0,COMP:compute_manager|COMP:openstack_wsgi|EVT:E19
1.0,COMP:compute_resource_tracker|COMP:openstack_wsgi|EVT:E19
1.0,COMP:compute_claims|COMP:openstack_wsgi|EVT:E19
0.6,COMP:openstack_wsgi|EVT:E19|EVT:E29
1.0,COMP:libvirt_driver|COMP:libvirt_imagecache|EVT:E19
1.0,COMP:compute_manager|COMP:libvirt_imagecache|EVT:E19
1.0,COMP:compute_resource_tracker|COMP:libvirt_imagecache|EVT:E19
1.0,COMP:compute_claims|COMP:libvirt_imagecache|EVT:E19
0.6,COMP:libvirt_imagecache|EVT:E19|EVT:E29
1.0,COMP:compute_manager|COMP:libvirt_driver|EVT:E19
1.0,COMP:compute_resource_tracker|COMP:libvirt_driver|EVT:E19
1.0,COMP:compute_claims|COMP:libvirt_driver|EVT:E19
0.6,COMP:libvirt_driver|EVT:E19|EVT:E29
1.0,COMP:compute_manager|COMP:compute_resource_tracker|EVT:E19
1.0,COMP:compute_claims|COMP:compute_manager|EVT:E19
0.6,COMP:compute_manager|EVT:E19|EVT:E29
1.0,COMP:compute_claims|COMP:compute_resource_tracker|EVT:E19
0.6,COMP:compute_resource_tracker|EVT:E19|EVT:E29
0.6,COMP:compute_claims|EVT:E19|EVT:E29
1.0,COMP:wsgi_server|EVT:E16|EVT:E17
1.0,EVT:E15|EVT:E16|EVT:E17
1.0,EVT:E14|EVT:E16|EVT:E17
1.0,EVT:E13|EVT:E16|EVT:E17
1.0,EVT:E12|EVT:E16|EVT:E17
1.0,EVT:E11|EVT:E16|EVT:E17
1.0,EVT:E10|EVT:E16|EVT:E17
1.0,EVT:E1|EVT:E16|EVT:E17
1.0,COMP:compute_server_external_events|EVT:E16|EVT:E17
1.0,COMP:openstack_wsgi|EVT:E16|EVT:E17
1.0,COMP:libvirt_imagecache|EVT:E16|EVT:E17
1.0,COMP:libvirt_driver|EVT:E16|EVT:E17
1.0,COMP:compute_manager|EVT:E16|EVT:E17
1.0,COMP:compute_resource_tracker|EVT:E16|EVT:E17
1.0,COMP:compute_claims|EVT:E16|EVT:E17
0.6,EVT:E16|EVT:E17|EVT:E29
1.0,COMP:wsgi_server|EVT:E15|EVT:E17
1.0,COMP:wsgi_server|EVT:E14|EVT:E17
1.0,COMP:wsgi_server|EVT:E13|EVT:E17
1.0,COMP:wsgi_server|EVT:E12|EVT:E17
1.0,COMP:wsgi_server|EVT:E11|EVT:E17
1.0,COMP:wsgi_server|EVT:E10|EVT:E17
1.0,COMP:wsgi_server|EVT:E1|EVT:E17
1.0,COMP:compute_server_external_events|COMP:wsgi_server|EVT:E17
1.0,COMP:openstack_wsgi|COMP:wsgi_server|EVT:E17
1.0,COMP:libvirt_imagecache|COMP:wsgi_server|EVT:E17
1.0,COMP:libvirt_driver|COMP:wsgi_server|EVT:E17
1.0,COMP:compute_manager|COMP:wsgi_server|EVT:E17
1.0,COMP:compute_resource_tracker|COMP:wsgi_server|EVT:E17
1.0,COMP:compute_claims|COMP:wsgi_server|EVT:E17
0.6,COMP:wsgi_server|EVT:E17|EVT:E29
1.0,EVT:E14|EVT:E15|EVT:E17
1.0,EVT:E13|EVT:E15|EVT:E17
1.0,EVT:E12|EVT:E15|EVT:E17
1.0,EVT:E11|EVT:E15|EVT:E17
1.0,EVT:E10|EVT:E15|EVT:E17
1.0,EVT:E1|EVT:E15|EVT:E17
1.0,COMP:compute_server_external_events|EVT:E15|EVT:E17
1.0,COMP:openstack_wsgi|EVT:E15|EVT:E17
1.0,COMP:libvirt_imagecache|EVT:E15|EVT:E17
1.0,COMP:libvirt_driver|EVT:E15|EVT:E17
1.0,COMP:compute_manager|EVT:E15|EVT:E17
1.0,COMP:compute_resource_tracker|EVT:E15|EVT:E17
1.0,COMP:compute_claims|EVT:E15|EVT:E17
0.6,EVT:E15|EVT:E17|EVT:E29
1.0,EVT:E13|EVT:E14|EVT:E17
1.0,EVT:E12|EVT:E14|EVT:E17
1.0,EVT:E11|EVT:E14|EVT:E17
1.0,EVT:E10|EVT:E14|EVT:E17
1.0,EVT:E1|EVT:E14|EVT:E17
1.0,COMP:compute_server_external_events|EVT:E14|EVT:E17
1.0,COMP:openstack_wsgi|EVT:E14|EVT:E17
1.0,COMP:libvirt_imagecache|EVT:E14|EVT:E17
1.0,COMP:libvirt_driver|EVT:E14|EVT:E17
1.0,COMP:compute_manager|EVT:E14|EVT:E17
1.0,COMP:compute_resource_tracker|EVT:E14|EVT:E17
1.0,COMP:compute_claims|EVT:E14|EVT:E17
0.6,EVT:E14|EVT:E17|EVT:E29
1.0,EVT:E12|EVT:E13|EVT:E17
1.0,EVT:E11|EVT:E13|EVT:E17
1.0,EVT:E10|EVT:E13|EVT:E17
1.0,EVT:E1|EVT:E13|EVT:E17
1.0,COMP:compute_server_external_events|EVT:E13|EVT:E17
1.0,COMP:openstack_wsgi|EVT:E13|EVT:E17
1.0,COMP:libvirt_imagecache|EVT:E13|EVT:E17
1.0,COMP:libvirt_driver|EVT:E13|EVT:E17
1.0,COMP:compute_manager|EVT:E13|EVT:E17
1.0,COMP:compute_resource_tracker|EVT:E13|EVT:E17
1.0,COMP:compute_claims|EVT:E13|EVT:E17
0.6,EVT:E13|EVT:E17|EVT:E29
1.0,EVT:E11|EVT:E12|EVT:E17
1.0,EVT:E10|EVT:E12|EVT:E17
1.0,EVT:E1|EVT:E12|EVT:E17
1.0,COMP:compute_server_external_events|EVT:E12|EVT:E17
1.0,COMP:openstack_wsgi|EVT:E12|EVT:E17
1.0,COMP:libvirt_imagecache|EVT:E12|EVT:E17
1.0,COMP:libvirt_driver|EVT:E12|EVT:E17
1.0,COMP:compute_manager|EVT:E12|EVT:E17
1.0,COMP:compute_resource_tracker|EVT:E12|EVT:E17
1.0,COMP:compute_claims|EVT:E12|EVT:E17
0.6,EVT:E12|EVT:E17|EVT:E29
1.0,EVT:E10|EVT:E11|EVT:E17
1.0,EVT:E1|EVT:E11|EVT:E17
1.0,COMP:compute_server_external_events|EVT:E11|EVT:E17
1.0,COMP:openstack_wsgi|EVT:E11|EVT:E17
1.0,COMP:libvirt_imagecache|EVT:E11|EVT:E17
1.0,COMP:libvirt_driver|EVT:E11|EVT:E17
1.0,COMP:compute_manager|EVT:E11|EVT:E17
1.0,COMP:compute_resource_tracker|EVT:E11|EVT:E17
1.0,COMP:compute_claims|EVT:E11|EVT:E17
0.6,EVT:E11|EVT:E17|EVT:E29
1.0,EVT:E1|EVT:E10|EVT:E17
1.0,COMP:compute_server_external_events|EVT:E10|EVT:E17
1.0,COMP:openstack_wsgi|EVT:E10|EVT:E17
1.0,COMP:libvirt_imagecache|EVT:E10|EVT:E17
1.0,COMP:libvirt_driver|EVT:E10|EVT:E17
1.0,COMP:compute_manager|EVT:E10|EVT:E17
1.0,COMP:compute_resource_tracker|EVT:E10|EVT:E17
1.0,COMP:compute_claims|EVT:E10|EVT:E17
0.6,EVT:E10|EVT:E17|EVT:E29
1.0,COMP:compute_server_external_events|EVT:E1|EVT:E17
1.0,COMP:openstack_wsgi|EVT:E1|EVT:E17
1.0,COMP:libvirt_imagecache|EVT:E1|EVT:E17
1.0,COMP:libvirt_driver|EVT:E1|EVT:E17
1.0,COMP:compute_manager|EVT:E1|EVT:E17
1.0,COMP:compute_resource_tracker|EVT:E1|EVT:E17
1.0,COMP:compute_claims|EVT:E1|EVT:E17
0.6,EVT:E1|EVT:E17|EVT:E29
1.0,COMP:compute_server_external_events|COMP:openstack_wsgi|EVT:E17
1.0,COMP:compute_server_external_events|COMP:libvirt_imagecache|EVT:E17
1.0,COMP:compute_server_external_events|COMP:libvirt_driver|EVT:E17
1.0,COMP:compute_manager|COMP:compute_server_external_events|EVT:E17
1.0,COMP:compute_resource_tracker|COMP:compute_server_external_events|EVT:E17
1.0,COMP:compute_claims|COMP:compute_server_external_events|EVT:E17
0.6,COMP:compute_server_external_events|EVT:E17|EVT:E29
1.0,COMP:libvirt_imagecache|COMP:openstack_wsgi|EVT:E17
1.0,COMP:libvirt_driver|COMP:openstack_wsgi|EVT:E17
1.0,COMP:compute_manager|COMP:openstack_wsgi|EVT:E17
1.0,COMP:compute_resource_tracker|COMP:openstack_wsgi|EVT:E17
1.0,COMP:compute_claims|COMP:openstack_wsgi|EVT:E17
0.6,COMP:openstack_wsgi|EVT:E17|EVT:E29
1.0,COMP:libvirt_driver|COMP:libvirt_imagecache|EVT:E17
1.0,COMP:compute_manager|COMP:libvirt_imagecache|EVT:E17
1.0,COMP:compute_resource_tracker|COMP:libvirt_imagecache|EVT:E17
1.0,COMP:compute_claims|COMP:libvirt_imagecache|EVT:E17
0.6,COMP:libvirt_imagecache|EVT:E17|EVT:E29
1.0,COMP:compute_manager|COMP:libvirt_driver|EVT:E17
1.0,COMP:compute_resource_tracker|COMP:libvirt_driver|EVT:E17
1.0,COMP:compute_claims|COMP:libvirt_driver|EVT:E17
0.6,COMP:libvirt_driver|EVT:E17|EVT:E29
1.0,COMP:compute_manager|COMP:compute_resource_tracker|EVT:E17
1.0,COMP:compute_claims|COMP:compute_manager|EVT:E17
0.6,COMP:compute_manager|EVT:E17|EVT:E29
1.0,COMP:compute_claims|COMP:compute_resource_tracker|EVT:E17
0.6,COMP:compute_resource_tracker|EVT:E17|EVT:E29
0.6,COMP:compute_claims|EVT:E17|EVT:E29
1.0,COMP:wsgi_server|EVT:E15|EVT:E16
1.0,COMP:wsgi_server|EVT:E14|EVT:E16
1.0,COMP:wsgi_server|EVT:E13|EVT:E16
1.0,COMP:wsgi_server|EVT:E12|EVT:E16
1.0,COMP:wsgi_server|EVT:E11|EVT:E16
1.0,COMP:wsgi_server|EVT:E10|EVT:E16
1.0,COMP:wsgi_server|EVT:E1|EVT:E16
1.0,COMP:compute_server_external_events|COMP:wsgi_server|EVT:E16
1.0,COMP:openstack_wsgi|COMP:wsgi_server|EVT:E16
1.0,COMP:libvirt_imagecache|COMP:wsgi_server|EVT:E16
1.0,COMP:libvirt_driver|COMP:wsgi_server|EVT:E16
1.0,COMP:compute_manager|COMP:wsgi_server|EVT:E16
1.0,COMP:compute_resource_tracker|COMP:wsgi_server|EVT:E16
1.0,COMP:compute_claims|COMP:wsgi_server|EVT:E16
0.6,COMP:wsgi_server|EVT:E16|EVT:E29
1.0,EVT:E14|EVT:E15|EVT:E16
1.0,EVT:E13|EVT:E15|EVT:E16
1.0,EVT:E12|EVT:E15|EVT:E16
1.0,EVT:E11|EVT:E15|EVT:E16
1.0,EVT:E10|EVT:E15|EVT:E16
1.0,EVT:E1|EVT:E15|EVT:E16
1.0,COMP:compute_server_external_events|EVT:E15|EVT:E16
1.0,COMP:openstack_wsgi|EVT:E15|EVT:E16
1.0,COMP:libvirt_imagecache|EVT:E15|EVT:E16
1.0,COMP:libvirt_driver|EVT:E15|EVT:E16
1.0,COMP:compute_manager|EVT:E15|EVT:E16
1.0,COMP:compute_resource_tracker|EVT:E15|EVT:E16
1.0,COMP:compute_claims|EVT:E15|EVT:E16
0.6,EVT:E15|EVT:E16|EVT:E29
1.0,EVT:E13|EVT:E14|EVT:E16
1.0,EVT:E12|EVT:E14|EVT:E16
1.0,EVT:E11|EVT:E14|EVT:E16
1.0,EVT:E10|EVT:E14|EVT:E16
1.0,EVT:E1|EVT:E14|EVT:E16
1.0,COMP:compute_server_external_events|EVT:E14|EVT:E16
1.0,COMP:openstack_wsgi|EVT:E14|EVT:E16
1.0,COMP:libvirt_imagecache|EVT:E14|EVT:E16
1.0,COMP:libvirt_driver|EVT:E14|EVT:E16
1.0,COMP:compute_manager|EVT:E14|EVT:E16
1.0,COMP:compute_resource_tracker|EVT:E14|EVT:E16
1.0,COMP:compute_claims|EVT:E14|EVT:E16
0.6,EVT:E14|EVT:E16|EVT:E29
1.0,EVT:E12|EVT:E13|EVT:E16
1.0,EVT:E11|EVT:E13|EVT:E16
1.0,EVT:E10|EVT:E13|EVT:E16
1.0,EVT:E1|EVT:E13|EVT:E16
1.0,COMP:compute_server_external_events|EVT:E13|EVT:E16
1.0,COMP:openstack_wsgi|EVT:E13|EVT:E16
1.0,COMP:libvirt_imagecache|EVT:E13|EVT:E16
1.0,COMP:libvirt_driver|EVT:E13|EVT:E16
1.0,COMP:compute_manager|EVT:E13|EVT:E16
1.0,COMP:compute_resource_tracker|EVT:E13|EVT:E16
1.0,COMP:compute_claims|EVT:E13|EVT:E16
0.6,EVT:E13|EVT:E16|EVT:E29
1.0,EVT:E11|EVT:E12|EVT:E16
1.0,EVT:E10|EVT:E12|EVT:E16
1.0,EVT:E1|EVT:E12|EVT:E16
1.0,COMP:compute_server_external_events|EVT:E12|EVT:E16
1.0,COMP:openstack_wsgi|EVT:E12|EVT:E16
1.0,COMP:libvirt_imagecache|EVT:E12|EVT:E16
1.0,COMP:libvirt_driver|EVT:E12|EVT:E16
1.0,COMP:compute_manager|EVT:E12|EVT:E16
1.0,COMP:compute_resource_tracker|EVT:E12|EVT:E16
1.0,COMP:compute_claims|EVT:E12|EVT:E16
0.6,EVT:E12|EVT:E16|EVT:E29
1.0,EVT:E10|EVT:E11|EVT:E16
1.0,EVT:E1|EVT:E11|EVT:E16
1.0,COMP:compute_server_external_events|EVT:E11|EVT:E16
1.0,COMP:openstack_wsgi|EVT:E11|EVT:E16
1.0,COMP:libvirt_imagecache|EVT:E11|EVT:E16
1.0,COMP:libvirt_driver|EVT:E11|EVT:E16
1.0,COMP:compute_manager|EVT:E11|EVT:E16
1.0,COMP:compute_resource_tracker|EVT:E11|EVT:E16
1.0,COMP:compute_claims|EVT:E11|EVT:E16
0.6,EVT:E11|EVT:E16|EVT:E29
1.0,EVT:E1|EVT:E10|EVT:E16
1.0,COMP:compute_server_external_events|EVT:E10|EVT:E16
1.0,COMP:openstack_wsgi|EVT:E10|EVT:E16
1.0,COMP:libvirt_imagecache|EVT:E10|EVT:E16
1.0,COMP:libvirt_driver|EVT:E10|EVT:E16
1.0,COMP:compute_manager|EVT:E10|EVT:E16
1.0,COMP:compute_resource_tracker|EVT:E10|EVT:E16
1.0,COMP:compute_claims|EVT:E10|EVT:E16
0.6,EVT:E10|EVT:E16|EVT:E29
1.0,COMP:compute_server_external_events|EVT:E1|EVT:E16
1.0,COMP:openstack_wsgi|EVT:E1|EVT:E16
1.0,COMP:libvirt_imagecache|EVT:E1|EVT:E16
1.0,COMP:libvirt_driver|EVT:E1|EVT:E16
1.0,COMP:compute_manager|EVT:E1|EVT:E16
1.0,COMP:compute_resource_tracker|EVT:E1|EVT:E16
1.0,COMP:compute_claims|EVT:E1|EVT:E16
0.6,EVT:E1|EVT:E16|EVT:E29
1.0,COMP:compute_server_external_events|COMP:openstack_wsgi|EVT:E16
1.0,COMP:compute_server_external_events|COMP:libvirt_imagecache|EVT:E16
1.0,COMP:compute_server_external_events|COMP:libvirt_driver|EVT:E16
1.0,COMP:compute_manager|COMP:compute_server_external_events|EVT:E16
1.0,COMP:compute_resource_tracker|COMP:compute_server_external_events|EVT:E16
1.0,COMP:compute_claims|COMP:compute_server_external_events|EVT:E16
0.6,COMP:compute_server_external_events|EVT:E16|EVT:E29
1.0,COMP:libvirt_imagecache|COMP:openstack_wsgi|EVT:E16
1.0,COMP:libvirt_driver|COMP:openstack_wsgi|EVT:E16
1.0,COMP:compute_manager|COMP:openstack_wsgi|EVT:E16
1.0,COMP:compute_resource_tracker|COMP:openstack_wsgi|EVT:E16
1.0,COMP:compute_claims|COMP:openstack_wsgi|EVT:E16
0.6,COMP:openstack_wsgi|EVT:E16|EVT:E29
1.0,COMP:libvirt_driver|COMP:libvirt_imagecache|EVT:E16
1.0,COMP:compute_manager|COMP:libvirt_imagecache|EVT:E16
1.0,COMP:compute_resource_tracker|COMP:libvirt_imagecache|EVT:E16
1.0,COMP:compute_claims|COMP:libvirt_imagecache|EVT:E16
0.6,COMP:libvirt_imagecache|EVT:E16|EVT:E29
1.0,COMP:compute_manager|COMP:libvirt_driver|EVT:E16
1.0,COMP:compute_resource_tracker|COMP:libvirt_driver|EVT:E16
1.0,COMP:compute_claims|COMP:libvirt_driver|EVT:E16
0.6,COMP:libvirt_driver|EVT:E16|EVT:E29
1.0,COMP:compute_manager|COMP:compute_resource_tracker|EVT:E16
1.0,COMP:compute_claims|COMP:compute_manager|EVT:E16
0.6,COMP:compute_manager|EVT:E16|EVT:E29
1.0,COMP:compute_claims|COMP:compute_resource_tracker|EVT:E16
0.6,COMP:compute_resource_tracker|EVT:E16|EVT:E29
0.6,COMP:compute_claims|EVT:E16|EVT:E29
1.0,COMP:wsgi_server|EVT:E14|EVT:E15
1.0,COMP:wsgi_server|EVT:E13|EVT:E15
1.0,COMP:wsgi_server|EVT:E12|EVT:E15
1.0,COMP:wsgi_server|EVT:E11|EVT:E15
1.0,COMP:wsgi_server|EVT:E10|EVT:E15
1.0,COMP:wsgi_server|EVT:E1|EVT:E15
1.0,COMP:compute_server_external_events|COMP:wsgi_server|EVT:E15
1.0,COMP:openstack_wsgi|COMP:wsgi_server|EVT:E15
1.0,COMP:libvirt_imagecache|COMP:wsgi_server|EVT:E15
1.0,COMP:libvirt_driver|COMP:wsgi_server|EVT:E15
1.0,COMP:compute_manager|COMP:wsgi_server|EVT:E15
1.0,COMP:compute_resource_tracker|COMP:wsgi_server|EVT:E15
1.0,COMP:compute_claims|COMP:wsgi_server|EVT:E15
0.6,COMP:wsgi_server|EVT:E15|EVT:E29
1.0,COMP:wsgi_server|EVT:E13|EVT:E14
1.0,COMP:wsgi_server|EVT:E12|EVT:E14
1.0,COMP:wsgi_server|EVT:E11|EVT:E14
1.0,COMP:wsgi_server|EVT:E10|EVT:E14
1.0,COMP:wsgi_server|EVT:E1|EVT:E14
1.0,COMP:compute_server_external_events|COMP:wsgi_server|EVT:E14
1.0,COMP:openstack_wsgi|COMP:wsgi_server|EVT:E14
1.0,COMP:libvirt_imagecache|COMP:wsgi_server|EVT:E14
1.0,COMP:libvirt_driver|COMP:wsgi_server|EVT:E14
1.0,COMP:compute_manager|COMP:wsgi_server|EVT:E14
1.0,COMP:compute_resource_tracker|COMP:wsgi_server|EVT:E14
1.0,COMP:compute_claims|COMP:wsgi_server|EVT:E14
0.6,COMP:wsgi_server|EVT:E14|EVT:E29
1.0,COMP:wsgi_server|EVT:E12|EVT:E13
1.0,COMP:wsgi_server|EVT:E11|EVT:E13
1.0,COMP:wsgi_server|EVT:E10|EVT:E13
1.0,COMP:wsgi_server|EVT:E1|EVT:E13
1.0,COMP:compute_server_external_events|COMP:wsgi_server|EVT:E13
1.0,COMP:openstack_wsgi|COMP:wsgi_server|EVT:E13
1.0,COMP:libvirt_imagecache|COMP:wsgi_server|EVT:E13
1.0,COMP:libvirt_driver|COMP:wsgi_server|EVT:E13
1.0,COMP:compute_manager|COMP:wsgi_server|EVT:E13
1.0,COMP:compute_resource_tracker|COMP:wsgi_server|EVT:E13
1.0,COMP:compute_claims|COMP:wsgi_server|EVT:E13
0.6,COMP:wsgi_server|EVT:E13|EVT:E29
1.0,COMP:wsgi_server|EVT:E11|EVT:E12
1.0,COMP:wsgi_server|EVT:E10|EVT:E12
1.0,COMP:wsgi_server|EVT:E1|EVT:E12
1.0,COMP:compute_server_external_events|COMP:wsgi_server|EVT:E12
1.0,COMP:openstack_wsgi|COMP:wsgi_server|EVT:E12
1.0,COMP:libvirt_imagecache|COMP:wsgi_server|EVT:E12
1.0,COMP:libvirt_driver|COMP:wsgi_server|EVT:E12
1.0,COMP:compute_manager|COMP:wsgi_server|EVT:E12
1.0,COMP:compute_resource_tracker|COMP:wsgi_server|EVT:E12
1.0,COMP:compute_claims|COMP:wsgi_server|EVT:E12
0.6,COMP:wsgi_server|EVT:E12|EVT:E29
1.0,COMP:wsgi_server|EVT:E10|EVT:E11
1.0,COMP:wsgi_server|EVT:E1|EVT:E11
1.0,COMP:compute_server_external_events|COMP:wsgi_server|EVT:E11
1.0,COMP:openstack_wsgi|COMP:wsgi_server|EVT:E11
1.0,COMP:libvirt_imagecache|COMP:wsgi_server|EVT:E11
1.0,COMP:libvirt_driver|COMP:wsgi_server|EVT:E11
1.0,COMP:compute_manager|COMP:wsgi_server|EVT:E11
1.0,COMP:compute_resource_tracker|COMP:wsgi_server|EVT:E11
1.0,COMP:compute_claims|COMP:wsgi_server|EVT:E11
0.6,COMP:wsgi_server|EVT:E11|EVT:E29
1.0,COMP:wsgi_server|EVT:E1|EVT:E10
1.0,COMP:compute_server_external_events|COMP:wsgi_server|EVT:E10
1.0,COMP:openstack_wsgi|COMP:wsgi_server|EVT:E10
1.0,COMP:libvirt_imagecache|COMP:wsgi_server|EVT:E10
1.0,COMP:libvirt_driver|COMP:wsgi_server|EVT:E10
1.0,COMP:compute_manager|COMP:wsgi_server|EVT:E10
1.0,COMP:compute_resource_tracker|COMP:wsgi_server|EVT:E10
1.0,COMP:compute_claims|COMP:wsgi_server|EVT:E10
0.6,COMP:wsgi_server|EVT:E10|EVT:E29
1.0,COMP:compute_server_external_events|COMP:wsgi_server|EVT:E1
1.0,COMP:openstack_wsgi|COMP:wsgi_server|EVT:E1
1.0,COMP:libvirt_imagecache|COMP:wsgi_server|EVT:E1
1.0,COMP:libvirt_driver|COMP:wsgi_server|EVT:E1
1.0,COMP:compute_manager|COMP:wsgi_server|EVT:E1
1.0,COMP:compute_resource_tracker|COMP:wsgi_server|EVT:E1
1.0,COMP:compute_claims|COMP:wsgi_server|EVT:E1
0.6,COMP:wsgi_server|EVT:E1|EVT:E29
1.0,COMP:compute_server_external_events|COMP:openstack_wsgi|COMP:wsgi_server
1.0,COMP:compute_server_external_events|COMP:libvirt_imagecache|COMP:wsgi_server
1.0,COMP:compute_server_external_events|COMP:libvirt_driver|COMP:wsgi_server
1.0,COMP:compute_manager|COMP:compute_server_external_events|COMP:wsgi_server
1.0,COMP:compute_resource_tracker|COMP:compute_server_external_events|COMP:wsgi_server
1.0,COMP:compute_claims|COMP:compute_server_external_events|COMP:wsgi_server
0.6,COMP:compute_server_external_events|COMP:wsgi_server|EVT:E29
1.0,COMP:libvirt_imagecache|COMP:openstack_wsgi|COMP:wsgi_server
1.0,COMP:libvirt_driver|COMP:openstack_wsgi|COMP:wsgi_server
1.0,COMP:compute_manager|COMP:openstack_wsgi|COMP:wsgi_server
1.0,COMP:compute_resource_tracker|COMP:openstack_wsgi|COMP:wsgi_server
1.0,COMP:compute_claims|COMP:openstack_wsgi|COMP:wsgi_server
0.6,COMP:openstack_wsgi|COMP:wsgi_server|EVT:E29
1.0,COMP:libvirt_driver|COMP:libvirt_imagecache|COMP:wsgi_server
1.0,COMP:compute_manager|COMP:libvirt_imagecache|COMP:wsgi_server
1.0,COMP:compute_resource_tracker|COMP:libvirt_imagecache|COMP:wsgi_server
1.0,COMP:compute_claims|COMP:libvirt_imagecache|COMP:wsgi_server
0.6,COMP:libvirt_imagecache|COMP:wsgi_server|EVT:E29
1.0,COMP:compute_manager|COMP:libvirt_driver|COMP:wsgi_server
1.0,COMP:compute_resource_tracker|COMP:libvirt_driver|COMP:wsgi_server
1.0,COMP:compute_claims|COMP:libvirt_driver|COMP:wsgi_server
0.6,COMP:libvirt_driver|COMP:wsgi_server|EVT:E29
1.0,COMP:compute_manager|COMP:compute_resource_tracker|COMP:wsgi_server
1.0,COMP:compute_claims|COMP:compute_manager|COMP:wsgi_server
0.6,COMP:compute_manager|COMP:wsgi_server|EVT:E29
1.0,COMP:compute_claims|COMP:compute_resource_tracker|COMP:wsgi_server
0.6,COMP:compute_resource_tracker|COMP:wsgi_server|EVT:E29
0.6,COMP:compute_claims|COMP:wsgi_server|EVT:E29
1.0,EVT:E13|EVT:E14|EVT:E15
1.0,EVT:E12|EVT:E14|EVT:E15
1.0,EVT:E11|EVT:E14|EVT:E15
1.0,EVT:E10|EVT:E14|EVT:E15
1.0,EVT:E1|EVT:E14|EVT:E15
1.0,COMP:compute_server_external_events|EVT:E14|EVT:E15
1.0,COMP:openstack_wsgi|EVT:E14|EVT:E15
1.0,COMP:libvirt_imagecache|EVT:E14|EVT:E15
1.0,COMP:libvirt_driver|EVT:E14|EVT:E15
1.0,COMP:compute_manager|EVT:E14|EVT:E15
1.0,COMP:compute_resource_tracker|EVT:E14|EVT:E15
1.0,COMP:compute_claims|EVT:E14|EVT:E15
0.6,EVT:E14|EVT:E15|EVT:E29
1.0,EVT:E12|EVT:E13|EVT:E15
1.0,EVT:E11|EVT:E13|EVT:E15
1.0,EVT:E10|EVT:E13|EVT:E15
1.0,EVT:E1|EVT:E13|EVT:E15
1.0,COMP:compute_server_external_events|EVT:E13|EVT:E15
1.0,COMP:openstack_wsgi|EVT:E13|EVT:E15
1.0,COMP:libvirt_imagecache|EVT:E13|EVT:E15
1.0,COMP:libvirt_driver|EVT:E13|EVT:E15
1.0,COMP:compute_manager|EVT:E13|EVT:E15
1.0,COMP:compute_resource_tracker|EVT:E13|EVT:E15
1.0,COMP:compute_claims|EVT:E13|EVT:E15
0.6,EVT:E13|EVT:E15|EVT:E29
1.0,EVT:E11|EVT:E12|EVT:E15
1.0,EVT:E10|EVT:E12|EVT:E15
1.0,EVT:E1|EVT:E12|EVT:E15
1.0,COMP:compute_server_external_events|EVT:E12|EVT:E15
1.0,COMP:openstack_wsgi|EVT:E12|EVT:E15
1.0,COMP:libvirt_imagecache|EVT:E12|EVT:E15
1.0,COMP:libvirt_driver|EVT:E12|EVT:E15
1.0,COMP:compute_manager|EVT:E12|EVT:E15
1.0,COMP:compute_resource_tracker|EVT:E12|EVT:E15
1.0,COMP:compute_claims|EVT:E12|EVT:E15
0.6,EVT:E12|EVT:E15|EVT:E29
1.0,EVT:E10|EVT:E11|EVT:E15
1.0,EVT:E1|EVT:E11|EVT:E15
1.0,COMP:compute_server_external_events|EVT:E11|EVT:E15
1.0,COMP:openstack_wsgi|EVT:E11|EVT:E15
1.0,COMP:libvirt_imagecache|EVT:E11|EVT:E15
1.0,COMP:libvirt_driver|EVT:E11|EVT:E15
1.0,COMP:compute_manager|EVT:E11|EVT:E15
1.0,COMP:compute_resource_tracker|EVT:E11|EVT:E15
1.0,COMP:compute_claims|EVT:E11|EVT:E15
0.6,EVT:E11|EVT:E15|EVT:E29
1.0,EVT:E1|EVT:E10|EVT:E15
1.0,COMP:compute_server_external_events|EVT:E10|EVT:E15
1.0,COMP:openstack_wsgi|EVT:E10|EVT:E15
1.0,COMP:libvirt_imagecache|EVT:E10|EVT:E15
1.0,COMP:libvirt_driver|EVT:E10|EVT:E15
1.0,COMP:compute_manager|EVT:E10|EVT:E15
1.0,COMP:compute_resource_tracker|EVT:E10|EVT:E15
1.0,COMP:compute_claims|EVT:E10|EVT:E15
0.6,EVT:E10|EVT:E15|EVT:E29
1.0,COMP:compute_server_external_events|EVT:E1|EVT:E15
1.0,COMP:openstack_wsgi|EVT:E1|EVT:E15
1.0,COMP:libvirt_imagecache|EVT:E1|EVT:E15
1.0,COMP:libvirt_driver|EVT:E1|EVT:E15
1.0,COMP:compute_manager|EVT:E1|EVT:E15
1.0,COMP:compute_resource_tracker|EVT:E1|EVT:E15
1.0,COMP:compute_claims|EVT:E1|EVT:E15
0.6,EVT:E1|EVT:E15|EVT:E29
1.0,COMP:compute_server_external_events|COMP:openstack_wsgi|EVT:E15
1.0,COMP:compute_server_external_events|COMP:libvirt_imagecache|EVT:E15
1.0,COMP:compute_server_external_events|COMP:libvirt_driver|EVT:E15
1.0,COMP:compute_manager|COMP:compute_server_external_events|EVT:E15
1.0,COMP:compute_resource_tracker|COMP:compute_server_external_events|EVT:E15
1.0,COMP:compute_claims|COMP:compute_server_external_events|EVT:E15
0.6,COMP:compute_server_external_events|EVT:E15|EVT:E29
1.0,COMP:libvirt_imagecache|COMP:openstack_wsgi|EVT:E15
1.0,COMP:libvirt_driver|COMP:openstack_wsgi|EVT:E15
1.0,COMP:compute_manager|COMP:openstack_wsgi|EVT:E15
1.0,COMP:compute_resource_tracker|COMP:openstack_wsgi|EVT:E15
1.0,COMP:compute_claims|COMP:openstack_wsgi|EVT:E15
0.6,COMP:openstack_wsgi|EVT:E15|EVT:E29
1.0,COMP:libvirt_driver|COMP:libvirt_imagecache|EVT:E15
1.0,COMP:compute_manager|COMP:libvirt_imagecache|EVT:E15
1.0,COMP:compute_resource_tracker|COMP:libvirt_imagecache|EVT:E15
1.0,COMP:compute_claims|COMP:libvirt_imagecache|EVT:E15
0.6,COMP:libvirt_imagecache|EVT:E15|EVT:E29
1.0,COMP:compute_manager|COMP:libvirt_driver|EVT:E15
1.0,COMP:compute_resource_tracker|COMP:libvirt_driver|EVT:E15
1.0,COMP:compute_claims|COMP:libvirt_driver|EVT:E15
0.6,COMP:libvirt_driver|EVT:E15|EVT:E29
1.0,COMP:compute_manager|COMP:compute_resource_tracker|EVT:E15
1.0,COMP:compute_claims|COMP:compute_manager|EVT:E15
0.6,COMP:compute_manager|EVT:E15|EVT:E29
1.0,COMP:compute_claims|COMP:compute_resource_tracker|EVT:E15
0.6,COMP:compute_resource_tracker|EVT:E15|EVT:E29
0.6,COMP:compute_claims|EVT:E15|EVT:E29
1.0,EVT:E12|EVT:E13|EVT:E14
1.0,EVT:E11|EVT:E13|EVT:E14
1.0,EVT:E10|EVT:E13|EVT:E14
1.0,EVT:E1|EVT:E13|EVT:E14
1.0,COMP:compute_server_external_events|EVT:E13|EVT:E14
1.0,COMP:openstack_wsgi|EVT:E13|EVT:E14
1.0,COMP:libvirt_imagecache|EVT:E13|EVT:E14
1.0,COMP:libvirt_driver|EVT:E13|EVT:E14
1.0,COMP:compute_manager|EVT:E13|EVT:E14
1.0,COMP:compute_resource_tracker|EVT:E13|EVT:E14
1.0,COMP:compute_claims|EVT:E13|EVT:E14
0.6,EVT:E13|EVT:E14|EVT:E29
1.0,EVT:E11|EVT:E12|EVT:E14
1.0,EVT:E10|EVT:E12|EVT:E14
1.0,EVT:E1|EVT:E12|EVT:E14
1.0,COMP:compute_server_external_events|EVT:E12|EVT:E14
1.0,COMP:openstack_wsgi|EVT:E12|EVT:E14
1.0,COMP:libvirt_imagecache|EVT:E12|EVT:E14
1.0,COMP:libvirt_driver|EVT:E12|EVT:E14
1.0,COMP:compute_manager|EVT:E12|EVT:E14
1.0,COMP:compute_resource_tracker|EVT:E12|EVT:E14
1.0,COMP:compute_claims|EVT:E12|EVT:E14
0.6,EVT:E12|EVT:E14|EVT:E29
1.0,EVT:E10|EVT:E11|EVT:E14
1.0,EVT:E1|EVT:E11|EVT:E14
1.0,COMP:compute_server_external_events|EVT:E11|EVT:E14
1.0,COMP:openstack_wsgi|EVT:E11|EVT:E14
1.0,COMP:libvirt_imagecache|EVT:E11|EVT:E14
1.0,COMP:libvirt_driver|EVT:E11|EVT:E14
1.0,COMP:compute_manager|EVT:E11|EVT:E14
1.0,COMP:compute_resource_tracker|EVT:E11|EVT:E14
1.0,COMP:compute_claims|EVT:E11|EVT:E14
0.6,EVT:E11|EVT:E14|EVT:E29
1.0,EVT:E1|EVT:E10|EVT:E14
1.0,COMP:compute_server_external_events|EVT:E10|EVT:E14
1.0,COMP:openstack_wsgi|EVT:E10|EVT:E14
1.0,COMP:libvirt_imagecache|EVT:E10|EVT:E14
1.0,COMP:libvirt_driver|EVT:E10|EVT:E14
1.0,COMP:compute_manager|EVT:E10|EVT:E14
1.0,COMP:compute_resource_tracker|EVT:E10|EVT:E14
1.0,COMP:compute_claims|EVT:E10|EVT:E14
0.6,EVT:E10|EVT:E14|EVT:E29
1.0,COMP:compute_server_external_events|EVT:E1|EVT:E14
1.0,COMP:openstack_wsgi|EVT:E1|EVT:E14
1.0,COMP:libvirt_imagecache|EVT:E1|EVT:E14
1.0,COMP:libvirt_driver|EVT:E1|EVT:E14
1.0,COMP:compute_manager|EVT:E1|EVT:E14
1.0,COMP:compute_resource_tracker|EVT:E1|EVT:E14
1.0,COMP:compute_claims|EVT:E1|EVT:E14
0.6,EVT:E1|EVT:E14|EVT:E29
1.0,COMP:compute_server_external_events|COMP:openstack_wsgi|EVT:E14
1.0,COMP:compute_server_external_events|COMP:libvirt_imagecache|EVT:E14
1.0,COMP:compute_server_external_events|COMP:libvirt_driver|EVT:E14
1.0,COMP:compute_manager|COMP:compute_server_external_events|EVT:E14
1.0,COMP:compute_resource_tracker|COMP:compute_server_external_events|EVT:E14
1.0,COMP:compute_claims|COMP:compute_server_external_events|EVT:E14
0.6,COMP:compute_server_external_events|EVT:E14|EVT:E29
1.0,COMP:libvirt_imagecache|COMP:openstack_wsgi|EVT:E14
1.0,COMP:libvirt_driver|COMP:openstack_wsgi|EVT:E14
1.0,COMP:compute_manager|COMP:openstack_wsgi|EVT:E14
1.0,COMP:compute_resource_tracker|COMP:openstack_wsgi|EVT:E14
1.0,COMP:compute_claims|COMP:openstack_wsgi|EVT:E14
0.6,COMP:openstack_wsgi|EVT:E14|EVT:E29
1.0,COMP:libvirt_driver|COMP:libvirt_imagecache|EVT:E14
1.0,COMP:compute_manager|COMP:libvirt_imagecache|EVT:E14
1.0,COMP:compute_resource_tracker|COMP:libvirt_imagecache|EVT:E14
1.0,COMP:compute_claims|COMP:libvirt_imagecache|EVT:E14
0.6,COMP:libvirt_imagecache|EVT:E14|EVT:E29
1.0,COMP:compute_manager|COMP:libvirt_driver|EVT:E14
1.0,COMP:compute_resource_tracker|COMP:libvirt_driver|EVT:E14
1.0,COMP:compute_claims|COMP:libvirt_driver|EVT:E14
0.6,COMP:libvirt_driver|EVT:E14|EVT:E29
1.0,COMP:compute_manager|COMP:compute_resource_tracker|EVT:E14
1.0,COMP:compute_claims|COMP:compute_manager|EVT:E14
0.6,COMP:compute_manager|EVT:E14|EVT:E29
1.0,COMP:compute_claims|COMP:compute_resource_tracker|EVT:E14
0.6,COMP:compute_resource_tracker|EVT:E14|EVT:E29
0.6,COMP:compute_claims|EVT:E14|EVT:E29
1.0,EVT:E11|EVT:E12|EVT:E13
1.0,EVT:E10|EVT:E12|EVT:E13
1.0,EVT:E1|EVT:E12|EVT:E13
1.0,COMP:compute_server_external_events|EVT:E12|EVT:E13
1.0,COMP:openstack_wsgi|EVT:E12|EVT:E13
1.0,COMP:libvirt_imagecache|EVT:E12|EVT:E13
1.0,COMP:libvirt_driver|EVT:E12|EVT:E13
1.0,COMP:compute_manager|EVT:E12|EVT:E13
1.0,COMP:compute_resource_tracker|EVT:E12|EVT:E13
1.0,COMP:compute_claims|EVT:E12|EVT:E13
0.6,EVT:E12|EVT:E13|EVT:E29
1.0,EVT:E10|EVT:E11|EVT:E13
1.0,EVT:E1|EVT:E11|EVT:E13
1.0,COMP:compute_server_external_events|EVT:E11|EVT:E13
1.0,COMP:openstack_wsgi|EVT:E11|EVT:E13
1.0,COMP:libvirt_imagecache|EVT:E11|EVT:E13
1.0,COMP:libvirt_driver|EVT:E11|EVT:E13
1.0,COMP:compute_manager|EVT:E11|EVT:E13
1.0,COMP:compute_resource_tracker|EVT:E11|EVT:E13
1.0,COMP:compute_claims|EVT:E11|EVT:E13
0.6,EVT:E11|EVT:E13|EVT:E29
1.0,EVT:E1|EVT:E10|EVT:E13
1.0,COMP:compute_server_external_events|EVT:E10|EVT:E13
1.0,COMP:openstack_wsgi|EVT:E10|EVT:E13
1.0,COMP:libvirt_imagecache|EVT:E10|EVT:E13
1.0,COMP:libvirt_driver|EVT:E10|EVT:E13
1.0,COMP:compute_manager|EVT:E10|EVT:E13
1.0,COMP:compute_resource_tracker|EVT:E10|EVT:E13
1.0,COMP:compute_claims|EVT:E10|EVT:E13
0.6,EVT:E10|EVT:E13|EVT:E29
1.0,COMP:compute_server_external_events|EVT:E1|EVT:E13
1.0,COMP:openstack_wsgi|EVT:E1|EVT:E13
1.0,COMP:libvirt_imagecache|EVT:E1|EVT:E13
1.0,COMP:libvirt_driver|EVT:E1|EVT:E13
1.0,COMP:compute_manager|EVT:E1|EVT:E13
1.0,COMP:compute_resource_tracker|EVT:E1|EVT:E13
1.0,COMP:compute_claims|EVT:E1|EVT:E13
0.6,EVT:E1|EVT:E13|EVT:E29
1.0,COMP:compute_server_external_events|COMP:openstack_wsgi|EVT:E13
1.0,COMP:compute_server_external_events|COMP:libvirt_imagecache|EVT:E13
1.0,COMP:compute_server_external_events|COMP:libvirt_driver|EVT:E13
1.0,COMP:compute_manager|COMP:compute_server_external_events|EVT:E13
1.0,COMP:compute_resource_tracker|COMP:compute_server_external_events|EVT:E13
1.0,COMP:compute_claims|COMP:compute_server_external_events|EVT:E13
0.6,COMP:compute_server_external_events|EVT:E13|EVT:E29
1.0,COMP:libvirt_imagecache|COMP:openstack_wsgi|EVT:E13
1.0,COMP:libvirt_driver|COMP:openstack_wsgi|EVT:E13
1.0,COMP:compute_manager|COMP:openstack_wsgi|EVT:E13
1.0,COMP:compute_resource_tracker|COMP:openstack_wsgi|EVT:E13
1.0,COMP:compute_claims|COMP:openstack_wsgi|EVT:E13
0.6,COMP:openstack_wsgi|EVT:E13|EVT:E29
1.0,COMP:libvirt_driver|COMP:libvirt_imagecache|EVT:E13
1.0,COMP:compute_manager|COMP:libvirt_imagecache|EVT:E13
1.0,COMP:compute_resource_tracker|COMP:libvirt_imagecache|EVT:E13
1.0,COMP:compute_claims|COMP:libvirt_imagecache|EVT:E13
0.6,COMP:libvirt_imagecache|EVT:E13|EVT:E29
1.0,COMP:compute_manager|COMP:libvirt_driver|EVT:E13
1.0,COMP:compute_resource_tracker|COMP:libvirt_driver|EVT:E13
1.0,COMP:compute_claims|COMP:libvirt_driver|EVT:E13
0.6,COMP:libvirt_driver|EVT:E13|EVT:E29
1.0,COMP:compute_manager|COMP:compute_resource_tracker|EVT:E13
1.0,COMP:compute_claims|COMP:compute_manager|EVT:E13
0.6,COMP:compute_manager|EVT:E13|EVT:E29
1.0,COMP:compute_claims|COMP:compute_resource_tracker|EVT:E13
0.6,COMP:compute_resource_tracker|EVT:E13|EVT:E29
0.6,COMP:compute_claims|EVT:E13|EVT:E29
1.0,EVT:E10|EVT:E11|EVT:E12
1.0,EVT:E1|EVT:E11|EVT:E12
1.0,COMP:compute_server_external_events|EVT:E11|EVT:E12
1.0,COMP:openstack_wsgi|EVT:E11|EVT:E12
1.0,COMP:libvirt_imagecache|EVT:E11|EVT:E12
1.0,COMP:libvirt_driver|EVT:E11|EVT:E12
1.0,COMP:compute_manager|EVT:E11|EVT:E12
1.0,COMP:compute_resource_tracker|EVT:E11|EVT:E12
1.0,COMP:compute_claims|EVT:E11|EVT:E12
0.6,EVT:E11|EVT:E12|EVT:E29
1.0,EVT:E1|EVT:E10|EVT:E12
1.0,COMP:compute_server_external_events|EVT:E10|EVT:E12
1.0,COMP:openstack_wsgi|EVT:E10|EVT:E12
1.0,COMP:libvirt_imagecache|EVT:E10|EVT:E12
1.0,COMP:libvirt_driver|EVT:E10|EVT:E12
1.0,COMP:compute_manager|EVT:E10|EVT:E12
1.0,COMP:compute_resource_tracker|EVT:E10|EVT:E12
1.0,COMP:compute_claims|EVT:E10|EVT:E12
0.6,EVT:E10|EVT:E12|EVT:E29
1.0,COMP:compute_server_external_events|EVT:E1|EVT:E12
1.0,COMP:openstack_wsgi|EVT:E1|EVT:E12
1.0,COMP:libvirt_imagecache|EVT:E1|EVT:E12
1.0,COMP:libvirt_driver|EVT:E1|EVT:E12
1.0,COMP:compute_manager|EVT:E1|EVT:E12
1.0,COMP:compute_resource_tracker|EVT:E1|EVT:E12
1.0,COMP:compute_claims|EVT:E1|EVT:E12
0.6,EVT:E1|EVT:E12|EVT:E29
1.0,COMP:compute_server_external_events|COMP:openstack_wsgi|EVT:E12
1.0,COMP:compute_server_external_events|COMP:libvirt_imagecache|EVT:E12
1.0,COMP:compute_server_external_events|COMP:libvirt_driver|EVT:E12
1.0,COMP:compute_manager|COMP:compute_server_external_events|EVT:E12
1.0,COMP:compute_resource_tracker|COMP:compute_server_external_events|EVT:E12
1.0,COMP:compute_claims|COMP:compute_server_external_events|EVT:E12
0.6,COMP:compute_server_external_events|EVT:E12|EVT:E29
1.0,COMP:libvirt_imagecache|COMP:openstack_wsgi|EVT:E12
1.0,COMP:libvirt_driver|COMP:openstack_wsgi|EVT:E12
1.0,COMP:compute_manager|COMP:openstack_wsgi|EVT:E12
1.0,COMP:compute_resource_tracker|COMP:openstack_wsgi|EVT:E12
1.0,COMP:compute_claims|COMP:openstack_wsgi|EVT:E12
0.6,COMP:openstack_wsgi|EVT:E12|EVT:E29
1.0,COMP:libvirt_driver|COMP:libvirt_imagecache|EVT:E12
1.0,COMP:compute_manager|COMP:libvirt_imagecache|EVT:E12
1.0,COMP:compute_resource_tracker|COMP:libvirt_imagecache|EVT:E12
1.0,COMP:compute_claims|COMP:libvirt_imagecache|EVT:E12
0.6,COMP:libvirt_imagecache|EVT:E12|EVT:E29
1.0,COMP:compute_manager|COMP:libvirt_driver|EVT:E12
1.0,COMP:compute_resource_tracker|COMP:libvirt_driver|EVT:E12
1.0,COMP:compute_claims|COMP:libvirt_driver|EVT:E12
0.6,COMP:libvirt_driver|EVT:E12|EVT:E29
1.0,COMP:compute_manager|COMP:compute_resource_tracker|EVT:E12
1.0,COMP:compute_claims|COMP:compute_manager|EVT:E12
0.6,COMP:compute_manager|EVT:E12|EVT:E29
1.0,COMP:compute_claims|COMP:compute_resource_tracker|EVT:E12
0.6,COMP:compute_resource_tracker|EVT:E12|EVT:E29
0.6,COMP:compute_claims|EVT:E12|EVT:E29
1.0,EVT:E1|EVT:E10|EVT:E11
1.0,COMP:compute_server_external_events|EVT:E10|EVT:E11
1.0,COMP:openstack_wsgi|EVT:E10|EVT:E11
1.0,COMP:libvirt_imagecache|EVT:E10|EVT:E11
1.0,COMP:libvirt_driver|EVT:E10|EVT:E11
1.0,COMP:compute_manager|EVT:E10|EVT:E11
1.0,COMP:compute_resource_tracker|EVT:E10|EVT:E11
1.0,COMP:compute_claims|EVT:E10|EVT:E11
0.6,EVT:E10|EVT:E11|EVT:E29
1.0,COMP:compute_server_external_events|EVT:E1|EVT:E11
1.0,COMP:openstack_wsgi|EVT:E1|EVT:E11
1.0,COMP:libvirt_imagecache|EVT:E1|EVT:E11
1.0,COMP:libvirt_driver|EVT:E1|EVT:E11
1.0,COMP:compute_manager|EVT:E1|EVT:E11
1.0,COMP:compute_resource_tracker|EVT:E1|EVT:E11
1.0,COMP:compute_claims|EVT:E1|EVT:E11
0.6,EVT:E1|EVT:E11|EVT:E29
1.0,COMP:compute_server_external_events|COMP:openstack_wsgi|EVT:E11
1.0,COMP:compute_server_external_events|COMP:libvirt_imagecache|EVT:E11
1.0,COMP:compute_server_external_events|COMP:libvirt_driver|EVT:E11
1.0,COMP:compute_manager|COMP:compute_server_external_events|EVT:E11
1.0,COMP:compute_resource_tracker|COMP:compute_server_external_events|EVT:E11
1.0,COMP:compute_claims|COMP:compute_server_external_events|EVT:E11
0.6,COMP:compute_server_external_events|EVT:E11|EVT:E29
1.0,COMP:libvirt_imagecache|COMP:openstack_wsgi|EVT:E11
1.0,COMP:libvirt_driver|COMP:openstack_wsgi|EVT:E11
1.0,COMP:compute_manager|COMP:openstack_wsgi|EVT:E11
1.0,COMP:compute_resource_tracker|COMP:openstack_wsgi|EVT:E11
1.0,COMP:compute_claims|COMP:openstack_wsgi|EVT:E11
0.6,COMP:openstack_wsgi|EVT:E11|EVT:E29
1.0,COMP:libvirt_driver|COMP:libvirt_imagecache|EVT:E11
1.0,COMP:compute_manager|COMP:libvirt_imagecache|EVT:E11
1.0,COMP:compute_resource_tracker|COMP:libvirt_imagecache|EVT:E11
1.0,COMP:compute_claims|COMP:libvirt_imagecache|EVT:E11
0.6,COMP:libvirt_imagecache|EVT:E11|EVT:E29
1.0,COMP:compute_manager|COMP:libvirt_driver|EVT:E11
1.0,COMP:compute_resource_tracker|COMP:libvirt_driver|EVT:E11
1.0,COMP:compute_claims|COMP:libvirt_driver|EVT:E11
0.6,COMP:libvirt_driver|EVT:E11|EVT:E29
1.0,COMP:compute_manager|COMP:compute_resource_tracker|EVT:E11
1.0,COMP:compute_claims|COMP:compute_manager|EVT:E11
0.6,COMP:compute_manager|EVT:E11|EVT:E29
1.0,COMP:compute_claims|COMP:compute_resource_tracker|EVT:E11
0.6,COMP:compute_resource_tracker|EVT:E11|EVT:E29
0.6,COMP:compute_claims|EVT:E11|EVT:E29
1.0,COMP:compute_server_external_events|EVT:E1|EVT:E10
1.0,COMP:openstack_wsgi|EVT:E1|EVT:E10
1.0,COMP:libvirt_imagecache|EVT:E1|EVT:E10
1.0,COMP:libvirt_driver|EVT:E1|EVT:E10
1.0,COMP:compute_manager|EVT:E1|EVT:E10
1.0,COMP:compute_resource_tracker|EVT:E1|EVT:E10
1.0,COMP:compute_claims|EVT:E1|EVT:E10
0.6,EVT:E1|EVT:E10|EVT:E29
1.0,COMP:compute_server_external_events|COMP:openstack_wsgi|EVT:E10
1.0,COMP:compute_server_external_events|COMP:libvirt_imagecache|EVT:E10
1.0,COMP:compute_server_external_events|COMP:libvirt_driver|EVT:E10
1.0,COMP:compute_manager|COMP:compute_server_external_events|EVT:E10
1.0,COMP:compute_resource_tracker|COMP:compute_server_external_events|EVT:E10
1.0,COMP:compute_claims|COMP:compute_server_external_events|EVT:E10
0.6,COMP:compute_server_external_events|EVT:E10|EVT:E29
1.0,COMP:libvirt_imagecache|COMP:openstack_wsgi|EVT:E10
1.0,COMP:libvirt_driver|COMP:openstack_wsgi|EVT:E10
1.0,COMP:compute_manager|COMP:openstack_wsgi|EVT:E10
1.0,COMP:compute_resource_tracker|COMP:openstack_wsgi|EVT:E10
1.0,COMP:compute_claims|COMP:openstack_wsgi|EVT:E10
0.6,COMP:openstack_wsgi|EVT:E10|EVT:E29
1.0,COMP:libvirt_driver|COMP:libvirt_imagecache|EVT:E10
1.0,COMP:compute_manager|COMP:libvirt_imagecache|EVT:E10
1.0,COMP:compute_resource_tracker|COMP:libvirt_imagecache|EVT:E10
1.0,COMP:compute_claims|COMP:libvirt_imagecache|EVT:E10
0.6,COMP:libvirt_imagecache|EVT:E10|EVT:E29
1.0,COMP:compute_manager|COMP:libvirt_driver|EVT:E10
1.0,COMP:compute_resource_tracker|COMP:libvirt_driver|EVT:E10
1.0,COMP:compute_claims|COMP:libvirt_driver|EVT:E10
0.6,COMP:libvirt_driver|EVT:E10|EVT:E29
1.0,COMP:compute_manager|COMP:compute_resource_tracker|EVT:E10
1.0,COMP:compute_claims|COMP:compute_manager|EVT:E10
0.6,COMP:compute_manager|EVT:E10|EVT:E29
1.0,COMP:compute_claims|COMP:compute_resource_tracker|EVT:E10
0.6,COMP:compute_resource_tracker|EVT:E10|EVT:E29
0.6,COMP:compute_claims|EVT:E10|EVT:E29
1.0,COMP:compute_server_external_events|COMP:openstack_wsgi|EVT:E1
1.0,COMP:compute_server_external_events|COMP:libvirt_imagecache|EVT:E1
1.0,COMP:compute_server_external_events|COMP:libvirt_driver|EVT:E1
1.0,COMP:compute_manager|COMP:compute_server_external_events|EVT:E1
1.0,COMP:compute_resource_tracker|COMP:compute_server_external_events|EVT:E1
1.0,COMP:compute_claims|COMP:compute_server_external_events|EVT:E1
0.6,COMP:compute_server_external_events|EVT:E1|EVT:E29
1.0,COMP:libvirt_imagecache|COMP:openstack_wsgi|EVT:E1
1.0,COMP:libvirt_driver|COMP:openstack_wsgi|EVT:E1
1.0,COMP:compute_manager|COMP:openstack_wsgi|EVT:E1
1.0,COMP:compute_resource_tracker|COMP:openstack_wsgi|EVT:E1
1.0,COMP:compute_claims|COMP:openstack_wsgi|EVT:E1
0.6,COMP:openstack_wsgi|EVT:E1|EVT:E29
1.0,COMP:libvirt_driver|COMP:libvirt_imagecache|EVT:E1
1.0,COMP:compute_manager|COMP:libvirt_imagecache|EVT:E1
1.0,COMP:compute_resource_tracker|COMP:libvirt_imagecache|EVT:E1
1.0,COMP:compute_claims|COMP:libvirt_imagecache|EVT:E1
0.6,COMP:libvirt_imagecache|EVT:E1|EVT:E29
1.0,COMP:compute_manager|COMP:libvirt_driver|EVT:E1
1.0,COMP:compute_resource_tracker|COMP:libvirt_driver|EVT:E1
1.0,COMP:compute_claims|COMP:libvirt_driver|EVT:E1
0.6,COMP:libvirt_driver|EVT:E1|EVT:E29
1.0,COMP:compute_manager|COMP:compute_resource_tracker|EVT:E1
1.0,COMP:compute_claims|COMP:compute_manager|EVT:E1
0.6,COMP:compute_manager|EVT:E1|EVT:E29
1.0,COMP:compute_claims|COMP:compute_resource_tracker|EVT:E1
0.6,COMP:compute_resource_tracker|EVT:E1|EVT:E29
0.6,COMP:compute_claims|EVT:E1|EVT:E29
1.0,COMP:compute_server_external_events|COMP:libvirt_imagecache|COMP:openstack_wsgi
1.0,COMP:compute_server_external_events|COMP:libvirt_driver|COMP:openstack_wsgi
1.0,COMP:compute_manager|COMP:compute_server_external_events|COMP:openstack_wsgi
1.0,COMP:compute_resource_tracker|COMP:compute_server_external_events|COMP:openstack_wsgi
1.0,COMP:compute_claims|COMP:compute_server_external_events|COMP:openstack_wsgi
0.6,COMP:compute_server_external_events|COMP:openstack_wsgi|EVT:E29
1.0,COMP:compute_server_external_events|COMP:libvirt_driver|COMP:libvirt_imagecache
1.0,COMP:compute_manager|COMP:compute_server_external_events|COMP:libvirt_imagecache
1.0,COMP:compute_resource_tracker|COMP:compute_server_external_events|COMP:libvirt_imagecache
1.0,COMP:compute_claims|COMP:compute_server_external_events|COMP:libvirt_imagecache
0.6,COMP:compute_server_external_events|COMP:libvirt_imagecache|EVT:E29
1.0,COMP:compute_manager|COMP:compute_server_external_events|COMP:libvirt_driver
1.0,COMP:compute_resource_tracker|COMP:compute_server_external_events|COMP:libvirt_driver
1.0,COMP:compute_claims|COMP:compute_server_external_events|COMP:libvirt_driver
0.6,COMP:compute_server_external_events|COMP:libvirt_driver|EVT:E29
1.0,COMP:compute_manager|COMP:compute_resource_tracker|COMP:compute_server_external_events
1.0,COMP:compute_claims|COMP:compute_manager|COMP:compute_server_external_events
0.6,COMP:compute_manager|COMP:compute_server_external_events|EVT:E29
1.0,COMP:compute_claims|COMP:compute_resource_tracker|COMP:compute_server_external_events
0.6,COMP:compute_resource_tracker|COMP:compute_server_external_events|EVT:E29
0.6,COMP:compute_claims|COMP:compute_server_external_events|EVT:E29
1.0,COMP:libvirt_driver|COMP:libvirt_imagecache|COMP:openstack_wsgi
1.0,COMP:compute_manager|COMP:libvirt_imagecache|COMP:openstack_wsgi
1.0,COMP:compute_resource_tracker|COMP:libvirt_imagecache|COMP:openstack_wsgi
1.0,COMP:compute_claims|COMP:libvirt_imagecache|COMP:openstack_wsgi
0.6,COMP:libvirt_imagecache|COMP:openstack_wsgi|EVT:E29
1.0,COMP:compute_manager|COMP:libvirt_driver|COMP:openstack_wsgi
1.0,COMP:compute_resource_tracker|COMP:libvirt_driver|COMP:openstack_wsgi
1.0,COMP:compute_claims|COMP:libvirt_driver|COMP:openstack_wsgi
0.6,COMP:libvirt_driver|COMP:openstack_wsgi|EVT:E29
1.0,COMP:compute_manager|COMP:compute_resource_tracker|COMP:openstack_wsgi
1.0,COMP:compute_claims|COMP:compute_manager|COMP:openstack_wsgi
0.6,COMP:compute_manager|COMP:openstack_wsgi|EVT:E29
1.0,COMP:compute_claims|COMP:compute_resource_tracker|COMP:openstack_wsgi
0.6,COMP:compute_resource_tracker|COMP:openstack_wsgi|EVT:E29
0.6,COMP:compute_claims|COMP:openstack_wsgi|EVT:E29
1.0,COMP:compute_manager|COMP:libvirt_driver|COMP:libvirt_imagecache
1.0,COMP:compute_resource_tracker|COMP:libvirt_driver|COMP:libvirt_imagecache
1.0,COMP:compute_claims|COMP:libvirt_driver|COMP:libvirt_imagecache
0.6,COMP:libvirt_driver|COMP:libvirt_imagecache|EVT:E29
1.0,COMP:compute_manager|COMP:compute_resource_tracker|COMP:libvirt_imagecache
1.0,COMP:compute_claims|COMP:compute_manager|COMP:libvirt_imagecache
0.6,COMP:compute_manager|COMP:libvirt_imagecache|EVT:E29
1.0,COMP:compute_claims|COMP:compute_resource_tracker|COMP:libvirt_imagecache
0.6,COMP:compute_resource_tracker|COMP:libvirt_imagecache|EVT:E29
0.6,COMP:compute_claims|COMP:libvirt_imagecache|EVT:E29
1.0,COMP:compute_manager|COMP:compute_resource_tracker|COMP:libvirt_driver
1.0,COMP:compute_claims|COMP:compute_manager|COMP:libvirt_driver
0.6,COMP:compute_manager|COMP:libvirt_driver|EVT:E29
1.0,COMP:compute_claims|COMP:compute_resource_tracker|COMP:libvirt_driver
0.6,COMP:compute_resource_tracker|COMP:libvirt_driver|EVT:E29
0.6,COMP:compute_claims|COMP:libvirt_driver|EVT:E29
1.0,COMP:compute_claims|COMP:compute_manager|COMP:compute_resource_tracker
0.6,COMP:compute_manager|COMP:compute_resource_tracker|EVT:E29
0.6,COMP:compute_claims|COMP:compute_manager|EVT:E29
0.6,COMP:compute_claims|COMP:compute_resource_tracker|EVT:E29
